Chrom	Start	End	Strand	Feature	H37rv_GeneID	Symbol	Functional_Category	Gene_Cat_V2	N_Pos	N_Neg	Total	Positive_Proportion	Middle	Length	AnyPosEpitope	Antigen_LVL2	N_HmRegion	HasHmRegion	AntigenLVL2_And_HHR_Comb
NC_000962.3	0	1524	+	CDS	Rv0001	dnaA	information pathways	information pathways	0	8	8	0.0	762.0	1524	False	False	0	False	NonReactive-Unq
NC_000962.3	2051	3260	+	CDS	Rv0002	dnaN	information pathways	information pathways	0	6	6	0.0	2655.5	1209	False	False	0	False	NonReactive-Unq
NC_000962.3	3279	4437	+	CDS	Rv0003	recF	information pathways	information pathways	0	6	6	0.0	3858.0	1158	False	False	0	False	NonReactive-Unq
NC_000962.3	4433	4997	+	CDS	Rv0004	Rv0004	conserved hypotheticals	conserved hypotheticals	0	3	3	0.0	4715.0	564	False	False	0	False	NonReactive-Unq
NC_000962.3	5239	7267	+	CDS	Rv0005	gyrB	information pathways	information pathways	0	8	8	0.0	6253.0	2028	False	False	0	False	NonReactive-Unq
NC_000962.3	7301	9818	+	CDS	Rv0006	gyrA	information pathways	information pathways	0	9	9	0.0	8559.5	2517	False	False	0	False	NonReactive-Unq
NC_000962.3	9913	10828	+	CDS	Rv0007	Rv0007	cell wall and cell processes	cell wall and cell processes	0	5	5	0.0	10370.5	915	False	False	0	False	NonReactive-Unq
NC_000962.3	11873	12311	-	CDS	Rv0008c	Rv0008c	cell wall and cell processes	cell wall and cell processes	0	2	2	0.0	12092.0	438	False	False	0	False	NonReactive-Unq
NC_000962.3	12467	13016	+	CDS	Rv0009	ppiA	information pathways	information pathways	0	3	3	0.0	12741.5	549	False	False	0	False	NonReactive-Unq
NC_000962.3	13132	13558	-	CDS	Rv0010c	Rv0010c	cell wall and cell processes	cell wall and cell processes	2	4	6	0.3333333333333333	13345.0	426	True	True	0	False	Antigen-Unq
NC_000962.3	13713	13995	-	CDS	Rv0011c	Rv0011c	cell wall and cell processes	cell wall and cell processes	0	2	2	0.0	13854.0	282	False	False	0	False	NonReactive-Unq
NC_000962.3	14088	14877	+	CDS	Rv0012	Rv0012	cell wall and cell processes	cell wall and cell processes	1	6	7	0.14285714285714285	14482.5	789	True	False	0	False	NonReactive-Unq
NC_000962.3	14913	15612	+	CDS	Rv0013	trpG	intermediary metabolism and respiration	intermediary metabolism and respiration	0	3	3	0.0	15262.5	699	False	False	0	False	NonReactive-Unq
NC_000962.3	15589	17470	-	CDS	Rv0014c	pknB	regulatory proteins	regulatory proteins	0	9	9	0.0	16529.5	1881	False	False	0	False	NonReactive-Unq
NC_000962.3	17466	18762	-	CDS	Rv0015c	pknA	regulatory proteins	regulatory proteins	0	6	6	0.0	18114.0	1296	False	False	0	False	NonReactive-Unq
NC_000962.3	18758	20234	-	CDS	Rv0016c	pbpA	cell wall and cell processes	cell wall and cell processes	1	6	7	0.14285714285714285	19496.0	1476	True	False	0	False	NonReactive-Unq
NC_000962.3	20230	21640	-	CDS	Rv0017c	rodA	cell wall and cell processes	cell wall and cell processes	0	7	7	0.0	20935.0	1410	False	False	0	False	NonReactive-Unq
NC_000962.3	21636	23181	-	CDS	Rv0018c	pstP	regulatory proteins	regulatory proteins	0	8	8	0.0	22408.5	1545	False	False	0	False	NonReactive-Unq
NC_000962.3	23269	23737	-	CDS	Rv0019c	fhaB	regulatory proteins	regulatory proteins	0	2	2	0.0	23503.0	468	False	False	0	False	NonReactive-Unq
NC_000962.3	23860	25444	-	CDS	Rv0020c	fhaA	regulatory proteins	regulatory proteins	0	8	8	0.0	24652.0	1584	False	False	0	False	NonReactive-Unq
NC_000962.3	25912	26881	-	CDS	Rv0021c	Rv0021c	conserved hypotheticals	conserved hypotheticals	0	5	5	0.0	26396.5	969	False	False	0	False	NonReactive-Unq
NC_000962.3	27022	27442	-	CDS	Rv0022c	whiB5	regulatory proteins	regulatory proteins	0	2	2	0.0	27232.0	420	False	False	0	False	NonReactive-Unq
NC_000962.3	27594	28365	+	CDS	Rv0023	Rv0023	regulatory proteins	regulatory proteins	0	4	4	0.0	27979.5	771	False	False	0	False	NonReactive-Unq
NC_000962.3	28361	29207	+	CDS	Rv0024	Rv0024	virulence, detoxification, adaptation	virulence, detoxification, adaptation	0	4	4	0.0	28784.0	846	False	False	0	False	NonReactive-Unq
NC_000962.3	29244	29607	+	CDS	Rv0025	Rv0025	conserved hypotheticals	conserved hypotheticals	0	2	2	0.0	29425.5	363	False	False	0	False	NonReactive-Unq
NC_000962.3	29721	31068	+	CDS	Rv0026	Rv0026	conserved hypotheticals	conserved hypotheticals	0	7	7	0.0	30394.5	1347	False	False	0	False	NonReactive-Unq
NC_000962.3	31188	31506	+	CDS	Rv0027	Rv0027	conserved hypotheticals	conserved hypotheticals	0	2	2	0.0	31347.0	318	False	False	0	False	NonReactive-Unq
NC_000962.3	31513	31819	+	CDS	Rv0028	Rv0028	conserved hypotheticals	conserved hypotheticals	0	2	2	0.0	31666.0	306	False	False	0	False	NonReactive-Unq
NC_000962.3	32056	33154	+	CDS	Rv0029	Rv0029	conserved hypotheticals	conserved hypotheticals	0	5	5	0.0	32605.0	1098	False	False	0	False	NonReactive-Unq
NC_000962.3	33223	33553	+	CDS	Rv0030	Rv0030	conserved hypotheticals	conserved hypotheticals	0	1	1	0.0	33388.0	330	False	False	0	False	NonReactive-Unq
NC_000962.3	34294	36610	+	CDS	Rv0032	bioF2	intermediary metabolism and respiration	intermediary metabolism and respiration	0	10	10	0.0	35452.0	2316	False	False	0	False	NonReactive-Unq
NC_000962.3	36606	36870	+	CDS	Rv0033	acpA	lipid metabolism	lipid metabolism	0	1	1	0.0	36738.0	264	False	False	0	False	NonReactive-Unq
NC_000962.3	36866	37262	+	CDS	Rv0034	Rv0034	conserved hypotheticals	conserved hypotheticals	0	2	2	0.0	37064.0	396	False	False	0	False	NonReactive-Unq
NC_000962.3	37258	38947	+	CDS	Rv0035	fadD34	lipid metabolism	lipid metabolism	0	8	8	0.0	38102.5	1689	False	False	0	False	NonReactive-Unq
NC_000962.3	39055	39829	-	CDS	Rv0036c	Rv0036c	conserved hypotheticals	conserved hypotheticals	0	4	4	0.0	39442.0	774	False	False	0	False	NonReactive-Unq
NC_000962.3	39876	41202	-	CDS	Rv0037c	Rv0037c	cell wall and cell processes	cell wall and cell processes	0	7	7	0.0	40539.0	1326	False	False	0	False	NonReactive-Unq
NC_000962.3	41303	41912	+	CDS	Rv0038	Rv0038	conserved hypotheticals	conserved hypotheticals	0	3	3	0.0	41607.5	609	False	False	0	False	NonReactive-Unq
NC_000962.3	42003	42351	-	CDS	Rv0039c	Rv0039c	cell wall and cell processes	cell wall and cell processes	0	2	2	0.0	42177.0	348	False	False	0	False	NonReactive-Unq
NC_000962.3	42432	43365	-	CDS	Rv0040c	mtc28	cell wall and cell processes	cell wall and cell processes	1	4	5	0.2	42898.5	933	True	False	0	False	NonReactive-Unq
NC_000962.3	43561	46471	+	CDS	Rv0041	leuS	information pathways	information pathways	0	10	10	0.0	45016.0	2910	False	False	0	False	NonReactive-Unq
NC_000962.3	46580	47207	-	CDS	Rv0042c	Rv0042c	regulatory proteins	regulatory proteins	0	3	3	0.0	46893.5	627	False	False	0	False	NonReactive-Unq
NC_000962.3	47365	48100	-	CDS	Rv0043c	Rv0043c	regulatory proteins	regulatory proteins	0	4	4	0.0	47732.5	735	False	False	0	False	NonReactive-Unq
NC_000962.3	48232	49027	-	CDS	Rv0044c	Rv0044c	intermediary metabolism and respiration	intermediary metabolism and respiration	0	4	4	0.0	48629.5	795	False	False	0	False	NonReactive-Unq
NC_000962.3	49042	49939	-	CDS	Rv0045c	Rv0045c	lipid metabolism	lipid metabolism	0	4	4	0.0	49490.5	897	False	False	0	False	NonReactive-Unq
NC_000962.3	50020	51124	-	CDS	Rv0046c	ino1	intermediary metabolism and respiration	intermediary metabolism and respiration	0	5	5	0.0	50572.0	1104	False	False	0	False	NonReactive-Unq
NC_000962.3	51184	51727	-	CDS	Rv0047c	Rv0047c	conserved hypotheticals	conserved hypotheticals	0	3	3	0.0	51455.5	543	False	False	0	False	NonReactive-Unq
NC_000962.3	51827	52697	-	CDS	Rv0048c	Rv0048c	cell wall and cell processes	cell wall and cell processes	0	4	4	0.0	52262.0	870	False	False	0	False	NonReactive-Unq
NC_000962.3	52830	53244	+	CDS	Rv0049	Rv0049	conserved hypotheticals	conserved hypotheticals	0	2	2	0.0	53037.0	414	False	False	0	False	NonReactive-Unq
NC_000962.3	53662	55699	+	CDS	Rv0050	ponA1	cell wall and cell processes	cell wall and cell processes	0	9	9	0.0	54680.5	2037	False	False	0	False	NonReactive-Unq
NC_000962.3	55695	57378	+	CDS	Rv0051	Rv0051	cell wall and cell processes	cell wall and cell processes	0	8	8	0.0	56536.5	1683	False	False	0	False	NonReactive-Unq
NC_000962.3	57409	57973	+	CDS	Rv0052	Rv0052	conserved hypotheticals	conserved hypotheticals	0	2	2	0.0	57691.0	564	False	False	0	False	NonReactive-Unq
NC_000962.3	58191	58482	+	CDS	Rv0053	rpsF	information pathways	information pathways	0	2	2	0.0	58336.5	291	False	False	0	False	NonReactive-Unq
NC_000962.3	58585	59080	+	CDS	Rv0054	ssb	information pathways	information pathways	0	2	2	0.0	58832.5	495	False	False	0	False	NonReactive-Unq
NC_000962.3	59121	59376	+	CDS	Rv0055	rpsR1	information pathways	information pathways	0	2	2	0.0	59248.5	255	False	False	0	False	NonReactive-Unq
NC_000962.3	59408	59867	+	CDS	Rv0056	rplI	information pathways	information pathways	0	2	2	0.0	59637.5	459	False	False	0	False	NonReactive-Unq
NC_000962.3	59895	60417	+	CDS	Rv0057	Rv0057	conserved hypotheticals	conserved hypotheticals	0	2	2	0.0	60156.0	522	False	False	0	False	NonReactive-Unq
NC_000962.3	60395	63020	+	CDS	Rv0058	dnaB	information pathways	information pathways	0	10	10	0.0	61707.5	2625	False	False	0	False	NonReactive-Unq
NC_000962.3	63199	63892	+	CDS	Rv0059	Rv0059	conserved hypotheticals	conserved hypotheticals	0	3	3	0.0	63545.5	693	False	False	0	False	NonReactive-Unq
NC_000962.3	63908	64967	+	CDS	Rv0060	Rv0060	conserved hypotheticals	conserved hypotheticals	0	5	5	0.0	64437.5	1059	False	False	0	False	NonReactive-Unq
NC_000962.3	65551	66694	+	CDS	Rv0062	celA1	intermediary metabolism and respiration	intermediary metabolism and respiration	0	7	7	0.0	66122.5	1143	False	False	0	False	NonReactive-Unq
NC_000962.3	66922	68362	+	CDS	Rv0063	Rv0063	intermediary metabolism and respiration	intermediary metabolism and respiration	0	6	6	0.0	67642.0	1440	False	False	0	False	NonReactive-Unq
NC_000962.3	68619	71559	+	CDS	Rv0064	Rv0064	cell wall and cell processes	cell wall and cell processes	0	10	10	0.0	70089.0	2940	False	False	0	False	NonReactive-Unq
NC_000962.3	71820	72222	+	CDS	Rv0065	vapC1	virulence, detoxification, adaptation	virulence, detoxification, adaptation	0	2	2	0.0	72021.0	402	False	False	0	False	NonReactive-Unq
NC_000962.3	72273	74511	-	CDS	Rv0066c	icd2	intermediary metabolism and respiration	intermediary metabolism and respiration	0	10	10	0.0	73392.0	2238	False	False	0	False	NonReactive-Unq
NC_000962.3	74628	75198	-	CDS	Rv0067c	Rv0067c	regulatory proteins	regulatory proteins	0	3	3	0.0	74913.0	570	False	False	0	False	NonReactive-Unq
NC_000962.3	75300	76212	+	CDS	Rv0068	Rv0068	intermediary metabolism and respiration	intermediary metabolism and respiration	0	4	4	0.0	75756.0	912	False	False	0	False	NonReactive-Unq
NC_000962.3	76236	77622	-	CDS	Rv0069c	sdaA	intermediary metabolism and respiration	intermediary metabolism and respiration	0	7	7	0.0	76929.0	1386	False	False	0	False	NonReactive-Unq
NC_000962.3	77618	78896	-	CDS	Rv0070c	glyA2	intermediary metabolism and respiration	intermediary metabolism and respiration	0	6	6	0.0	78257.0	1278	False	False	0	False	NonReactive-Unq
NC_000962.3	79485	80193	+	CDS	Rv0071	Rv0071	information pathways	information pathways	0	4	4	0.0	79839.0	708	False	False	1	True	NonReactive-HHR
NC_000962.3	80623	81673	+	CDS	Rv0072	Rv0072	cell wall and cell processes	cell wall and cell processes	0	5	5	0.0	81148.0	1050	False	False	1	True	NonReactive-HHR
NC_000962.3	81675	82668	+	CDS	Rv0073	Rv0073	cell wall and cell processes	cell wall and cell processes	0	5	5	0.0	82171.5	993	False	False	1	True	NonReactive-HHR
NC_000962.3	82747	83983	+	CDS	Rv0074	Rv0074	conserved hypotheticals	conserved hypotheticals	0	6	6	0.0	83365.0	1236	False	False	0	False	NonReactive-Unq
NC_000962.3	83995	85168	+	CDS	Rv0075	Rv0075	intermediary metabolism and respiration	intermediary metabolism and respiration	0	6	6	0.0	84581.5	1173	False	False	0	False	NonReactive-Unq
NC_000962.3	85182	85572	-	CDS	Rv0076c	Rv0076c	cell wall and cell processes	cell wall and cell processes	0	2	2	0.0	85377.0	390	False	False	0	False	NonReactive-Unq
NC_000962.3	85635	86466	-	CDS	Rv0077c	Rv0077c	intermediary metabolism and respiration	intermediary metabolism and respiration	0	4	4	0.0	86050.5	831	False	False	0	False	NonReactive-Unq
NC_000962.3	86527	87133	+	CDS	Rv0078	Rv0078	regulatory proteins	regulatory proteins	0	3	3	0.0	86830.0	606	False	False	0	False	NonReactive-Unq
NC_000962.3	87207	87801	-	CDS	Rv0078A	Rv0078A	conserved hypotheticals	conserved hypotheticals	0	3	3	0.0	87504.0	594	False	False	0	False	NonReactive-Unq
NC_000962.3	88203	89025	+	CDS	Rv0079	Rv0079	conserved hypotheticals	conserved hypotheticals	0	4	4	0.0	88614.0	822	False	False	0	False	NonReactive-Unq
NC_000962.3	89021	89480	+	CDS	Rv0080	Rv0080	conserved hypotheticals	conserved hypotheticals	0	2	2	0.0	89250.5	459	False	False	0	False	NonReactive-Unq
NC_000962.3	89574	89919	+	CDS	Rv0081	Rv0081	regulatory proteins	regulatory proteins	0	2	2	0.0	89746.5	345	False	False	0	False	NonReactive-Unq
NC_000962.3	89923	90403	+	CDS	Rv0082	Rv0082	intermediary metabolism and respiration	intermediary metabolism and respiration	0	2	2	0.0	90163.0	480	False	False	0	False	NonReactive-Unq
NC_000962.3	90399	92322	+	CDS	Rv0083	Rv0083	intermediary metabolism and respiration	intermediary metabolism and respiration	0	8	8	0.0	91360.5	1923	False	False	0	False	NonReactive-Unq
NC_000962.3	92327	93278	+	CDS	Rv0084	hycD	intermediary metabolism and respiration	intermediary metabolism and respiration	0	6	6	0.0	92802.5	951	False	False	0	False	NonReactive-Unq
NC_000962.3	93288	93951	+	CDS	Rv0085	hycP	intermediary metabolism and respiration	intermediary metabolism and respiration	0	3	3	0.0	93619.5	663	False	False	0	False	NonReactive-Unq
NC_000962.3	93950	95417	+	CDS	Rv0086	hycQ	intermediary metabolism and respiration	intermediary metabolism and respiration	0	7	7	0.0	94683.5	1467	False	False	0	False	NonReactive-Unq
NC_000962.3	95413	96892	+	CDS	Rv0087	hycE	intermediary metabolism and respiration	intermediary metabolism and respiration	0	7	7	0.0	96152.5	1479	False	False	0	False	NonReactive-Unq
NC_000962.3	96926	97601	+	CDS	Rv0088	Rv0088	lipid metabolism	lipid metabolism	0	3	3	0.0	97263.5	675	False	False	0	False	NonReactive-Unq
NC_000962.3	97757	98351	+	CDS	Rv0089	Rv0089	intermediary metabolism and respiration	intermediary metabolism and respiration	0	3	3	0.0	98054.0	594	False	False	0	False	NonReactive-Unq
NC_000962.3	98479	99250	+	CDS	Rv0090	Rv0090	cell wall and cell processes	cell wall and cell processes	0	4	4	0.0	98864.5	771	False	False	0	False	NonReactive-Unq
NC_000962.3	99683	100451	+	CDS	Rv0091	mtn	intermediary metabolism and respiration	intermediary metabolism and respiration	0	4	4	0.0	100067.0	768	False	False	0	False	NonReactive-Unq
NC_000962.3	100582	102868	+	CDS	Rv0092	ctpA	cell wall and cell processes	cell wall and cell processes	0	10	10	0.0	101725.0	2286	False	False	0	False	NonReactive-Unq
NC_000962.3	102814	103663	-	CDS	Rv0093c	Rv0093c	cell wall and cell processes	cell wall and cell processes	0	4	4	0.0	103238.5	849	False	False	0	False	NonReactive-Unq
NC_000962.3	103709	104663	-	CDS	Rv0094c	Rv0094c	insertion seqs and phages	REP13E12_Repeat	0	5	5	0.0	104186.0	954	False	False	1	True	NonReactive-HHR
NC_000962.3	104804	105215	-	CDS	Rv0095c	Rv0095c	insertion seqs and phages	REP13E12_Repeat	0	2	2	0.0	105009.5	411	False	False	1	True	NonReactive-HHR
NC_000962.3	105323	106715	+	CDS	Rv0096	PPE1	PE/PPE	PE/PPE	0	7	7	0.0	106019.0	1392	False	False	0	False	NonReactive-Unq
NC_000962.3	106733	107603	+	CDS	Rv0097	Rv0097	intermediary metabolism and respiration	intermediary metabolism and respiration	0	4	4	0.0	107168.0	870	False	False	0	False	NonReactive-Unq
NC_000962.3	107599	108151	+	CDS	Rv0098	fcoT	lipid metabolism	lipid metabolism	0	3	3	0.0	107875.0	552	False	False	0	False	NonReactive-Unq
NC_000962.3	108155	109778	+	CDS	Rv0099	fadD10	lipid metabolism	lipid metabolism	0	8	8	0.0	108966.5	1623	False	False	0	False	NonReactive-Unq
NC_000962.3	109782	110019	+	CDS	Rv0100	Rv0100	conserved hypotheticals	conserved hypotheticals	0	2	2	0.0	109900.5	237	False	False	0	False	NonReactive-Unq
NC_000962.3	110000	117539	+	CDS	Rv0101	nrp	lipid metabolism	lipid metabolism	0	10	10	0.0	113769.5	7539	False	False	0	False	NonReactive-Unq
NC_000962.3	117713	119699	+	CDS	Rv0102	Rv0102	cell wall and cell processes	cell wall and cell processes	0	10	10	0.0	118706.0	1986	False	False	0	False	NonReactive-Unq
NC_000962.3	119914	122173	-	CDS	Rv0103c	ctpB	cell wall and cell processes	cell wall and cell processes	0	10	10	0.0	121043.5	2259	False	False	0	False	NonReactive-Unq
NC_000962.3	122316	123831	+	CDS	Rv0104	Rv0104	conserved hypotheticals	conserved hypotheticals	0	8	8	0.0	123073.5	1515	False	False	0	False	NonReactive-Unq
NC_000962.3	123979	124264	-	CDS	Rv0105c	rpmB1	information pathways	information pathways	0	2	2	0.0	124121.5	285	False	False	0	False	NonReactive-Unq
NC_000962.3	124373	125570	+	CDS	Rv0106	Rv0106	conserved hypotheticals	conserved hypotheticals	0	6	6	0.0	124971.5	1197	False	False	0	False	NonReactive-Unq
NC_000962.3	125642	130541	-	CDS	Rv0107c	ctpI	cell wall and cell processes	cell wall and cell processes	1	9	10	0.1	128091.5	4899	True	False	0	False	NonReactive-Unq
NC_000962.3	130894	131104	-	CDS	Rv0108c	Rv0108c	conserved hypotheticals	conserved hypotheticals	0	2	2	0.0	130999.0	210	False	False	0	False	NonReactive-Unq
NC_000962.3	131381	132872	+	CDS	Rv0109	PE_PGRS1	PE/PPE	PE/PPE	0	6	6	0.0	132126.5	1491	False	False	0	False	NonReactive-Unq
NC_000962.3	133019	133769	+	CDS	Rv0110	Rv0110	cell wall and cell processes	cell wall and cell processes	0	4	4	0.0	133394.0	750	False	False	0	False	NonReactive-Unq
NC_000962.3	133949	136007	+	CDS	Rv0111	Rv0111	intermediary metabolism and respiration	intermediary metabolism and respiration	0	10	10	0.0	134978.0	2058	False	False	0	False	NonReactive-Unq
NC_000962.3	136288	137245	+	CDS	Rv0112	gca	cell wall and cell processes	cell wall and cell processes	0	5	5	0.0	136766.5	957	False	False	0	False	NonReactive-Unq
NC_000962.3	137318	137909	+	CDS	Rv0113	gmhA	cell wall and cell processes	cell wall and cell processes	0	3	3	0.0	137613.5	591	False	False	0	False	NonReactive-Unq
NC_000962.3	137940	138513	+	CDS	Rv0114	gmhB	cell wall and cell processes	cell wall and cell processes	0	2	2	0.0	138226.5	573	False	False	0	False	NonReactive-Unq
NC_000962.3	138512	139673	+	CDS	Rv0115	hddA	cell wall and cell processes	cell wall and cell processes	0	6	6	0.0	139092.5	1161	False	False	0	False	NonReactive-Unq
NC_000962.3	140266	141022	-	CDS	Rv0116c	ldtA	cell wall and cell processes	cell wall and cell processes	0	4	4	0.0	140644.0	756	False	False	0	False	NonReactive-Unq
NC_000962.3	141199	142144	+	CDS	Rv0117	oxyS	regulatory proteins	regulatory proteins	0	5	5	0.0	141671.5	945	False	False	0	False	NonReactive-Unq
NC_000962.3	142127	143876	-	CDS	Rv0118c	oxcA	intermediary metabolism and respiration	intermediary metabolism and respiration	0	9	9	0.0	143001.5	1749	False	False	0	False	NonReactive-Unq
NC_000962.3	144048	145626	+	CDS	Rv0119	fadD7	lipid metabolism	lipid metabolism	0	8	8	0.0	144837.0	1578	False	False	0	False	NonReactive-Unq
NC_000962.3	145626	147771	-	CDS	Rv0120c	fusA2	information pathways	information pathways	0	10	10	0.0	146698.5	2145	False	False	0	False	NonReactive-Unq
NC_000962.3	147907	148342	-	CDS	Rv0121c	Rv0121c	conserved hypotheticals	conserved hypotheticals	0	2	2	0.0	148124.5	435	False	False	0	False	NonReactive-Unq
NC_000962.3	148490	148859	+	CDS	Rv0122	Rv0122	conserved hypotheticals	conserved hypotheticals	0	2	2	0.0	148674.5	369	False	False	0	False	NonReactive-Unq
NC_000962.3	148855	149224	+	CDS	Rv0123	Rv0123	conserved hypotheticals	conserved hypotheticals	0	2	2	0.0	149039.5	369	False	False	0	False	NonReactive-Unq
NC_000962.3	149532	150996	+	CDS	Rv0124	PE_PGRS2	PE/PPE	PE/PPE	0	7	7	0.0	150264.0	1464	False	False	1	True	NonReactive-HHR
NC_000962.3	151147	152215	+	CDS	Rv0125	pepA	intermediary metabolism and respiration	intermediary metabolism and respiration	3	69	72	0.041666666666666664	151681.0	1068	True	True	0	False	Antigen-Unq
NC_000962.3	152323	154129	+	CDS	Rv0126	treS	virulence, detoxification, adaptation	virulence, detoxification, adaptation	0	9	9	0.0	153226.0	1806	False	False	0	False	NonReactive-Unq
NC_000962.3	154231	155599	+	CDS	Rv0127	mak	virulence, detoxification, adaptation	virulence, detoxification, adaptation	0	7	7	0.0	154915.0	1368	False	False	0	False	NonReactive-Unq
NC_000962.3	155666	156446	+	CDS	Rv0128	Rv0128	cell wall and cell processes	cell wall and cell processes	0	4	4	0.0	156056.0	780	False	False	0	False	NonReactive-Unq
NC_000962.3	156577	157600	-	CDS	Rv0129c	fbpC	lipid metabolism	lipid metabolism	1	8	9	0.1111111111111111	157088.5	1023	True	False	0	False	NonReactive-Unq
NC_000962.3	157846	158302	+	CDS	Rv0130	htdZ	intermediary metabolism and respiration	intermediary metabolism and respiration	0	2	2	0.0	158074.0	456	False	False	0	False	NonReactive-Unq
NC_000962.3	158314	159658	-	CDS	Rv0131c	fadE1	lipid metabolism	lipid metabolism	0	7	7	0.0	158986.0	1344	False	False	0	False	NonReactive-Unq
NC_000962.3	159699	160782	-	CDS	Rv0132c	fgd2	intermediary metabolism and respiration	intermediary metabolism and respiration	0	5	5	0.0	160240.5	1083	False	False	0	False	NonReactive-Unq
NC_000962.3	160868	161474	+	CDS	Rv0133	Rv0133	intermediary metabolism and respiration	intermediary metabolism and respiration	0	3	3	0.0	161171.0	606	False	False	0	False	NonReactive-Unq
NC_000962.3	161770	162673	+	CDS	Rv0134	ephF	virulence, detoxification, adaptation	virulence, detoxification, adaptation	0	4	4	0.0	162221.5	903	False	False	0	False	NonReactive-Unq
NC_000962.3	162643	163249	-	CDS	Rv0135c	Rv0135c	regulatory proteins	regulatory proteins	0	3	3	0.0	162946.0	606	False	False	0	False	NonReactive-Unq
NC_000962.3	163365	164691	+	CDS	Rv0136	cyp138	intermediary metabolism and respiration	intermediary metabolism and respiration	0	7	7	0.0	164028.0	1326	False	False	0	False	NonReactive-Unq
NC_000962.3	164711	165260	-	CDS	Rv0137c	msrA	intermediary metabolism and respiration	intermediary metabolism and respiration	0	3	3	0.0	164985.5	549	False	False	0	False	NonReactive-Unq
NC_000962.3	165322	165826	+	CDS	Rv0138	Rv0138	conserved hypotheticals	conserved hypotheticals	0	2	2	0.0	165574.0	504	False	False	0	False	NonReactive-Unq
NC_000962.3	165826	166849	+	CDS	Rv0139	Rv0139	intermediary metabolism and respiration	intermediary metabolism and respiration	0	5	5	0.0	166337.5	1023	False	False	0	False	NonReactive-Unq
NC_000962.3	166909	167290	+	CDS	Rv0140	Rv0140	conserved hypotheticals	conserved hypotheticals	0	2	2	0.0	167099.5	381	False	False	0	False	NonReactive-Unq
NC_000962.3	167270	167681	-	CDS	Rv0141c	Rv0141c	conserved hypotheticals	conserved hypotheticals	0	2	2	0.0	167475.5	411	False	False	0	False	NonReactive-Unq
NC_000962.3	167710	168637	+	CDS	Rv0142	Rv0142	conserved hypotheticals	conserved hypotheticals	0	5	5	0.0	168173.5	927	False	False	0	False	NonReactive-Unq
NC_000962.3	168703	170182	-	CDS	Rv0143c	Rv0143c	cell wall and cell processes	cell wall and cell processes	0	7	7	0.0	169442.5	1479	False	False	0	False	NonReactive-Unq
NC_000962.3	170283	171126	+	CDS	Rv0144	Rv0144	regulatory proteins	regulatory proteins	1	3	4	0.25	170704.5	843	True	False	0	False	NonReactive-Unq
NC_000962.3	171214	172168	+	CDS	Rv0145	Rv0145	lipid metabolism	lipid metabolism	0	5	5	0.0	171691.0	954	False	False	0	False	NonReactive-Unq
NC_000962.3	172210	173143	+	CDS	Rv0146	Rv0146	lipid metabolism	lipid metabolism	0	3	3	0.0	172676.5	933	False	False	0	False	NonReactive-Unq
NC_000962.3	173237	174758	+	CDS	Rv0147	Rv0147	intermediary metabolism and respiration	intermediary metabolism and respiration	0	7	7	0.0	173997.5	1521	False	False	0	False	NonReactive-Unq
NC_000962.3	174832	175693	+	CDS	Rv0148	Rv0148	intermediary metabolism and respiration	intermediary metabolism and respiration	0	4	4	0.0	175262.5	861	False	False	0	False	NonReactive-Unq
NC_000962.3	175699	176668	+	CDS	Rv0149	Rv0149	intermediary metabolism and respiration	intermediary metabolism and respiration	0	5	5	0.0	176183.5	969	False	False	0	False	NonReactive-Unq
NC_000962.3	176664	176952	-	CDS	Rv0150c	Rv0150c	conserved hypotheticals	conserved hypotheticals	0	2	2	0.0	176808.0	288	False	False	0	False	NonReactive-Unq
NC_000962.3	177542	179309	-	CDS	Rv0151c	PE1	PE/PPE	PE/PPE	0	9	9	0.0	178425.5	1767	False	False	0	False	NonReactive-Unq
NC_000962.3	179318	180896	-	CDS	Rv0152c	PE2	PE/PPE	PE/PPE	0	8	8	0.0	180107.0	1578	False	False	0	False	NonReactive-Unq
NC_000962.3	181154	181985	-	CDS	Rv0153c	ptbB	regulatory proteins	regulatory proteins	0	4	4	0.0	181569.5	831	False	False	0	False	NonReactive-Unq
NC_000962.3	181986	183198	-	CDS	Rv0154c	fadE2	lipid metabolism	lipid metabolism	0	6	6	0.0	182592.0	1212	False	False	0	False	NonReactive-Unq
NC_000962.3	183621	184722	+	CDS	Rv0155	pntAa	intermediary metabolism and respiration	intermediary metabolism and respiration	0	5	5	0.0	184171.5	1101	False	False	0	False	NonReactive-Unq
NC_000962.3	184722	185055	+	CDS	Rv0156	pntAb	intermediary metabolism and respiration	intermediary metabolism and respiration	0	2	2	0.0	184888.5	333	False	False	0	False	NonReactive-Unq
NC_000962.3	185051	186479	+	CDS	Rv0157	pntB	intermediary metabolism and respiration	intermediary metabolism and respiration	0	7	7	0.0	185765.0	1428	False	False	0	False	NonReactive-Unq
NC_000962.3	186784	187429	+	CDS	Rv0158	Rv0158	regulatory proteins	regulatory proteins	0	3	3	0.0	187106.5	645	False	False	0	False	NonReactive-Unq
NC_000962.3	187432	188839	-	CDS	Rv0159c	PE3	PE/PPE	PE/PPE	0	7	7	0.0	188135.5	1407	False	False	0	False	NonReactive-Unq
NC_000962.3	188930	190439	-	CDS	Rv0160c	PE4	PE/PPE	PE/PPE	1	6	7	0.14285714285714285	189684.5	1509	True	False	0	False	NonReactive-Unq
NC_000962.3	190606	191956	+	CDS	Rv0161	Rv0161	intermediary metabolism and respiration	intermediary metabolism and respiration	0	7	7	0.0	191281.0	1350	False	False	0	False	NonReactive-Unq
NC_000962.3	191983	193135	-	CDS	Rv0162c	adhE1	intermediary metabolism and respiration	intermediary metabolism and respiration	0	6	6	0.0	192559.0	1152	False	False	0	False	NonReactive-Unq
NC_000962.3	193116	193572	+	CDS	Rv0163	Rv0163	conserved hypotheticals	conserved hypotheticals	0	2	2	0.0	193344.0	456	False	False	0	False	NonReactive-Unq
NC_000962.3	193625	194111	+	CDS	Rv0164	TB18.5	conserved hypotheticals	conserved hypotheticals	0	2	2	0.0	193868.0	486	False	False	0	False	NonReactive-Unq
NC_000962.3	194143	194815	-	CDS	Rv0165c	mce1R	regulatory proteins	regulatory proteins	0	4	4	0.0	194479.0	672	False	False	0	False	NonReactive-Unq
NC_000962.3	194992	196657	+	CDS	Rv0166	fadD5	lipid metabolism	lipid metabolism	0	8	8	0.0	195824.5	1665	False	False	0	False	NonReactive-Unq
NC_000962.3	196860	197658	+	CDS	Rv0167	yrbE1A	virulence, detoxification, adaptation	virulence, detoxification, adaptation	0	4	4	0.0	197259.0	798	False	False	1	True	NonReactive-HHR
NC_000962.3	197659	198529	+	CDS	Rv0168	yrbE1B	virulence, detoxification, adaptation	virulence, detoxification, adaptation	0	4	4	0.0	198094.0	870	False	False	1	True	NonReactive-HHR
NC_000962.3	198533	199898	+	CDS	Rv0169	mce1A	virulence, detoxification, adaptation	virulence, detoxification, adaptation	0	6	6	0.0	199215.5	1365	False	False	1	True	NonReactive-HHR
NC_000962.3	199894	200935	+	CDS	Rv0170	mce1B	virulence, detoxification, adaptation	virulence, detoxification, adaptation	0	5	5	0.0	200414.5	1041	False	False	1	True	NonReactive-HHR
NC_000962.3	200931	202479	+	CDS	Rv0171	mce1C	virulence, detoxification, adaptation	virulence, detoxification, adaptation	0	8	8	0.0	201705.0	1548	False	False	1	True	NonReactive-HHR
NC_000962.3	202475	204068	+	CDS	Rv0172	mce1D	virulence, detoxification, adaptation	virulence, detoxification, adaptation	0	8	8	0.0	203271.5	1593	False	False	1	True	NonReactive-HHR
NC_000962.3	204064	205237	+	CDS	Rv0173	lprK	cell wall and cell processes	cell wall and cell processes	0	6	6	0.0	204650.5	1173	False	False	1	True	NonReactive-HHR
NC_000962.3	205230	206778	+	CDS	Rv0174	mce1F	virulence, detoxification, adaptation	virulence, detoxification, adaptation	1	7	8	0.125	206004.0	1548	True	False	0	False	NonReactive-Unq
NC_000962.3	206813	207455	+	CDS	Rv0175	Rv0175	cell wall and cell processes	cell wall and cell processes	0	3	3	0.0	207134.0	642	False	False	0	False	NonReactive-Unq
NC_000962.3	207451	208420	+	CDS	Rv0176	Rv0176	cell wall and cell processes	cell wall and cell processes	2	3	5	0.4	207935.5	969	True	True	0	False	Antigen-Unq
NC_000962.3	208416	208971	+	CDS	Rv0177	Rv0177	conserved hypotheticals	conserved hypotheticals	0	3	3	0.0	208693.5	555	False	False	0	False	NonReactive-Unq
NC_000962.3	208937	209672	+	CDS	Rv0178	Rv0178	cell wall and cell processes	cell wall and cell processes	0	4	4	0.0	209304.5	735	False	False	0	False	NonReactive-Unq
NC_000962.3	209702	210812	-	CDS	Rv0179c	lprO	cell wall and cell processes	cell wall and cell processes	0	6	6	0.0	210257.0	1110	False	False	0	False	NonReactive-Unq
NC_000962.3	210891	212250	-	CDS	Rv0180c	Rv0180c	cell wall and cell processes	cell wall and cell processes	0	7	7	0.0	211570.5	1359	False	False	0	False	NonReactive-Unq
NC_000962.3	212276	213011	-	CDS	Rv0181c	Rv0181c	conserved hypotheticals	conserved hypotheticals	0	4	4	0.0	212643.5	735	False	False	0	False	NonReactive-Unq
NC_000962.3	213027	214140	-	CDS	Rv0182c	sigG	information pathways	information pathways	0	6	6	0.0	213583.5	1113	False	False	0	False	NonReactive-Unq
NC_000962.3	214087	214927	+	CDS	Rv0183	Rv0183	intermediary metabolism and respiration	intermediary metabolism and respiration	0	4	4	0.0	214507.0	840	False	False	0	False	NonReactive-Unq
NC_000962.3	214968	215718	+	CDS	Rv0184	Rv0184	conserved hypotheticals	conserved hypotheticals	0	4	4	0.0	215343.0	750	False	False	0	False	NonReactive-Unq
NC_000962.3	215714	216224	+	CDS	Rv0185	Rv0185	conserved hypotheticals	conserved hypotheticals	0	3	3	0.0	215969.0	510	False	False	0	False	NonReactive-Unq
NC_000962.3	216268	218344	+	CDS	Rv0186	bglS	intermediary metabolism and respiration	intermediary metabolism and respiration	0	10	10	0.0	217306.0	2076	False	False	0	False	NonReactive-Unq
NC_000962.3	218704	219367	+	CDS	Rv0187	Rv0187	intermediary metabolism and respiration	intermediary metabolism and respiration	0	3	3	0.0	219035.5	663	False	False	0	False	NonReactive-Unq
NC_000962.3	219485	219917	+	CDS	Rv0188	Rv0188	cell wall and cell processes	cell wall and cell processes	0	2	2	0.0	219701.0	432	False	False	0	False	NonReactive-Unq
NC_000962.3	219995	221723	-	CDS	Rv0189c	ilvD	intermediary metabolism and respiration	intermediary metabolism and respiration	0	9	9	0.0	220859.0	1728	False	False	0	False	NonReactive-Unq
NC_000962.3	221870	222161	+	CDS	Rv0190	Rv0190	conserved hypotheticals	conserved hypotheticals	0	2	2	0.0	222015.5	291	False	False	0	False	NonReactive-Unq
NC_000962.3	222288	223530	+	CDS	Rv0191	Rv0191	cell wall and cell processes	cell wall and cell processes	0	6	6	0.0	222909.0	1242	False	False	0	False	NonReactive-Unq
NC_000962.3	223563	224664	+	CDS	Rv0192	Rv0192	conserved hypotheticals	conserved hypotheticals	0	5	5	0.0	224113.5	1101	False	False	0	False	NonReactive-Unq
NC_000962.3	224723	226571	-	CDS	Rv0193c	Rv0193c	conserved hypotheticals	conserved hypotheticals	0	9	9	0.0	225647.0	1848	False	False	0	False	NonReactive-Unq
NC_000962.3	226877	230462	+	CDS	Rv0194	Rv0194	cell wall and cell processes	cell wall and cell processes	0	10	10	0.0	228669.5	3585	False	False	0	False	NonReactive-Unq
NC_000962.3	230898	231534	+	CDS	Rv0195	Rv0195	regulatory proteins	regulatory proteins	0	2	2	0.0	231216.0	636	False	False	0	False	NonReactive-Unq
NC_000962.3	231646	232231	+	CDS	Rv0196	Rv0196	regulatory proteins	regulatory proteins	0	3	3	0.0	231938.5	585	False	False	0	False	NonReactive-Unq
NC_000962.3	232230	234519	+	CDS	Rv0197	Rv0197	intermediary metabolism and respiration	intermediary metabolism and respiration	0	10	10	0.0	233374.5	2289	False	False	0	False	NonReactive-Unq
NC_000962.3	234515	236507	-	CDS	Rv0198c	zmp1	intermediary metabolism and respiration	intermediary metabolism and respiration	0	10	10	0.0	235511.0	1992	False	False	0	False	NonReactive-Unq
NC_000962.3	236549	237209	+	CDS	Rv0199	Rv0199	cell wall and cell processes	cell wall and cell processes	0	3	3	0.0	236879.0	660	False	False	0	False	NonReactive-Unq
NC_000962.3	237205	237895	+	CDS	Rv0200	Rv0200	cell wall and cell processes	cell wall and cell processes	0	1	1	0.0	237550.0	690	False	False	0	False	NonReactive-Unq
NC_000962.3	237891	238395	-	CDS	Rv0201c	Rv0201c	conserved hypotheticals	conserved hypotheticals	0	2	2	0.0	238143.0	504	False	False	0	False	NonReactive-Unq
NC_000962.3	238391	241292	-	CDS	Rv0202c	mmpL11	cell wall and cell processes	cell wall and cell processes	0	10	10	0.0	239841.5	2901	False	False	0	False	NonReactive-Unq
NC_000962.3	241513	241924	+	CDS	Rv0203	Rv0203	cell wall and cell processes	cell wall and cell processes	0	4	4	0.0	241718.5	411	False	False	0	False	NonReactive-Unq
NC_000962.3	241975	243214	-	CDS	Rv0204c	Rv0204c	cell wall and cell processes	cell wall and cell processes	0	6	6	0.0	242594.5	1239	False	False	0	False	NonReactive-Unq
NC_000962.3	243383	244487	+	CDS	Rv0205	Rv0205	cell wall and cell processes	cell wall and cell processes	1	4	5	0.2	243935.0	1104	True	False	0	False	NonReactive-Unq
NC_000962.3	244483	247318	-	CDS	Rv0206c	mmpL3	cell wall and cell processes	cell wall and cell processes	0	10	10	0.0	245900.5	2835	False	False	0	False	NonReactive-Unq
NC_000962.3	247383	248112	-	CDS	Rv0207c	Rv0207c	conserved hypotheticals	conserved hypotheticals	0	4	4	0.0	247747.5	729	False	False	0	False	NonReactive-Unq
NC_000962.3	248114	248906	-	CDS	Rv0208c	Rv0208c	intermediary metabolism and respiration	intermediary metabolism and respiration	0	4	4	0.0	248510.0	792	False	False	0	False	NonReactive-Unq
NC_000962.3	249037	250123	+	CDS	Rv0209	Rv0209	conserved hypotheticals	conserved hypotheticals	0	4	4	0.0	249580.0	1086	False	False	0	False	NonReactive-Unq
NC_000962.3	250119	251598	+	CDS	Rv0210	Rv0210	conserved hypotheticals	conserved hypotheticals	0	7	7	0.0	250858.5	1479	False	False	0	False	NonReactive-Unq
NC_000962.3	251781	253602	+	CDS	Rv0211	pckA	intermediary metabolism and respiration	intermediary metabolism and respiration	0	9	9	0.0	252691.5	1821	False	False	0	False	NonReactive-Unq
NC_000962.3	253668	254640	-	CDS	Rv0212c	nadR	regulatory proteins	regulatory proteins	0	5	5	0.0	254154.0	972	False	False	0	False	NonReactive-Unq
NC_000962.3	254636	255950	-	CDS	Rv0213c	Rv0213c	intermediary metabolism and respiration	intermediary metabolism and respiration	0	6	6	0.0	255293.0	1314	False	False	0	False	NonReactive-Unq
NC_000962.3	256063	257677	+	CDS	Rv0214	fadD4	lipid metabolism	lipid metabolism	0	7	7	0.0	256870.0	1614	False	False	0	False	NonReactive-Unq
NC_000962.3	258912	259926	+	CDS	Rv0216	Rv0216	intermediary metabolism and respiration	intermediary metabolism and respiration	0	5	5	0.0	259419.0	1014	False	False	0	False	NonReactive-Unq
NC_000962.3	259922	260831	-	CDS	Rv0217c	lipW	intermediary metabolism and respiration	intermediary metabolism and respiration	0	5	5	0.0	260376.5	909	False	False	0	False	NonReactive-Unq
NC_000962.3	260923	262252	+	CDS	Rv0218	Rv0218	cell wall and cell processes	cell wall and cell processes	0	7	7	0.0	261587.5	1329	False	False	0	False	NonReactive-Unq
NC_000962.3	262253	262802	+	CDS	Rv0219	Rv0219	cell wall and cell processes	cell wall and cell processes	0	3	3	0.0	262527.5	549	False	False	0	False	NonReactive-Unq
NC_000962.3	262811	264023	+	CDS	Rv0220	lipC	intermediary metabolism and respiration	intermediary metabolism and respiration	0	6	6	0.0	263417.0	1212	False	False	0	False	NonReactive-Unq
NC_000962.3	264066	265476	+	CDS	Rv0221	Rv0221	lipid metabolism	lipid metabolism	0	7	7	0.0	264771.0	1410	False	False	0	False	NonReactive-Unq
NC_000962.3	265506	266295	+	CDS	Rv0222	echA1	lipid metabolism	lipid metabolism	0	4	4	0.0	265900.5	789	False	False	0	False	NonReactive-Unq
NC_000962.3	266300	267764	-	CDS	Rv0223c	Rv0223c	intermediary metabolism and respiration	intermediary metabolism and respiration	0	7	7	0.0	267032.0	1464	False	False	0	False	NonReactive-Unq
NC_000962.3	267862	268627	-	CDS	Rv0224c	Rv0224c	intermediary metabolism and respiration	intermediary metabolism and respiration	0	4	4	0.0	268244.5	765	False	False	0	False	NonReactive-Unq
NC_000962.3	268662	269817	+	CDS	Rv0225	Rv0225	cell wall and cell processes	cell wall and cell processes	0	5	5	0.0	269239.5	1155	False	False	0	False	NonReactive-Unq
NC_000962.3	269833	271564	-	CDS	Rv0226c	Rv0226c	cell wall and cell processes	cell wall and cell processes	0	9	9	0.0	270698.5	1731	False	False	0	False	NonReactive-Unq
NC_000962.3	271573	272839	-	CDS	Rv0227c	Rv0227c	cell wall and cell processes	cell wall and cell processes	0	6	6	0.0	272206.0	1266	False	False	0	False	NonReactive-Unq
NC_000962.3	273054	274278	+	CDS	Rv0228	Rv0228	intermediary metabolism and respiration	intermediary metabolism and respiration	0	6	6	0.0	273666.0	1224	False	False	0	False	NonReactive-Unq
NC_000962.3	274305	274986	-	CDS	Rv0229c	Rv0229c	cell wall and cell processes	cell wall and cell processes	0	3	3	0.0	274645.5	681	False	False	0	False	NonReactive-Unq
NC_000962.3	274982	275963	-	CDS	Rv0230c	php	lipid metabolism	lipid metabolism	0	5	5	0.0	275472.5	981	False	False	0	False	NonReactive-Unq
NC_000962.3	276057	277764	+	CDS	Rv0231	fadE4	lipid metabolism	lipid metabolism	0	8	8	0.0	276910.5	1707	False	False	0	False	NonReactive-Unq
NC_000962.3	277898	278588	+	CDS	Rv0232	Rv0232	regulatory proteins	regulatory proteins	0	3	3	0.0	278243.0	690	False	False	0	False	NonReactive-Unq
NC_000962.3	278584	279529	+	CDS	Rv0233	nrdB	information pathways	information pathways	0	5	5	0.0	279056.5	945	False	False	0	False	NonReactive-Unq
NC_000962.3	279604	281140	-	CDS	Rv0234c	gabD1	intermediary metabolism and respiration	intermediary metabolism and respiration	0	8	8	0.0	280372.0	1536	False	False	0	False	NonReactive-Unq
NC_000962.3	281165	282614	-	CDS	Rv0235c	Rv0235c	cell wall and cell processes	cell wall and cell processes	1	6	7	0.14285714285714285	281889.5	1449	True	False	0	False	NonReactive-Unq
NC_000962.3	282648	286851	-	CDS	Rv0236c	aftD	cell wall and cell processes	cell wall and cell processes	0	10	10	0.0	284749.5	4203	False	False	0	False	NonReactive-Unq
NC_000962.3	286897	287071	-	CDS	Rv0236A	Rv0236A	cell wall and cell processes	cell wall and cell processes	0	2	2	0.0	286984.0	174	False	False	0	False	NonReactive-Unq
NC_000962.3	287185	288352	+	CDS	Rv0237	lpqI	cell wall and cell processes	cell wall and cell processes	0	6	6	0.0	287768.5	1167	False	False	0	False	NonReactive-Unq
NC_000962.3	288427	289042	+	CDS	Rv0238	Rv0238	regulatory proteins	regulatory proteins	0	3	3	0.0	288734.5	615	False	False	0	False	NonReactive-Unq
NC_000962.3	289103	289337	+	CDS	Rv0239	vapB24	virulence, detoxification, adaptation	virulence, detoxification, adaptation	0	2	2	0.0	289220.0	234	False	False	0	False	NonReactive-Unq
NC_000962.3	289344	289782	+	CDS	Rv0240	vapC24	virulence, detoxification, adaptation	virulence, detoxification, adaptation	0	2	2	0.0	289563.0	438	False	False	0	False	NonReactive-Unq
NC_000962.3	289811	290654	-	CDS	Rv0241c	htdX	intermediary metabolism and respiration	intermediary metabolism and respiration	0	4	4	0.0	290232.5	843	False	False	0	False	NonReactive-Unq
NC_000962.3	290664	292029	-	CDS	Rv0242c	fabG4	lipid metabolism	lipid metabolism	0	7	7	0.0	291346.5	1365	False	False	0	False	NonReactive-Unq
NC_000962.3	292170	293493	+	CDS	Rv0243	fadA2	lipid metabolism	lipid metabolism	0	7	7	0.0	292831.5	1323	False	False	0	False	NonReactive-Unq
NC_000962.3	293797	295633	-	CDS	Rv0244c	fadE5	lipid metabolism	lipid metabolism	1	8	9	0.1111111111111111	294715.0	1836	True	False	0	False	NonReactive-Unq
NC_000962.3	296004	296493	+	CDS	Rv0245	Rv0245	intermediary metabolism and respiration	intermediary metabolism and respiration	0	2	2	0.0	296248.5	489	False	False	0	False	NonReactive-Unq
NC_000962.3	296808	298119	+	CDS	Rv0246	Rv0246	cell wall and cell processes	cell wall and cell processes	0	7	7	0.0	297463.5	1311	False	False	0	False	NonReactive-Unq
NC_000962.3	298115	298862	-	CDS	Rv0247c	Rv0247c	intermediary metabolism and respiration	intermediary metabolism and respiration	0	4	4	0.0	298488.5	747	False	False	0	False	NonReactive-Unq
NC_000962.3	298862	300803	-	CDS	Rv0248c	Rv0248c	intermediary metabolism and respiration	intermediary metabolism and respiration	0	10	10	0.0	299832.5	1941	False	False	0	False	NonReactive-Unq
NC_000962.3	300833	301655	-	CDS	Rv0249c	Rv0249c	intermediary metabolism and respiration	intermediary metabolism and respiration	0	4	4	0.0	301244.0	822	False	False	0	False	NonReactive-Unq
NC_000962.3	301734	302028	-	CDS	Rv0250c	Rv0250c	conserved hypotheticals	conserved hypotheticals	0	2	2	0.0	301881.0	294	False	False	0	False	NonReactive-Unq
NC_000962.3	302172	302652	-	CDS	Rv0251c	hsp	virulence, detoxification, adaptation	virulence, detoxification, adaptation	0	2	2	0.0	302412.0	480	False	False	0	False	NonReactive-Unq
NC_000962.3	302865	305427	+	CDS	Rv0252	nirB	intermediary metabolism and respiration	intermediary metabolism and respiration	0	10	10	0.0	304146.0	2562	False	False	0	False	NonReactive-Unq
NC_000962.3	305452	305809	+	CDS	Rv0253	nirD	intermediary metabolism and respiration	intermediary metabolism and respiration	0	2	2	0.0	305630.5	357	False	False	0	False	NonReactive-Unq
NC_000962.3	305824	306349	-	CDS	Rv0254c	cobU	intermediary metabolism and respiration	intermediary metabolism and respiration	0	1	1	0.0	306086.5	525	False	False	0	False	NonReactive-Unq
NC_000962.3	306373	307858	-	CDS	Rv0255c	cobQ1	intermediary metabolism and respiration	intermediary metabolism and respiration	0	7	7	0.0	307115.5	1485	False	False	0	False	NonReactive-Unq
NC_000962.3	307876	309547	-	CDS	Rv0256c	PPE2	PE/PPE	PE/PPE	1	7	8	0.125	308711.5	1671	True	False	1	True	NonReactive-HHR
NC_000962.3	309698	310073	+	CDS	Rv0257	Rv0257	conserved hypotheticals	conserved hypotheticals	0	2	2	0.0	309885.5	375	False	False	1	True	NonReactive-HHR
NC_000962.3	310293	310749	-	CDS	Rv0258c	Rv0258c	conserved hypotheticals	conserved hypotheticals	0	2	2	0.0	310521.0	456	False	False	0	False	NonReactive-Unq
NC_000962.3	310773	311517	-	CDS	Rv0259c	Rv0259c	conserved hypotheticals	conserved hypotheticals	0	4	4	0.0	311145.0	744	False	False	0	False	NonReactive-Unq
NC_000962.3	311513	312659	-	CDS	Rv0260c	Rv0260c	regulatory proteins	regulatory proteins	0	6	6	0.0	312086.0	1146	False	False	0	False	NonReactive-Unq
NC_000962.3	312758	314168	-	CDS	Rv0261c	narK3	cell wall and cell processes	cell wall and cell processes	0	7	7	0.0	313463.0	1410	False	False	0	False	NonReactive-Unq
NC_000962.3	314308	314854	-	CDS	Rv0262c	aac	virulence, detoxification, adaptation	virulence, detoxification, adaptation	0	1	1	0.0	314581.0	546	False	False	0	False	NonReactive-Unq
NC_000962.3	314863	315766	-	CDS	Rv0263c	Rv0263c	conserved hypotheticals	conserved hypotheticals	0	4	4	0.0	315314.5	903	False	False	0	False	NonReactive-Unq
NC_000962.3	315782	316415	-	CDS	Rv0264c	Rv0264c	conserved hypotheticals	conserved hypotheticals	0	3	3	0.0	316098.5	633	False	False	0	False	NonReactive-Unq
NC_000962.3	316510	317503	-	CDS	Rv0265c	Rv0265c	cell wall and cell processes	cell wall and cell processes	0	5	5	0.0	317006.5	993	False	False	0	False	NonReactive-Unq
NC_000962.3	317524	321154	-	CDS	Rv0266c	oplA	intermediary metabolism and respiration	intermediary metabolism and respiration	1	9	10	0.1	319339.0	3630	True	False	0	False	NonReactive-Unq
NC_000962.3	321330	322722	+	CDS	Rv0267	narU	cell wall and cell processes	cell wall and cell processes	1	6	7	0.14285714285714285	322026.0	1392	True	False	0	False	NonReactive-Unq
NC_000962.3	322763	323273	-	CDS	Rv0268c	Rv0268c	conserved hypotheticals	conserved hypotheticals	1	2	3	0.3333333333333333	323018.0	510	True	False	0	False	NonReactive-Unq
NC_000962.3	323337	324531	-	CDS	Rv0269c	Rv0269c	conserved hypotheticals	conserved hypotheticals	0	6	6	0.0	323934.0	1194	False	False	0	False	NonReactive-Unq
NC_000962.3	324566	326249	+	CDS	Rv0270	fadD2	lipid metabolism	lipid metabolism	0	8	8	0.0	325407.5	1683	False	False	0	False	NonReactive-Unq
NC_000962.3	326265	328461	-	CDS	Rv0271c	fadE6	lipid metabolism	lipid metabolism	0	10	10	0.0	327363.0	2196	False	False	0	False	NonReactive-Unq
NC_000962.3	328574	329708	-	CDS	Rv0272c	Rv0272c	conserved hypotheticals	conserved hypotheticals	0	6	6	0.0	329141.0	1134	False	False	0	False	NonReactive-Unq
NC_000962.3	329704	330325	-	CDS	Rv0273c	Rv0273c	regulatory proteins	regulatory proteins	0	3	3	0.0	330014.5	621	False	False	0	False	NonReactive-Unq
NC_000962.3	330421	331003	+	CDS	Rv0274	Rv0274	conserved hypotheticals	conserved hypotheticals	0	3	3	0.0	330712.0	582	False	False	0	False	NonReactive-Unq
NC_000962.3	330932	331658	-	CDS	Rv0275c	Rv0275c	regulatory proteins	regulatory proteins	0	4	4	0.0	331295.0	726	False	False	0	False	NonReactive-Unq
NC_000962.3	331747	332668	+	CDS	Rv0276	Rv0276	conserved hypotheticals	conserved hypotheticals	3	2	5	0.6	332207.5	921	True	True	0	False	Antigen-Unq
NC_000962.3	332707	333136	-	CDS	Rv0277c	vapC25	virulence, detoxification, adaptation	virulence, detoxification, adaptation	0	2	2	0.0	332921.5	429	False	False	1	True	NonReactive-HHR
NC_000962.3	333436	336310	-	CDS	Rv0278c	PE_PGRS3	PE/PPE	PE/PPE	0	9	9	0.0	334873.0	2874	False	False	1	True	NonReactive-HHR
NC_000962.3	336559	339073	-	CDS	Rv0279c	PE_PGRS4	PE/PPE	PE/PPE	0	10	10	0.0	337816.0	2514	False	False	1	True	NonReactive-HHR
NC_000962.3	339363	340974	+	CDS	Rv0280	PPE3	PE/PPE	PE/PPE	1	7	8	0.125	340168.5	1611	True	False	1	True	NonReactive-HHR
NC_000962.3	340997	341906	+	CDS	Rv0281	Rv0281	lipid metabolism	lipid metabolism	0	4	4	0.0	341451.5	909	False	False	0	False	NonReactive-Unq
NC_000962.3	342129	344025	+	CDS	Rv0282	eccA3	cell wall and cell processes	cell wall and cell processes	0	9	9	0.0	343077.0	1896	False	False	0	False	NonReactive-Unq
NC_000962.3	344021	345638	+	CDS	Rv0283	eccB3	cell wall and cell processes	cell wall and cell processes	0	8	8	0.0	344829.5	1617	False	False	0	False	NonReactive-Unq
NC_000962.3	345634	349627	+	CDS	Rv0284	eccC3	cell wall and cell processes	cell wall and cell processes	6	4	10	0.6	347630.5	3993	True	True	0	False	Antigen-Unq
NC_000962.3	349623	349932	+	CDS	Rv0285	PE5	PE/PPE	PE/PPE	0	3	3	0.0	349777.5	309	False	False	0	False	NonReactive-Unq
NC_000962.3	349934	351476	+	CDS	Rv0286	PPE4	PE/PPE	PE/PPE	0	8	8	0.0	350705.0	1542	False	False	0	False	NonReactive-Unq
NC_000962.3	351524	351818	+	CDS	Rv0287	esxG	cell wall and cell processes	esx	2	0	2	1.0	351671.0	294	True	True	0	False	Antigen-Unq
NC_000962.3	351847	352138	+	CDS	Rv0288	esxH	cell wall and cell processes	esx	23	3	26	0.8846153846153846	351992.5	291	True	True	0	False	Antigen-Unq
NC_000962.3	352148	353036	+	CDS	Rv0289	espG3	cell wall and cell processes	cell wall and cell processes	0	3	3	0.0	352592.0	888	False	False	0	False	NonReactive-Unq
NC_000962.3	353082	354501	+	CDS	Rv0290	eccD3	cell wall and cell processes	cell wall and cell processes	5	2	7	0.7142857142857143	353791.5	1419	True	True	0	False	Antigen-Unq
NC_000962.3	354497	355883	+	CDS	Rv0291	mycP3	intermediary metabolism and respiration	intermediary metabolism and respiration	0	7	7	0.0	355190.0	1386	False	False	0	False	NonReactive-Unq
NC_000962.3	355879	356875	+	CDS	Rv0292	eccE3	cell wall and cell processes	cell wall and cell processes	0	4	4	0.0	356377.0	996	False	False	0	False	NonReactive-Unq
NC_000962.3	356861	358064	-	CDS	Rv0293c	Rv0293c	conserved hypotheticals	conserved hypotheticals	0	6	6	0.0	357462.5	1203	False	False	0	False	NonReactive-Unq
NC_000962.3	358170	358956	+	CDS	Rv0294	tam	intermediary metabolism and respiration	intermediary metabolism and respiration	0	4	4	0.0	358563.0	786	False	False	0	False	NonReactive-Unq
NC_000962.3	358944	359748	-	CDS	Rv0295c	Rv0295c	conserved hypotheticals	conserved hypotheticals	0	4	4	0.0	359346.0	804	False	False	0	False	NonReactive-Unq
NC_000962.3	359757	361155	-	CDS	Rv0296c	Rv0296c	intermediary metabolism and respiration	intermediary metabolism and respiration	0	7	7	0.0	360456.0	1398	False	False	0	False	NonReactive-Unq
NC_000962.3	361333	363109	+	CDS	Rv0297	PE_PGRS5	PE/PPE	PE/PPE	0	7	7	0.0	362221.0	1776	False	False	1	True	NonReactive-HHR
NC_000962.3	363251	363479	+	CDS	Rv0298	Rv0298	conserved hypotheticals	conserved hypotheticals	1	1	2	0.5	363365.0	228	True	False	0	False	NonReactive-Unq
NC_000962.3	363475	363778	+	CDS	Rv0299	Rv0299	conserved hypotheticals	conserved hypotheticals	0	2	2	0.0	363626.5	303	False	False	0	False	NonReactive-Unq
NC_000962.3	363825	364047	+	CDS	Rv0300	vapB2	virulence, detoxification, adaptation	virulence, detoxification, adaptation	0	2	2	0.0	363936.0	222	False	False	0	False	NonReactive-Unq
NC_000962.3	364043	364469	+	CDS	Rv0301	vapC2	virulence, detoxification, adaptation	virulence, detoxification, adaptation	0	2	2	0.0	364256.0	426	False	False	0	False	NonReactive-Unq
NC_000962.3	364604	365237	+	CDS	Rv0302	Rv0302	regulatory proteins	regulatory proteins	0	3	3	0.0	364920.5	633	False	False	0	False	NonReactive-Unq
NC_000962.3	365233	366142	+	CDS	Rv0303	Rv0303	intermediary metabolism and respiration	intermediary metabolism and respiration	0	4	4	0.0	365687.5	909	False	False	0	False	NonReactive-Unq
NC_000962.3	366149	372764	-	CDS	Rv0304c	PPE5	PE/PPE	PE/PPE	0	7	7	0.0	369456.5	6615	False	False	1	True	NonReactive-HHR
NC_000962.3	372819	375711	-	CDS	Rv0305c	PPE6	PE/PPE	PE/PPE	0	10	10	0.0	374265.0	2892	False	False	1	True	NonReactive-HHR
NC_000962.3	375913	376585	+	CDS	Rv0306	Rv0306	intermediary metabolism and respiration	intermediary metabolism and respiration	0	3	3	0.0	376249.0	672	False	False	0	False	NonReactive-Unq
NC_000962.3	376572	377055	-	CDS	Rv0307c	Rv0307c	conserved hypotheticals	conserved hypotheticals	0	2	2	0.0	376813.5	483	False	False	0	False	NonReactive-Unq
NC_000962.3	377112	377829	+	CDS	Rv0308	Rv0308	cell wall and cell processes	cell wall and cell processes	0	4	4	0.0	377470.5	717	False	False	0	False	NonReactive-Unq
NC_000962.3	377930	378587	+	CDS	Rv0309	Rv0309	cell wall and cell processes	cell wall and cell processes	0	3	3	0.0	378258.5	657	False	False	0	False	NonReactive-Unq
NC_000962.3	378656	379148	-	CDS	Rv0310c	Rv0310c	conserved hypotheticals	conserved hypotheticals	0	2	2	0.0	378902.0	492	False	False	0	False	NonReactive-Unq
NC_000962.3	379171	380401	+	CDS	Rv0311	Rv0311	conserved hypotheticals	conserved hypotheticals	0	6	6	0.0	379786.0	1230	False	False	0	False	NonReactive-Unq
NC_000962.3	380555	382418	+	CDS	Rv0312	Rv0312	conserved hypotheticals	conserved hypotheticals	0	9	9	0.0	381486.5	1863	False	False	0	False	NonReactive-Unq
NC_000962.3	382489	382876	+	CDS	Rv0313	Rv0313	conserved hypotheticals	conserved hypotheticals	0	2	2	0.0	382682.5	387	False	False	0	False	NonReactive-Unq
NC_000962.3	382878	383541	-	CDS	Rv0314c	Rv0314c	cell wall and cell processes	cell wall and cell processes	0	3	3	0.0	383209.5	663	False	False	0	False	NonReactive-Unq
NC_000962.3	383601	384486	+	CDS	Rv0315	Rv0315	intermediary metabolism and respiration	intermediary metabolism and respiration	0	4	4	0.0	384043.5	885	False	False	0	False	NonReactive-Unq
NC_000962.3	384534	385149	+	CDS	Rv0316	Rv0316	intermediary metabolism and respiration	intermediary metabolism and respiration	0	3	3	0.0	384841.5	615	False	False	0	False	NonReactive-Unq
NC_000962.3	385172	385943	-	CDS	Rv0317c	glpQ2	intermediary metabolism and respiration	intermediary metabolism and respiration	0	4	4	0.0	385557.5	771	False	False	0	False	NonReactive-Unq
NC_000962.3	386304	387099	-	CDS	Rv0318c	Rv0318c	cell wall and cell processes	cell wall and cell processes	0	4	4	0.0	386701.5	795	False	False	0	False	NonReactive-Unq
NC_000962.3	387147	387816	+	CDS	Rv0319	pcp	intermediary metabolism and respiration	intermediary metabolism and respiration	0	3	3	0.0	387481.5	669	False	False	0	False	NonReactive-Unq
NC_000962.3	387887	388550	+	CDS	Rv0320	Rv0320	cell wall and cell processes	cell wall and cell processes	0	3	3	0.0	388218.5	663	False	False	0	False	NonReactive-Unq
NC_000962.3	388581	389154	+	CDS	Rv0321	dcd	intermediary metabolism and respiration	intermediary metabolism and respiration	0	3	3	0.0	388867.5	573	False	False	0	False	NonReactive-Unq
NC_000962.3	389259	390591	+	CDS	Rv0322	udgA	intermediary metabolism and respiration	intermediary metabolism and respiration	0	7	7	0.0	389925.0	1332	False	False	0	False	NonReactive-Unq
NC_000962.3	390579	391251	-	CDS	Rv0323c	Rv0323c	conserved hypotheticals	conserved hypotheticals	0	3	3	0.0	390915.0	672	False	False	0	False	NonReactive-Unq
NC_000962.3	391351	392032	+	CDS	Rv0324	Rv0324	regulatory proteins	regulatory proteins	0	3	3	0.0	391691.5	681	False	False	0	False	NonReactive-Unq
NC_000962.3	392038	392263	+	CDS	Rv0325	Rv0325	unknown	unknown	0	2	2	0.0	392150.5	225	False	False	0	False	NonReactive-Unq
NC_000962.3	392272	392728	+	CDS	Rv0326	Rv0326	unknown	unknown	0	1	1	0.0	392500.0	456	False	False	0	False	NonReactive-Unq
NC_000962.3	392695	394045	-	CDS	Rv0327c	cyp135A1	intermediary metabolism and respiration	intermediary metabolism and respiration	0	7	7	0.0	393370.0	1350	False	False	0	False	NonReactive-Unq
NC_000962.3	394110	394713	+	CDS	Rv0328	Rv0328	regulatory proteins	regulatory proteins	0	3	3	0.0	394411.5	603	False	False	0	False	NonReactive-Unq
NC_000962.3	394693	395320	-	CDS	Rv0329c	Rv0329c	conserved hypotheticals	conserved hypotheticals	0	3	3	0.0	395006.5	627	False	False	0	False	NonReactive-Unq
NC_000962.3	395346	396087	-	CDS	Rv0330c	Rv0330c	conserved hypotheticals	conserved hypotheticals	0	4	4	0.0	395716.5	741	False	False	0	False	NonReactive-Unq
NC_000962.3	396200	397367	+	CDS	Rv0331	Rv0331	intermediary metabolism and respiration	intermediary metabolism and respiration	0	5	5	0.0	396783.5	1167	False	False	0	False	NonReactive-Unq
NC_000962.3	397441	398227	+	CDS	Rv0332	Rv0332	conserved hypotheticals	conserved hypotheticals	0	4	4	0.0	397834.0	786	False	False	0	False	NonReactive-Unq
NC_000962.3	398253	398628	+	CDS	Rv0333	Rv0333	conserved hypotheticals	conserved hypotheticals	0	2	2	0.0	398440.5	375	False	False	0	False	NonReactive-Unq
NC_000962.3	398657	399524	+	CDS	Rv0334	rmlA	intermediary metabolism and respiration	intermediary metabolism and respiration	0	4	4	0.0	399090.5	867	False	False	0	False	NonReactive-Unq
NC_000962.3	399534	400050	-	CDS	Rv0335c	PE6	PE/PPE	PE/PPE	0	3	3	0.0	399792.0	516	False	False	0	False	NonReactive-Unq
NC_000962.3	400191	401703	+	CDS	Rv0336	Rv0336	insertion seqs and phages	insertion seqs and phages	0	9	9	0.0	400947.0	1512	False	False	1	True	NonReactive-HHR
NC_000962.3	401872	403162	-	CDS	Rv0337c	aspC	intermediary metabolism and respiration	intermediary metabolism and respiration	0	6	6	0.0	402517.0	1290	False	False	0	False	NonReactive-Unq
NC_000962.3	403192	405841	-	CDS	Rv0338c	Rv0338c	intermediary metabolism and respiration	intermediary metabolism and respiration	0	10	10	0.0	404516.5	2649	False	False	0	False	NonReactive-Unq
NC_000962.3	405949	408448	-	CDS	Rv0339c	Rv0339c	regulatory proteins	regulatory proteins	0	9	9	0.0	407198.5	2499	False	False	0	False	NonReactive-Unq
NC_000962.3	408633	409173	+	CDS	Rv0340	Rv0340	conserved hypotheticals	conserved hypotheticals	0	3	3	0.0	408903.0	540	False	False	0	False	NonReactive-Unq
NC_000962.3	409361	410801	+	CDS	Rv0341	iniB	cell wall and cell processes	cell wall and cell processes	0	7	7	0.0	410081.0	1440	False	False	0	False	NonReactive-Unq
NC_000962.3	410837	412760	+	CDS	Rv0342	iniA	cell wall and cell processes	cell wall and cell processes	0	10	10	0.0	411798.5	1923	False	False	0	False	NonReactive-Unq
NC_000962.3	412756	414238	+	CDS	Rv0343	iniC	cell wall and cell processes	cell wall and cell processes	0	7	7	0.0	413497.0	1482	False	False	0	False	NonReactive-Unq
NC_000962.3	414380	414941	-	CDS	Rv0344c	lpqJ	cell wall and cell processes	cell wall and cell processes	0	3	3	0.0	414660.5	561	False	False	0	False	NonReactive-Unq
NC_000962.3	415049	415460	+	CDS	Rv0345	Rv0345	conserved hypotheticals	conserved hypotheticals	0	2	2	0.0	415254.5	411	False	False	0	False	NonReactive-Unq
NC_000962.3	415501	416965	-	CDS	Rv0346c	ansP2	cell wall and cell processes	cell wall and cell processes	0	7	7	0.0	416233.0	1464	False	False	0	False	NonReactive-Unq
NC_000962.3	417303	418290	+	CDS	Rv0347	Rv0347	cell wall and cell processes	cell wall and cell processes	0	5	5	0.0	417796.5	987	False	False	0	False	NonReactive-Unq
NC_000962.3	418292	418946	+	CDS	Rv0348	Rv0348	regulatory proteins	regulatory proteins	0	3	3	0.0	418619.0	654	False	False	0	False	NonReactive-Unq
NC_000962.3	418948	419608	+	CDS	Rv0349	Rv0349	conserved hypotheticals	conserved hypotheticals	0	3	3	0.0	419278.0	660	False	False	0	False	NonReactive-Unq
NC_000962.3	419834	421712	+	CDS	Rv0350	dnaK	virulence, detoxification, adaptation	virulence, detoxification, adaptation	0	9	9	0.0	420773.0	1878	False	False	0	False	NonReactive-Unq
NC_000962.3	421708	422416	+	CDS	Rv0351	grpE	virulence, detoxification, adaptation	virulence, detoxification, adaptation	0	4	4	0.0	422062.0	708	False	False	0	False	NonReactive-Unq
NC_000962.3	422451	423639	+	CDS	Rv0352	dnaJ1	virulence, detoxification, adaptation	virulence, detoxification, adaptation	0	5	5	0.0	423045.0	1188	False	False	0	False	NonReactive-Unq
NC_000962.3	423638	424019	+	CDS	Rv0353	hspR	virulence, detoxification, adaptation	virulence, detoxification, adaptation	0	2	2	0.0	423828.5	381	False	False	0	False	NonReactive-Unq
NC_000962.3	424268	424694	-	CDS	Rv0354c	PPE7	PE/PPE	PE/PPE	0	1	1	0.0	424481.0	426	False	False	0	False	NonReactive-Unq
NC_000962.3	424776	434679	-	CDS	Rv0355c	PPE8	PE/PPE	PE/PPE	0	8	8	0.0	429727.5	9903	False	False	2	True	NonReactive-HHR
NC_000962.3	434829	435474	-	CDS	Rv0356c	Rv0356c	conserved hypotheticals	conserved hypotheticals	0	3	3	0.0	435151.5	645	False	False	0	False	NonReactive-Unq
NC_000962.3	435470	436769	-	CDS	Rv0357c	purA	intermediary metabolism and respiration	intermediary metabolism and respiration	0	6	6	0.0	436119.5	1299	False	False	0	False	NonReactive-Unq
NC_000962.3	436859	437507	+	CDS	Rv0358	Rv0358	conserved hypotheticals	conserved hypotheticals	0	3	3	0.0	437183.0	648	False	False	0	False	NonReactive-Unq
NC_000962.3	437517	438297	+	CDS	Rv0359	Rv0359	cell wall and cell processes	cell wall and cell processes	0	3	3	0.0	437907.0	780	False	False	0	False	NonReactive-Unq
NC_000962.3	438301	438739	-	CDS	Rv0360c	Rv0360c	conserved hypotheticals	conserved hypotheticals	0	2	2	0.0	438520.0	438	False	False	0	False	NonReactive-Unq
NC_000962.3	438821	439649	+	CDS	Rv0361	Rv0361	cell wall and cell processes	cell wall and cell processes	1	3	4	0.25	439235.0	828	True	False	0	False	NonReactive-Unq
NC_000962.3	439870	441253	+	CDS	Rv0362	mgtE	cell wall and cell processes	cell wall and cell processes	0	7	7	0.0	440561.5	1383	False	False	0	False	NonReactive-Unq
NC_000962.3	441264	442299	-	CDS	Rv0363c	fba	intermediary metabolism and respiration	intermediary metabolism and respiration	0	5	5	0.0	441781.5	1035	False	False	0	False	NonReactive-Unq
NC_000962.3	442394	443078	+	CDS	Rv0364	Rv0364	cell wall and cell processes	cell wall and cell processes	0	3	3	0.0	442736.0	684	False	False	0	False	NonReactive-Unq
NC_000962.3	443066	444197	-	CDS	Rv0365c	Rv0365c	conserved hypotheticals	conserved hypotheticals	0	6	6	0.0	443631.5	1131	False	False	0	False	NonReactive-Unq
NC_000962.3	444221	444815	-	CDS	Rv0366c	Rv0366c	conserved hypotheticals	conserved hypotheticals	0	4	4	0.0	444518.0	594	False	False	0	False	NonReactive-Unq
NC_000962.3	444843	445233	-	CDS	Rv0367c	Rv0367c	conserved hypotheticals	conserved hypotheticals	0	2	2	0.0	445038.0	390	False	False	0	False	NonReactive-Unq
NC_000962.3	445313	446525	-	CDS	Rv0368c	Rv0368c	conserved hypotheticals	conserved hypotheticals	0	6	6	0.0	445919.0	1212	False	False	0	False	NonReactive-Unq
NC_000962.3	446530	447046	-	CDS	Rv0369c	Rv0369c	intermediary metabolism and respiration	intermediary metabolism and respiration	0	3	3	0.0	446788.0	516	False	False	0	False	NonReactive-Unq
NC_000962.3	447146	448043	-	CDS	Rv0370c	Rv0370c	intermediary metabolism and respiration	intermediary metabolism and respiration	0	3	3	0.0	447594.5	897	False	False	0	False	NonReactive-Unq
NC_000962.3	448039	448633	-	CDS	Rv0371c	Rv0371c	conserved hypotheticals	conserved hypotheticals	0	3	3	0.0	448336.0	594	False	False	0	False	NonReactive-Unq
NC_000962.3	448629	449385	-	CDS	Rv0372c	Rv0372c	conserved hypotheticals	conserved hypotheticals	0	4	4	0.0	449007.0	756	False	False	0	False	NonReactive-Unq
NC_000962.3	449403	451803	-	CDS	Rv0373c	Rv0373c	intermediary metabolism and respiration	intermediary metabolism and respiration	0	10	10	0.0	450603.0	2400	False	False	0	False	NonReactive-Unq
NC_000962.3	451799	452279	-	CDS	Rv0374c	Rv0374c	intermediary metabolism and respiration	intermediary metabolism and respiration	0	2	2	0.0	452039.0	480	False	False	0	False	NonReactive-Unq
NC_000962.3	452293	453154	-	CDS	Rv0375c	Rv0375c	intermediary metabolism and respiration	intermediary metabolism and respiration	0	4	4	0.0	452723.5	861	False	False	0	False	NonReactive-Unq
NC_000962.3	453229	454372	-	CDS	Rv0376c	Rv0376c	conserved hypotheticals	conserved hypotheticals	0	5	5	0.0	453800.5	1143	False	False	0	False	NonReactive-Unq
NC_000962.3	454420	455386	+	CDS	Rv0377	Rv0377	regulatory proteins	regulatory proteins	0	5	5	0.0	454903.0	966	False	False	0	False	NonReactive-Unq
NC_000962.3	455636	455858	+	CDS	Rv0378	Rv0378	conserved hypotheticals	conserved hypotheticals	0	2	2	0.0	455747.0	222	False	False	0	False	NonReactive-Unq
NC_000962.3	455976	456192	+	CDS	Rv0379	secE2	cell wall and cell processes	cell wall and cell processes	0	2	2	0.0	456084.0	216	False	False	0	False	NonReactive-Unq
NC_000962.3	456267	456819	-	CDS	Rv0380c	Rv0380c	intermediary metabolism and respiration	intermediary metabolism and respiration	0	3	3	0.0	456543.0	552	False	False	0	False	NonReactive-Unq
NC_000962.3	456914	457823	-	CDS	Rv0381c	Rv0381c	conserved hypotheticals	conserved hypotheticals	0	5	5	0.0	457368.5	909	False	False	0	False	NonReactive-Unq
NC_000962.3	457840	458380	-	CDS	Rv0382c	pyrE	intermediary metabolism and respiration	intermediary metabolism and respiration	0	3	3	0.0	458110.0	540	False	False	0	False	NonReactive-Unq
NC_000962.3	458460	459315	-	CDS	Rv0383c	Rv0383c	cell wall and cell processes	cell wall and cell processes	0	4	4	0.0	458887.5	855	False	False	0	False	NonReactive-Unq
NC_000962.3	459455	462002	-	CDS	Rv0384c	clpB	virulence, detoxification, adaptation	virulence, detoxification, adaptation	0	10	10	0.0	460728.5	2547	False	False	0	False	NonReactive-Unq
NC_000962.3	462134	463307	+	CDS	Rv0385	Rv0385	intermediary metabolism and respiration	intermediary metabolism and respiration	0	5	5	0.0	462720.5	1173	False	False	0	False	NonReactive-Unq
NC_000962.3	463410	466668	+	CDS	Rv0386	Rv0386	regulatory proteins	regulatory proteins	0	10	10	0.0	465039.0	3258	False	False	0	False	NonReactive-Unq
NC_000962.3	468334	469594	+	CDS	Rv0389	purT	intermediary metabolism and respiration	intermediary metabolism and respiration	0	6	6	0.0	468964.0	1260	False	False	0	False	NonReactive-Unq
NC_000962.3	469590	470013	+	CDS	Rv0390	Rv0390	conserved hypotheticals	conserved hypotheticals	0	2	2	0.0	469801.5	423	False	False	0	False	NonReactive-Unq
NC_000962.3	470009	471230	+	CDS	Rv0391	metZ	intermediary metabolism and respiration	intermediary metabolism and respiration	0	6	6	0.0	470619.5	1221	False	False	0	False	NonReactive-Unq
NC_000962.3	471226	472639	-	CDS	Rv0392c	ndhA	intermediary metabolism and respiration	intermediary metabolism and respiration	0	7	7	0.0	471932.5	1413	False	False	0	False	NonReactive-Unq
NC_000962.3	472780	474106	+	CDS	Rv0393	Rv0393	insertion seqs and phages	REP13E12_Repeat	0	7	7	0.0	473443.0	1326	False	False	1	True	NonReactive-HHR
NC_000962.3	474121	474841	-	CDS	Rv0394c	Rv0394c	cell wall and cell processes	cell wall and cell processes	0	4	4	0.0	474481.0	720	False	False	0	False	NonReactive-Unq
NC_000962.3	474939	475344	+	CDS	Rv0395	Rv0395	conserved hypotheticals	conserved hypotheticals	0	2	2	0.0	475141.5	405	False	False	0	False	NonReactive-Unq
NC_000962.3	475349	475742	+	CDS	Rv0396	Rv0396	conserved hypotheticals	conserved hypotheticals	0	2	2	0.0	475545.5	393	False	False	0	False	NonReactive-Unq
NC_000962.3	475815	476184	+	CDS	Rv0397	Rv0397	insertion seqs and phages	REP13E12_Repeat	0	2	2	0.0	475999.5	369	False	False	1	True	NonReactive-HHR
NC_000962.3	476678	477320	-	CDS	Rv0398c	Rv0398c	cell wall and cell processes	cell wall and cell processes	0	3	3	0.0	476999.0	642	False	False	0	False	NonReactive-Unq
NC_000962.3	477326	478556	-	CDS	Rv0399c	lpqK	cell wall and cell processes	cell wall and cell processes	0	6	6	0.0	477941.0	1230	False	False	0	False	NonReactive-Unq
NC_000962.3	478565	479753	-	CDS	Rv0400c	fadE7	lipid metabolism	lipid metabolism	0	6	6	0.0	479159.0	1188	False	False	0	False	NonReactive-Unq
NC_000962.3	479788	480160	+	CDS	Rv0401	Rv0401	cell wall and cell processes	cell wall and cell processes	0	2	2	0.0	479974.0	372	False	False	0	False	NonReactive-Unq
NC_000962.3	480354	483231	-	CDS	Rv0402c	mmpL1	cell wall and cell processes	cell wall and cell processes	0	10	10	0.0	481792.5	2877	False	False	0	False	NonReactive-Unq
NC_000962.3	483227	483656	-	CDS	Rv0403c	mmpS1	cell wall and cell processes	cell wall and cell processes	0	1	1	0.0	483441.5	429	False	False	0	False	NonReactive-Unq
NC_000962.3	483976	485734	+	CDS	Rv0404	fadD30	lipid metabolism	lipid metabolism	0	9	9	0.0	484855.0	1758	False	False	0	False	NonReactive-Unq
NC_000962.3	485730	489939	+	CDS	Rv0405	pks6	lipid metabolism	lipid metabolism	0	10	10	0.0	487834.5	4209	False	False	0	False	NonReactive-Unq
NC_000962.3	489886	490705	-	CDS	Rv0406c	Rv0406c	conserved hypotheticals	conserved hypotheticals	0	4	4	0.0	490295.5	819	False	False	0	False	NonReactive-Unq
NC_000962.3	490782	491793	+	CDS	Rv0407	fgd1	intermediary metabolism and respiration	intermediary metabolism and respiration	0	5	5	0.0	491287.5	1011	False	False	0	False	NonReactive-Unq
NC_000962.3	491785	493858	+	CDS	Rv0408	pta	intermediary metabolism and respiration	intermediary metabolism and respiration	0	10	10	0.0	492821.5	2073	False	False	0	False	NonReactive-Unq
NC_000962.3	493850	495008	+	CDS	Rv0409	ackA	intermediary metabolism and respiration	intermediary metabolism and respiration	0	6	6	0.0	494429.0	1158	False	False	0	False	NonReactive-Unq
NC_000962.3	495061	497314	-	CDS	Rv0410c	pknG	regulatory proteins	regulatory proteins	0	10	10	0.0	496187.5	2253	False	False	0	False	NonReactive-Unq
NC_000962.3	497313	498300	-	CDS	Rv0411c	glnH	cell wall and cell processes	cell wall and cell processes	0	5	5	0.0	497806.5	987	False	False	0	False	NonReactive-Unq
NC_000962.3	498299	499619	-	CDS	Rv0412c	Rv0412c	cell wall and cell processes	cell wall and cell processes	0	7	7	0.0	498959.0	1320	False	False	0	False	NonReactive-Unq
NC_000962.3	499712	500366	+	CDS	Rv0413	mutT3	information pathways	information pathways	0	3	3	0.0	500039.0	654	False	False	0	False	NonReactive-Unq
NC_000962.3	500349	501018	-	CDS	Rv0414c	thiE	intermediary metabolism and respiration	intermediary metabolism and respiration	0	2	2	0.0	500683.5	669	False	False	0	False	NonReactive-Unq
NC_000962.3	501147	502170	+	CDS	Rv0415	thiO	intermediary metabolism and respiration	intermediary metabolism and respiration	0	5	5	0.0	501658.5	1023	False	False	0	False	NonReactive-Unq
NC_000962.3	502166	502373	+	CDS	Rv0416	thiS	intermediary metabolism and respiration	intermediary metabolism and respiration	0	2	2	0.0	502269.5	207	False	False	0	False	NonReactive-Unq
NC_000962.3	502365	503124	+	CDS	Rv0417	thiG	intermediary metabolism and respiration	intermediary metabolism and respiration	0	4	4	0.0	502744.5	759	False	False	0	False	NonReactive-Unq
NC_000962.3	503495	504998	+	CDS	Rv0418	lpqL	cell wall and cell processes	cell wall and cell processes	0	7	7	0.0	504246.5	1503	False	False	0	False	NonReactive-Unq
NC_000962.3	505085	506582	+	CDS	Rv0419	lpqM	cell wall and cell processes	cell wall and cell processes	0	7	7	0.0	505833.5	1497	False	False	0	False	NonReactive-Unq
NC_000962.3	506560	506971	-	CDS	Rv0420c	Rv0420c	cell wall and cell processes	cell wall and cell processes	0	2	2	0.0	506765.5	411	False	False	0	False	NonReactive-Unq
NC_000962.3	507131	507761	-	CDS	Rv0421c	Rv0421c	conserved hypotheticals	conserved hypotheticals	0	3	3	0.0	507446.0	630	False	False	0	False	NonReactive-Unq
NC_000962.3	507757	508555	-	CDS	Rv0422c	thiD	intermediary metabolism and respiration	intermediary metabolism and respiration	0	4	4	0.0	508156.0	798	False	False	0	False	NonReactive-Unq
NC_000962.3	508581	510225	-	CDS	Rv0423c	thiC	intermediary metabolism and respiration	intermediary metabolism and respiration	0	8	8	0.0	509403.0	1644	False	False	0	False	NonReactive-Unq
NC_000962.3	510376	510652	-	CDS	Rv0424c	Rv0424c	conserved hypotheticals	conserved hypotheticals	0	2	2	0.0	510514.0	276	False	False	0	False	NonReactive-Unq
NC_000962.3	510701	515321	-	CDS	Rv0425c	ctpH	cell wall and cell processes	cell wall and cell processes	0	10	10	0.0	513011.0	4620	False	False	0	False	NonReactive-Unq
NC_000962.3	515372	515816	-	CDS	Rv0426c	Rv0426c	cell wall and cell processes	cell wall and cell processes	0	2	2	0.0	515594.0	444	False	False	0	False	NonReactive-Unq
NC_000962.3	516016	516892	-	CDS	Rv0427c	xthA	information pathways	information pathways	0	4	4	0.0	516454.0	876	False	False	0	False	NonReactive-Unq
NC_000962.3	516894	517803	-	CDS	Rv0428c	Rv0428c	intermediary metabolism and respiration	intermediary metabolism and respiration	0	5	5	0.0	517348.5	909	False	False	0	False	NonReactive-Unq
NC_000962.3	517802	518396	-	CDS	Rv0429c	def	information pathways	information pathways	0	3	3	0.0	518099.0	594	False	False	0	False	NonReactive-Unq
NC_000962.3	518732	519041	+	CDS	Rv0430	Rv0430	conserved hypotheticals	conserved hypotheticals	0	2	2	0.0	518886.5	309	False	False	0	False	NonReactive-Unq
NC_000962.3	519072	519567	+	CDS	Rv0431	Rv0431	cell wall and cell processes	cell wall and cell processes	0	2	2	0.0	519319.5	495	False	False	0	False	NonReactive-Unq
NC_000962.3	519599	520322	+	CDS	Rv0432	sodC	virulence, detoxification, adaptation	virulence, detoxification, adaptation	0	4	4	0.0	519960.5	723	False	False	0	False	NonReactive-Unq
NC_000962.3	520323	521454	+	CDS	Rv0433	Rv0433	conserved hypotheticals	conserved hypotheticals	0	6	6	0.0	520888.5	1131	False	False	0	False	NonReactive-Unq
NC_000962.3	521513	522167	+	CDS	Rv0434	Rv0434	conserved hypotheticals	conserved hypotheticals	0	3	3	0.0	521840.0	654	False	False	0	False	NonReactive-Unq
NC_000962.3	522346	524533	-	CDS	Rv0435c	Rv0435c	cell wall and cell processes	cell wall and cell processes	0	10	10	0.0	523439.5	2187	False	False	0	False	NonReactive-Unq
NC_000962.3	524529	525390	-	CDS	Rv0436c	pssA	lipid metabolism	lipid metabolism	0	4	4	0.0	524959.5	861	False	False	0	False	NonReactive-Unq
NC_000962.3	525386	526082	-	CDS	Rv0437c	psd	lipid metabolism	lipid metabolism	0	3	3	0.0	525734.0	696	False	False	0	False	NonReactive-Unq
NC_000962.3	526142	527360	-	CDS	Rv0438c	moeA2	intermediary metabolism and respiration	intermediary metabolism and respiration	0	6	6	0.0	526751.0	1218	False	False	0	False	NonReactive-Unq
NC_000962.3	527378	528314	-	CDS	Rv0439c	Rv0439c	intermediary metabolism and respiration	intermediary metabolism and respiration	0	5	5	0.0	527846.0	936	False	False	0	False	NonReactive-Unq
NC_000962.3	528607	530230	+	CDS	Rv0440	groEL2	virulence, detoxification, adaptation	virulence, detoxification, adaptation	2	6	8	0.25	529418.5	1623	True	True	0	False	Antigen-Unq
NC_000962.3	530295	530724	-	CDS	Rv0441c	Rv0441c	conserved hypotheticals	conserved hypotheticals	0	2	2	0.0	530509.5	429	False	False	0	False	NonReactive-Unq
NC_000962.3	530750	532214	-	CDS	Rv0442c	PPE10	PE/PPE	PE/PPE	0	7	7	0.0	531482.0	1464	False	False	0	False	NonReactive-Unq
NC_000962.3	532395	532911	+	CDS	Rv0443	Rv0443	conserved hypotheticals	conserved hypotheticals	0	2	2	0.0	532653.0	516	False	False	0	False	NonReactive-Unq
NC_000962.3	533090	533789	-	CDS	Rv0444c	rskA	information pathways	information pathways	0	3	3	0.0	533439.5	699	False	False	0	False	NonReactive-Unq
NC_000962.3	533832	534396	-	CDS	Rv0445c	sigK	information pathways	information pathways	0	3	3	0.0	534114.0	564	False	False	0	False	NonReactive-Unq
NC_000962.3	534444	535215	-	CDS	Rv0446c	Rv0446c	cell wall and cell processes	cell wall and cell processes	0	4	4	0.0	534829.5	771	False	False	0	False	NonReactive-Unq
NC_000962.3	535223	536507	-	CDS	Rv0447c	ufaA1	lipid metabolism	lipid metabolism	0	6	6	0.0	535865.0	1284	False	False	0	False	NonReactive-Unq
NC_000962.3	536503	537169	-	CDS	Rv0448c	Rv0448c	conserved hypotheticals	conserved hypotheticals	0	4	4	0.0	536836.0	666	False	False	0	False	NonReactive-Unq
NC_000962.3	537228	538548	-	CDS	Rv0449c	Rv0449c	conserved hypotheticals	conserved hypotheticals	0	3	3	0.0	537888.0	1320	False	False	0	False	NonReactive-Unq
NC_000962.3	538587	541491	-	CDS	Rv0450c	mmpL4	cell wall and cell processes	cell wall and cell processes	0	11	11	0.0	540039.0	2904	False	False	0	False	NonReactive-Unq
NC_000962.3	541487	541910	-	CDS	Rv0451c	mmpS4	cell wall and cell processes	cell wall and cell processes	0	4	4	0.0	541698.5	423	False	False	0	False	NonReactive-Unq
NC_000962.3	542141	542852	+	CDS	Rv0452	Rv0452	regulatory proteins	regulatory proteins	0	4	4	0.0	542496.5	711	False	False	0	False	NonReactive-Unq
NC_000962.3	543173	544730	+	CDS	Rv0453	PPE11	PE/PPE	PE/PPE	1	7	8	0.125	543951.5	1557	True	False	0	False	NonReactive-Unq
NC_000962.3	545374	545821	-	CDS	Rv0455c	Rv0455c	conserved hypotheticals	conserved hypotheticals	0	2	2	0.0	545597.5	447	False	False	0	False	NonReactive-Unq
NC_000962.3	545888	546803	-	CDS	Rv0456c	echA2	lipid metabolism	lipid metabolism	0	5	5	0.0	546345.5	915	False	False	0	False	NonReactive-Unq
NC_000962.3	547075	547357	-	CDS	Rv0456A	mazF1	virulence, detoxification, adaptation	virulence, detoxification, adaptation	0	2	2	0.0	547216.0	282	False	False	0	False	NonReactive-Unq
NC_000962.3	547585	549607	-	CDS	Rv0457c	Rv0457c	intermediary metabolism and respiration	intermediary metabolism and respiration	0	10	10	0.0	548596.0	2022	False	False	0	False	NonReactive-Unq
NC_000962.3	549674	551198	+	CDS	Rv0458	Rv0458	intermediary metabolism and respiration	intermediary metabolism and respiration	0	8	8	0.0	550436.0	1524	False	False	0	False	NonReactive-Unq
NC_000962.3	551197	551689	+	CDS	Rv0459	Rv0459	conserved hypotheticals	conserved hypotheticals	0	2	2	0.0	551443.0	492	False	False	0	False	NonReactive-Unq
NC_000962.3	551748	551988	+	CDS	Rv0460	Rv0460	conserved hypotheticals	conserved hypotheticals	0	2	2	0.0	551868.0	240	False	False	0	False	NonReactive-Unq
NC_000962.3	552025	552550	+	CDS	Rv0461	Rv0461	cell wall and cell processes	cell wall and cell processes	0	3	3	0.0	552287.5	525	False	False	0	False	NonReactive-Unq
NC_000962.3	552613	554008	+	CDS	Rv0462	lpdC	intermediary metabolism and respiration	intermediary metabolism and respiration	0	7	7	0.0	553310.5	1395	False	False	0	False	NonReactive-Unq
NC_000962.3	554015	554309	+	CDS	Rv0463	Rv0463	cell wall and cell processes	cell wall and cell processes	0	2	2	0.0	554162.0	294	False	False	0	False	NonReactive-Unq
NC_000962.3	554312	554885	-	CDS	Rv0464c	Rv0464c	conserved hypotheticals	conserved hypotheticals	0	3	3	0.0	554598.5	573	False	False	0	False	NonReactive-Unq
NC_000962.3	554881	556306	-	CDS	Rv0465c	Rv0465c	regulatory proteins	regulatory proteins	0	7	7	0.0	555593.5	1425	False	False	0	False	NonReactive-Unq
NC_000962.3	556457	557252	+	CDS	Rv0466	Rv0466	conserved hypotheticals	conserved hypotheticals	0	3	3	0.0	556854.5	795	False	False	0	False	NonReactive-Unq
NC_000962.3	557526	558813	+	CDS	Rv0467	icl1	intermediary metabolism and respiration	intermediary metabolism and respiration	0	6	6	0.0	558169.5	1287	False	False	0	False	NonReactive-Unq
NC_000962.3	558894	559755	+	CDS	Rv0468	fadB2	lipid metabolism	lipid metabolism	0	4	4	0.0	559324.5	861	False	False	0	False	NonReactive-Unq
NC_000962.3	559887	560748	+	CDS	Rv0469	umaA	lipid metabolism	lipid metabolism	0	4	4	0.0	560317.5	861	False	False	0	False	NonReactive-Unq
NC_000962.3	560847	561711	-	CDS	Rv0470c	pcaA	lipid metabolism	lipid metabolism	0	4	4	0.0	561279.0	864	False	False	0	False	NonReactive-Unq
NC_000962.3	561853	562294	-	CDS	Rv0470A	Rv0470A	conserved hypotheticals	conserved hypotheticals	0	2	2	0.0	562073.5	441	False	False	0	False	NonReactive-Unq
NC_000962.3	562224	562713	-	CDS	Rv0471c	Rv0471c	conserved hypotheticals	conserved hypotheticals	0	2	2	0.0	562468.5	489	False	False	1	True	NonReactive-HHR
NC_000962.3	562722	563427	-	CDS	Rv0472c	Rv0472c	regulatory proteins	regulatory proteins	0	3	3	0.0	563074.5	705	False	False	0	False	NonReactive-Unq
NC_000962.3	563563	564934	+	CDS	Rv0473	Rv0473	cell wall and cell processes	cell wall and cell processes	0	7	7	0.0	564248.5	1371	False	False	0	False	NonReactive-Unq
NC_000962.3	565020	565443	+	CDS	Rv0474	Rv0474	regulatory proteins	regulatory proteins	0	2	2	0.0	565231.5	423	False	False	0	False	NonReactive-Unq
NC_000962.3	565796	566396	+	CDS	Rv0475	hbhA	cell wall and cell processes	cell wall and cell processes	0	3	3	0.0	566096.0	600	False	False	0	False	NonReactive-Unq
NC_000962.3	566507	566771	+	CDS	Rv0476	Rv0476	cell wall and cell processes	cell wall and cell processes	0	1	1	0.0	566639.0	264	False	False	0	False	NonReactive-Unq
NC_000962.3	566775	567222	+	CDS	Rv0477	Rv0477	cell wall and cell processes	cell wall and cell processes	0	2	2	0.0	566998.5	447	False	False	0	False	NonReactive-Unq
NC_000962.3	567221	567896	+	CDS	Rv0478	deoC	intermediary metabolism and respiration	intermediary metabolism and respiration	0	3	3	0.0	567558.5	675	False	False	0	False	NonReactive-Unq
NC_000962.3	567920	568967	-	CDS	Rv0479c	Rv0479c	cell wall and cell processes	cell wall and cell processes	0	5	5	0.0	568443.5	1047	False	False	0	False	NonReactive-Unq
NC_000962.3	568963	569806	-	CDS	Rv0480c	Rv0480c	intermediary metabolism and respiration	intermediary metabolism and respiration	0	3	3	0.0	569384.5	843	False	False	0	False	NonReactive-Unq
NC_000962.3	569987	570512	-	CDS	Rv0481c	Rv0481c	conserved hypotheticals	conserved hypotheticals	0	3	3	0.0	570249.5	525	False	False	0	False	NonReactive-Unq
NC_000962.3	570538	571648	+	CDS	Rv0482	murB	cell wall and cell processes	cell wall and cell processes	0	6	6	0.0	571093.0	1110	False	False	0	False	NonReactive-Unq
NC_000962.3	571709	573065	+	CDS	Rv0483	lprQ	cell wall and cell processes	cell wall and cell processes	0	7	7	0.0	572387.0	1356	False	False	0	False	NonReactive-Unq
NC_000962.3	573045	573801	-	CDS	Rv0484c	Rv0484c	intermediary metabolism and respiration	intermediary metabolism and respiration	0	4	4	0.0	573423.0	756	False	False	0	False	NonReactive-Unq
NC_000962.3	573983	575300	+	CDS	Rv0485	Rv0485	regulatory proteins	regulatory proteins	0	7	7	0.0	574641.5	1317	False	False	0	False	NonReactive-Unq
NC_000962.3	575347	576790	+	CDS	Rv0486	mshA	intermediary metabolism and respiration	intermediary metabolism and respiration	0	7	7	0.0	576068.5	1443	False	False	0	False	NonReactive-Unq
NC_000962.3	576786	577338	+	CDS	Rv0487	Rv0487	conserved hypotheticals	conserved hypotheticals	0	3	3	0.0	577062.0	552	False	False	1	True	NonReactive-HHR
NC_000962.3	577663	578269	+	CDS	Rv0488	Rv0488	cell wall and cell processes	cell wall and cell processes	0	2	2	0.0	577966.0	606	False	False	0	False	NonReactive-Unq
NC_000962.3	578425	579175	+	CDS	Rv0489	gpm1	intermediary metabolism and respiration	intermediary metabolism and respiration	0	4	4	0.0	578800.0	750	False	False	0	False	NonReactive-Unq
NC_000962.3	579348	580581	+	CDS	Rv0490	senX3	regulatory proteins	regulatory proteins	0	6	6	0.0	579964.5	1233	False	False	1	True	NonReactive-HHR
NC_000962.3	580808	581492	+	CDS	Rv0491	regX3	regulatory proteins	regulatory proteins	0	2	2	0.0	581150.0	684	False	False	1	True	NonReactive-HHR
NC_000962.3	581488	583378	-	CDS	Rv0492c	Rv0492c	intermediary metabolism and respiration	intermediary metabolism and respiration	0	9	9	0.0	582433.0	1890	False	False	0	False	NonReactive-Unq
NC_000962.3	583374	583704	-	CDS	Rv0492A	Rv0492A	conserved hypotheticals	conserved hypotheticals	0	2	2	0.0	583539.0	330	False	False	0	False	NonReactive-Unq
NC_000962.3	583700	584690	-	CDS	Rv0493c	Rv0493c	conserved hypotheticals	conserved hypotheticals	0	5	5	0.0	584195.0	990	False	False	0	False	NonReactive-Unq
NC_000962.3	584694	585423	+	CDS	Rv0494	Rv0494	regulatory proteins	regulatory proteins	0	4	4	0.0	585058.5	729	False	False	0	False	NonReactive-Unq
NC_000962.3	585423	586314	-	CDS	Rv0495c	Rv0495c	conserved hypotheticals	conserved hypotheticals	0	4	4	0.0	585868.5	891	False	False	0	False	NonReactive-Unq
NC_000962.3	586393	587380	+	CDS	Rv0496	Rv0496	conserved hypotheticals	conserved hypotheticals	0	5	5	0.0	586886.5	987	False	False	0	False	NonReactive-Unq
NC_000962.3	587376	588309	+	CDS	Rv0497	Rv0497	cell wall and cell processes	cell wall and cell processes	0	5	5	0.0	587842.5	933	False	False	0	False	NonReactive-Unq
NC_000962.3	588324	589167	+	CDS	Rv0498	Rv0498	conserved hypotheticals	conserved hypotheticals	0	4	4	0.0	588745.5	843	False	False	0	False	NonReactive-Unq
NC_000962.3	589182	590058	+	CDS	Rv0499	Rv0499	conserved hypotheticals	conserved hypotheticals	0	4	4	0.0	589620.0	876	False	False	0	False	NonReactive-Unq
NC_000962.3	590082	590970	+	CDS	Rv0500	proC	intermediary metabolism and respiration	intermediary metabolism and respiration	0	4	4	0.0	590526.0	888	False	False	0	False	NonReactive-Unq
NC_000962.3	591110	591347	+	CDS	Rv0500A	Rv0500A	conserved hypotheticals	conserved hypotheticals	0	2	2	0.0	591228.5	237	False	False	0	False	NonReactive-Unq
NC_000962.3	591653	592784	+	CDS	Rv0501	galE2	intermediary metabolism and respiration	intermediary metabolism and respiration	0	6	6	0.0	592218.5	1131	False	False	0	False	NonReactive-Unq
NC_000962.3	592790	593867	+	CDS	Rv0502	Rv0502	conserved hypotheticals	conserved hypotheticals	0	5	5	0.0	593328.5	1077	False	False	0	False	NonReactive-Unq
NC_000962.3	593870	594779	-	CDS	Rv0503c	cmaA2	lipid metabolism	lipid metabolism	0	5	5	0.0	594324.5	909	False	False	0	False	NonReactive-Unq
NC_000962.3	594801	595302	-	CDS	Rv0504c	Rv0504c	conserved hypotheticals	conserved hypotheticals	0	2	2	0.0	595051.5	501	False	False	0	False	NonReactive-Unq
NC_000962.3	595463	596585	-	CDS	Rv0505c	serB1	intermediary metabolism and respiration	intermediary metabolism and respiration	0	6	6	0.0	596024.0	1122	False	False	0	False	NonReactive-Unq
NC_000962.3	596758	597202	+	CDS	Rv0506	mmpS2	cell wall and cell processes	cell wall and cell processes	0	2	2	0.0	596980.0	444	False	False	0	False	NonReactive-Unq
NC_000962.3	597198	600105	+	CDS	Rv0507	mmpL2	cell wall and cell processes	cell wall and cell processes	0	10	10	0.0	598651.5	2907	False	False	0	False	NonReactive-Unq
NC_000962.3	600097	600391	+	CDS	Rv0508	Rv0508	conserved hypotheticals	conserved hypotheticals	0	2	2	0.0	600244.0	294	False	False	0	False	NonReactive-Unq
NC_000962.3	600440	601847	+	CDS	Rv0509	hemA	intermediary metabolism and respiration	intermediary metabolism and respiration	0	7	7	0.0	601143.5	1407	False	False	0	False	NonReactive-Unq
NC_000962.3	601856	602786	+	CDS	Rv0510	hemC	intermediary metabolism and respiration	intermediary metabolism and respiration	0	5	5	0.0	602321.0	930	False	False	0	False	NonReactive-Unq
NC_000962.3	602818	604516	+	CDS	Rv0511	hemD	intermediary metabolism and respiration	intermediary metabolism and respiration	0	8	8	0.0	603667.0	1698	False	False	0	False	NonReactive-Unq
NC_000962.3	604601	605591	+	CDS	Rv0512	hemB	intermediary metabolism and respiration	intermediary metabolism and respiration	0	5	5	0.0	605096.0	990	False	False	0	False	NonReactive-Unq
NC_000962.3	605603	606152	+	CDS	Rv0513	Rv0513	cell wall and cell processes	cell wall and cell processes	0	3	3	0.0	605877.5	549	False	False	0	False	NonReactive-Unq
NC_000962.3	606148	606448	+	CDS	Rv0514	Rv0514	cell wall and cell processes	cell wall and cell processes	0	2	2	0.0	606298.0	300	False	False	0	False	NonReactive-Unq
NC_000962.3	606550	608062	+	CDS	Rv0515	Rv0515	insertion seqs and phages	insertion seqs and phages	0	9	9	0.0	607306.0	1512	False	False	1	True	NonReactive-HHR
NC_000962.3	608058	608535	-	CDS	Rv0516c	Rv0516c	information pathways	information pathways	0	2	2	0.0	608296.5	477	False	False	1	True	NonReactive-HHR
NC_000962.3	608745	610056	+	CDS	Rv0517	Rv0517	intermediary metabolism and respiration	intermediary metabolism and respiration	0	7	7	0.0	609400.5	1311	False	False	0	False	NonReactive-Unq
NC_000962.3	610187	610883	+	CDS	Rv0518	Rv0518	cell wall and cell processes	cell wall and cell processes	0	3	3	0.0	610535.0	696	False	False	0	False	NonReactive-Unq
NC_000962.3	611171	612074	-	CDS	Rv0519c	Rv0519c	cell wall and cell processes	cell wall and cell processes	0	4	4	0.0	611622.5	903	False	False	0	False	NonReactive-Unq
NC_000962.3	613037	614342	+	CDS	Rv0522	gabP	cell wall and cell processes	cell wall and cell processes	0	6	6	0.0	613689.5	1305	False	False	0	False	NonReactive-Unq
NC_000962.3	614325	614721	-	CDS	Rv0523c	Rv0523c	conserved hypotheticals	conserved hypotheticals	0	2	2	0.0	614523.0	396	False	False	0	False	NonReactive-Unq
NC_000962.3	614834	616223	+	CDS	Rv0524	hemL	intermediary metabolism and respiration	intermediary metabolism and respiration	0	7	7	0.0	615528.5	1389	False	False	0	False	NonReactive-Unq
NC_000962.3	616222	616831	+	CDS	Rv0525	Rv0525	conserved hypotheticals	conserved hypotheticals	0	3	3	0.0	616526.5	609	False	False	0	False	NonReactive-Unq
NC_000962.3	616845	617496	+	CDS	Rv0526	Rv0526	intermediary metabolism and respiration	intermediary metabolism and respiration	0	3	3	0.0	617170.5	651	False	False	0	False	NonReactive-Unq
NC_000962.3	617492	618272	+	CDS	Rv0527	ccdA	intermediary metabolism and respiration	intermediary metabolism and respiration	0	4	4	0.0	617882.0	780	False	False	0	False	NonReactive-Unq
NC_000962.3	618304	619894	+	CDS	Rv0528	Rv0528	cell wall and cell processes	cell wall and cell processes	0	8	8	0.0	619099.0	1590	False	False	0	False	NonReactive-Unq
NC_000962.3	619890	620865	+	CDS	Rv0529	ccsA	intermediary metabolism and respiration	intermediary metabolism and respiration	0	5	5	0.0	620377.5	975	False	False	0	False	NonReactive-Unq
NC_000962.3	620906	622124	+	CDS	Rv0530	Rv0530	conserved hypotheticals	conserved hypotheticals	0	5	5	0.0	621515.0	1218	False	False	0	False	NonReactive-Unq
NC_000962.3	622328	622646	+	CDS	Rv0531	Rv0531	cell wall and cell processes	cell wall and cell processes	0	3	3	0.0	622487.0	318	False	False	0	False	NonReactive-Unq
NC_000962.3	622792	624577	+	CDS	Rv0532	PE_PGRS6	PE/PPE	PE/PPE	0	9	9	0.0	623684.5	1785	False	False	0	False	NonReactive-Unq
NC_000962.3	624472	625480	-	CDS	Rv0533c	fabH	lipid metabolism	lipid metabolism	0	5	5	0.0	624976.0	1008	False	False	0	False	NonReactive-Unq
NC_000962.3	625561	626440	-	CDS	Rv0534c	menA	intermediary metabolism and respiration	intermediary metabolism and respiration	0	3	3	0.0	626000.5	879	False	False	0	False	NonReactive-Unq
NC_000962.3	626456	627251	+	CDS	Rv0535	pnp	intermediary metabolism and respiration	intermediary metabolism and respiration	0	4	4	0.0	626853.5	795	False	False	0	False	NonReactive-Unq
NC_000962.3	627247	628288	+	CDS	Rv0536	galE3	intermediary metabolism and respiration	intermediary metabolism and respiration	0	5	5	0.0	627767.5	1041	False	False	0	False	NonReactive-Unq
NC_000962.3	628297	629731	-	CDS	Rv0537c	Rv0537c	cell wall and cell processes	cell wall and cell processes	0	7	7	0.0	629014.0	1434	False	False	0	False	NonReactive-Unq
NC_000962.3	630039	631686	+	CDS	Rv0538	Rv0538	cell wall and cell processes	cell wall and cell processes	0	8	8	0.0	630862.5	1647	False	False	0	False	NonReactive-Unq
NC_000962.3	631742	632375	+	CDS	Rv0539	Rv0539	intermediary metabolism and respiration	intermediary metabolism and respiration	0	2	2	0.0	632058.5	633	False	False	0	False	NonReactive-Unq
NC_000962.3	632371	633034	+	CDS	Rv0540	Rv0540	conserved hypotheticals	conserved hypotheticals	0	3	3	0.0	632702.5	663	False	False	0	False	NonReactive-Unq
NC_000962.3	633054	634404	-	CDS	Rv0541c	Rv0541c	cell wall and cell processes	cell wall and cell processes	0	6	6	0.0	633729.0	1350	False	False	0	False	NonReactive-Unq
NC_000962.3	634415	635504	-	CDS	Rv0542c	menE	intermediary metabolism and respiration	intermediary metabolism and respiration	0	5	5	0.0	634959.5	1089	False	False	0	False	NonReactive-Unq
NC_000962.3	635572	635875	-	CDS	Rv0543c	Rv0543c	conserved hypotheticals	conserved hypotheticals	0	2	2	0.0	635723.5	303	False	False	0	False	NonReactive-Unq
NC_000962.3	635934	636213	-	CDS	Rv0544c	Rv0544c	cell wall and cell processes	cell wall and cell processes	0	4	4	0.0	636073.5	279	False	False	0	False	NonReactive-Unq
NC_000962.3	636209	637463	-	CDS	Rv0545c	pitA	cell wall and cell processes	cell wall and cell processes	0	6	6	0.0	636836.0	1254	False	False	0	False	NonReactive-Unq
NC_000962.3	637582	637969	-	CDS	Rv0546c	Rv0546c	conserved hypotheticals	conserved hypotheticals	0	2	2	0.0	637775.5	387	False	False	0	False	NonReactive-Unq
NC_000962.3	638031	638916	-	CDS	Rv0547c	Rv0547c	intermediary metabolism and respiration	intermediary metabolism and respiration	0	4	4	0.0	638473.5	885	False	False	0	False	NonReactive-Unq
NC_000962.3	639011	639956	-	CDS	Rv0548c	menB	intermediary metabolism and respiration	intermediary metabolism and respiration	0	5	5	0.0	639483.5	945	False	False	0	False	NonReactive-Unq
NC_000962.3	640227	640641	-	CDS	Rv0549c	vapC3	virulence, detoxification, adaptation	virulence, detoxification, adaptation	0	2	2	0.0	640434.0	414	False	False	0	False	NonReactive-Unq
NC_000962.3	640637	640904	-	CDS	Rv0550c	vapB3	virulence, detoxification, adaptation	virulence, detoxification, adaptation	0	2	2	0.0	640770.5	267	False	False	0	False	NonReactive-Unq
NC_000962.3	641095	642811	-	CDS	Rv0551c	fadD8	lipid metabolism	lipid metabolism	0	9	9	0.0	641953.0	1716	False	False	1	True	NonReactive-HHR
NC_000962.3	642888	644493	+	CDS	Rv0552	Rv0552	conserved hypotheticals	conserved hypotheticals	0	8	8	0.0	643690.5	1605	False	False	0	False	NonReactive-Unq
NC_000962.3	644489	645470	+	CDS	Rv0553	menC	intermediary metabolism and respiration	intermediary metabolism and respiration	0	5	5	0.0	644979.5	981	False	False	0	False	NonReactive-Unq
NC_000962.3	645466	646255	+	CDS	Rv0554	bpoC	virulence, detoxification, adaptation	virulence, detoxification, adaptation	0	4	4	0.0	645860.5	789	False	False	0	False	NonReactive-Unq
NC_000962.3	646297	647962	+	CDS	Rv0555	menD	intermediary metabolism and respiration	intermediary metabolism and respiration	0	8	8	0.0	647129.5	1665	False	False	0	False	NonReactive-Unq
NC_000962.3	647958	648474	+	CDS	Rv0556	Rv0556	cell wall and cell processes	cell wall and cell processes	0	3	3	0.0	648216.0	516	False	False	0	False	NonReactive-Unq
NC_000962.3	648535	649672	+	CDS	Rv0557	mgtA	lipid metabolism	lipid metabolism	0	4	4	0.0	649103.5	1137	False	False	0	False	NonReactive-Unq
NC_000962.3	649688	650393	+	CDS	Rv0558	menH	intermediary metabolism and respiration	intermediary metabolism and respiration	0	3	3	0.0	650040.5	705	False	False	0	False	NonReactive-Unq
NC_000962.3	650406	650745	-	CDS	Rv0559c	Rv0559c	cell wall and cell processes	cell wall and cell processes	0	3	3	0.0	650575.5	339	False	False	0	False	NonReactive-Unq
NC_000962.3	650778	651504	-	CDS	Rv0560c	Rv0560c	intermediary metabolism and respiration	intermediary metabolism and respiration	0	4	4	0.0	651141.0	726	False	False	0	False	NonReactive-Unq
NC_000962.3	651528	652755	-	CDS	Rv0561c	Rv0561c	intermediary metabolism and respiration	intermediary metabolism and respiration	0	4	4	0.0	652141.5	1227	False	False	0	False	NonReactive-Unq
NC_000962.3	652770	653778	+	CDS	Rv0562	grcC1	intermediary metabolism and respiration	intermediary metabolism and respiration	0	5	5	0.0	653274.0	1008	False	False	0	False	NonReactive-Unq
NC_000962.3	653878	654739	+	CDS	Rv0563	htpX	virulence, detoxification, adaptation	virulence, detoxification, adaptation	0	4	4	0.0	654308.5	861	False	False	0	False	NonReactive-Unq
NC_000962.3	654923	655949	-	CDS	Rv0564c	gpdA1	lipid metabolism	lipid metabolism	0	4	4	0.0	655436.0	1026	False	False	0	False	NonReactive-Unq
NC_000962.3	656009	657470	-	CDS	Rv0565c	Rv0565c	intermediary metabolism and respiration	intermediary metabolism and respiration	0	7	7	0.0	656739.5	1461	False	False	0	False	NonReactive-Unq
NC_000962.3	657547	658039	-	CDS	Rv0566c	Rv0566c	conserved hypotheticals	conserved hypotheticals	0	2	2	0.0	657793.0	492	False	False	0	False	NonReactive-Unq
NC_000962.3	658320	659340	+	CDS	Rv0567	Rv0567	intermediary metabolism and respiration	intermediary metabolism and respiration	0	5	5	0.0	658830.0	1020	False	False	0	False	NonReactive-Unq
NC_000962.3	659449	660868	+	CDS	Rv0568	cyp135B1	intermediary metabolism and respiration	intermediary metabolism and respiration	0	7	7	0.0	660158.5	1419	False	False	0	False	NonReactive-Unq
NC_000962.3	661002	661269	+	CDS	Rv0569	Rv0569	conserved hypotheticals	conserved hypotheticals	0	2	2	0.0	661135.5	267	False	False	0	False	NonReactive-Unq
NC_000962.3	661294	663373	+	CDS	Rv0570	nrdZ	information pathways	information pathways	0	10	10	0.0	662333.5	2079	False	False	0	False	NonReactive-Unq
NC_000962.3	663486	664818	-	CDS	Rv0571c	Rv0571c	conserved hypotheticals	conserved hypotheticals	0	7	7	0.0	664152.0	1332	False	False	0	False	NonReactive-Unq
NC_000962.3	665041	665383	-	CDS	Rv0572c	Rv0572c	conserved hypotheticals	conserved hypotheticals	0	2	2	0.0	665212.0	342	False	False	0	False	NonReactive-Unq
NC_000962.3	665850	667242	-	CDS	Rv0573c	pncB2	intermediary metabolism and respiration	intermediary metabolism and respiration	1	6	7	0.14285714285714285	666546.0	1392	True	False	0	False	NonReactive-Unq
NC_000962.3	667251	668394	-	CDS	Rv0574c	Rv0574c	conserved hypotheticals	conserved hypotheticals	0	6	6	0.0	667822.5	1143	False	False	0	False	NonReactive-Unq
NC_000962.3	668578	669745	-	CDS	Rv0575c	Rv0575c	intermediary metabolism and respiration	intermediary metabolism and respiration	0	4	4	0.0	669161.5	1167	False	False	0	False	NonReactive-Unq
NC_000962.3	669847	671152	+	CDS	Rv0576	Rv0576	regulatory proteins	regulatory proteins	0	6	6	0.0	670499.5	1305	False	False	0	False	NonReactive-Unq
NC_000962.3	671165	671951	+	CDS	Rv0577	TB27.3	conserved hypotheticals	conserved hypotheticals	0	4	4	0.0	671558.0	786	False	False	0	False	NonReactive-Unq
NC_000962.3	671995	675916	-	CDS	Rv0578c	PE_PGRS7	PE/PPE	PE/PPE	0	10	10	0.0	673955.5	3921	False	False	0	False	NonReactive-Unq
NC_000962.3	676237	676996	+	CDS	Rv0579	Rv0579	conserved hypotheticals	conserved hypotheticals	0	4	4	0.0	676616.5	759	False	False	0	False	NonReactive-Unq
NC_000962.3	677124	677616	-	CDS	Rv0580c	Rv0580c	conserved hypotheticals	conserved hypotheticals	0	2	2	0.0	677370.0	492	False	False	0	False	NonReactive-Unq
NC_000962.3	677709	677925	+	CDS	Rv0581	vapB26	virulence, detoxification, adaptation	virulence, detoxification, adaptation	0	2	2	0.0	677817.0	216	False	False	0	False	NonReactive-Unq
NC_000962.3	677921	678329	+	CDS	Rv0582	vapC26	virulence, detoxification, adaptation	virulence, detoxification, adaptation	0	2	2	0.0	678125.0	408	False	False	0	False	NonReactive-Unq
NC_000962.3	678388	679075	-	CDS	Rv0583c	lpqN	cell wall and cell processes	cell wall and cell processes	0	3	3	0.0	678731.5	687	False	False	0	False	NonReactive-Unq
NC_000962.3	679228	681862	+	CDS	Rv0584	Rv0584	cell wall and cell processes	cell wall and cell processes	0	10	10	0.0	680545.0	2634	False	False	0	False	NonReactive-Unq
NC_000962.3	681884	684272	-	CDS	Rv0585c	Rv0585c	cell wall and cell processes	cell wall and cell processes	1	8	9	0.1111111111111111	683078.0	2388	True	False	0	False	NonReactive-Unq
NC_000962.3	684409	685132	+	CDS	Rv0586	mce2R	regulatory proteins	regulatory proteins	0	4	4	0.0	684770.5	723	False	False	0	False	NonReactive-Unq
NC_000962.3	685128	685926	+	CDS	Rv0587	yrbE2A	virulence, detoxification, adaptation	virulence, detoxification, adaptation	0	4	4	0.0	685527.0	798	False	False	1	True	NonReactive-HHR
NC_000962.3	685927	686815	+	CDS	Rv0588	yrbE2B	virulence, detoxification, adaptation	virulence, detoxification, adaptation	0	4	4	0.0	686371.0	888	False	False	1	True	NonReactive-HHR
NC_000962.3	686820	688035	+	CDS	Rv0589	mce2A	virulence, detoxification, adaptation	virulence, detoxification, adaptation	0	6	6	0.0	687427.5	1215	False	False	1	True	NonReactive-HHR
NC_000962.3	689058	690504	+	CDS	Rv0591	mce2C	virulence, detoxification, adaptation	virulence, detoxification, adaptation	0	6	6	0.0	689781.0	1446	False	False	1	True	NonReactive-HHR
NC_000962.3	690500	692027	+	CDS	Rv0592	mce2D	virulence, detoxification, adaptation	virulence, detoxification, adaptation	0	8	8	0.0	691263.5	1527	False	False	1	True	NonReactive-HHR
NC_000962.3	692023	693232	+	CDS	Rv0593	lprL	cell wall and cell processes	cell wall and cell processes	0	6	6	0.0	692627.5	1209	False	False	1	True	NonReactive-HHR
NC_000962.3	693236	694787	+	CDS	Rv0594	mce2F	virulence, detoxification, adaptation	virulence, detoxification, adaptation	0	7	7	0.0	694011.5	1551	False	False	0	False	NonReactive-Unq
NC_000962.3	694838	695231	-	CDS	Rv0595c	vapC4	virulence, detoxification, adaptation	virulence, detoxification, adaptation	0	2	2	0.0	695034.5	393	False	False	0	False	NonReactive-Unq
NC_000962.3	695227	695485	-	CDS	Rv0596c	vapB4	virulence, detoxification, adaptation	virulence, detoxification, adaptation	0	2	2	0.0	695356.0	258	False	False	0	False	NonReactive-Unq
NC_000962.3	695667	696903	-	CDS	Rv0597c	Rv0597c	conserved hypotheticals	conserved hypotheticals	0	6	6	0.0	696285.0	1236	False	False	0	False	NonReactive-Unq
NC_000962.3	697153	697567	-	CDS	Rv0598c	vapC27	virulence, detoxification, adaptation	virulence, detoxification, adaptation	0	2	2	0.0	697360.0	414	False	False	0	False	NonReactive-Unq
NC_000962.3	697563	697800	-	CDS	Rv0599c	vapB27	virulence, detoxification, adaptation	virulence, detoxification, adaptation	0	1	1	0.0	697681.5	237	False	False	0	False	NonReactive-Unq
NC_000962.3	697903	698410	-	CDS	Rv0600c	Rv0600c	regulatory proteins	regulatory proteins	0	2	2	0.0	698156.5	507	False	False	0	False	NonReactive-Unq
NC_000962.3	698523	698994	-	CDS	Rv0601c	Rv0601c	regulatory proteins	regulatory proteins	0	2	2	0.0	698758.5	471	False	False	0	False	NonReactive-Unq
NC_000962.3	699037	699799	-	CDS	Rv0602c	tcrA	regulatory proteins	regulatory proteins	0	4	4	0.0	699418.0	762	False	False	0	False	NonReactive-Unq
NC_000962.3	699855	700167	+	CDS	Rv0603	Rv0603	cell wall and cell processes	cell wall and cell processes	0	4	4	0.0	700011.0	312	False	False	0	False	NonReactive-Unq
NC_000962.3	700238	701189	+	CDS	Rv0604	lpqO	cell wall and cell processes	cell wall and cell processes	0	5	5	0.0	700713.5	951	False	False	0	False	NonReactive-Unq
NC_000962.3	701405	702014	+	CDS	Rv0605	Rv0605	insertion seqs and phages	insertion seqs and phages	0	3	3	0.0	701709.5	609	False	False	1	True	NonReactive-HHR
NC_000962.3	702812	703199	+	CDS	Rv0607	Rv0607	conserved hypotheticals	conserved hypotheticals	0	2	2	0.0	703005.5	387	False	False	0	False	NonReactive-Unq
NC_000962.3	703243	703489	+	CDS	Rv0608	vapB28	virulence, detoxification, adaptation	virulence, detoxification, adaptation	0	2	2	0.0	703366.0	246	False	False	0	False	NonReactive-Unq
NC_000962.3	703485	703887	+	CDS	Rv0609	vapC28	virulence, detoxification, adaptation	virulence, detoxification, adaptation	0	2	2	0.0	703686.0	402	False	False	0	False	NonReactive-Unq
NC_000962.3	703829	704057	+	CDS	Rv0609A	Rv0609A	conserved hypotheticals	conserved hypotheticals	0	2	2	0.0	703943.0	228	False	False	0	False	NonReactive-Unq
NC_000962.3	704751	705909	-	CDS	Rv0610c	Rv0610c	conserved hypotheticals	conserved hypotheticals	0	6	6	0.0	705330.0	1158	False	False	0	False	NonReactive-Unq
NC_000962.3	705960	706344	-	CDS	Rv0611c	Rv0611c	conserved hypotheticals	conserved hypotheticals	0	1	1	0.0	706152.0	384	False	False	0	False	NonReactive-Unq
NC_000962.3	706323	706929	+	CDS	Rv0612	Rv0612	conserved hypotheticals	conserved hypotheticals	0	4	4	0.0	706626.0	606	False	False	0	False	NonReactive-Unq
NC_000962.3	706947	709515	-	CDS	Rv0613c	Rv0613c	conserved hypotheticals	conserved hypotheticals	0	10	10	0.0	708231.0	2568	False	False	0	False	NonReactive-Unq
NC_000962.3	709355	710348	+	CDS	Rv0614	Rv0614	conserved hypotheticals	conserved hypotheticals	0	5	5	0.0	709851.5	993	False	False	0	False	NonReactive-Unq
NC_000962.3	710344	710587	+	CDS	Rv0615	Rv0615	cell wall and cell processes	cell wall and cell processes	0	2	2	0.0	710465.5	243	False	False	0	False	NonReactive-Unq
NC_000962.3	711005	711407	+	CDS	Rv0617	vapC29	virulence, detoxification, adaptation	virulence, detoxification, adaptation	0	2	2	0.0	711206.0	402	False	False	0	False	NonReactive-Unq
NC_000962.3	712715	713807	+	CDS	Rv0620	galK	intermediary metabolism and respiration	intermediary metabolism and respiration	0	5	5	0.0	713261.0	1092	False	False	0	False	NonReactive-Unq
NC_000962.3	714201	715266	+	CDS	Rv0621	Rv0621	cell wall and cell processes	cell wall and cell processes	0	4	4	0.0	714733.5	1065	False	False	0	False	NonReactive-Unq
NC_000962.3	715369	716317	+	CDS	Rv0622	Rv0622	cell wall and cell processes	cell wall and cell processes	0	5	5	0.0	715843.0	948	False	False	0	False	NonReactive-Unq
NC_000962.3	716409	716664	+	CDS	Rv0623	vapB30	virulence, detoxification, adaptation	virulence, detoxification, adaptation	0	2	2	0.0	716536.5	255	False	False	0	False	NonReactive-Unq
NC_000962.3	716663	717059	+	CDS	Rv0624	vapC30	virulence, detoxification, adaptation	virulence, detoxification, adaptation	0	2	2	0.0	716861.0	396	False	False	0	False	NonReactive-Unq
NC_000962.3	717152	717893	-	CDS	Rv0625c	Rv0625c	cell wall and cell processes	cell wall and cell processes	0	4	4	0.0	717522.5	741	False	False	0	False	NonReactive-Unq
NC_000962.3	718024	718285	+	CDS	Rv0626	vapB5	virulence, detoxification, adaptation	virulence, detoxification, adaptation	0	2	2	0.0	718154.5	261	False	False	0	False	NonReactive-Unq
NC_000962.3	718281	718689	+	CDS	Rv0627	vapC5	virulence, detoxification, adaptation	virulence, detoxification, adaptation	0	2	2	0.0	718485.0	408	False	False	0	False	NonReactive-Unq
NC_000962.3	718760	719912	-	CDS	Rv0628c	Rv0628c	conserved hypotheticals	conserved hypotheticals	0	6	6	0.0	719336.0	1152	False	False	1	True	NonReactive-HHR
NC_000962.3	720004	721732	-	CDS	Rv0629c	recD	information pathways	information pathways	0	8	8	0.0	720868.0	1728	False	False	0	False	NonReactive-Unq
NC_000962.3	721728	725013	-	CDS	Rv0630c	recB	information pathways	information pathways	0	10	10	0.0	723370.5	3285	False	False	0	False	NonReactive-Unq
NC_000962.3	725012	728306	-	CDS	Rv0631c	recC	information pathways	information pathways	0	7	7	0.0	726659.0	3294	False	False	0	False	NonReactive-Unq
NC_000962.3	728582	729278	-	CDS	Rv0632c	echA3	lipid metabolism	lipid metabolism	0	3	3	0.0	728930.0	696	False	False	0	False	NonReactive-Unq
NC_000962.3	729326	730166	-	CDS	Rv0633c	Rv0633c	cell wall and cell processes	cell wall and cell processes	0	3	3	0.0	729746.0	840	False	False	0	False	NonReactive-Unq
NC_000962.3	730319	731033	-	CDS	Rv0634c	Rv0634c	virulence, detoxification, adaptation	virulence, detoxification, adaptation	0	4	4	0.0	730676.0	714	False	False	0	False	NonReactive-Unq
NC_000962.3	731112	731364	+	CDS	Rv0634A	Rv0634A	conserved hypotheticals	conserved hypotheticals	0	2	2	0.0	731238.0	252	False	False	0	False	NonReactive-Unq
NC_000962.3	731711	731879	+	CDS	Rv0634B	rpmG2	information pathways	information pathways	0	2	2	0.0	731795.0	168	False	False	0	False	NonReactive-Unq
NC_000962.3	731929	732406	+	CDS	Rv0635	hadA	intermediary metabolism and respiration	intermediary metabolism and respiration	0	2	2	0.0	732167.5	477	False	False	0	False	NonReactive-Unq
NC_000962.3	732392	732821	+	CDS	Rv0636	hadB	intermediary metabolism and respiration	intermediary metabolism and respiration	0	1	1	0.0	732606.5	429	False	False	0	False	NonReactive-Unq
NC_000962.3	732824	733325	+	CDS	Rv0637	hadC	intermediary metabolism and respiration	intermediary metabolism and respiration	0	2	2	0.0	733074.5	501	False	False	0	False	NonReactive-Unq
NC_000962.3	733736	734222	+	CDS	Rv0638	secE1	cell wall and cell processes	cell wall and cell processes	0	2	2	0.0	733979.0	486	False	False	0	False	NonReactive-Unq
NC_000962.3	734253	734970	+	CDS	Rv0639	nusG	information pathways	information pathways	0	4	4	0.0	734611.5	717	False	False	0	False	NonReactive-Unq
NC_000962.3	735021	735450	+	CDS	Rv0640	rplK	information pathways	information pathways	0	3	3	0.0	735235.5	429	False	False	0	False	NonReactive-Unq
NC_000962.3	735516	736224	+	CDS	Rv0641	rplA	information pathways	information pathways	0	4	4	0.0	735870.0	708	False	False	0	False	NonReactive-Unq
NC_000962.3	736297	737203	-	CDS	Rv0642c	mmaA4	lipid metabolism	lipid metabolism	0	4	4	0.0	736750.0	906	False	False	0	False	NonReactive-Unq
NC_000962.3	737267	738149	-	CDS	Rv0643c	mmaA3	lipid metabolism	lipid metabolism	0	4	4	0.0	737708.0	882	False	False	0	False	NonReactive-Unq
NC_000962.3	738296	739160	-	CDS	Rv0644c	mmaA2	lipid metabolism	lipid metabolism	0	5	5	0.0	738728.0	864	False	False	0	False	NonReactive-Unq
NC_000962.3	739326	740187	-	CDS	Rv0645c	mmaA1	lipid metabolism	lipid metabolism	0	4	4	0.0	739756.5	861	False	False	0	False	NonReactive-Unq
NC_000962.3	740233	741139	-	CDS	Rv0646c	lipG	intermediary metabolism and respiration	intermediary metabolism and respiration	0	4	4	0.0	740686.0	906	False	False	0	False	NonReactive-Unq
NC_000962.3	741150	742617	-	CDS	Rv0647c	Rv0647c	conserved hypotheticals	conserved hypotheticals	0	7	7	0.0	741883.5	1467	False	False	0	False	NonReactive-Unq
NC_000962.3	742718	746366	+	CDS	Rv0648	Rv0648	intermediary metabolism and respiration	intermediary metabolism and respiration	0	7	7	0.0	744542.0	3648	False	False	0	False	NonReactive-Unq
NC_000962.3	746362	747037	+	CDS	Rv0649	fabD2	lipid metabolism	lipid metabolism	0	3	3	0.0	746699.5	675	False	False	0	False	NonReactive-Unq
NC_000962.3	747036	747945	+	CDS	Rv0650	Rv0650	intermediary metabolism and respiration	intermediary metabolism and respiration	0	3	3	0.0	747490.5	909	False	False	0	False	NonReactive-Unq
NC_000962.3	748275	748812	+	CDS	Rv0651	rplJ	information pathways	information pathways	0	3	3	0.0	748543.5	537	False	False	0	False	NonReactive-Unq
NC_000962.3	748848	749241	+	CDS	Rv0652	rplL	information pathways	information pathways	0	2	2	0.0	749044.5	393	False	False	0	False	NonReactive-Unq
NC_000962.3	749233	749929	-	CDS	Rv0653c	Rv0653c	regulatory proteins	regulatory proteins	0	2	2	0.0	749581.0	696	False	False	0	False	NonReactive-Unq
NC_000962.3	749999	751505	+	CDS	Rv0654	Rv0654	intermediary metabolism and respiration	intermediary metabolism and respiration	0	7	7	0.0	750752.0	1506	False	False	0	False	NonReactive-Unq
NC_000962.3	751516	752596	+	CDS	Rv0655	mkl	cell wall and cell processes	cell wall and cell processes	0	5	5	0.0	752056.0	1080	False	False	0	False	NonReactive-Unq
NC_000962.3	752983	753367	-	CDS	Rv0656c	vapC6	virulence, detoxification, adaptation	virulence, detoxification, adaptation	0	2	2	0.0	753175.0	384	False	False	0	False	NonReactive-Unq
NC_000962.3	753461	753617	-	CDS	Rv0657c	vapB6	virulence, detoxification, adaptation	virulence, detoxification, adaptation	0	2	2	0.0	753539.0	156	False	False	0	False	NonReactive-Unq
NC_000962.3	753692	754409	-	CDS	Rv0658c	Rv0658c	cell wall and cell processes	cell wall and cell processes	0	4	4	0.0	754050.5	717	False	False	0	False	NonReactive-Unq
NC_000962.3	754684	754993	-	CDS	Rv0659c	mazF2	virulence, detoxification, adaptation	virulence, detoxification, adaptation	0	2	2	0.0	754838.5	309	False	False	0	False	NonReactive-Unq
NC_000962.3	754979	755225	-	CDS	Rv0660c	mazE2	virulence, detoxification, adaptation	virulence, detoxification, adaptation	0	2	2	0.0	755102.0	246	False	False	0	False	NonReactive-Unq
NC_000962.3	755334	755772	-	CDS	Rv0661c	vapC7	virulence, detoxification, adaptation	virulence, detoxification, adaptation	0	2	2	0.0	755553.0	438	False	False	0	False	NonReactive-Unq
NC_000962.3	755768	756023	-	CDS	Rv0662c	vapB7	virulence, detoxification, adaptation	virulence, detoxification, adaptation	0	1	1	0.0	755895.5	255	False	False	0	False	NonReactive-Unq
NC_000962.3	756136	758500	+	CDS	Rv0663	atsD	intermediary metabolism and respiration	intermediary metabolism and respiration	0	10	10	0.0	757318.0	2364	False	False	0	False	NonReactive-Unq
NC_000962.3	758531	758804	+	CDS	Rv0664	vapB8	virulence, detoxification, adaptation	virulence, detoxification, adaptation	0	2	2	0.0	758667.5	273	False	False	0	False	NonReactive-Unq
NC_000962.3	758800	759139	+	CDS	Rv0665	vapC8	virulence, detoxification, adaptation	virulence, detoxification, adaptation	0	2	2	0.0	758969.5	339	False	False	0	False	NonReactive-Unq
NC_000962.3	759135	759309	+	CDS	Rv0666	Rv0666	cell wall and cell processes	cell wall and cell processes	0	2	2	0.0	759222.0	174	False	False	0	False	NonReactive-Unq
NC_000962.3	759806	763325	+	CDS	Rv0667	rpoB	information pathways	information pathways	0	12	12	0.0	761565.5	3519	False	False	0	False	NonReactive-Unq
NC_000962.3	763369	767320	+	CDS	Rv0668	rpoC	information pathways	information pathways	0	9	9	0.0	765344.5	3951	False	False	0	False	NonReactive-Unq
NC_000962.3	767683	769597	-	CDS	Rv0669c	Rv0669c	intermediary metabolism and respiration	intermediary metabolism and respiration	0	10	10	0.0	768640.0	1914	False	False	0	False	NonReactive-Unq
NC_000962.3	769791	770550	+	CDS	Rv0670	end	information pathways	information pathways	0	4	4	0.0	770170.5	759	False	False	0	False	NonReactive-Unq
NC_000962.3	770581	771424	+	CDS	Rv0671	lpqP	cell wall and cell processes	cell wall and cell processes	0	4	4	0.0	771002.5	843	False	False	0	False	NonReactive-Unq
NC_000962.3	771483	773112	+	CDS	Rv0672	fadE8	lipid metabolism	lipid metabolism	0	8	8	0.0	772297.5	1629	False	False	0	False	NonReactive-Unq
NC_000962.3	773122	774061	+	CDS	Rv0673	echA4	lipid metabolism	lipid metabolism	0	4	4	0.0	773591.5	939	False	False	0	False	NonReactive-Unq
NC_000962.3	774063	774786	+	CDS	Rv0674	Rv0674	conserved hypotheticals	conserved hypotheticals	0	4	4	0.0	774424.5	723	False	False	0	False	NonReactive-Unq
NC_000962.3	774782	775574	+	CDS	Rv0675	echA5	lipid metabolism	lipid metabolism	0	4	4	0.0	775178.0	792	False	False	0	False	NonReactive-Unq
NC_000962.3	775585	778480	-	CDS	Rv0676c	mmpL5	cell wall and cell processes	cell wall and cell processes	0	10	10	0.0	777032.5	2895	False	False	0	False	NonReactive-Unq
NC_000962.3	778476	778905	-	CDS	Rv0677c	mmpS5	cell wall and cell processes	cell wall and cell processes	0	3	3	0.0	778690.5	429	False	False	0	False	NonReactive-Unq
NC_000962.3	778989	779487	+	CDS	Rv0678	Rv0678	conserved hypotheticals	conserved hypotheticals	0	2	2	0.0	779238.0	498	False	False	0	False	NonReactive-Unq
NC_000962.3	779542	780040	-	CDS	Rv0679c	Rv0679c	conserved hypotheticals	conserved hypotheticals	0	3	3	0.0	779791.0	498	False	False	0	False	NonReactive-Unq
NC_000962.3	780041	780416	-	CDS	Rv0680c	Rv0680c	cell wall and cell processes	cell wall and cell processes	0	2	2	0.0	780228.5	375	False	False	0	False	NonReactive-Unq
NC_000962.3	780720	781311	+	CDS	Rv0681	Rv0681	regulatory proteins	regulatory proteins	0	3	3	0.0	781015.5	591	False	False	0	False	NonReactive-Unq
NC_000962.3	781559	781934	+	CDS	Rv0682	rpsL	information pathways	information pathways	0	2	2	0.0	781746.5	375	False	False	0	False	NonReactive-Unq
NC_000962.3	781933	782404	+	CDS	Rv0683	rpsG	information pathways	information pathways	0	2	2	0.0	782168.5	471	False	False	0	False	NonReactive-Unq
NC_000962.3	782484	784590	+	CDS	Rv0684	fusA1	information pathways	information pathways	0	10	10	0.0	783537.0	2106	False	False	0	False	NonReactive-Unq
NC_000962.3	784820	786011	+	CDS	Rv0685	tuf	information pathways	information pathways	0	5	5	0.0	785415.5	1191	False	False	0	False	NonReactive-Unq
NC_000962.3	786148	786946	+	CDS	Rv0686	Rv0686	cell wall and cell processes	cell wall and cell processes	0	4	4	0.0	786547.0	798	False	False	0	False	NonReactive-Unq
NC_000962.3	787098	787926	+	CDS	Rv0687	Rv0687	intermediary metabolism and respiration	intermediary metabolism and respiration	0	4	4	0.0	787512.0	828	False	False	0	False	NonReactive-Unq
NC_000962.3	787939	789160	+	CDS	Rv0688	Rv0688	intermediary metabolism and respiration	intermediary metabolism and respiration	0	6	6	0.0	788549.5	1221	False	False	0	False	NonReactive-Unq
NC_000962.3	789156	789411	-	CDS	Rv0689c	Rv0689c	conserved hypotheticals	conserved hypotheticals	0	2	2	0.0	789283.5	255	False	False	0	False	NonReactive-Unq
NC_000962.3	790023	791073	-	CDS	Rv0690c	Rv0690c	conserved hypotheticals	conserved hypotheticals	0	5	5	0.0	790548.0	1050	False	False	0	False	NonReactive-Unq
NC_000962.3	791069	791666	-	CDS	Rv0691c	Rv0691c	regulatory proteins	regulatory proteins	0	3	3	0.0	791367.5	597	False	False	0	False	NonReactive-Unq
NC_000962.3	791830	792160	+	CDS	Rv0692	Rv0692	conserved hypotheticals	conserved hypotheticals	0	2	2	0.0	791995.0	330	False	False	0	False	NonReactive-Unq
NC_000962.3	792156	793332	+	CDS	Rv0693	pqqE	intermediary metabolism and respiration	intermediary metabolism and respiration	0	6	6	0.0	792744.0	1176	False	False	0	False	NonReactive-Unq
NC_000962.3	793334	794525	+	CDS	Rv0694	lldD1	intermediary metabolism and respiration	intermediary metabolism and respiration	1	4	5	0.2	793929.5	1191	True	False	0	False	NonReactive-Unq
NC_000962.3	794714	795470	+	CDS	Rv0695	Rv0695	conserved hypotheticals	conserved hypotheticals	0	4	4	0.0	795092.0	756	False	False	0	False	NonReactive-Unq
NC_000962.3	795518	796931	+	CDS	Rv0696	Rv0696	intermediary metabolism and respiration	intermediary metabolism and respiration	0	7	7	0.0	796224.5	1413	False	False	0	False	NonReactive-Unq
NC_000962.3	796932	798372	+	CDS	Rv0697	Rv0697	intermediary metabolism and respiration	intermediary metabolism and respiration	0	7	7	0.0	797652.0	1440	False	False	0	False	NonReactive-Unq
NC_000962.3	798832	799444	+	CDS	Rv0698	Rv0698	conserved hypotheticals	conserved hypotheticals	0	3	3	0.0	799138.0	612	False	False	0	False	NonReactive-Unq
NC_000962.3	799628	799850	+	CDS	Rv0699	Rv0699	conserved hypotheticals	conserved hypotheticals	0	2	2	0.0	799739.0	222	False	False	0	False	NonReactive-Unq
NC_000962.3	800486	800792	+	CDS	Rv0700	rpsJ	information pathways	information pathways	0	2	2	0.0	800639.0	306	False	False	0	False	NonReactive-Unq
NC_000962.3	800808	801462	+	CDS	Rv0701	rplC	information pathways	information pathways	0	3	3	0.0	801135.0	654	False	False	0	False	NonReactive-Unq
NC_000962.3	801461	802133	+	CDS	Rv0702	rplD	information pathways	information pathways	0	3	3	0.0	801797.0	672	False	False	0	False	NonReactive-Unq
NC_000962.3	802132	802435	+	CDS	Rv0703	rplW	information pathways	information pathways	0	2	2	0.0	802283.5	303	False	False	0	False	NonReactive-Unq
NC_000962.3	802527	803370	+	CDS	Rv0704	rplB	information pathways	information pathways	0	4	4	0.0	802948.5	843	False	False	0	False	NonReactive-Unq
NC_000962.3	803410	803692	+	CDS	Rv0705	rpsS	information pathways	information pathways	0	2	2	0.0	803551.0	282	False	False	0	False	NonReactive-Unq
NC_000962.3	803688	804282	+	CDS	Rv0706	rplV	information pathways	information pathways	0	3	3	0.0	803985.0	594	False	False	0	False	NonReactive-Unq
NC_000962.3	804281	805106	+	CDS	Rv0707	rpsC	information pathways	information pathways	0	4	4	0.0	804693.5	825	False	False	0	False	NonReactive-Unq
NC_000962.3	805109	805526	+	CDS	Rv0708	rplP	information pathways	information pathways	0	2	2	0.0	805317.5	417	False	False	0	False	NonReactive-Unq
NC_000962.3	805525	805759	+	CDS	Rv0709	rpmC	information pathways	information pathways	0	2	2	0.0	805642.0	234	False	False	0	False	NonReactive-Unq
NC_000962.3	805755	806166	+	CDS	Rv0710	rpsQ	information pathways	information pathways	0	2	2	0.0	805960.5	411	False	False	0	False	NonReactive-Unq
NC_000962.3	806334	808698	+	CDS	Rv0711	atsA	intermediary metabolism and respiration	intermediary metabolism and respiration	0	10	10	0.0	807516.0	2364	False	False	0	False	NonReactive-Unq
NC_000962.3	808745	809645	+	CDS	Rv0712	Rv0712	conserved hypotheticals	conserved hypotheticals	0	3	3	0.0	809195.0	900	False	False	0	False	NonReactive-Unq
NC_000962.3	809945	810887	+	CDS	Rv0713	Rv0713	cell wall and cell processes	cell wall and cell processes	0	5	5	0.0	810416.0	942	False	False	0	False	NonReactive-Unq
NC_000962.3	811372	811741	+	CDS	Rv0714	rplN	information pathways	information pathways	0	2	2	0.0	811556.5	369	False	False	0	False	NonReactive-Unq
NC_000962.3	811741	812059	+	CDS	Rv0715	rplX	information pathways	information pathways	0	2	2	0.0	811900.0	318	False	False	0	False	NonReactive-Unq
NC_000962.3	812058	812622	+	CDS	Rv0716	rplE	information pathways	information pathways	0	3	3	0.0	812340.0	564	False	False	0	False	NonReactive-Unq
NC_000962.3	812626	812812	+	CDS	Rv0717	rpsN1	information pathways	information pathways	0	2	2	0.0	812719.0	186	False	False	0	False	NonReactive-Unq
NC_000962.3	812975	813374	+	CDS	Rv0718	rpsH	information pathways	information pathways	0	2	2	0.0	813174.5	399	False	False	0	False	NonReactive-Unq
NC_000962.3	813397	813937	+	CDS	Rv0719	rplF	information pathways	information pathways	0	3	3	0.0	813667.0	540	False	False	0	False	NonReactive-Unq
NC_000962.3	813939	814308	+	CDS	Rv0720	rplR	information pathways	information pathways	0	3	3	0.0	814123.5	369	False	False	0	False	NonReactive-Unq
NC_000962.3	814327	814990	+	CDS	Rv0721	rpsE	information pathways	information pathways	0	3	3	0.0	814658.5	663	False	False	0	False	NonReactive-Unq
NC_000962.3	814992	815190	+	CDS	Rv0722	rpmD	information pathways	information pathways	0	2	2	0.0	815091.0	198	False	False	0	False	NonReactive-Unq
NC_000962.3	815189	815630	+	CDS	Rv0723	rplO	information pathways	information pathways	0	2	2	0.0	815409.5	441	False	False	0	False	NonReactive-Unq
NC_000962.3	815662	817534	+	CDS	Rv0724	sppA	cell wall and cell processes	cell wall and cell processes	0	9	9	0.0	816598.0	1872	False	False	0	False	NonReactive-Unq
NC_000962.3	817538	818444	-	CDS	Rv0725c	Rv0725c	conserved hypotheticals	conserved hypotheticals	0	5	5	0.0	817991.0	906	False	False	0	False	NonReactive-Unq
NC_000962.3	818536	819640	-	CDS	Rv0726c	Rv0726c	lipid metabolism	lipid metabolism	0	5	5	0.0	819088.0	1104	False	False	0	False	NonReactive-Unq
NC_000962.3	819842	820499	-	CDS	Rv0727c	fucA	intermediary metabolism and respiration	intermediary metabolism and respiration	0	3	3	0.0	820170.5	657	False	False	0	False	NonReactive-Unq
NC_000962.3	820495	821476	-	CDS	Rv0728c	serA2	intermediary metabolism and respiration	intermediary metabolism and respiration	0	5	5	0.0	820985.5	981	False	False	0	False	NonReactive-Unq
NC_000962.3	821506	822853	+	CDS	Rv0729	xylB	intermediary metabolism and respiration	intermediary metabolism and respiration	0	7	7	0.0	822179.5	1347	False	False	0	False	NonReactive-Unq
NC_000962.3	822865	823594	+	CDS	Rv0730	Rv0730	intermediary metabolism and respiration	intermediary metabolism and respiration	0	4	4	0.0	823229.5	729	False	False	0	False	NonReactive-Unq
NC_000962.3	823682	824639	-	CDS	Rv0731c	Rv0731c	lipid metabolism	lipid metabolism	1	4	5	0.2	824160.5	957	True	False	0	False	NonReactive-Unq
NC_000962.3	824799	826125	+	CDS	Rv0732	secY	cell wall and cell processes	cell wall and cell processes	0	7	7	0.0	825462.0	1326	False	False	0	False	NonReactive-Unq
NC_000962.3	826121	826667	+	CDS	Rv0733	adk	intermediary metabolism and respiration	intermediary metabolism and respiration	0	3	3	0.0	826394.0	546	False	False	0	False	NonReactive-Unq
NC_000962.3	826669	827470	+	CDS	Rv0734	mapA	intermediary metabolism and respiration	intermediary metabolism and respiration	0	4	4	0.0	827069.5	801	False	False	0	False	NonReactive-Unq
NC_000962.3	827542	828076	+	CDS	Rv0735	sigL	information pathways	information pathways	0	3	3	0.0	827809.0	534	False	False	0	False	NonReactive-Unq
NC_000962.3	828139	828892	+	CDS	Rv0736	rslA	information pathways	information pathways	0	4	4	0.0	828515.5	753	False	False	0	False	NonReactive-Unq
NC_000962.3	829206	829704	+	CDS	Rv0737	Rv0737	regulatory proteins	regulatory proteins	0	2	2	0.0	829455.0	498	False	False	0	False	NonReactive-Unq
NC_000962.3	830061	830610	+	CDS	Rv0738	Rv0738	conserved hypotheticals	conserved hypotheticals	0	3	3	0.0	830335.5	549	False	False	0	False	NonReactive-Unq
NC_000962.3	830854	831661	+	CDS	Rv0739	Rv0739	conserved hypotheticals	conserved hypotheticals	0	4	4	0.0	831257.5	807	False	False	0	False	NonReactive-Unq
NC_000962.3	831775	832303	+	CDS	Rv0740	Rv0740	conserved hypotheticals	conserved hypotheticals	0	2	2	0.0	832039.0	528	False	False	1	True	NonReactive-HHR
NC_000962.3	832980	833508	+	CDS	Rv0742	PE_PGRS8	PE/PPE	PE/PPE	0	3	3	0.0	833244.0	528	False	False	0	False	NonReactive-Unq
NC_000962.3	833885	834443	-	CDS	Rv0743c	Rv0743c	conserved hypotheticals	conserved hypotheticals	0	2	2	0.0	834164.0	558	False	False	0	False	NonReactive-Unq
NC_000962.3	834439	834946	-	CDS	Rv0744c	Rv0744c	regulatory proteins	regulatory proteins	0	3	3	0.0	834692.5	507	False	False	0	False	NonReactive-Unq
NC_000962.3	835153	835681	+	CDS	Rv0745	Rv0745	conserved hypotheticals	conserved hypotheticals	0	3	3	0.0	835417.0	528	False	False	0	False	NonReactive-Unq
NC_000962.3	835700	838052	+	CDS	Rv0746	PE_PGRS9	PE/PPE	PE/PPE	0	10	10	0.0	836876.0	2352	False	False	1	True	NonReactive-HHR
NC_000962.3	838450	840856	+	CDS	Rv0747	PE_PGRS10	PE/PPE	PE/PPE	0	10	10	0.0	839653.0	2406	False	False	1	True	NonReactive-HHR
NC_000962.3	840946	841204	+	CDS	Rv0748	vapB31	virulence, detoxification, adaptation	virulence, detoxification, adaptation	0	1	1	0.0	841075.0	258	False	False	1	True	NonReactive-HHR
NC_000962.3	841227	841656	+	CDS	Rv0749	vapC31	virulence, detoxification, adaptation	virulence, detoxification, adaptation	0	2	2	0.0	841441.5	429	False	False	1	True	NonReactive-HHR
NC_000962.3	841736	841874	-	CDS	Rv0749A	Rv0749A	conserved hypotheticals	conserved hypotheticals	0	2	2	0.0	841805.0	138	False	False	0	False	NonReactive-Unq
NC_000962.3	842032	842278	+	CDS	Rv0750	Rv0750	conserved hypotheticals	conserved hypotheticals	0	1	1	0.0	842155.0	246	False	False	1	True	NonReactive-HHR
NC_000962.3	842346	843231	-	CDS	Rv0751c	mmsB	intermediary metabolism and respiration	intermediary metabolism and respiration	0	4	4	0.0	842788.5	885	False	False	0	False	NonReactive-Unq
NC_000962.3	843241	844414	-	CDS	Rv0752c	fadE9	lipid metabolism	lipid metabolism	0	6	6	0.0	843827.5	1173	False	False	0	False	NonReactive-Unq
NC_000962.3	844420	845953	-	CDS	Rv0753c	mmsA	intermediary metabolism and respiration	intermediary metabolism and respiration	0	8	8	0.0	845186.5	1533	False	False	0	False	NonReactive-Unq
NC_000962.3	846158	847913	+	CDS	Rv0754	PE_PGRS11	PE/PPE	PE/PPE	0	9	9	0.0	847035.5	1755	False	False	0	False	NonReactive-Unq
NC_000962.3	848102	850040	-	CDS	Rv0755c	PPE12	PE/PPE	PE/PPE	0	11	11	0.0	849071.0	1938	False	False	0	False	NonReactive-Unq
NC_000962.3	850740	851466	-	CDS	Rv0756c	Rv0756c	conserved hypotheticals	conserved hypotheticals	0	4	4	0.0	851103.0	726	False	False	0	False	NonReactive-Unq
NC_000962.3	851607	852351	+	CDS	Rv0757	phoP	regulatory proteins	regulatory proteins	0	4	4	0.0	851979.0	744	False	False	0	False	NonReactive-Unq
NC_000962.3	852395	853853	+	CDS	Rv0758	phoR	regulatory proteins	regulatory proteins	0	7	7	0.0	853124.0	1458	False	False	0	False	NonReactive-Unq
NC_000962.3	854266	854686	-	CDS	Rv0760c	Rv0760c	conserved hypotheticals	conserved hypotheticals	0	2	2	0.0	854476.0	420	False	False	0	False	NonReactive-Unq
NC_000962.3	854698	855826	-	CDS	Rv0761c	adhB	intermediary metabolism and respiration	intermediary metabolism and respiration	0	6	6	0.0	855262.0	1128	False	False	0	False	NonReactive-Unq
NC_000962.3	855924	856470	-	CDS	Rv0762c	Rv0762c	conserved hypotheticals	conserved hypotheticals	0	3	3	0.0	856197.0	546	False	False	0	False	NonReactive-Unq
NC_000962.3	856472	856679	-	CDS	Rv0763c	Rv0763c	intermediary metabolism and respiration	intermediary metabolism and respiration	0	1	1	0.0	856575.5	207	False	False	0	False	NonReactive-Unq
NC_000962.3	856681	858037	-	CDS	Rv0764c	cyp51	intermediary metabolism and respiration	intermediary metabolism and respiration	0	7	7	0.0	857359.0	1356	False	False	0	False	NonReactive-Unq
NC_000962.3	858036	858864	-	CDS	Rv0765c	Rv0765c	intermediary metabolism and respiration	intermediary metabolism and respiration	0	4	4	0.0	858450.0	828	False	False	0	False	NonReactive-Unq
NC_000962.3	858863	860072	-	CDS	Rv0766c	cyp123	intermediary metabolism and respiration	intermediary metabolism and respiration	0	5	5	0.0	859467.5	1209	False	False	0	False	NonReactive-Unq
NC_000962.3	860068	860710	-	CDS	Rv0767c	Rv0767c	conserved hypotheticals	conserved hypotheticals	0	3	3	0.0	860389.0	642	False	False	0	False	NonReactive-Unq
NC_000962.3	860911	862381	+	CDS	Rv0768	aldA	intermediary metabolism and respiration	intermediary metabolism and respiration	0	7	7	0.0	861646.0	1470	False	False	0	False	NonReactive-Unq
NC_000962.3	862411	863158	+	CDS	Rv0769	Rv0769	intermediary metabolism and respiration	intermediary metabolism and respiration	0	4	4	0.0	862784.5	747	False	False	0	False	NonReactive-Unq
NC_000962.3	863255	864143	+	CDS	Rv0770	Rv0770	intermediary metabolism and respiration	intermediary metabolism and respiration	0	4	4	0.0	863699.0	888	False	False	0	False	NonReactive-Unq
NC_000962.3	864139	864574	+	CDS	Rv0771	Rv0771	intermediary metabolism and respiration	intermediary metabolism and respiration	0	2	2	0.0	864356.5	435	False	False	0	False	NonReactive-Unq
NC_000962.3	864585	865854	+	CDS	Rv0772	purD	intermediary metabolism and respiration	intermediary metabolism and respiration	0	6	6	0.0	865219.5	1269	False	False	0	False	NonReactive-Unq
NC_000962.3	865850	867389	-	CDS	Rv0773c	ggtA	intermediary metabolism and respiration	intermediary metabolism and respiration	0	8	8	0.0	866619.5	1539	False	False	0	False	NonReactive-Unq
NC_000962.3	867439	868351	-	CDS	Rv0774c	Rv0774c	cell wall and cell processes	cell wall and cell processes	0	5	5	0.0	867895.0	912	False	False	0	False	NonReactive-Unq
NC_000962.3	868406	869030	+	CDS	Rv0775	Rv0775	conserved hypotheticals	conserved hypotheticals	0	3	3	0.0	868718.0	624	False	False	0	False	NonReactive-Unq
NC_000962.3	868983	869763	-	CDS	Rv0776c	Rv0776c	conserved hypotheticals	conserved hypotheticals	0	4	4	0.0	869373.0	780	False	False	0	False	NonReactive-Unq
NC_000962.3	870007	871426	+	CDS	Rv0777	purB	intermediary metabolism and respiration	intermediary metabolism and respiration	0	7	7	0.0	870716.5	1419	False	False	0	False	NonReactive-Unq
NC_000962.3	871430	872675	+	CDS	Rv0778	cyp126	intermediary metabolism and respiration	intermediary metabolism and respiration	0	6	6	0.0	872052.5	1245	False	False	0	False	NonReactive-Unq
NC_000962.3	872671	873292	-	CDS	Rv0779c	Rv0779c	cell wall and cell processes	cell wall and cell processes	0	3	3	0.0	872981.5	621	False	False	0	False	NonReactive-Unq
NC_000962.3	873342	874236	+	CDS	Rv0780	purC	intermediary metabolism and respiration	intermediary metabolism and respiration	0	4	4	0.0	873789.0	894	False	False	0	False	NonReactive-Unq
NC_000962.3	876817	878440	-	CDS	Rv0783c	emrB	cell wall and cell processes	cell wall and cell processes	0	8	8	0.0	877628.5	1623	False	False	0	False	NonReactive-Unq
NC_000962.3	878637	879324	+	CDS	Rv0784	Rv0784	conserved hypotheticals	conserved hypotheticals	0	3	3	0.0	878980.5	687	False	False	0	False	NonReactive-Unq
NC_000962.3	879339	881040	+	CDS	Rv0785	Rv0785	conserved hypotheticals	conserved hypotheticals	0	8	8	0.0	880189.5	1701	False	False	0	False	NonReactive-Unq
NC_000962.3	881074	881464	-	CDS	Rv0786c	Rv0786c	conserved hypotheticals	conserved hypotheticals	0	2	2	0.0	881269.0	390	False	False	0	False	NonReactive-Unq
NC_000962.3	881458	882418	+	CDS	Rv0787	Rv0787	conserved hypotheticals	conserved hypotheticals	0	5	5	0.0	881938.0	960	False	False	0	False	NonReactive-Unq
NC_000962.3	882523	882763	+	CDS	Rv0787A	Rv0787A	conserved hypotheticals	conserved hypotheticals	0	2	2	0.0	882643.0	240	False	False	0	False	NonReactive-Unq
NC_000962.3	882759	883434	+	CDS	Rv0788	purQ	intermediary metabolism and respiration	intermediary metabolism and respiration	0	3	3	0.0	883096.5	675	False	False	0	False	NonReactive-Unq
NC_000962.3	883450	884050	-	CDS	Rv0789c	Rv0789c	conserved hypotheticals	conserved hypotheticals	0	3	3	0.0	883750.0	600	False	False	0	False	NonReactive-Unq
NC_000962.3	884071	884800	-	CDS	Rv0790c	Rv0790c	conserved hypotheticals	conserved hypotheticals	0	4	4	0.0	884435.5	729	False	False	0	False	NonReactive-Unq
NC_000962.3	884796	885840	-	CDS	Rv0791c	Rv0791c	conserved hypotheticals	conserved hypotheticals	0	5	5	0.0	885318.0	1044	False	False	0	False	NonReactive-Unq
NC_000962.3	885836	886646	-	CDS	Rv0792c	Rv0792c	regulatory proteins	regulatory proteins	0	4	4	0.0	886241.0	810	False	False	0	False	NonReactive-Unq
NC_000962.3	886718	887024	+	CDS	Rv0793	Rv0793	intermediary metabolism and respiration	intermediary metabolism and respiration	0	2	2	0.0	886871.0	306	False	False	0	False	NonReactive-Unq
NC_000962.3	887136	888636	-	CDS	Rv0794c	Rv0794c	intermediary metabolism and respiration	intermediary metabolism and respiration	0	4	4	0.0	887886.0	1500	False	False	0	False	NonReactive-Unq
NC_000962.3	890387	891482	+	CDS	Rv0797	Rv0797	insertion seqs and phages	insertion seqs and phages	0	5	5	0.0	890934.5	1095	False	False	1	True	NonReactive-HHR
NC_000962.3	891471	892269	-	CDS	Rv0798c	cfp29	virulence, detoxification, adaptation	virulence, detoxification, adaptation	0	4	4	0.0	891870.0	798	False	False	0	False	NonReactive-Unq
NC_000962.3	892265	893273	-	CDS	Rv0799c	Rv0799c	conserved hypotheticals	conserved hypotheticals	0	5	5	0.0	892769.0	1008	False	False	0	False	NonReactive-Unq
NC_000962.3	893317	894619	+	CDS	Rv0800	pepC	intermediary metabolism and respiration	intermediary metabolism and respiration	0	6	6	0.0	893968.0	1302	False	False	0	False	NonReactive-Unq
NC_000962.3	894630	894978	+	CDS	Rv0801	Rv0801	conserved hypotheticals	conserved hypotheticals	0	2	2	0.0	894804.0	348	False	False	0	False	NonReactive-Unq
NC_000962.3	894971	895628	-	CDS	Rv0802c	Rv0802c	intermediary metabolism and respiration	intermediary metabolism and respiration	0	3	3	0.0	895299.5	657	False	False	0	False	NonReactive-Unq
NC_000962.3	895819	898084	+	CDS	Rv0803	purL	intermediary metabolism and respiration	intermediary metabolism and respiration	0	10	10	0.0	896951.5	2265	False	False	0	False	NonReactive-Unq
NC_000962.3	898080	898710	+	CDS	Rv0804	Rv0804	conserved hypotheticals	conserved hypotheticals	0	3	3	0.0	898395.0	630	False	False	0	False	NonReactive-Unq
NC_000962.3	898830	899787	+	CDS	Rv0805	Rv0805	intermediary metabolism and respiration	intermediary metabolism and respiration	0	5	5	0.0	899308.5	957	False	False	0	False	NonReactive-Unq
NC_000962.3	899731	901330	-	CDS	Rv0806c	cpsY	cell wall and cell processes	cell wall and cell processes	0	8	8	0.0	900530.5	1599	False	False	0	False	NonReactive-Unq
NC_000962.3	901634	902024	+	CDS	Rv0807	Rv0807	conserved hypotheticals	conserved hypotheticals	0	2	2	0.0	901829.0	390	False	False	0	False	NonReactive-Unq
NC_000962.3	902110	903694	+	CDS	Rv0808	purF	intermediary metabolism and respiration	intermediary metabolism and respiration	0	8	8	0.0	902902.0	1584	False	False	0	False	NonReactive-Unq
NC_000962.3	903724	904819	+	CDS	Rv0809	purM	intermediary metabolism and respiration	intermediary metabolism and respiration	0	5	5	0.0	904271.5	1095	False	False	0	False	NonReactive-Unq
NC_000962.3	904904	905087	-	CDS	Rv0810c	Rv0810c	conserved hypotheticals	conserved hypotheticals	0	2	2	0.0	904995.5	183	False	False	0	False	NonReactive-Unq
NC_000962.3	905233	906340	-	CDS	Rv0811c	Rv0811c	conserved hypotheticals	conserved hypotheticals	0	5	5	0.0	905786.5	1107	False	False	0	False	NonReactive-Unq
NC_000962.3	906422	907292	+	CDS	Rv0812	Rv0812	intermediary metabolism and respiration	intermediary metabolism and respiration	0	4	4	0.0	906857.0	870	False	False	0	False	NonReactive-Unq
NC_000962.3	907337	908018	-	CDS	Rv0813c	Rv0813c	conserved hypotheticals	conserved hypotheticals	0	3	3	0.0	907677.5	681	False	False	0	False	NonReactive-Unq
NC_000962.3	908180	908483	-	CDS	Rv0814c	sseC2	intermediary metabolism and respiration	intermediary metabolism and respiration	0	2	2	0.0	908331.5	303	False	False	1	True	NonReactive-HHR
NC_000962.3	908484	909318	-	CDS	Rv0815c	cysA2	intermediary metabolism and respiration	intermediary metabolism and respiration	0	4	4	0.0	908901.0	834	False	False	1	True	NonReactive-HHR
NC_000962.3	909610	910033	-	CDS	Rv0816c	thiX	intermediary metabolism and respiration	intermediary metabolism and respiration	0	3	3	0.0	909821.5	423	False	False	0	False	NonReactive-Unq
NC_000962.3	910029	910842	-	CDS	Rv0817c	Rv0817c	cell wall and cell processes	cell wall and cell processes	0	4	4	0.0	910435.5	813	False	False	0	False	NonReactive-Unq
NC_000962.3	910971	911739	+	CDS	Rv0818	Rv0818	regulatory proteins	regulatory proteins	0	3	3	0.0	911355.0	768	False	False	0	False	NonReactive-Unq
NC_000962.3	911735	912683	+	CDS	Rv0819	mshD	intermediary metabolism and respiration	intermediary metabolism and respiration	0	5	5	0.0	912209.0	948	False	False	0	False	NonReactive-Unq
NC_000962.3	912725	913502	+	CDS	Rv0820	phoT	cell wall and cell processes	cell wall and cell processes	0	4	4	0.0	913113.5	777	False	False	0	False	NonReactive-Unq
NC_000962.3	913557	914199	-	CDS	Rv0821c	phoY2	cell wall and cell processes	cell wall and cell processes	0	3	3	0.0	913878.0	642	False	False	0	False	NonReactive-Unq
NC_000962.3	914256	916311	-	CDS	Rv0822c	Rv0822c	conserved hypotheticals	conserved hypotheticals	0	10	10	0.0	915283.5	2055	False	False	0	False	NonReactive-Unq
NC_000962.3	916476	917646	-	CDS	Rv0823c	Rv0823c	regulatory proteins	regulatory proteins	0	6	6	0.0	917061.0	1170	False	False	0	False	NonReactive-Unq
NC_000962.3	917733	918750	-	CDS	Rv0824c	desA1	lipid metabolism	lipid metabolism	0	5	5	0.0	918241.5	1017	False	False	0	False	NonReactive-Unq
NC_000962.3	918911	919553	-	CDS	Rv0825c	Rv0825c	conserved hypotheticals	conserved hypotheticals	0	3	3	0.0	919232.0	642	False	False	0	False	NonReactive-Unq
NC_000962.3	919633	920689	+	CDS	Rv0826	Rv0826	conserved hypotheticals	conserved hypotheticals	0	5	5	0.0	920161.0	1056	False	False	0	False	NonReactive-Unq
NC_000962.3	920740	921133	-	CDS	Rv0827c	kmtR	regulatory proteins	regulatory proteins	0	2	2	0.0	920936.5	393	False	False	0	False	NonReactive-Unq
NC_000962.3	921190	921613	-	CDS	Rv0828c	Rv0828c	intermediary metabolism and respiration	intermediary metabolism and respiration	0	1	1	0.0	921401.5	423	False	False	1	True	NonReactive-HHR
NC_000962.3	921969	922875	+	CDS	Rv0830	Rv0830	lipid metabolism	lipid metabolism	0	4	4	0.0	922422.0	906	False	False	0	False	NonReactive-Unq
NC_000962.3	922893	923709	-	CDS	Rv0831c	Rv0831c	conserved hypotheticals	conserved hypotheticals	0	4	4	0.0	923301.0	816	False	False	0	False	NonReactive-Unq
NC_000962.3	924950	925364	+	CDS	Rv0832	PE_PGRS12	PE/PPE	PE/PPE	0	2	2	0.0	925157.0	414	False	False	1	True	NonReactive-HHR
NC_000962.3	925360	927610	+	CDS	Rv0833	PE_PGRS13	PE/PPE	PE/PPE	0	10	10	0.0	926485.0	2250	False	False	1	True	NonReactive-HHR
NC_000962.3	927836	930485	-	CDS	Rv0834c	PE_PGRS14	PE/PPE	PE/PPE	0	10	10	0.0	929160.5	2649	False	False	0	False	NonReactive-Unq
NC_000962.3	930952	931597	+	CDS	Rv0835	lpqQ	cell wall and cell processes	cell wall and cell processes	0	3	3	0.0	931274.5	645	False	False	0	False	NonReactive-Unq
NC_000962.3	932278	932932	-	CDS	Rv0836c	Rv0836c	conserved hypotheticals	conserved hypotheticals	1	1	2	0.5	932605.0	654	True	False	0	False	NonReactive-Unq
NC_000962.3	933002	934031	-	CDS	Rv0837c	Rv0837c	conserved hypotheticals	conserved hypotheticals	0	5	5	0.0	933516.5	1029	False	False	0	False	NonReactive-Unq
NC_000962.3	934719	935490	+	CDS	Rv0838	lpqR	cell wall and cell processes	cell wall and cell processes	0	4	4	0.0	935104.5	771	False	False	0	False	NonReactive-Unq
NC_000962.3	935576	936389	+	CDS	Rv0839	Rv0839	conserved hypotheticals	conserved hypotheticals	0	4	4	0.0	935982.5	813	False	False	0	False	NonReactive-Unq
NC_000962.3	936456	937317	-	CDS	Rv0840c	pip	intermediary metabolism and respiration	intermediary metabolism and respiration	0	4	4	0.0	936886.5	861	False	False	0	False	NonReactive-Unq
NC_000962.3	937592	937835	+	CDS	Rv0841	Rv0841	cell wall and cell processes	cell wall and cell processes	0	2	2	0.0	937713.5	243	False	False	0	False	NonReactive-Unq
NC_000962.3	938111	939404	+	CDS	Rv0842	Rv0842	cell wall and cell processes	cell wall and cell processes	0	6	6	0.0	938757.5	1293	False	False	0	False	NonReactive-Unq
NC_000962.3	939387	940392	+	CDS	Rv0843	Rv0843	intermediary metabolism and respiration	intermediary metabolism and respiration	0	5	5	0.0	939889.5	1005	False	False	0	False	NonReactive-Unq
NC_000962.3	940455	941106	-	CDS	Rv0844c	narL	regulatory proteins	regulatory proteins	0	3	3	0.0	940780.5	651	False	False	0	False	NonReactive-Unq
NC_000962.3	941189	942467	+	CDS	Rv0845	Rv0845	regulatory proteins	regulatory proteins	0	6	6	0.0	941828.0	1278	False	False	0	False	NonReactive-Unq
NC_000962.3	942679	944194	-	CDS	Rv0846c	Rv0846c	intermediary metabolism and respiration	intermediary metabolism and respiration	0	8	8	0.0	943436.5	1515	False	False	0	False	NonReactive-Unq
NC_000962.3	944342	944735	+	CDS	Rv0847	lpqS	cell wall and cell processes	cell wall and cell processes	0	1	1	0.0	944538.5	393	False	False	0	False	NonReactive-Unq
NC_000962.3	944937	946056	+	CDS	Rv0848	cysK2	intermediary metabolism and respiration	intermediary metabolism and respiration	0	6	6	0.0	945496.5	1119	False	False	0	False	NonReactive-Unq
NC_000962.3	946055	947315	+	CDS	Rv0849	Rv0849	cell wall and cell processes	cell wall and cell processes	0	6	6	0.0	946685.0	1260	False	False	0	False	NonReactive-Unq
NC_000962.3	947640	948468	-	CDS	Rv0851c	Rv0851c	intermediary metabolism and respiration	intermediary metabolism and respiration	0	4	4	0.0	948054.0	828	False	False	0	False	NonReactive-Unq
NC_000962.3	948558	949395	+	CDS	Rv0852	fadD16	lipid metabolism	lipid metabolism	0	3	3	0.0	948976.5	837	False	False	0	False	NonReactive-Unq
NC_000962.3	949435	951118	-	CDS	Rv0853c	pdc	intermediary metabolism and respiration	intermediary metabolism and respiration	0	8	8	0.0	950276.5	1683	False	False	0	False	NonReactive-Unq
NC_000962.3	951182	951626	+	CDS	Rv0854	Rv0854	conserved hypotheticals	conserved hypotheticals	0	2	2	0.0	951404.0	444	False	False	0	False	NonReactive-Unq
NC_000962.3	951631	952711	+	CDS	Rv0855	far	lipid metabolism	lipid metabolism	0	5	5	0.0	952171.0	1080	False	False	0	False	NonReactive-Unq
NC_000962.3	952824	953229	+	CDS	Rv0856	Rv0856	conserved hypotheticals	conserved hypotheticals	0	1	1	0.0	953026.5	405	False	False	0	False	NonReactive-Unq
NC_000962.3	953256	953730	+	CDS	Rv0857	Rv0857	conserved hypotheticals	conserved hypotheticals	0	2	2	0.0	953493.0	474	False	False	0	False	NonReactive-Unq
NC_000962.3	953726	954920	-	CDS	Rv0858c	dapC	intermediary metabolism and respiration	intermediary metabolism and respiration	0	6	6	0.0	954323.0	1194	False	False	0	False	NonReactive-Unq
NC_000962.3	955076	956288	+	CDS	Rv0859	fadA	lipid metabolism	lipid metabolism	0	6	6	0.0	955682.0	1212	False	False	0	False	NonReactive-Unq
NC_000962.3	956292	958455	+	CDS	Rv0860	fadB	lipid metabolism	lipid metabolism	0	6	6	0.0	957373.5	2163	False	False	0	False	NonReactive-Unq
NC_000962.3	958522	960151	-	CDS	Rv0861c	ercc3	information pathways	information pathways	0	7	7	0.0	959336.5	1629	False	False	0	False	NonReactive-Unq
NC_000962.3	960341	962612	-	CDS	Rv0862c	Rv0862c	conserved hypotheticals	conserved hypotheticals	0	10	10	0.0	961476.5	2271	False	False	0	False	NonReactive-Unq
NC_000962.3	962598	962880	+	CDS	Rv0863	Rv0863	conserved hypotheticals	conserved hypotheticals	0	2	2	0.0	962739.0	282	False	False	0	False	NonReactive-Unq
NC_000962.3	962889	963393	+	CDS	Rv0864	moaC2	intermediary metabolism and respiration	intermediary metabolism and respiration	0	2	2	0.0	963141.0	504	False	False	0	False	NonReactive-Unq
NC_000962.3	963389	963872	+	CDS	Rv0865	mog	intermediary metabolism and respiration	intermediary metabolism and respiration	0	3	3	0.0	963630.5	483	False	False	0	False	NonReactive-Unq
NC_000962.3	963868	964294	+	CDS	Rv0866	moaE2	intermediary metabolism and respiration	intermediary metabolism and respiration	0	2	2	0.0	964081.0	426	False	False	0	False	NonReactive-Unq
NC_000962.3	964311	965535	-	CDS	Rv0867c	rpfA	cell wall and cell processes	cell wall and cell processes	0	5	5	0.0	964923.0	1224	False	False	0	False	NonReactive-Unq
NC_000962.3	965982	966261	-	CDS	Rv0868c	moaD2	intermediary metabolism and respiration	intermediary metabolism and respiration	0	2	2	0.0	966121.5	279	False	False	0	False	NonReactive-Unq
NC_000962.3	966264	967347	-	CDS	Rv0869c	moaA2	intermediary metabolism and respiration	intermediary metabolism and respiration	0	5	5	0.0	966805.5	1083	False	False	0	False	NonReactive-Unq
NC_000962.3	967343	967733	-	CDS	Rv0870c	Rv0870c	cell wall and cell processes	cell wall and cell processes	0	2	2	0.0	967538.0	390	False	False	0	False	NonReactive-Unq
NC_000962.3	967897	968305	+	CDS	Rv0871	cspB	virulence, detoxification, adaptation	virulence, detoxification, adaptation	0	1	1	0.0	968101.0	408	False	False	0	False	NonReactive-Unq
NC_000962.3	968423	970244	-	CDS	Rv0872c	PE_PGRS15	PE/PPE	PE/PPE	0	9	9	0.0	969333.5	1821	False	False	0	False	NonReactive-Unq
NC_000962.3	970504	972457	+	CDS	Rv0873	fadE10	lipid metabolism	lipid metabolism	0	10	10	0.0	971480.5	1953	False	False	0	False	NonReactive-Unq
NC_000962.3	972545	973706	-	CDS	Rv0874c	Rv0874c	conserved hypotheticals	conserved hypotheticals	0	6	6	0.0	973125.5	1161	False	False	1	True	NonReactive-HHR
NC_000962.3	973805	974294	-	CDS	Rv0875c	Rv0875c	cell wall and cell processes	cell wall and cell processes	0	3	3	0.0	974049.5	489	False	False	0	False	NonReactive-Unq
NC_000962.3	974290	975937	-	CDS	Rv0876c	Rv0876c	cell wall and cell processes	cell wall and cell processes	1	7	8	0.125	975113.5	1647	True	False	0	False	NonReactive-Unq
NC_000962.3	976074	976863	+	CDS	Rv0877	Rv0877	conserved hypotheticals	conserved hypotheticals	0	4	4	0.0	976468.5	789	False	False	0	False	NonReactive-Unq
NC_000962.3	976871	978203	-	CDS	Rv0878c	PPE13	PE/PPE	PE/PPE	0	7	7	0.0	977537.0	1332	False	False	0	False	NonReactive-Unq
NC_000962.3	978480	978756	-	CDS	Rv0879c	Rv0879c	cell wall and cell processes	cell wall and cell processes	0	2	2	0.0	978618.0	276	False	False	0	False	NonReactive-Unq
NC_000962.3	978933	979365	+	CDS	Rv0880	Rv0880	regulatory proteins	regulatory proteins	0	2	2	0.0	979149.0	432	False	False	0	False	NonReactive-Unq
NC_000962.3	979361	980228	+	CDS	Rv0881	Rv0881	intermediary metabolism and respiration	intermediary metabolism and respiration	0	4	4	0.0	979794.5	867	False	False	0	False	NonReactive-Unq
NC_000962.3	980505	981267	-	CDS	Rv0883c	Rv0883c	conserved hypotheticals	conserved hypotheticals	0	4	4	0.0	980886.0	762	False	False	0	False	NonReactive-Unq
NC_000962.3	981423	982554	-	CDS	Rv0884c	serC	intermediary metabolism and respiration	intermediary metabolism and respiration	0	6	6	0.0	981988.5	1131	False	False	0	False	NonReactive-Unq
NC_000962.3	982761	983784	+	CDS	Rv0885	Rv0885	conserved hypotheticals	conserved hypotheticals	0	5	5	0.0	983272.5	1023	False	False	0	False	NonReactive-Unq
NC_000962.3	983802	985530	+	CDS	Rv0886	fprB	intermediary metabolism and respiration	intermediary metabolism and respiration	0	9	9	0.0	984666.0	1728	False	False	0	False	NonReactive-Unq
NC_000962.3	985512	985971	-	CDS	Rv0887c	Rv0887c	conserved hypotheticals	conserved hypotheticals	0	1	1	0.0	985741.5	459	False	False	0	False	NonReactive-Unq
NC_000962.3	987232	988705	+	CDS	Rv0888	Rv0888	cell wall and cell processes	cell wall and cell processes	0	7	7	0.0	987968.5	1473	False	False	0	False	NonReactive-Unq
NC_000962.3	988739	989861	-	CDS	Rv0889c	citA	intermediary metabolism and respiration	intermediary metabolism and respiration	0	6	6	0.0	989300.0	1122	False	False	0	False	NonReactive-Unq
NC_000962.3	989947	992596	-	CDS	Rv0890c	Rv0890c	regulatory proteins	regulatory proteins	0	10	10	0.0	991271.5	2649	False	False	0	False	NonReactive-Unq
NC_000962.3	992597	993455	-	CDS	Rv0891c	Rv0891c	regulatory proteins	regulatory proteins	0	4	4	0.0	993026.0	858	False	False	0	False	NonReactive-Unq
NC_000962.3	993852	995340	+	CDS	Rv0892	Rv0892	intermediary metabolism and respiration	intermediary metabolism and respiration	0	7	7	0.0	994596.0	1488	False	False	0	False	NonReactive-Unq
NC_000962.3	995317	996295	-	CDS	Rv0893c	Rv0893c	lipid metabolism	lipid metabolism	0	5	5	0.0	995806.0	978	False	False	0	False	NonReactive-Unq
NC_000962.3	996523	997705	+	CDS	Rv0894	Rv0894	regulatory proteins	regulatory proteins	0	6	6	0.0	997114.0	1182	False	False	0	False	NonReactive-Unq
NC_000962.3	997781	999299	+	CDS	Rv0895	Rv0895	lipid metabolism	lipid metabolism	0	6	6	0.0	998540.0	1518	False	False	0	False	NonReactive-Unq
NC_000962.3	999471	1000767	+	CDS	Rv0896	gltA2	intermediary metabolism and respiration	intermediary metabolism and respiration	0	6	6	0.0	1000119.0	1296	False	False	0	False	NonReactive-Unq
NC_000962.3	1000807	1002415	-	CDS	Rv0897c	Rv0897c	intermediary metabolism and respiration	intermediary metabolism and respiration	0	8	8	0.0	1001611.0	1608	False	False	0	False	NonReactive-Unq
NC_000962.3	1002440	1002704	-	CDS	Rv0898c	Rv0898c	conserved hypotheticals	conserved hypotheticals	0	2	2	0.0	1002572.0	264	False	False	0	False	NonReactive-Unq
NC_000962.3	1002811	1003792	+	CDS	Rv0899	ompA	cell wall and cell processes	cell wall and cell processes	0	5	5	0.0	1003301.5	981	False	False	0	False	NonReactive-Unq
NC_000962.3	1003804	1003957	+	CDS	Rv0900	Rv0900	cell wall and cell processes	cell wall and cell processes	0	2	2	0.0	1003880.5	153	False	False	0	False	NonReactive-Unq
NC_000962.3	1003956	1004484	+	CDS	Rv0901	Rv0901	cell wall and cell processes	cell wall and cell processes	0	3	3	0.0	1004220.0	528	False	False	0	False	NonReactive-Unq
NC_000962.3	1004500	1005841	-	CDS	Rv0902c	prrB	regulatory proteins	regulatory proteins	0	6	6	0.0	1005170.5	1341	False	False	0	False	NonReactive-Unq
NC_000962.3	1005851	1006562	-	CDS	Rv0903c	prrA	regulatory proteins	regulatory proteins	0	4	4	0.0	1006206.5	711	False	False	0	False	NonReactive-Unq
NC_000962.3	1006692	1008180	-	CDS	Rv0904c	accD3	lipid metabolism	lipid metabolism	0	7	7	0.0	1007436.0	1488	False	False	0	False	NonReactive-Unq
NC_000962.3	1008206	1008938	+	CDS	Rv0905	echA6	lipid metabolism	lipid metabolism	0	4	4	0.0	1008572.0	732	False	False	0	False	NonReactive-Unq
NC_000962.3	1008943	1010062	+	CDS	Rv0906	Rv0906	conserved hypotheticals	conserved hypotheticals	0	6	6	0.0	1009502.5	1119	False	False	0	False	NonReactive-Unq
NC_000962.3	1010135	1011734	+	CDS	Rv0907	Rv0907	cell wall and cell processes	cell wall and cell processes	0	8	8	0.0	1010934.5	1599	False	False	0	False	NonReactive-Unq
NC_000962.3	1011730	1014124	+	CDS	Rv0908	ctpE	cell wall and cell processes	cell wall and cell processes	0	10	10	0.0	1012927.0	2394	False	False	0	False	NonReactive-Unq
NC_000962.3	1014680	1014860	+	CDS	Rv0909	Rv0909	conserved hypotheticals	conserved hypotheticals	0	2	2	0.0	1014770.0	180	False	False	0	False	NonReactive-Unq
NC_000962.3	1014865	1015300	+	CDS	Rv0910	Rv0910	conserved hypotheticals	conserved hypotheticals	0	2	2	0.0	1015082.5	435	False	False	0	False	NonReactive-Unq
NC_000962.3	1015397	1016171	+	CDS	Rv0911	Rv0911	conserved hypotheticals	conserved hypotheticals	0	4	4	0.0	1015784.0	774	False	False	0	False	NonReactive-Unq
NC_000962.3	1016235	1016685	+	CDS	Rv0912	Rv0912	cell wall and cell processes	cell wall and cell processes	0	3	3	0.0	1016460.0	450	False	False	0	False	NonReactive-Unq
NC_000962.3	1017216	1018725	-	CDS	Rv0913c	Rv0913c	intermediary metabolism and respiration	intermediary metabolism and respiration	0	7	7	0.0	1017970.5	1509	False	False	0	False	NonReactive-Unq
NC_000962.3	1018726	1019965	-	CDS	Rv0914c	Rv0914c	lipid metabolism	lipid metabolism	0	6	6	0.0	1019345.5	1239	False	False	0	False	NonReactive-Unq
NC_000962.3	1020057	1021329	-	CDS	Rv0915c	PPE14	PE/PPE	PE/PPE	0	6	6	0.0	1020693.0	1272	False	False	0	False	NonReactive-Unq
NC_000962.3	1021343	1021643	-	CDS	Rv0916c	PE7	PE/PPE	PE/PPE	0	2	2	0.0	1021493.0	300	False	False	0	False	NonReactive-Unq
NC_000962.3	1022086	1023868	+	CDS	Rv0917	betP	cell wall and cell processes	cell wall and cell processes	0	9	9	0.0	1022977.0	1782	False	False	0	False	NonReactive-Unq
NC_000962.3	1024210	1024687	+	CDS	Rv0918	Rv0918	conserved hypotheticals	conserved hypotheticals	0	2	2	0.0	1024448.5	477	False	False	0	False	NonReactive-Unq
NC_000962.3	1024683	1025184	+	CDS	Rv0919	Rv0919	intermediary metabolism and respiration	intermediary metabolism and respiration	0	2	2	0.0	1024933.5	501	False	False	0	False	NonReactive-Unq
NC_000962.3	1025496	1026816	-	CDS	Rv0920c	Rv0920c	insertion seqs and phages	insertion seqs and phages	0	7	7	0.0	1026156.0	1320	False	False	0	False	NonReactive-Unq
NC_000962.3	1027103	1027685	+	CDS	Rv0921	Rv0921	insertion seqs and phages	insertion seqs and phages	0	3	3	0.0	1027394.0	582	False	False	0	False	NonReactive-Unq
NC_000962.3	1027684	1029337	+	CDS	Rv0922	Rv0922	insertion seqs and phages	insertion seqs and phages	0	7	7	0.0	1028510.5	1653	False	False	0	False	NonReactive-Unq
NC_000962.3	1029512	1030577	-	CDS	Rv0923c	Rv0923c	conserved hypotheticals	conserved hypotheticals	0	5	5	0.0	1030044.5	1065	False	False	0	False	NonReactive-Unq
NC_000962.3	1030577	1031864	-	CDS	Rv0924c	mntH	cell wall and cell processes	cell wall and cell processes	0	6	6	0.0	1031220.5	1287	False	False	0	False	NonReactive-Unq
NC_000962.3	1031895	1032633	-	CDS	Rv0925c	Rv0925c	conserved hypotheticals	conserved hypotheticals	0	4	4	0.0	1032264.0	738	False	False	0	False	NonReactive-Unq
NC_000962.3	1032709	1033786	-	CDS	Rv0926c	Rv0926c	conserved hypotheticals	conserved hypotheticals	0	4	4	0.0	1033247.5	1077	False	False	0	False	NonReactive-Unq
NC_000962.3	1033839	1034631	-	CDS	Rv0927c	Rv0927c	intermediary metabolism and respiration	intermediary metabolism and respiration	0	4	4	0.0	1034235.0	792	False	False	0	False	NonReactive-Unq
NC_000962.3	1034902	1036015	+	CDS	Rv0928	pstS3	cell wall and cell processes	cell wall and cell processes	0	6	6	0.0	1035458.5	1113	False	False	0	False	NonReactive-Unq
NC_000962.3	1036027	1037002	+	CDS	Rv0929	pstC2	cell wall and cell processes	cell wall and cell processes	0	5	5	0.0	1036514.5	975	False	False	0	False	NonReactive-Unq
NC_000962.3	1036998	1037925	+	CDS	Rv0930	pstA1	cell wall and cell processes	cell wall and cell processes	0	5	5	0.0	1037461.5	927	False	False	0	False	NonReactive-Unq
NC_000962.3	1037919	1039914	-	CDS	Rv0931c	pknD	regulatory proteins	regulatory proteins	0	10	10	0.0	1038916.5	1995	False	False	0	False	NonReactive-Unq
NC_000962.3	1039935	1041048	-	CDS	Rv0932c	pstS2	cell wall and cell processes	cell wall and cell processes	0	6	6	0.0	1040491.5	1113	False	False	0	False	NonReactive-Unq
NC_000962.3	1041263	1042094	+	CDS	Rv0933	pstB	cell wall and cell processes	cell wall and cell processes	0	4	4	0.0	1041678.5	831	False	False	0	False	NonReactive-Unq
NC_000962.3	1042114	1043239	+	CDS	Rv0934	pstS1	cell wall and cell processes	cell wall and cell processes	0	10	10	0.0	1042676.5	1125	False	False	0	False	NonReactive-Unq
NC_000962.3	1043298	1044315	+	CDS	Rv0935	pstC1	cell wall and cell processes	cell wall and cell processes	0	5	5	0.0	1043806.5	1017	False	False	0	False	NonReactive-Unq
NC_000962.3	1044316	1045222	+	CDS	Rv0936	pstA2	cell wall and cell processes	cell wall and cell processes	0	4	4	0.0	1044769.0	906	False	False	0	False	NonReactive-Unq
NC_000962.3	1045198	1046020	-	CDS	Rv0937c	mku	information pathways	information pathways	0	4	4	0.0	1045609.0	822	False	False	0	False	NonReactive-Unq
NC_000962.3	1046135	1048415	+	CDS	Rv0938	ligD	information pathways	information pathways	0	10	10	0.0	1047275.0	2280	False	False	0	False	NonReactive-Unq
NC_000962.3	1048411	1050346	+	CDS	Rv0939	Rv0939	intermediary metabolism and respiration	intermediary metabolism and respiration	0	10	10	0.0	1049378.5	1935	False	False	0	False	NonReactive-Unq
NC_000962.3	1050592	1051459	-	CDS	Rv0940c	Rv0940c	intermediary metabolism and respiration	intermediary metabolism and respiration	0	4	4	0.0	1051025.5	867	False	False	0	False	NonReactive-Unq
NC_000962.3	1051543	1052317	-	CDS	Rv0941c	Rv0941c	conserved hypotheticals	conserved hypotheticals	0	4	4	0.0	1051930.0	774	False	False	0	False	NonReactive-Unq
NC_000962.3	1052359	1052638	+	CDS	Rv0942	Rv0942	conserved hypotheticals	conserved hypotheticals	0	2	2	0.0	1052498.5	279	False	False	0	False	NonReactive-Unq
NC_000962.3	1052695	1053736	-	CDS	Rv0943c	Rv0943c	intermediary metabolism and respiration	intermediary metabolism and respiration	0	5	5	0.0	1053215.5	1041	False	False	0	False	NonReactive-Unq
NC_000962.3	1053764	1054241	+	CDS	Rv0944	Rv0944	information pathways	information pathways	0	2	2	0.0	1054002.5	477	False	False	0	False	NonReactive-Unq
NC_000962.3	1054246	1055008	+	CDS	Rv0945	Rv0945	intermediary metabolism and respiration	intermediary metabolism and respiration	0	4	4	0.0	1054627.0	762	False	False	0	False	NonReactive-Unq
NC_000962.3	1055023	1056685	-	CDS	Rv0946c	pgi	intermediary metabolism and respiration	intermediary metabolism and respiration	0	8	8	0.0	1055854.0	1662	False	False	0	False	NonReactive-Unq
NC_000962.3	1057645	1057963	-	CDS	Rv0948c	Rv0948c	intermediary metabolism and respiration	intermediary metabolism and respiration	0	2	2	0.0	1057804.0	318	False	False	0	False	NonReactive-Unq
NC_000962.3	1058259	1060575	+	CDS	Rv0949	uvrD1	information pathways	information pathways	0	10	10	0.0	1059417.0	2316	False	False	0	False	NonReactive-Unq
NC_000962.3	1060655	1061654	-	CDS	Rv0950c	Rv0950c	conserved hypotheticals	conserved hypotheticals	0	5	5	0.0	1061154.5	999	False	False	0	False	NonReactive-Unq
NC_000962.3	1061963	1063127	+	CDS	Rv0951	sucC	intermediary metabolism and respiration	intermediary metabolism and respiration	0	6	6	0.0	1062545.0	1164	False	False	0	False	NonReactive-Unq
NC_000962.3	1063139	1064051	+	CDS	Rv0952	sucD	intermediary metabolism and respiration	intermediary metabolism and respiration	0	2	2	0.0	1063595.0	912	False	False	0	False	NonReactive-Unq
NC_000962.3	1064113	1064962	-	CDS	Rv0953c	Rv0953c	intermediary metabolism and respiration	intermediary metabolism and respiration	0	3	3	0.0	1064537.5	849	False	False	0	False	NonReactive-Unq
NC_000962.3	1065126	1066038	+	CDS	Rv0954	Rv0954	cell wall and cell processes	cell wall and cell processes	0	5	5	0.0	1065582.0	912	False	False	0	False	NonReactive-Unq
NC_000962.3	1066077	1067445	+	CDS	Rv0955	Rv0955	cell wall and cell processes	cell wall and cell processes	0	7	7	0.0	1066761.0	1368	False	False	0	False	NonReactive-Unq
NC_000962.3	1067560	1068208	+	CDS	Rv0956	purN	intermediary metabolism and respiration	intermediary metabolism and respiration	0	3	3	0.0	1067884.0	648	False	False	0	False	NonReactive-Unq
NC_000962.3	1068204	1069776	+	CDS	Rv0957	purH	intermediary metabolism and respiration	intermediary metabolism and respiration	0	8	8	0.0	1068990.0	1572	False	False	0	False	NonReactive-Unq
NC_000962.3	1069882	1071262	+	CDS	Rv0958	Rv0958	intermediary metabolism and respiration	intermediary metabolism and respiration	0	7	7	0.0	1070572.0	1380	False	False	0	False	NonReactive-Unq
NC_000962.3	1071254	1073273	+	CDS	Rv0959	Rv0959	conserved hypotheticals	conserved hypotheticals	0	10	10	0.0	1072263.5	2019	False	False	0	False	NonReactive-Unq
NC_000962.3	1073544	1073928	+	CDS	Rv0960	vapC9	virulence, detoxification, adaptation	virulence, detoxification, adaptation	0	2	2	0.0	1073736.0	384	False	False	0	False	NonReactive-Unq
NC_000962.3	1074073	1074421	+	CDS	Rv0961	Rv0961	cell wall and cell processes	cell wall and cell processes	0	2	2	0.0	1074247.0	348	False	False	0	False	NonReactive-Unq
NC_000962.3	1074439	1075114	-	CDS	Rv0962c	lprP	cell wall and cell processes	cell wall and cell processes	0	3	3	0.0	1074776.5	675	False	False	0	False	NonReactive-Unq
NC_000962.3	1075296	1076097	-	CDS	Rv0963c	Rv0963c	conserved hypotheticals	conserved hypotheticals	0	3	3	0.0	1075696.5	801	False	False	0	False	NonReactive-Unq
NC_000962.3	1076195	1076678	-	CDS	Rv0964c	Rv0964c	conserved hypotheticals	conserved hypotheticals	0	2	2	0.0	1076436.5	483	False	False	0	False	NonReactive-Unq
NC_000962.3	1076777	1077197	-	CDS	Rv0965c	Rv0965c	conserved hypotheticals	conserved hypotheticals	0	2	2	0.0	1076987.0	420	False	False	0	False	NonReactive-Unq
NC_000962.3	1077232	1077835	-	CDS	Rv0966c	Rv0966c	conserved hypotheticals	conserved hypotheticals	0	2	2	0.0	1077533.5	603	False	False	0	False	NonReactive-Unq
NC_000962.3	1077974	1078334	+	CDS	Rv0967	csoR	regulatory proteins	regulatory proteins	0	2	2	0.0	1078154.0	360	False	False	0	False	NonReactive-Unq
NC_000962.3	1078390	1078687	+	CDS	Rv0968	Rv0968	conserved hypotheticals	conserved hypotheticals	0	2	2	0.0	1078538.5	297	False	False	0	False	NonReactive-Unq
NC_000962.3	1078742	1081055	+	CDS	Rv0969	ctpV	cell wall and cell processes	cell wall and cell processes	0	10	10	0.0	1079898.5	2313	False	False	0	False	NonReactive-Unq
NC_000962.3	1081051	1081684	+	CDS	Rv0970	Rv0970	cell wall and cell processes	cell wall and cell processes	0	3	3	0.0	1081367.5	633	False	False	0	False	NonReactive-Unq
NC_000962.3	1081774	1082584	-	CDS	Rv0971c	echA7	lipid metabolism	lipid metabolism	0	4	4	0.0	1082179.0	810	False	False	0	False	NonReactive-Unq
NC_000962.3	1082583	1083750	-	CDS	Rv0972c	fadE12	lipid metabolism	lipid metabolism	0	6	6	0.0	1083166.5	1167	False	False	0	False	NonReactive-Unq
NC_000962.3	1083746	1085750	-	CDS	Rv0973c	accA2	lipid metabolism	lipid metabolism	0	10	10	0.0	1084748.0	2004	False	False	0	False	NonReactive-Unq
NC_000962.3	1085755	1087345	-	CDS	Rv0974c	accD2	lipid metabolism	lipid metabolism	0	8	8	0.0	1086550.0	1590	False	False	0	False	NonReactive-Unq
NC_000962.3	1087347	1088496	-	CDS	Rv0975c	fadE13	lipid metabolism	lipid metabolism	0	6	6	0.0	1087921.5	1149	False	False	0	False	NonReactive-Unq
NC_000962.3	1088492	1090175	-	CDS	Rv0976c	Rv0976c	conserved hypotheticals	conserved hypotheticals	0	8	8	0.0	1089333.5	1683	False	False	0	False	NonReactive-Unq
NC_000962.3	1090372	1093144	+	CDS	Rv0977	PE_PGRS16	PE/PPE	PE/PPE	0	10	10	0.0	1091758.0	2772	False	False	0	False	NonReactive-Unq
NC_000962.3	1093360	1094356	-	CDS	Rv0978c	PE_PGRS17	PE/PPE	PE/PPE	0	7	7	0.0	1093858.0	996	False	False	1	True	NonReactive-HHR
NC_000962.3	1094669	1094864	-	CDS	Rv0979c	Rv0979c	conserved hypotheticals	conserved hypotheticals	0	2	2	0.0	1094766.5	195	False	False	1	True	NonReactive-HHR
NC_000962.3	1094885	1095059	+	CDS	Rv0979A	rpmF	information pathways	information pathways	0	2	2	0.0	1094972.0	174	False	False	1	True	NonReactive-HHR
NC_000962.3	1095077	1096451	-	CDS	Rv0980c	PE_PGRS18	PE/PPE	PE/PPE	0	7	7	0.0	1095764.0	1374	False	False	1	True	NonReactive-HHR
NC_000962.3	1096821	1097508	+	CDS	Rv0981	mprA	regulatory proteins	regulatory proteins	0	3	3	0.0	1097164.5	687	False	False	0	False	NonReactive-Unq
NC_000962.3	1097507	1099022	+	CDS	Rv0982	mprB	regulatory proteins	regulatory proteins	0	8	8	0.0	1098264.5	1515	False	False	0	False	NonReactive-Unq
NC_000962.3	1099065	1100460	+	CDS	Rv0983	pepD	intermediary metabolism and respiration	intermediary metabolism and respiration	0	7	7	0.0	1099762.5	1395	False	False	0	False	NonReactive-Unq
NC_000962.3	1100459	1101005	+	CDS	Rv0984	moaB2	intermediary metabolism and respiration	intermediary metabolism and respiration	0	3	3	0.0	1100732.0	546	False	False	0	False	NonReactive-Unq
NC_000962.3	1101024	1101480	-	CDS	Rv0985c	mscL	cell wall and cell processes	cell wall and cell processes	0	2	2	0.0	1101252.0	456	False	False	0	False	NonReactive-Unq
NC_000962.3	1101802	1102549	+	CDS	Rv0986	Rv0986	cell wall and cell processes	cell wall and cell processes	0	4	4	0.0	1102175.5	747	False	False	0	False	NonReactive-Unq
NC_000962.3	1102541	1105109	+	CDS	Rv0987	Rv0987	cell wall and cell processes	cell wall and cell processes	1	9	10	0.1	1103825.0	2568	True	False	0	False	NonReactive-Unq
NC_000962.3	1105115	1106276	+	CDS	Rv0988	Rv0988	cell wall and cell processes	cell wall and cell processes	0	6	6	0.0	1105695.5	1161	False	False	0	False	NonReactive-Unq
NC_000962.3	1106404	1107382	-	CDS	Rv0989c	grcC2	intermediary metabolism and respiration	intermediary metabolism and respiration	0	5	5	0.0	1106893.0	978	False	False	0	False	NonReactive-Unq
NC_000962.3	1107442	1108099	-	CDS	Rv0990c	Rv0990c	conserved hypotheticals	conserved hypotheticals	0	4	4	0.0	1107770.5	657	False	False	0	False	NonReactive-Unq
NC_000962.3	1108171	1108504	-	CDS	Rv0991c	Rv0991c	conserved hypotheticals	conserved hypotheticals	0	2	2	0.0	1108337.5	333	False	False	0	False	NonReactive-Unq
NC_000962.3	1108577	1109171	-	CDS	Rv0992c	Rv0992c	conserved hypotheticals	conserved hypotheticals	0	3	3	0.0	1108874.0	594	False	False	0	False	NonReactive-Unq
NC_000962.3	1109271	1110192	+	CDS	Rv0993	galU	intermediary metabolism and respiration	intermediary metabolism and respiration	0	5	5	0.0	1109731.5	921	False	False	0	False	NonReactive-Unq
NC_000962.3	1110268	1111549	+	CDS	Rv0994	moeA1	intermediary metabolism and respiration	intermediary metabolism and respiration	0	6	6	0.0	1110908.5	1281	False	False	0	False	NonReactive-Unq
NC_000962.3	1111611	1112223	+	CDS	Rv0995	rimJ	information pathways	information pathways	2	3	5	0.4	1111917.0	612	True	True	0	False	Antigen-Unq
NC_000962.3	1112383	1113460	+	CDS	Rv0996	Rv0996	cell wall and cell processes	cell wall and cell processes	0	5	5	0.0	1112921.5	1077	False	False	0	False	NonReactive-Unq
NC_000962.3	1114292	1114724	+	CDS	Rv0997	Rv0997	conserved hypotheticals	conserved hypotheticals	0	2	2	0.0	1114508.0	432	False	False	0	False	NonReactive-Unq
NC_000962.3	1114747	1115749	+	CDS	Rv0998	Rv0998	conserved hypotheticals	conserved hypotheticals	0	5	5	0.0	1115248.0	1002	False	False	0	False	NonReactive-Unq
NC_000962.3	1115766	1116525	+	CDS	Rv0999	Rv0999	conserved hypotheticals	conserved hypotheticals	0	4	4	0.0	1116145.5	759	False	False	0	False	NonReactive-Unq
NC_000962.3	1116530	1117148	-	CDS	Rv1000c	Rv1000c	conserved hypotheticals	conserved hypotheticals	0	3	3	0.0	1116839.0	618	False	False	0	False	NonReactive-Unq
NC_000962.3	1117184	1118393	+	CDS	Rv1001	arcA	intermediary metabolism and respiration	intermediary metabolism and respiration	0	5	5	0.0	1117788.5	1209	False	False	0	False	NonReactive-Unq
NC_000962.3	1118427	1119939	-	CDS	Rv1002c	Rv1002c	cell wall and cell processes	cell wall and cell processes	0	8	8	0.0	1119183.0	1512	False	False	0	False	NonReactive-Unq
NC_000962.3	1120021	1120879	+	CDS	Rv1003	Rv1003	conserved hypotheticals	conserved hypotheticals	0	3	3	0.0	1120450.0	858	False	False	0	False	NonReactive-Unq
NC_000962.3	1120888	1122148	-	CDS	Rv1004c	Rv1004c	cell wall and cell processes	cell wall and cell processes	0	6	6	0.0	1121518.0	1260	False	False	0	False	NonReactive-Unq
NC_000962.3	1122221	1123598	-	CDS	Rv1005c	pabB	intermediary metabolism and respiration	intermediary metabolism and respiration	0	4	4	0.0	1122909.5	1377	False	False	0	False	NonReactive-Unq
NC_000962.3	1123713	1125417	+	CDS	Rv1006	Rv1006	conserved hypotheticals	conserved hypotheticals	0	8	8	0.0	1124565.0	1704	False	False	0	False	NonReactive-Unq
NC_000962.3	1125443	1127003	-	CDS	Rv1007c	metS	information pathways	information pathways	0	8	8	0.0	1126223.0	1560	False	False	0	False	NonReactive-Unq
NC_000962.3	1127088	1127883	+	CDS	Rv1008	tatD	cell wall and cell processes	cell wall and cell processes	0	4	4	0.0	1127485.5	795	False	False	0	False	NonReactive-Unq
NC_000962.3	1128090	1129179	+	CDS	Rv1009	rpfB	cell wall and cell processes	cell wall and cell processes	0	5	5	0.0	1128634.5	1089	False	False	0	False	NonReactive-Unq
NC_000962.3	1129151	1130105	+	CDS	Rv1010	ksgA	information pathways	information pathways	0	5	5	0.0	1129628.0	954	False	False	0	False	NonReactive-Unq
NC_000962.3	1130190	1131111	+	CDS	Rv1011	ispE	intermediary metabolism and respiration	intermediary metabolism and respiration	0	5	5	0.0	1130650.5	921	False	False	0	False	NonReactive-Unq
NC_000962.3	1131127	1131421	+	CDS	Rv1012	Rv1012	conserved hypotheticals	conserved hypotheticals	0	1	1	0.0	1131274.0	294	False	False	0	False	NonReactive-Unq
NC_000962.3	1131624	1133259	+	CDS	Rv1013	pks16	lipid metabolism	lipid metabolism	0	8	8	0.0	1132441.5	1635	False	False	0	False	NonReactive-Unq
NC_000962.3	1133332	1133908	-	CDS	Rv1014c	pth	intermediary metabolism and respiration	intermediary metabolism and respiration	0	3	3	0.0	1133620.0	576	False	False	0	False	NonReactive-Unq
NC_000962.3	1133920	1134568	-	CDS	Rv1015c	rplY	information pathways	information pathways	0	3	3	0.0	1134244.0	648	False	False	0	False	NonReactive-Unq
NC_000962.3	1134784	1135465	-	CDS	Rv1016c	lpqT	cell wall and cell processes	cell wall and cell processes	0	3	3	0.0	1135124.5	681	False	False	0	False	NonReactive-Unq
NC_000962.3	1135500	1136481	-	CDS	Rv1017c	prsA	intermediary metabolism and respiration	intermediary metabolism and respiration	0	5	5	0.0	1135990.5	981	False	False	0	False	NonReactive-Unq
NC_000962.3	1136572	1138060	-	CDS	Rv1018c	glmU	cell wall and cell processes	cell wall and cell processes	0	6	6	0.0	1137316.0	1488	False	False	0	False	NonReactive-Unq
NC_000962.3	1138314	1138908	+	CDS	Rv1019	Rv1019	regulatory proteins	regulatory proteins	0	3	3	0.0	1138611.0	594	False	False	0	False	NonReactive-Unq
NC_000962.3	1138966	1142671	+	CDS	Rv1020	mfd	information pathways	information pathways	0	10	10	0.0	1140818.5	3705	False	False	0	False	NonReactive-Unq
NC_000962.3	1142670	1143648	+	CDS	Rv1021	Rv1021	conserved hypotheticals	conserved hypotheticals	0	5	5	0.0	1143159.0	978	False	False	0	False	NonReactive-Unq
NC_000962.3	1143735	1144467	+	CDS	Rv1022	lpqU	cell wall and cell processes	cell wall and cell processes	0	4	4	0.0	1144101.0	732	False	False	0	False	NonReactive-Unq
NC_000962.3	1144563	1145853	+	CDS	Rv1023	eno	intermediary metabolism and respiration	intermediary metabolism and respiration	0	6	6	0.0	1145208.0	1290	False	False	0	False	NonReactive-Unq
NC_000962.3	1145857	1146544	+	CDS	Rv1024	Rv1024	cell wall and cell processes	cell wall and cell processes	0	3	3	0.0	1146200.5	687	False	False	0	False	NonReactive-Unq
NC_000962.3	1146560	1147028	+	CDS	Rv1025	Rv1025	conserved hypotheticals	conserved hypotheticals	0	2	2	0.0	1146794.0	468	False	False	0	False	NonReactive-Unq
NC_000962.3	1147018	1147978	+	CDS	Rv1026	Rv1026	virulence, detoxification, adaptation	virulence, detoxification, adaptation	0	5	5	0.0	1147498.0	960	False	False	0	False	NonReactive-Unq
NC_000962.3	1148426	1149107	-	CDS	Rv1027c	kdpE	regulatory proteins	regulatory proteins	0	3	3	0.0	1148766.5	681	False	False	0	False	NonReactive-Unq
NC_000962.3	1149103	1151686	-	CDS	Rv1028c	kdpD	regulatory proteins	regulatory proteins	0	10	10	0.0	1150394.5	2583	False	False	0	False	NonReactive-Unq
NC_000962.3	1151919	1152012	+	CDS	Rv1028A	kdpF	cell wall and cell processes	cell wall and cell processes	0	2	2	0.0	1151965.5	93	False	False	0	False	NonReactive-Unq
NC_000962.3	1152011	1153727	+	CDS	Rv1029	kdpA	cell wall and cell processes	cell wall and cell processes	0	9	9	0.0	1152869.0	1716	False	False	0	False	NonReactive-Unq
NC_000962.3	1153723	1155853	+	CDS	Rv1030	kdpB	cell wall and cell processes	cell wall and cell processes	0	10	10	0.0	1154788.0	2130	False	False	0	False	NonReactive-Unq
NC_000962.3	1155852	1156422	+	CDS	Rv1031	kdpC	cell wall and cell processes	cell wall and cell processes	0	3	3	0.0	1156137.0	570	False	False	0	False	NonReactive-Unq
NC_000962.3	1156425	1157955	-	CDS	Rv1032c	trcS	regulatory proteins	regulatory proteins	0	8	8	0.0	1157190.0	1530	False	False	0	False	NonReactive-Unq
NC_000962.3	1157962	1158736	-	CDS	Rv1033c	trcR	regulatory proteins	regulatory proteins	0	3	3	0.0	1158349.0	774	False	False	0	False	NonReactive-Unq
NC_000962.3	1160543	1160828	-	CDS	Rv1037c	esxI	cell wall and cell processes	esx	10	9	19	0.5263157894736842	1160685.5	285	True	True	1	True	Antigen-HHR
NC_000962.3	1160854	1161151	-	CDS	Rv1038c	esxJ	cell wall and cell processes	esx	11	7	18	0.6111111111111112	1161002.5	297	True	True	1	True	Antigen-HHR
NC_000962.3	1161296	1162472	-	CDS	Rv1039c	PPE15	PE/PPE	PE/PPE	0	6	6	0.0	1161884.0	1176	False	False	0	False	NonReactive-Unq
NC_000962.3	1162548	1163376	-	CDS	Rv1040c	PE8	PE/PPE	PE/PPE	0	4	4	0.0	1162962.0	828	False	False	0	False	NonReactive-Unq
NC_000962.3	1164571	1165435	-	CDS	Rv1041c	Rv1041c	insertion seqs and phages	insertion seqs and phages	0	4	4	0.0	1165003.0	864	False	False	1	True	NonReactive-HHR
NC_000962.3	1165091	1165499	-	CDS	Rv1042c	Rv1042c	insertion seqs and phages	insertion seqs and phages	0	3	3	0.0	1165295.0	408	False	False	1	True	NonReactive-HHR
NC_000962.3	1165780	1166806	-	CDS	Rv1043c	Rv1043c	conserved hypotheticals	conserved hypotheticals	0	5	5	0.0	1166293.0	1026	False	False	0	False	NonReactive-Unq
NC_000962.3	1167052	1167676	+	CDS	Rv1044	Rv1044	conserved hypotheticals	conserved hypotheticals	0	3	3	0.0	1167364.0	624	False	False	0	False	NonReactive-Unq
NC_000962.3	1167672	1168554	+	CDS	Rv1045	Rv1045	conserved hypotheticals	conserved hypotheticals	0	4	4	0.0	1168113.0	882	False	False	0	False	NonReactive-Unq
NC_000962.3	1169422	1170670	+	CDS	Rv1047	Rv1047	insertion seqs and phages	insertion seqs and phages	3	5	8	0.375	1170046.0	1248	True	True	1	True	Antigen-HHR
NC_000962.3	1171037	1172153	-	CDS	Rv1048c	Rv1048c	conserved hypotheticals	conserved hypotheticals	0	6	6	0.0	1171595.0	1116	False	False	0	False	NonReactive-Unq
NC_000962.3	1172385	1172832	+	CDS	Rv1049	Rv1049	regulatory proteins	regulatory proteins	0	2	2	0.0	1172608.5	447	False	False	0	False	NonReactive-Unq
NC_000962.3	1172880	1173786	+	CDS	Rv1050	Rv1050	intermediary metabolism and respiration	intermediary metabolism and respiration	0	4	4	0.0	1173333.0	906	False	False	0	False	NonReactive-Unq
NC_000962.3	1173944	1174700	-	CDS	Rv1051c	Rv1051c	conserved hypotheticals	conserved hypotheticals	0	4	4	0.0	1174322.0	756	False	False	0	False	NonReactive-Unq
NC_000962.3	1175722	1176112	+	CDS	Rv1052	Rv1052	conserved hypotheticals	conserved hypotheticals	0	2	2	0.0	1175917.0	390	False	False	0	False	NonReactive-Unq
NC_000962.3	1177627	1178392	+	CDS	Rv1056	Rv1056	conserved hypotheticals	conserved hypotheticals	0	4	4	0.0	1178009.5	765	False	False	0	False	NonReactive-Unq
NC_000962.3	1179395	1180577	+	CDS	Rv1057	Rv1057	conserved hypotheticals	conserved hypotheticals	0	4	4	0.0	1179986.0	1182	False	False	0	False	NonReactive-Unq
NC_000962.3	1180683	1182315	+	CDS	Rv1058	fadD14	lipid metabolism	lipid metabolism	0	8	8	0.0	1181499.0	1632	False	False	0	False	NonReactive-Unq
NC_000962.3	1182390	1183455	+	CDS	Rv1059	Rv1059	conserved hypotheticals	conserved hypotheticals	0	4	4	0.0	1182922.5	1065	False	False	0	False	NonReactive-Unq
NC_000962.3	1183507	1183981	+	CDS	Rv1060	Rv1060	conserved hypotheticals	conserved hypotheticals	0	2	2	0.0	1183744.0	474	False	False	0	False	NonReactive-Unq
NC_000962.3	1184014	1184878	+	CDS	Rv1061	Rv1061	conserved hypotheticals	conserved hypotheticals	0	4	4	0.0	1184446.0	864	False	False	0	False	NonReactive-Unq
NC_000962.3	1184882	1185740	+	CDS	Rv1062	Rv1062	conserved hypotheticals	conserved hypotheticals	0	4	4	0.0	1185311.0	858	False	False	0	False	NonReactive-Unq
NC_000962.3	1185740	1186823	-	CDS	Rv1063c	Rv1063c	conserved hypotheticals	conserved hypotheticals	0	5	5	0.0	1186281.5	1083	False	False	0	False	NonReactive-Unq
NC_000962.3	1186903	1187323	-	CDS	Rv1064c	lpqV	cell wall and cell processes	cell wall and cell processes	0	2	2	0.0	1187113.0	420	False	False	0	False	NonReactive-Unq
NC_000962.3	1187434	1188001	+	CDS	Rv1065	Rv1065	conserved hypotheticals	conserved hypotheticals	0	2	2	0.0	1187717.5	567	False	False	0	False	NonReactive-Unq
NC_000962.3	1187997	1188393	+	CDS	Rv1066	Rv1066	conserved hypotheticals	conserved hypotheticals	0	1	1	0.0	1188195.0	396	False	False	0	False	NonReactive-Unq
NC_000962.3	1188420	1190424	-	CDS	Rv1067c	PE_PGRS19	PE/PPE	PE/PPE	0	11	11	0.0	1189422.0	2004	False	False	1	True	NonReactive-HHR
NC_000962.3	1190756	1192148	-	CDS	Rv1068c	PE_PGRS20	PE/PPE	PE/PPE	0	7	7	0.0	1191452.0	1392	False	False	1	True	NonReactive-HHR
NC_000962.3	1192509	1194273	-	CDS	Rv1069c	Rv1069c	conserved hypotheticals	conserved hypotheticals	0	9	9	0.0	1193391.0	1764	False	False	0	False	NonReactive-Unq
NC_000962.3	1194269	1195043	-	CDS	Rv1070c	echA8	lipid metabolism	lipid metabolism	0	4	4	0.0	1194656.0	774	False	False	0	False	NonReactive-Unq
NC_000962.3	1195054	1196092	-	CDS	Rv1071c	echA9	lipid metabolism	lipid metabolism	0	5	5	0.0	1195573.0	1038	False	False	0	False	NonReactive-Unq
NC_000962.3	1196278	1197115	+	CDS	Rv1072	Rv1072	cell wall and cell processes	cell wall and cell processes	0	4	4	0.0	1196696.5	837	False	False	0	False	NonReactive-Unq
NC_000962.3	1197230	1198082	+	CDS	Rv1073	Rv1073	conserved hypotheticals	conserved hypotheticals	0	4	4	0.0	1197656.0	852	False	False	0	False	NonReactive-Unq
NC_000962.3	1198155	1199373	-	CDS	Rv1074c	fadA3	lipid metabolism	lipid metabolism	0	6	6	0.0	1198764.0	1218	False	False	0	False	NonReactive-Unq
NC_000962.3	1199425	1200370	-	CDS	Rv1075c	Rv1075c	cell wall and cell processes	cell wall and cell processes	0	5	5	0.0	1199897.5	945	False	False	0	False	NonReactive-Unq
NC_000962.3	1200766	1201660	+	CDS	Rv1076	lipU	intermediary metabolism and respiration	intermediary metabolism and respiration	0	3	3	0.0	1201213.0	894	False	False	0	False	NonReactive-Unq
NC_000962.3	1201716	1203111	+	CDS	Rv1077	cbs	intermediary metabolism and respiration	intermediary metabolism and respiration	0	7	7	0.0	1202413.5	1395	False	False	0	False	NonReactive-Unq
NC_000962.3	1203312	1204035	+	CDS	Rv1078	pra	conserved hypotheticals	conserved hypotheticals	0	4	4	0.0	1203673.5	723	False	False	0	False	NonReactive-Unq
NC_000962.3	1204066	1205233	+	CDS	Rv1079	metB	intermediary metabolism and respiration	intermediary metabolism and respiration	0	6	6	0.0	1204649.5	1167	False	False	0	False	NonReactive-Unq
NC_000962.3	1205303	1205798	-	CDS	Rv1080c	greA	information pathways	information pathways	0	2	2	0.0	1205550.5	495	False	False	0	False	NonReactive-Unq
NC_000962.3	1205983	1206418	-	CDS	Rv1081c	Rv1081c	cell wall and cell processes	cell wall and cell processes	0	2	2	0.0	1206200.5	435	False	False	0	False	NonReactive-Unq
NC_000962.3	1206519	1207386	+	CDS	Rv1082	mca	virulence, detoxification, adaptation	virulence, detoxification, adaptation	0	4	4	0.0	1206952.5	867	False	False	0	False	NonReactive-Unq
NC_000962.3	1207382	1207649	+	CDS	Rv1083	Rv1083	conserved hypotheticals	conserved hypotheticals	0	2	2	0.0	1207515.5	267	False	False	0	False	NonReactive-Unq
NC_000962.3	1207635	1209657	+	CDS	Rv1084	Rv1084	conserved hypotheticals	conserved hypotheticals	0	9	9	0.0	1208646.0	2022	False	False	0	False	NonReactive-Unq
NC_000962.3	1209755	1210484	-	CDS	Rv1085c	Rv1085c	virulence, detoxification, adaptation	virulence, detoxification, adaptation	0	3	3	0.0	1210119.5	729	False	False	0	False	NonReactive-Unq
NC_000962.3	1210594	1211383	+	CDS	Rv1086	Rv1086	cell wall and cell processes	cell wall and cell processes	0	4	4	0.0	1210988.5	789	False	False	0	False	NonReactive-Unq
NC_000962.3	1211559	1213863	+	CDS	Rv1087	PE_PGRS21	PE/PPE	PE/PPE	0	9	9	0.0	1212711.0	2304	False	False	1	True	NonReactive-HHR
NC_000962.3	1214512	1214947	+	CDS	Rv1088	PE9	PE/PPE	PE/PPE	0	1	1	0.0	1214729.5	435	False	False	0	False	NonReactive-Unq
NC_000962.3	1216468	1219030	+	CDS	Rv1091	PE_PGRS22	PE/PPE	PE/PPE	0	10	10	0.0	1217749.0	2562	False	False	1	True	NonReactive-HHR
NC_000962.3	1219247	1220186	-	CDS	Rv1092c	coaA	intermediary metabolism and respiration	intermediary metabolism and respiration	0	5	5	0.0	1219716.5	939	False	False	0	False	NonReactive-Unq
NC_000962.3	1220573	1221854	+	CDS	Rv1093	glyA1	intermediary metabolism and respiration	intermediary metabolism and respiration	0	6	6	0.0	1221213.5	1281	False	False	0	False	NonReactive-Unq
NC_000962.3	1221958	1222786	+	CDS	Rv1094	desA2	lipid metabolism	lipid metabolism	0	4	4	0.0	1222372.0	828	False	False	0	False	NonReactive-Unq
NC_000962.3	1222996	1224298	+	CDS	Rv1095	phoH2	intermediary metabolism and respiration	intermediary metabolism and respiration	0	6	6	0.0	1223647.0	1302	False	False	0	False	NonReactive-Unq
NC_000962.3	1224384	1225260	+	CDS	Rv1096	Rv1096	intermediary metabolism and respiration	intermediary metabolism and respiration	0	4	4	0.0	1224822.0	876	False	False	0	False	NonReactive-Unq
NC_000962.3	1225262	1226144	-	CDS	Rv1097c	Rv1097c	cell wall and cell processes	cell wall and cell processes	0	4	4	0.0	1225703.0	882	False	False	0	False	NonReactive-Unq
NC_000962.3	1226140	1227565	-	CDS	Rv1098c	fum	intermediary metabolism and respiration	intermediary metabolism and respiration	0	7	7	0.0	1226852.5	1425	False	False	0	False	NonReactive-Unq
NC_000962.3	1227595	1228684	-	CDS	Rv1099c	glpX	intermediary metabolism and respiration	intermediary metabolism and respiration	0	5	5	0.0	1228139.5	1089	False	False	0	False	NonReactive-Unq
NC_000962.3	1228682	1229384	+	CDS	Rv1100	Rv1100	conserved hypotheticals	conserved hypotheticals	0	3	3	0.0	1229033.0	702	False	False	0	False	NonReactive-Unq
NC_000962.3	1229390	1230548	-	CDS	Rv1101c	Rv1101c	cell wall and cell processes	cell wall and cell processes	0	6	6	0.0	1229969.0	1158	False	False	0	False	NonReactive-Unq
NC_000962.3	1230659	1230971	-	CDS	Rv1102c	mazF3	virulence, detoxification, adaptation	virulence, detoxification, adaptation	0	2	2	0.0	1230815.0	312	False	False	0	False	NonReactive-Unq
NC_000962.3	1230970	1231291	-	CDS	Rv1103c	mazE3	virulence, detoxification, adaptation	virulence, detoxification, adaptation	0	2	2	0.0	1231130.5	321	False	False	0	False	NonReactive-Unq
NC_000962.3	1232843	1233956	-	CDS	Rv1106c	Rv1106c	intermediary metabolism and respiration	intermediary metabolism and respiration	0	6	6	0.0	1233399.5	1113	False	False	0	False	NonReactive-Unq
NC_000962.3	1233965	1234223	-	CDS	Rv1107c	xseB	information pathways	information pathways	0	2	2	0.0	1234094.0	258	False	False	0	False	NonReactive-Unq
NC_000962.3	1234212	1235460	-	CDS	Rv1108c	xseA	information pathways	information pathways	0	6	6	0.0	1234836.0	1248	False	False	0	False	NonReactive-Unq
NC_000962.3	1235456	1236095	-	CDS	Rv1109c	Rv1109c	conserved hypotheticals	conserved hypotheticals	0	3	3	0.0	1235775.5	639	False	False	0	False	NonReactive-Unq
NC_000962.3	1236184	1237192	+	CDS	Rv1110	lytB2	cell wall and cell processes	cell wall and cell processes	0	5	5	0.0	1236688.0	1008	False	False	0	False	NonReactive-Unq
NC_000962.3	1237208	1238192	-	CDS	Rv1111c	Rv1111c	conserved hypotheticals	conserved hypotheticals	1	4	5	0.2	1237700.0	984	True	False	0	False	NonReactive-Unq
NC_000962.3	1238254	1239328	+	CDS	Rv1112	Rv1112	conserved hypotheticals	conserved hypotheticals	0	5	5	0.0	1238791.0	1074	False	False	0	False	NonReactive-Unq
NC_000962.3	1239415	1239613	+	CDS	Rv1113	vapB32	virulence, detoxification, adaptation	virulence, detoxification, adaptation	0	2	2	0.0	1239514.0	198	False	False	0	False	NonReactive-Unq
NC_000962.3	1239609	1239984	+	CDS	Rv1114	vapC32	virulence, detoxification, adaptation	virulence, detoxification, adaptation	0	2	2	0.0	1239796.5	375	False	False	0	False	NonReactive-Unq
NC_000962.3	1240186	1240885	+	CDS	Rv1115	Rv1115	cell wall and cell processes	cell wall and cell processes	0	3	3	0.0	1240535.5	699	False	False	0	False	NonReactive-Unq
NC_000962.3	1241002	1241188	+	CDS	Rv1116	Rv1116	conserved hypotheticals	conserved hypotheticals	0	1	1	0.0	1241095.0	186	False	False	0	False	NonReactive-Unq
NC_000962.3	1241632	1241956	+	CDS	Rv1117	Rv1117	conserved hypotheticals	conserved hypotheticals	0	2	2	0.0	1241794.0	324	False	False	0	False	NonReactive-Unq
NC_000962.3	1241970	1242831	-	CDS	Rv1118c	Rv1118c	conserved hypotheticals	conserved hypotheticals	0	4	4	0.0	1242400.5	861	False	False	0	False	NonReactive-Unq
NC_000962.3	1242863	1243013	-	CDS	Rv1119c	Rv1119c	conserved hypotheticals	conserved hypotheticals	0	1	1	0.0	1242938.0	150	False	False	0	False	NonReactive-Unq
NC_000962.3	1243009	1243504	-	CDS	Rv1120c	Rv1120c	conserved hypotheticals	conserved hypotheticals	0	2	2	0.0	1243256.5	495	False	False	0	False	NonReactive-Unq
NC_000962.3	1243706	1245107	+	CDS	Rv1121	zwf1	intermediary metabolism and respiration	intermediary metabolism and respiration	0	7	7	0.0	1244406.5	1401	False	False	0	False	NonReactive-Unq
NC_000962.3	1245128	1246151	+	CDS	Rv1122	gnd2	intermediary metabolism and respiration	intermediary metabolism and respiration	1	5	6	0.16666666666666666	1245639.5	1023	True	False	0	False	NonReactive-Unq
NC_000962.3	1246143	1247052	-	CDS	Rv1123c	bpoB	virulence, detoxification, adaptation	virulence, detoxification, adaptation	0	5	5	0.0	1246597.5	909	False	False	0	False	NonReactive-Unq
NC_000962.3	1247126	1248077	+	CDS	Rv1124	ephC	virulence, detoxification, adaptation	virulence, detoxification, adaptation	0	5	5	0.0	1247601.5	951	False	False	0	False	NonReactive-Unq
NC_000962.3	1248081	1249326	+	CDS	Rv1125	Rv1125	conserved hypotheticals	conserved hypotheticals	0	6	6	0.0	1248703.5	1245	False	False	0	False	NonReactive-Unq
NC_000962.3	1249329	1249935	-	CDS	Rv1126c	Rv1126c	conserved hypotheticals	conserved hypotheticals	0	3	3	0.0	1249632.0	606	False	False	0	False	NonReactive-Unq
NC_000962.3	1249931	1251404	-	CDS	Rv1127c	ppdK	intermediary metabolism and respiration	intermediary metabolism and respiration	0	7	7	0.0	1250667.5	1473	False	False	0	False	NonReactive-Unq
NC_000962.3	1251616	1252972	-	CDS	Rv1128c	Rv1128c	insertion seqs and phages	REP13E12_Repeat	0	7	7	0.0	1252294.0	1356	False	False	0	False	NonReactive-Unq
NC_000962.3	1253073	1254534	-	CDS	Rv1129c	Rv1129c	regulatory proteins	regulatory proteins	0	7	7	0.0	1253803.5	1461	False	False	0	False	NonReactive-Unq
NC_000962.3	1254554	1256135	+	CDS	Rv1130	prpD	intermediary metabolism and respiration	intermediary metabolism and respiration	0	8	8	0.0	1255344.5	1581	False	False	0	False	NonReactive-Unq
NC_000962.3	1256131	1257313	+	CDS	Rv1131	prpC	intermediary metabolism and respiration	intermediary metabolism and respiration	0	6	6	0.0	1256722.0	1182	False	False	0	False	NonReactive-Unq
NC_000962.3	1257324	1259055	+	CDS	Rv1132	Rv1132	cell wall and cell processes	cell wall and cell processes	0	9	9	0.0	1258189.5	1731	False	False	0	False	NonReactive-Unq
NC_000962.3	1259066	1261346	-	CDS	Rv1133c	metE	intermediary metabolism and respiration	intermediary metabolism and respiration	0	10	10	0.0	1260206.0	2280	False	False	0	False	NonReactive-Unq
NC_000962.3	1261921	1262158	+	CDS	Rv1134	Rv1134	conserved hypotheticals	conserved hypotheticals	0	2	2	0.0	1262039.5	237	False	False	0	False	NonReactive-Unq
NC_000962.3	1262271	1264128	-	CDS	Rv1135c	PPE16	PE/PPE	PE/PPE	0	7	7	0.0	1263199.5	1857	False	False	0	False	NonReactive-Unq
NC_000962.3	1265471	1266488	-	CDS	Rv1138c	Rv1138c	intermediary metabolism and respiration	intermediary metabolism and respiration	0	5	5	0.0	1265979.5	1017	False	False	0	False	NonReactive-Unq
NC_000962.3	1266484	1266985	-	CDS	Rv1139c	Rv1139c	cell wall and cell processes	cell wall and cell processes	0	2	2	0.0	1266734.5	501	False	False	0	False	NonReactive-Unq
NC_000962.3	1267346	1268195	+	CDS	Rv1140	Rv1140	cell wall and cell processes	cell wall and cell processes	0	4	4	0.0	1267770.5	849	False	False	0	False	NonReactive-Unq
NC_000962.3	1268202	1269009	-	CDS	Rv1141c	echA11	lipid metabolism	lipid metabolism	0	4	4	0.0	1268605.5	807	False	False	0	False	NonReactive-Unq
NC_000962.3	1269151	1269958	-	CDS	Rv1142c	echA10	lipid metabolism	lipid metabolism	0	4	4	0.0	1269554.5	807	False	False	0	False	NonReactive-Unq
NC_000962.3	1270061	1271144	+	CDS	Rv1143	mcr	lipid metabolism	lipid metabolism	0	5	5	0.0	1270602.5	1083	False	False	0	False	NonReactive-Unq
NC_000962.3	1271155	1271908	+	CDS	Rv1144	Rv1144	intermediary metabolism and respiration	intermediary metabolism and respiration	0	4	4	0.0	1271531.5	753	False	False	0	False	NonReactive-Unq
NC_000962.3	1272422	1273334	+	CDS	Rv1145	mmpL13a	cell wall and cell processes	cell wall and cell processes	0	4	4	0.0	1272878.0	912	False	False	0	False	NonReactive-Unq
NC_000962.3	1273354	1274767	+	CDS	Rv1146	mmpL13b	cell wall and cell processes	cell wall and cell processes	0	4	4	0.0	1274060.5	1413	False	False	0	False	NonReactive-Unq
NC_000962.3	1274899	1275550	+	CDS	Rv1147	Rv1147	conserved hypotheticals	conserved hypotheticals	0	3	3	0.0	1275224.5	651	False	False	0	False	NonReactive-Unq
NC_000962.3	1276299	1277748	-	CDS	Rv1148c	Rv1148c	insertion seqs and phages	REP13E12_Repeat	0	7	7	0.0	1277023.5	1449	False	False	1	True	NonReactive-HHR
NC_000962.3	1277892	1278300	+	CDS	Rv1149	Rv1149	insertion seqs and phages	insertion seqs and phages	0	3	3	0.0	1278096.0	408	False	False	1	True	NonReactive-HHR
NC_000962.3	1278903	1279617	-	CDS	Rv1151c	Rv1151c	regulatory proteins	regulatory proteins	0	3	3	0.0	1279260.0	714	False	False	0	False	NonReactive-Unq
NC_000962.3	1279654	1280020	+	CDS	Rv1152	Rv1152	regulatory proteins	regulatory proteins	0	2	2	0.0	1279837.0	366	False	False	0	False	NonReactive-Unq
NC_000962.3	1279997	1280846	-	CDS	Rv1153c	omt	lipid metabolism	lipid metabolism	0	4	4	0.0	1280421.5	849	False	False	0	False	NonReactive-Unq
NC_000962.3	1280842	1281484	-	CDS	Rv1154c	Rv1154c	conserved hypotheticals	conserved hypotheticals	0	3	3	0.0	1281163.0	642	False	False	0	False	NonReactive-Unq
NC_000962.3	1281428	1281872	+	CDS	Rv1155	Rv1155	intermediary metabolism and respiration	intermediary metabolism and respiration	0	2	2	0.0	1281650.0	444	False	False	0	False	NonReactive-Unq
NC_000962.3	1282305	1282893	+	CDS	Rv1156	Rv1156	conserved hypotheticals	conserved hypotheticals	0	3	3	0.0	1282599.0	588	False	False	0	False	NonReactive-Unq
NC_000962.3	1283055	1284171	-	CDS	Rv1157c	Rv1157c	conserved hypotheticals	conserved hypotheticals	0	6	6	0.0	1283613.0	1116	False	False	0	False	NonReactive-Unq
NC_000962.3	1284178	1284862	-	CDS	Rv1158c	Rv1158c	conserved hypotheticals	conserved hypotheticals	0	3	3	0.0	1284520.0	684	False	False	0	False	NonReactive-Unq
NC_000962.3	1284991	1286287	+	CDS	Rv1159	pimE	cell wall and cell processes	cell wall and cell processes	0	6	6	0.0	1285639.0	1296	False	False	0	False	NonReactive-Unq
NC_000962.3	1286283	1286568	-	CDS	Rv1159A	Rv1159A	conserved hypotheticals	conserved hypotheticals	0	1	1	0.0	1286425.5	285	False	False	0	False	NonReactive-Unq
NC_000962.3	1286594	1287020	+	CDS	Rv1160	mutT2	information pathways	information pathways	0	2	2	0.0	1286807.0	426	False	False	0	False	NonReactive-Unq
NC_000962.3	1287327	1291026	+	CDS	Rv1161	narG	intermediary metabolism and respiration	intermediary metabolism and respiration	0	11	11	0.0	1289176.5	3699	False	False	1	True	NonReactive-HHR
NC_000962.3	1291064	1292741	+	CDS	Rv1162	narH	intermediary metabolism and respiration	intermediary metabolism and respiration	0	8	8	0.0	1291902.5	1677	False	False	0	False	NonReactive-Unq
NC_000962.3	1292797	1293403	+	CDS	Rv1163	narJ	intermediary metabolism and respiration	intermediary metabolism and respiration	0	3	3	0.0	1293100.0	606	False	False	0	False	NonReactive-Unq
NC_000962.3	1293405	1294146	+	CDS	Rv1164	narI	intermediary metabolism and respiration	intermediary metabolism and respiration	0	4	4	0.0	1293775.5	741	False	False	0	False	NonReactive-Unq
NC_000962.3	1294167	1296054	+	CDS	Rv1165	typA	information pathways	information pathways	0	9	9	0.0	1295110.5	1887	False	False	0	False	NonReactive-Unq
NC_000962.3	1296151	1298059	+	CDS	Rv1166	lpqW	cell wall and cell processes	cell wall and cell processes	0	9	9	0.0	1297105.0	1908	False	False	0	False	NonReactive-Unq
NC_000962.3	1298086	1298692	-	CDS	Rv1167c	Rv1167c	regulatory proteins	regulatory proteins	0	3	3	0.0	1298389.0	606	False	False	0	False	NonReactive-Unq
NC_000962.3	1298763	1299804	-	CDS	Rv1168c	PPE17	PE/PPE	PE/PPE	0	5	5	0.0	1299283.5	1041	False	False	0	False	NonReactive-Unq
NC_000962.3	1299821	1300124	-	CDS	Rv1169c	lipX	PE/PPE	PE/PPE	0	2	2	0.0	1299972.5	303	False	False	0	False	NonReactive-Unq
NC_000962.3	1300303	1301215	+	CDS	Rv1170	mshB	intermediary metabolism and respiration	intermediary metabolism and respiration	0	5	5	0.0	1300759.0	912	False	False	0	False	NonReactive-Unq
NC_000962.3	1301306	1301747	+	CDS	Rv1171	Rv1171	conserved hypotheticals	conserved hypotheticals	0	2	2	0.0	1301526.5	441	False	False	0	False	NonReactive-Unq
NC_000962.3	1301754	1302681	-	CDS	Rv1172c	PE12	PE/PPE	PE/PPE	1	4	5	0.2	1302217.5	927	True	False	0	False	NonReactive-Unq
NC_000962.3	1302930	1305501	+	CDS	Rv1173	fbiC	intermediary metabolism and respiration	intermediary metabolism and respiration	1	8	9	0.1111111111111111	1304215.5	2571	True	False	0	False	NonReactive-Unq
NC_000962.3	1305668	1306001	-	CDS	Rv1174c	TB8.4	cell wall and cell processes	cell wall and cell processes	0	4	4	0.0	1305834.5	333	False	False	0	False	NonReactive-Unq
NC_000962.3	1306201	1308226	-	CDS	Rv1175c	fadH	lipid metabolism	lipid metabolism	0	10	10	0.0	1307213.5	2025	False	False	0	False	NonReactive-Unq
NC_000962.3	1308222	1308792	-	CDS	Rv1176c	Rv1176c	conserved hypotheticals	conserved hypotheticals	0	3	3	0.0	1308507.0	570	False	False	0	False	NonReactive-Unq
NC_000962.3	1309004	1309331	+	CDS	Rv1177	fdxC	intermediary metabolism and respiration	intermediary metabolism and respiration	0	2	2	0.0	1309167.5	327	False	False	0	False	NonReactive-Unq
NC_000962.3	1309363	1310452	+	CDS	Rv1178	Rv1178	intermediary metabolism and respiration	intermediary metabolism and respiration	0	5	5	0.0	1309907.5	1089	False	False	0	False	NonReactive-Unq
NC_000962.3	1310479	1313299	-	CDS	Rv1179c	Rv1179c	conserved hypotheticals	conserved hypotheticals	0	8	8	0.0	1311889.0	2820	False	False	0	False	NonReactive-Unq
NC_000962.3	1313724	1315191	+	CDS	Rv1180	pks3	lipid metabolism	lipid metabolism	0	4	4	0.0	1314457.5	1467	False	False	0	False	NonReactive-Unq
NC_000962.3	1315233	1319982	+	CDS	Rv1181	pks4	lipid metabolism	lipid metabolism	0	11	11	0.0	1317607.5	4749	False	False	0	False	NonReactive-Unq
NC_000962.3	1320034	1321453	+	CDS	Rv1182	papA3	lipid metabolism	lipid metabolism	0	7	7	0.0	1320743.5	1419	False	False	0	False	NonReactive-Unq
NC_000962.3	1321519	1324528	+	CDS	Rv1183	mmpL10	cell wall and cell processes	cell wall and cell processes	0	10	10	0.0	1323023.5	3009	False	False	0	False	NonReactive-Unq
NC_000962.3	1324531	1325611	-	CDS	Rv1184c	Rv1184c	cell wall and cell processes	cell wall and cell processes	0	5	5	0.0	1325071.0	1080	False	False	0	False	NonReactive-Unq
NC_000962.3	1325775	1327512	-	CDS	Rv1185c	fadD21	lipid metabolism	lipid metabolism	0	9	9	0.0	1326643.5	1737	False	False	0	False	NonReactive-Unq
NC_000962.3	1327688	1329305	-	CDS	Rv1186c	Rv1186c	conserved hypotheticals	conserved hypotheticals	0	8	8	0.0	1328496.5	1617	False	False	0	False	NonReactive-Unq
NC_000962.3	1329389	1331021	+	CDS	Rv1187	rocA	intermediary metabolism and respiration	intermediary metabolism and respiration	0	8	8	0.0	1330205.0	1632	False	False	0	False	NonReactive-Unq
NC_000962.3	1331020	1332010	+	CDS	Rv1188	Rv1188	intermediary metabolism and respiration	intermediary metabolism and respiration	0	5	5	0.0	1331515.0	990	False	False	0	False	NonReactive-Unq
NC_000962.3	1332091	1332964	+	CDS	Rv1189	sigI	information pathways	information pathways	0	4	4	0.0	1332527.5	873	False	False	0	False	NonReactive-Unq
NC_000962.3	1332979	1333858	+	CDS	Rv1190	Rv1190	conserved hypotheticals	conserved hypotheticals	0	3	3	0.0	1333418.5	879	False	False	0	False	NonReactive-Unq
NC_000962.3	1333930	1334845	+	CDS	Rv1191	Rv1191	conserved hypotheticals	conserved hypotheticals	0	5	5	0.0	1334387.5	915	False	False	0	False	NonReactive-Unq
NC_000962.3	1334926	1335754	+	CDS	Rv1192	Rv1192	conserved hypotheticals	conserved hypotheticals	0	3	3	0.0	1335340.0	828	False	False	0	False	NonReactive-Unq
NC_000962.3	1335793	1337215	+	CDS	Rv1193	fadD36	lipid metabolism	lipid metabolism	0	7	7	0.0	1336504.0	1422	False	False	0	False	NonReactive-Unq
NC_000962.3	1337247	1338513	-	CDS	Rv1194c	Rv1194c	conserved hypotheticals	conserved hypotheticals	0	6	6	0.0	1337880.0	1266	False	False	0	False	NonReactive-Unq
NC_000962.3	1339002	1339302	+	CDS	Rv1195	PE13	PE/PPE	PE/PPE	2	0	2	1.0	1339152.0	300	True	True	1	True	Antigen-HHR
NC_000962.3	1339348	1340524	+	CDS	Rv1196	PPE18	PE/PPE	PE/PPE	27	56	83	0.3253012048192771	1339936.0	1176	True	True	2	True	Antigen-HHR
NC_000962.3	1340658	1340955	+	CDS	Rv1197	esxK	cell wall and cell processes	esx	10	6	16	0.625	1340806.5	297	True	True	1	True	Antigen-HHR
NC_000962.3	1341005	1341290	+	CDS	Rv1198	esxL	cell wall and cell processes	esx	9	7	16	0.5625	1341147.5	285	True	True	1	True	Antigen-HHR
NC_000962.3	1341357	1342605	-	CDS	Rv1199c	Rv1199c	insertion seqs and phages	insertion seqs and phages	3	5	8	0.375	1341981.0	1248	True	True	1	True	Antigen-HHR
NC_000962.3	1342941	1344219	+	CDS	Rv1200	Rv1200	cell wall and cell processes	cell wall and cell processes	0	6	6	0.0	1343580.0	1278	False	False	0	False	NonReactive-Unq
NC_000962.3	1344215	1345169	-	CDS	Rv1201c	dapD	intermediary metabolism and respiration	intermediary metabolism and respiration	0	5	5	0.0	1344692.0	954	False	False	0	False	NonReactive-Unq
NC_000962.3	1345259	1346324	+	CDS	Rv1202	dapE	intermediary metabolism and respiration	intermediary metabolism and respiration	0	5	5	0.0	1345791.5	1065	False	False	0	False	NonReactive-Unq
NC_000962.3	1346320	1346905	-	CDS	Rv1203c	Rv1203c	conserved hypotheticals	conserved hypotheticals	0	3	3	0.0	1346612.5	585	False	False	0	False	NonReactive-Unq
NC_000962.3	1346935	1348624	-	CDS	Rv1204c	Rv1204c	conserved hypotheticals	conserved hypotheticals	0	8	8	0.0	1347779.5	1689	False	False	0	False	NonReactive-Unq
NC_000962.3	1348718	1349282	+	CDS	Rv1205	Rv1205	conserved hypotheticals	conserved hypotheticals	0	3	3	0.0	1349000.0	564	False	False	0	False	NonReactive-Unq
NC_000962.3	1349331	1351125	+	CDS	Rv1206	fadD6	lipid metabolism	lipid metabolism	0	9	9	0.0	1350228.0	1794	False	False	0	False	NonReactive-Unq
NC_000962.3	1351190	1352147	+	CDS	Rv1207	folP2	intermediary metabolism and respiration	intermediary metabolism and respiration	0	5	5	0.0	1351668.5	957	False	False	0	False	NonReactive-Unq
NC_000962.3	1352143	1353118	+	CDS	Rv1208	gpgS	intermediary metabolism and respiration	intermediary metabolism and respiration	0	5	5	0.0	1352630.5	975	False	False	0	False	NonReactive-Unq
NC_000962.3	1353156	1353525	+	CDS	Rv1209	Rv1209	conserved hypotheticals	conserved hypotheticals	0	3	3	0.0	1353340.5	369	False	False	0	False	NonReactive-Unq
NC_000962.3	1353521	1354136	+	CDS	Rv1210	tagA	information pathways	information pathways	0	3	3	0.0	1353828.5	615	False	False	0	False	NonReactive-Unq
NC_000962.3	1354242	1354470	+	CDS	Rv1211	Rv1211	conserved hypotheticals	conserved hypotheticals	0	2	2	0.0	1354356.0	228	False	False	0	False	NonReactive-Unq
NC_000962.3	1354497	1355661	-	CDS	Rv1212c	glgA	intermediary metabolism and respiration	intermediary metabolism and respiration	0	6	6	0.0	1355079.0	1164	False	False	0	False	NonReactive-Unq
NC_000962.3	1355835	1357050	+	CDS	Rv1213	glgC	intermediary metabolism and respiration	intermediary metabolism and respiration	0	6	6	0.0	1356442.5	1215	False	False	0	False	NonReactive-Unq
NC_000962.3	1357292	1357625	-	CDS	Rv1214c	PE14	PE/PPE	PE/PPE	0	2	2	0.0	1357458.5	333	False	False	1	True	NonReactive-HHR
NC_000962.3	1357758	1359444	-	CDS	Rv1215c	Rv1215c	conserved hypotheticals	conserved hypotheticals	0	8	8	0.0	1358601.0	1686	False	False	0	False	NonReactive-Unq
NC_000962.3	1359471	1360146	-	CDS	Rv1216c	Rv1216c	cell wall and cell processes	cell wall and cell processes	0	3	3	0.0	1359808.5	675	False	False	0	False	NonReactive-Unq
NC_000962.3	1360154	1361801	-	CDS	Rv1217c	Rv1217c	cell wall and cell processes	cell wall and cell processes	0	8	8	0.0	1360977.5	1647	False	False	0	False	NonReactive-Unq
NC_000962.3	1361797	1362733	-	CDS	Rv1218c	Rv1218c	cell wall and cell processes	cell wall and cell processes	0	1	1	0.0	1362265.0	936	False	False	0	False	NonReactive-Unq
NC_000962.3	1362722	1363361	-	CDS	Rv1219c	Rv1219c	regulatory proteins	regulatory proteins	0	3	3	0.0	1363041.5	639	False	False	0	False	NonReactive-Unq
NC_000962.3	1363502	1364150	-	CDS	Rv1220c	Rv1220c	intermediary metabolism and respiration	intermediary metabolism and respiration	0	3	3	0.0	1363826.0	648	False	False	0	False	NonReactive-Unq
NC_000962.3	1364412	1365186	+	CDS	Rv1221	sigE	information pathways	information pathways	0	4	4	0.0	1364799.0	774	False	False	0	False	NonReactive-Unq
NC_000962.3	1365343	1365808	+	CDS	Rv1222	rseA	information pathways	information pathways	0	1	1	0.0	1365575.5	465	False	False	0	False	NonReactive-Unq
NC_000962.3	1365874	1367461	+	CDS	Rv1223	htrA	intermediary metabolism and respiration	intermediary metabolism and respiration	0	8	8	0.0	1366667.5	1587	False	False	0	False	NonReactive-Unq
NC_000962.3	1367462	1367858	+	CDS	Rv1224	tatB	cell wall and cell processes	cell wall and cell processes	0	2	2	0.0	1367660.0	396	False	False	0	False	NonReactive-Unq
NC_000962.3	1367890	1368721	-	CDS	Rv1225c	Rv1225c	conserved hypotheticals	conserved hypotheticals	0	4	4	0.0	1368305.5	831	False	False	0	False	NonReactive-Unq
NC_000962.3	1368831	1370295	-	CDS	Rv1226c	Rv1226c	cell wall and cell processes	cell wall and cell processes	0	7	7	0.0	1369563.0	1464	False	False	0	False	NonReactive-Unq
NC_000962.3	1370291	1370825	-	CDS	Rv1227c	Rv1227c	cell wall and cell processes	cell wall and cell processes	1	2	3	0.3333333333333333	1370558.0	534	True	False	0	False	NonReactive-Unq
NC_000962.3	1370919	1371477	+	CDS	Rv1228	lpqX	cell wall and cell processes	cell wall and cell processes	0	3	3	0.0	1371198.0	558	False	False	0	False	NonReactive-Unq
NC_000962.3	1371776	1372949	-	CDS	Rv1229c	mrp	intermediary metabolism and respiration	intermediary metabolism and respiration	0	6	6	0.0	1372362.5	1173	False	False	0	False	NonReactive-Unq
NC_000962.3	1372961	1374197	-	CDS	Rv1230c	Rv1230c	cell wall and cell processes	cell wall and cell processes	0	6	6	0.0	1373579.0	1236	False	False	0	False	NonReactive-Unq
NC_000962.3	1374321	1374864	-	CDS	Rv1231c	Rv1231c	cell wall and cell processes	cell wall and cell processes	0	3	3	0.0	1374592.5	543	False	False	0	False	NonReactive-Unq
NC_000962.3	1374860	1376168	-	CDS	Rv1232c	Rv1232c	conserved hypotheticals	conserved hypotheticals	0	6	6	0.0	1375514.0	1308	False	False	0	False	NonReactive-Unq
NC_000962.3	1376229	1376826	-	CDS	Rv1233c	Rv1233c	cell wall and cell processes	cell wall and cell processes	0	3	3	0.0	1376527.5	597	False	False	0	False	NonReactive-Unq
NC_000962.3	1376975	1377503	+	CDS	Rv1234	Rv1234	cell wall and cell processes	cell wall and cell processes	0	3	3	0.0	1377239.0	528	False	False	0	False	NonReactive-Unq
NC_000962.3	1377523	1378930	+	CDS	Rv1235	lpqY	cell wall and cell processes	cell wall and cell processes	0	7	7	0.0	1378226.5	1407	False	False	0	False	NonReactive-Unq
NC_000962.3	1378926	1379850	+	CDS	Rv1236	sugA	cell wall and cell processes	cell wall and cell processes	0	5	5	0.0	1379388.0	924	False	False	0	False	NonReactive-Unq
NC_000962.3	1379854	1380679	+	CDS	Rv1237	sugB	cell wall and cell processes	cell wall and cell processes	0	4	4	0.0	1380266.5	825	False	False	0	False	NonReactive-Unq
NC_000962.3	1380683	1381865	+	CDS	Rv1238	sugC	cell wall and cell processes	cell wall and cell processes	0	6	6	0.0	1381274.0	1182	False	False	0	False	NonReactive-Unq
NC_000962.3	1381941	1383042	-	CDS	Rv1239c	corA	cell wall and cell processes	cell wall and cell processes	0	5	5	0.0	1382491.5	1101	False	False	0	False	NonReactive-Unq
NC_000962.3	1383212	1384202	+	CDS	Rv1240	mdh	intermediary metabolism and respiration	intermediary metabolism and respiration	0	5	5	0.0	1383707.0	990	False	False	0	False	NonReactive-Unq
NC_000962.3	1384277	1384538	+	CDS	Rv1241	vapB33	virulence, detoxification, adaptation	virulence, detoxification, adaptation	0	1	1	0.0	1384407.5	261	False	False	0	False	NonReactive-Unq
NC_000962.3	1384534	1384966	+	CDS	Rv1242	vapC33	virulence, detoxification, adaptation	virulence, detoxification, adaptation	0	2	2	0.0	1384750.0	432	False	False	0	False	NonReactive-Unq
NC_000962.3	1384988	1386677	-	CDS	Rv1243c	PE_PGRS23	PE/PPE	PE/PPE	0	7	7	0.0	1385832.5	1689	False	False	0	False	NonReactive-Unq
NC_000962.3	1386856	1387717	+	CDS	Rv1244	lpqZ	cell wall and cell processes	cell wall and cell processes	0	4	4	0.0	1387286.5	861	False	False	0	False	NonReactive-Unq
NC_000962.3	1387797	1388628	-	CDS	Rv1245c	Rv1245c	intermediary metabolism and respiration	intermediary metabolism and respiration	0	4	4	0.0	1388212.5	831	False	False	0	False	NonReactive-Unq
NC_000962.3	1388684	1388978	-	CDS	Rv1246c	relE	virulence, detoxification, adaptation	virulence, detoxification, adaptation	0	2	2	0.0	1388831.0	294	False	False	0	False	NonReactive-Unq
NC_000962.3	1388974	1389244	-	CDS	Rv1247c	relB	virulence, detoxification, adaptation	virulence, detoxification, adaptation	0	2	2	0.0	1389109.0	270	False	False	0	False	NonReactive-Unq
NC_000962.3	1389356	1393052	-	CDS	Rv1248c	Rv1248c	intermediary metabolism and respiration	intermediary metabolism and respiration	0	10	10	0.0	1391204.0	3696	False	False	0	False	NonReactive-Unq
NC_000962.3	1393193	1393982	-	CDS	Rv1249c	Rv1249c	cell wall and cell processes	cell wall and cell processes	0	3	3	0.0	1393587.5	789	False	False	0	False	NonReactive-Unq
NC_000962.3	1394178	1395918	+	CDS	Rv1250	Rv1250	cell wall and cell processes	cell wall and cell processes	0	9	9	0.0	1395048.0	1740	False	False	0	False	NonReactive-Unq
NC_000962.3	1395820	1399240	-	CDS	Rv1251c	Rv1251c	conserved hypotheticals	conserved hypotheticals	0	10	10	0.0	1397530.0	3420	False	False	0	False	NonReactive-Unq
NC_000962.3	1399295	1399904	-	CDS	Rv1252c	lprE	cell wall and cell processes	cell wall and cell processes	0	3	3	0.0	1399599.5	609	False	False	0	False	NonReactive-Unq
NC_000962.3	1399969	1401661	+	CDS	Rv1253	deaD	information pathways	information pathways	0	8	8	0.0	1400815.0	1692	False	False	0	False	NonReactive-Unq
NC_000962.3	1401657	1402809	+	CDS	Rv1254	Rv1254	intermediary metabolism and respiration	intermediary metabolism and respiration	0	6	6	0.0	1402233.0	1152	False	False	0	False	NonReactive-Unq
NC_000962.3	1402777	1403386	-	CDS	Rv1255c	Rv1255c	regulatory proteins	regulatory proteins	0	3	3	0.0	1403081.5	609	False	False	0	False	NonReactive-Unq
NC_000962.3	1403385	1404603	-	CDS	Rv1256c	cyp130	intermediary metabolism and respiration	intermediary metabolism and respiration	0	6	6	0.0	1403994.0	1218	False	False	0	False	NonReactive-Unq
NC_000962.3	1404716	1406084	-	CDS	Rv1257c	Rv1257c	intermediary metabolism and respiration	intermediary metabolism and respiration	0	7	7	0.0	1405400.0	1368	False	False	0	False	NonReactive-Unq
NC_000962.3	1406080	1407340	-	CDS	Rv1258c	Rv1258c	cell wall and cell processes	cell wall and cell processes	0	6	6	0.0	1406710.0	1260	False	False	0	False	NonReactive-Unq
NC_000962.3	1407338	1408238	+	CDS	Rv1259	udgB	information pathways	information pathways	0	3	3	0.0	1407788.0	900	False	False	0	False	NonReactive-Unq
NC_000962.3	1408239	1409358	+	CDS	Rv1260	Rv1260	intermediary metabolism and respiration	intermediary metabolism and respiration	0	6	6	0.0	1408798.5	1119	False	False	0	False	NonReactive-Unq
NC_000962.3	1409483	1409933	-	CDS	Rv1261c	Rv1261c	conserved hypotheticals	conserved hypotheticals	0	2	2	0.0	1409708.0	450	False	False	0	False	NonReactive-Unq
NC_000962.3	1409937	1410372	-	CDS	Rv1262c	Rv1262c	conserved hypotheticals	conserved hypotheticals	0	2	2	0.0	1410154.5	435	False	False	0	False	NonReactive-Unq
NC_000962.3	1410430	1411819	+	CDS	Rv1263	amiB2	intermediary metabolism and respiration	intermediary metabolism and respiration	0	7	7	0.0	1411124.5	1389	False	False	0	False	NonReactive-Unq
NC_000962.3	1411893	1413087	+	CDS	Rv1264	Rv1264	intermediary metabolism and respiration	intermediary metabolism and respiration	0	6	6	0.0	1412490.0	1194	False	False	0	False	NonReactive-Unq
NC_000962.3	1413259	1413940	+	CDS	Rv1265	Rv1265	conserved hypotheticals	conserved hypotheticals	0	3	3	0.0	1413599.5	681	False	False	0	False	NonReactive-Unq
NC_000962.3	1413959	1415840	-	CDS	Rv1266c	pknH	regulatory proteins	regulatory proteins	0	7	7	0.0	1414899.5	1881	False	False	0	False	NonReactive-Unq
NC_000962.3	1416180	1417347	-	CDS	Rv1267c	embR	regulatory proteins	regulatory proteins	0	6	6	0.0	1416763.5	1167	False	False	0	False	NonReactive-Unq
NC_000962.3	1417657	1418356	-	CDS	Rv1268c	Rv1268c	conserved hypotheticals	conserved hypotheticals	0	4	4	0.0	1418006.5	699	False	False	0	False	NonReactive-Unq
NC_000962.3	1418578	1418953	-	CDS	Rv1269c	Rv1269c	cell wall and cell processes	cell wall and cell processes	0	4	4	0.0	1418765.5	375	False	False	0	False	NonReactive-Unq
NC_000962.3	1419013	1419748	-	CDS	Rv1270c	lprA	cell wall and cell processes	cell wall and cell processes	0	3	3	0.0	1419380.5	735	False	False	0	False	NonReactive-Unq
NC_000962.3	1419960	1420302	-	CDS	Rv1271c	Rv1271c	cell wall and cell processes	cell wall and cell processes	0	3	3	0.0	1420131.0	342	False	False	0	False	NonReactive-Unq
NC_000962.3	1420409	1422305	-	CDS	Rv1272c	Rv1272c	cell wall and cell processes	cell wall and cell processes	0	9	9	0.0	1421357.0	1896	False	False	0	False	NonReactive-Unq
NC_000962.3	1422301	1424050	-	CDS	Rv1273c	Rv1273c	cell wall and cell processes	cell wall and cell processes	0	9	9	0.0	1423175.5	1749	False	False	0	False	NonReactive-Unq
NC_000962.3	1424196	1424754	+	CDS	Rv1274	lprB	cell wall and cell processes	cell wall and cell processes	0	2	2	0.0	1424475.0	558	False	False	0	False	NonReactive-Unq
NC_000962.3	1424750	1425293	+	CDS	Rv1275	lprC	cell wall and cell processes	cell wall and cell processes	0	2	2	0.0	1425021.5	543	False	False	0	False	NonReactive-Unq
NC_000962.3	1425437	1425914	-	CDS	Rv1276c	Rv1276c	conserved hypotheticals	conserved hypotheticals	0	1	1	0.0	1425675.5	477	False	False	0	False	NonReactive-Unq
NC_000962.3	1426163	1427417	+	CDS	Rv1277	Rv1277	conserved hypotheticals	conserved hypotheticals	0	6	6	0.0	1426790.0	1254	False	False	0	False	NonReactive-Unq
NC_000962.3	1427413	1430041	+	CDS	Rv1278	Rv1278	conserved hypotheticals	conserved hypotheticals	0	10	10	0.0	1428727.0	2628	False	False	0	False	NonReactive-Unq
NC_000962.3	1430061	1431648	+	CDS	Rv1279	Rv1279	intermediary metabolism and respiration	intermediary metabolism and respiration	0	8	8	0.0	1430854.5	1587	False	False	0	False	NonReactive-Unq
NC_000962.3	1431664	1433440	-	CDS	Rv1280c	oppA	cell wall and cell processes	cell wall and cell processes	0	9	9	0.0	1432552.0	1776	False	False	0	False	NonReactive-Unq
NC_000962.3	1433432	1435271	-	CDS	Rv1281c	oppD	cell wall and cell processes	cell wall and cell processes	0	9	9	0.0	1434351.5	1839	False	False	0	False	NonReactive-Unq
NC_000962.3	1435267	1436143	-	CDS	Rv1282c	oppC	cell wall and cell processes	cell wall and cell processes	0	4	4	0.0	1435705.0	876	False	False	0	False	NonReactive-Unq
NC_000962.3	1436139	1437117	-	CDS	Rv1283c	oppB	cell wall and cell processes	cell wall and cell processes	0	5	5	0.0	1436628.0	978	False	False	0	False	NonReactive-Unq
NC_000962.3	1437323	1437815	+	CDS	Rv1284	canA	intermediary metabolism and respiration	intermediary metabolism and respiration	0	2	2	0.0	1437569.0	492	False	False	0	False	NonReactive-Unq
NC_000962.3	1437908	1438907	+	CDS	Rv1285	cysD	intermediary metabolism and respiration	intermediary metabolism and respiration	0	5	5	0.0	1438407.5	999	False	False	0	False	NonReactive-Unq
NC_000962.3	1438906	1440751	+	CDS	Rv1286	cysN	intermediary metabolism and respiration	intermediary metabolism and respiration	0	9	9	0.0	1439828.5	1845	False	False	0	False	NonReactive-Unq
NC_000962.3	1440804	1441290	+	CDS	Rv1287	Rv1287	conserved hypotheticals	conserved hypotheticals	0	2	2	0.0	1441047.0	486	False	False	0	False	NonReactive-Unq
NC_000962.3	1441347	1442718	+	CDS	Rv1288	Rv1288	conserved hypotheticals	conserved hypotheticals	0	7	7	0.0	1442032.5	1371	False	False	0	False	NonReactive-Unq
NC_000962.3	1442766	1443399	+	CDS	Rv1289	Rv1289	conserved hypotheticals	conserved hypotheticals	0	3	3	0.0	1443082.5	633	False	False	0	False	NonReactive-Unq
NC_000962.3	1443481	1445047	-	CDS	Rv1290c	Rv1290c	conserved hypotheticals	conserved hypotheticals	0	8	8	0.0	1444264.0	1566	False	False	0	False	NonReactive-Unq
NC_000962.3	1445057	1445372	+	CDS	Rv1290A	Rv1290A	conserved hypotheticals	conserved hypotheticals	0	1	1	0.0	1445214.5	315	False	False	0	False	NonReactive-Unq
NC_000962.3	1446378	1448031	+	CDS	Rv1292	argS	information pathways	information pathways	0	8	8	0.0	1447204.5	1653	False	False	0	False	NonReactive-Unq
NC_000962.3	1448027	1449371	+	CDS	Rv1293	lysA	intermediary metabolism and respiration	intermediary metabolism and respiration	0	7	7	0.0	1448699.0	1344	False	False	0	False	NonReactive-Unq
NC_000962.3	1449374	1450700	+	CDS	Rv1294	thrA	intermediary metabolism and respiration	intermediary metabolism and respiration	0	7	7	0.0	1450037.0	1326	False	False	0	False	NonReactive-Unq
NC_000962.3	1450696	1451779	+	CDS	Rv1295	thrC	intermediary metabolism and respiration	intermediary metabolism and respiration	0	5	5	0.0	1451237.5	1083	False	False	1	True	NonReactive-HHR
NC_000962.3	1451996	1452947	+	CDS	Rv1296	thrB	intermediary metabolism and respiration	intermediary metabolism and respiration	0	5	5	0.0	1452471.5	951	False	False	1	True	NonReactive-HHR
NC_000962.3	1453203	1455012	+	CDS	Rv1297	rho	information pathways	information pathways	0	9	9	0.0	1454107.5	1809	False	False	0	False	NonReactive-Unq
NC_000962.3	1455162	1455405	+	CDS	Rv1298	rpmE	information pathways	information pathways	0	2	2	0.0	1455283.5	243	False	False	0	False	NonReactive-Unq
NC_000962.3	1455494	1456568	+	CDS	Rv1299	prfA	information pathways	information pathways	0	5	5	0.0	1456031.0	1074	False	False	0	False	NonReactive-Unq
NC_000962.3	1456564	1457542	+	CDS	Rv1300	hemK	intermediary metabolism and respiration	intermediary metabolism and respiration	0	5	5	0.0	1457053.0	978	False	False	0	False	NonReactive-Unq
NC_000962.3	1457557	1458211	+	CDS	Rv1301	Rv1301	conserved hypotheticals	conserved hypotheticals	0	3	3	0.0	1457884.0	654	False	False	0	False	NonReactive-Unq
NC_000962.3	1458294	1459509	+	CDS	Rv1302	rfe	cell wall and cell processes	cell wall and cell processes	0	6	6	0.0	1458901.5	1215	False	False	0	False	NonReactive-Unq
NC_000962.3	1459765	1460251	+	CDS	Rv1303	Rv1303	cell wall and cell processes	cell wall and cell processes	0	2	2	0.0	1460008.0	486	False	False	0	False	NonReactive-Unq
NC_000962.3	1460243	1460996	+	CDS	Rv1304	atpB	intermediary metabolism and respiration	intermediary metabolism and respiration	0	4	4	0.0	1460619.5	753	False	False	0	False	NonReactive-Unq
NC_000962.3	1461044	1461290	+	CDS	Rv1305	atpE	intermediary metabolism and respiration	intermediary metabolism and respiration	0	2	2	0.0	1461167.0	246	False	False	0	False	NonReactive-Unq
NC_000962.3	1461320	1461836	+	CDS	Rv1306	atpF	intermediary metabolism and respiration	intermediary metabolism and respiration	0	3	3	0.0	1461578.0	516	False	False	0	False	NonReactive-Unq
NC_000962.3	1461842	1463183	+	CDS	Rv1307	atpH	intermediary metabolism and respiration	intermediary metabolism and respiration	0	7	7	0.0	1462512.5	1341	False	False	0	False	NonReactive-Unq
NC_000962.3	1463227	1464877	+	CDS	Rv1308	atpA	intermediary metabolism and respiration	intermediary metabolism and respiration	0	8	8	0.0	1464052.0	1650	False	False	0	False	NonReactive-Unq
NC_000962.3	1464883	1465801	+	CDS	Rv1309	atpG	intermediary metabolism and respiration	intermediary metabolism and respiration	0	5	5	0.0	1465342.0	918	False	False	0	False	NonReactive-Unq
NC_000962.3	1465840	1467301	+	CDS	Rv1310	atpD	intermediary metabolism and respiration	intermediary metabolism and respiration	0	7	7	0.0	1466570.5	1461	False	False	0	False	NonReactive-Unq
NC_000962.3	1467314	1467680	+	CDS	Rv1311	atpC	intermediary metabolism and respiration	intermediary metabolism and respiration	0	2	2	0.0	1467497.0	366	False	False	0	False	NonReactive-Unq
NC_000962.3	1467687	1468131	+	CDS	Rv1312	Rv1312	cell wall and cell processes	cell wall and cell processes	0	2	2	0.0	1467909.0	444	False	False	0	False	NonReactive-Unq
NC_000962.3	1468170	1469505	-	CDS	Rv1313c	Rv1313c	insertion seqs and phages	insertion seqs and phages	0	7	7	0.0	1468837.5	1335	False	False	1	True	NonReactive-HHR
NC_000962.3	1469670	1470252	-	CDS	Rv1314c	Rv1314c	conserved hypotheticals	conserved hypotheticals	0	3	3	0.0	1469961.0	582	False	False	0	False	NonReactive-Unq
NC_000962.3	1470320	1471577	+	CDS	Rv1315	murA	cell wall and cell processes	cell wall and cell processes	0	6	6	0.0	1470948.5	1257	False	False	0	False	NonReactive-Unq
NC_000962.3	1477133	1477631	-	CDS	Rv1316c	ogt	information pathways	information pathways	0	1	1	0.0	1477382.0	498	False	False	0	False	NonReactive-Unq
NC_000962.3	1477627	1479118	-	CDS	Rv1317c	alkA	information pathways	information pathways	0	7	7	0.0	1478372.5	1491	False	False	0	False	NonReactive-Unq
NC_000962.3	1479198	1480824	-	CDS	Rv1318c	Rv1318c	intermediary metabolism and respiration	intermediary metabolism and respiration	0	8	8	0.0	1480011.0	1626	False	False	0	False	NonReactive-Unq
NC_000962.3	1480893	1482501	-	CDS	Rv1319c	Rv1319c	intermediary metabolism and respiration	intermediary metabolism and respiration	0	7	7	0.0	1481697.0	1608	False	False	0	False	NonReactive-Unq
NC_000962.3	1482513	1484217	-	CDS	Rv1320c	Rv1320c	intermediary metabolism and respiration	intermediary metabolism and respiration	0	8	8	0.0	1483365.0	1704	False	False	0	False	NonReactive-Unq
NC_000962.3	1484278	1484959	+	CDS	Rv1321	Rv1321	conserved hypotheticals	conserved hypotheticals	0	3	3	0.0	1484618.5	681	False	False	0	False	NonReactive-Unq
NC_000962.3	1484981	1485278	+	CDS	Rv1322	Rv1322	conserved hypotheticals	conserved hypotheticals	0	2	2	0.0	1485129.5	297	False	False	0	False	NonReactive-Unq
NC_000962.3	1485312	1485771	-	CDS	Rv1322A	Rv1322A	conserved hypotheticals	conserved hypotheticals	0	2	2	0.0	1485541.5	459	False	False	0	False	NonReactive-Unq
NC_000962.3	1485861	1487031	+	CDS	Rv1323	fadA4	lipid metabolism	lipid metabolism	0	6	6	0.0	1486446.0	1170	False	False	0	False	NonReactive-Unq
NC_000962.3	1487160	1488075	+	CDS	Rv1324	Rv1324	intermediary metabolism and respiration	intermediary metabolism and respiration	0	5	5	0.0	1487617.5	915	False	False	0	False	NonReactive-Unq
NC_000962.3	1488153	1489965	-	CDS	Rv1325c	PE_PGRS24	PE/PPE	PE/PPE	0	9	9	0.0	1489059.0	1812	False	False	1	True	NonReactive-HHR
NC_000962.3	1490116	1492312	-	CDS	Rv1326c	glgB	intermediary metabolism and respiration	intermediary metabolism and respiration	0	10	10	0.0	1491214.0	2196	False	False	0	False	NonReactive-Unq
NC_000962.3	1492319	1494425	-	CDS	Rv1327c	glgE	intermediary metabolism and respiration	intermediary metabolism and respiration	0	10	10	0.0	1493372.0	2106	False	False	0	False	NonReactive-Unq
NC_000962.3	1494563	1497155	+	CDS	Rv1328	glgP	intermediary metabolism and respiration	intermediary metabolism and respiration	0	10	10	0.0	1495859.0	2592	False	False	0	False	NonReactive-Unq
NC_000962.3	1497194	1499189	-	CDS	Rv1329c	dinG	information pathways	information pathways	0	9	9	0.0	1498191.5	1995	False	False	0	False	NonReactive-Unq
NC_000962.3	1499212	1500559	-	CDS	Rv1330c	pncB1	intermediary metabolism and respiration	intermediary metabolism and respiration	0	7	7	0.0	1499885.5	1347	False	False	0	False	NonReactive-Unq
NC_000962.3	1500660	1500966	+	CDS	Rv1331	Rv1331	conserved hypotheticals	conserved hypotheticals	0	2	2	0.0	1500813.0	306	False	False	0	False	NonReactive-Unq
NC_000962.3	1500925	1501582	+	CDS	Rv1332	Rv1332	regulatory proteins	regulatory proteins	0	3	3	0.0	1501253.5	657	False	False	0	False	NonReactive-Unq
NC_000962.3	1501598	1502633	+	CDS	Rv1333	Rv1333	intermediary metabolism and respiration	intermediary metabolism and respiration	0	5	5	0.0	1502115.5	1035	False	False	0	False	NonReactive-Unq
NC_000962.3	1502640	1503081	+	CDS	Rv1334	mec	intermediary metabolism and respiration	intermediary metabolism and respiration	0	2	2	0.0	1502860.5	441	False	False	0	False	NonReactive-Unq
NC_000962.3	1503102	1503384	+	CDS	Rv1335	cysO	intermediary metabolism and respiration	intermediary metabolism and respiration	0	2	2	0.0	1503243.0	282	False	False	0	False	NonReactive-Unq
NC_000962.3	1503393	1504365	+	CDS	Rv1336	cysM	intermediary metabolism and respiration	intermediary metabolism and respiration	0	5	5	0.0	1503879.0	972	False	False	0	False	NonReactive-Unq
NC_000962.3	1504355	1505078	+	CDS	Rv1337	Rv1337	cell wall and cell processes	cell wall and cell processes	0	4	4	0.0	1504716.5	723	False	False	0	False	NonReactive-Unq
NC_000962.3	1505074	1505890	+	CDS	Rv1338	murI	cell wall and cell processes	cell wall and cell processes	0	4	4	0.0	1505482.0	816	False	False	0	False	NonReactive-Unq
NC_000962.3	1505916	1506738	+	CDS	Rv1339	Rv1339	conserved hypotheticals	conserved hypotheticals	0	4	4	0.0	1506327.0	822	False	False	0	False	NonReactive-Unq
NC_000962.3	1506754	1507534	+	CDS	Rv1340	rphA	information pathways	information pathways	0	4	4	0.0	1507144.0	780	False	False	0	False	NonReactive-Unq
NC_000962.3	1507572	1508187	+	CDS	Rv1341	Rv1341	conserved hypotheticals	conserved hypotheticals	0	3	3	0.0	1507879.5	615	False	False	0	False	NonReactive-Unq
NC_000962.3	1508183	1508546	-	CDS	Rv1342c	Rv1342c	cell wall and cell processes	cell wall and cell processes	0	2	2	0.0	1508364.5	363	False	False	0	False	NonReactive-Unq
NC_000962.3	1508967	1509288	+	CDS	Rv1344	mbtL	lipid metabolism	lipid metabolism	0	2	2	0.0	1509127.5	321	False	False	0	False	NonReactive-Unq
NC_000962.3	1509280	1510846	+	CDS	Rv1345	mbtM	lipid metabolism	lipid metabolism	0	8	8	0.0	1510063.0	1566	False	False	0	False	NonReactive-Unq
NC_000962.3	1510845	1512006	+	CDS	Rv1346	mbtN	lipid metabolism	lipid metabolism	0	6	6	0.0	1511425.5	1161	False	False	0	False	NonReactive-Unq
NC_000962.3	1511972	1512605	-	CDS	Rv1347c	mbtK	lipid metabolism	lipid metabolism	0	3	3	0.0	1512288.5	633	False	False	0	False	NonReactive-Unq
NC_000962.3	1513046	1515626	+	CDS	Rv1348	irtA	cell wall and cell processes	cell wall and cell processes	0	10	10	0.0	1514336.0	2580	False	False	0	False	NonReactive-Unq
NC_000962.3	1515622	1517362	+	CDS	Rv1349	irtB	cell wall and cell processes	cell wall and cell processes	1	8	9	0.1111111111111111	1516492.0	1740	True	False	0	False	NonReactive-Unq
NC_000962.3	1517490	1518234	+	CDS	Rv1350	fabG2	lipid metabolism	lipid metabolism	0	4	4	0.0	1517862.0	744	False	False	0	False	NonReactive-Unq
NC_000962.3	1518230	1518560	+	CDS	Rv1351	Rv1351	conserved hypotheticals	conserved hypotheticals	1	1	2	0.5	1518395.0	330	True	False	0	False	NonReactive-Unq
NC_000962.3	1518762	1519134	+	CDS	Rv1352	Rv1352	conserved hypotheticals	conserved hypotheticals	0	3	3	0.0	1518948.0	372	False	False	0	False	NonReactive-Unq
NC_000962.3	1519199	1519985	-	CDS	Rv1353c	Rv1353c	regulatory proteins	regulatory proteins	0	4	4	0.0	1519592.0	786	False	False	0	False	NonReactive-Unq
NC_000962.3	1520004	1521876	-	CDS	Rv1354c	Rv1354c	conserved hypotheticals	conserved hypotheticals	0	9	9	0.0	1520940.0	1872	False	False	0	False	NonReactive-Unq
NC_000962.3	1521884	1524032	-	CDS	Rv1355c	moeY	intermediary metabolism and respiration	intermediary metabolism and respiration	0	10	10	0.0	1522958.0	2148	False	False	0	False	NonReactive-Unq
NC_000962.3	1524028	1524820	-	CDS	Rv1356c	Rv1356c	conserved hypotheticals	conserved hypotheticals	0	4	4	0.0	1524424.0	792	False	False	0	False	NonReactive-Unq
NC_000962.3	1525292	1526216	-	CDS	Rv1357c	Rv1357c	conserved hypotheticals	conserved hypotheticals	0	5	5	0.0	1525754.0	924	False	False	0	False	NonReactive-Unq
NC_000962.3	1526611	1530091	+	CDS	Rv1358	Rv1358	regulatory proteins	regulatory proteins	0	10	10	0.0	1528351.0	3480	False	False	0	False	NonReactive-Unq
NC_000962.3	1530172	1530925	+	CDS	Rv1359	Rv1359	regulatory proteins	regulatory proteins	0	3	3	0.0	1530548.5	753	False	False	0	False	NonReactive-Unq
NC_000962.3	1531347	1532370	+	CDS	Rv1360	Rv1360	intermediary metabolism and respiration	intermediary metabolism and respiration	0	5	5	0.0	1531858.5	1023	False	False	0	False	NonReactive-Unq
NC_000962.3	1532442	1533633	-	CDS	Rv1361c	PPE19	PE/PPE	PE/PPE	16	21	37	0.43243243243243246	1533037.5	1191	True	True	1	True	Antigen-HHR
NC_000962.3	1533947	1534610	-	CDS	Rv1362c	Rv1362c	cell wall and cell processes	cell wall and cell processes	0	3	3	0.0	1534278.5	663	False	False	0	False	NonReactive-Unq
NC_000962.3	1534606	1535392	-	CDS	Rv1363c	Rv1363c	cell wall and cell processes	cell wall and cell processes	0	4	4	0.0	1534999.0	786	False	False	0	False	NonReactive-Unq
NC_000962.3	1535682	1537644	-	CDS	Rv1364c	Rv1364c	information pathways	information pathways	0	10	10	0.0	1536663.0	1962	False	False	0	False	NonReactive-Unq
NC_000962.3	1537782	1538169	-	CDS	Rv1365c	rsfA	information pathways	information pathways	0	2	2	0.0	1537975.5	387	False	False	0	False	NonReactive-Unq
NC_000962.3	1538389	1539211	+	CDS	Rv1366	Rv1366	conserved hypotheticals	conserved hypotheticals	0	4	4	0.0	1538800.0	822	False	False	0	False	NonReactive-Unq
NC_000962.3	1539511	1540645	-	CDS	Rv1367c	Rv1367c	conserved hypotheticals	conserved hypotheticals	0	6	6	0.0	1540078.0	1134	False	False	0	False	NonReactive-Unq
NC_000962.3	1541019	1541805	+	CDS	Rv1368	lprF	cell wall and cell processes	cell wall and cell processes	0	4	4	0.0	1541412.0	786	False	False	0	False	NonReactive-Unq
NC_000962.3	1543358	1544828	+	CDS	Rv1371	Rv1371	cell wall and cell processes	cell wall and cell processes	0	7	7	0.0	1544093.0	1470	False	False	0	False	NonReactive-Unq
NC_000962.3	1544824	1546006	+	CDS	Rv1372	Rv1372	conserved hypotheticals	conserved hypotheticals	0	6	6	0.0	1545415.0	1182	False	False	0	False	NonReactive-Unq
NC_000962.3	1546011	1546992	+	CDS	Rv1373	Rv1373	intermediary metabolism and respiration	intermediary metabolism and respiration	0	5	5	0.0	1546501.5	981	False	False	0	False	NonReactive-Unq
NC_000962.3	1547071	1547530	-	CDS	Rv1374c	Rv1374c	conserved hypotheticals	conserved hypotheticals	0	2	2	0.0	1547300.5	459	False	False	0	False	NonReactive-Unq
NC_000962.3	1547831	1549151	+	CDS	Rv1375	Rv1375	conserved hypotheticals	conserved hypotheticals	0	7	7	0.0	1548491.0	1320	False	False	0	False	NonReactive-Unq
NC_000962.3	1549147	1550641	+	CDS	Rv1376	Rv1376	conserved hypotheticals	conserved hypotheticals	0	7	7	0.0	1549894.0	1494	False	False	0	False	NonReactive-Unq
NC_000962.3	1550578	1551217	-	CDS	Rv1377c	Rv1377c	intermediary metabolism and respiration	intermediary metabolism and respiration	0	3	3	0.0	1550897.5	639	False	False	0	False	NonReactive-Unq
NC_000962.3	1551227	1552655	-	CDS	Rv1378c	Rv1378c	conserved hypotheticals	conserved hypotheticals	0	7	7	0.0	1551941.0	1428	False	False	0	False	NonReactive-Unq
NC_000962.3	1552653	1553235	+	CDS	Rv1379	pyrR	regulatory proteins	regulatory proteins	0	3	3	0.0	1552944.0	582	False	False	0	False	NonReactive-Unq
NC_000962.3	1553231	1554191	+	CDS	Rv1380	pyrB	intermediary metabolism and respiration	intermediary metabolism and respiration	0	5	5	0.0	1553711.0	960	False	False	0	False	NonReactive-Unq
NC_000962.3	1554187	1555480	+	CDS	Rv1381	pyrC	intermediary metabolism and respiration	intermediary metabolism and respiration	0	6	6	0.0	1554833.5	1293	False	False	0	False	NonReactive-Unq
NC_000962.3	1555476	1555974	+	CDS	Rv1382	Rv1382	cell wall and cell processes	cell wall and cell processes	0	3	3	0.0	1555725.0	498	False	False	0	False	NonReactive-Unq
NC_000962.3	1555970	1557101	+	CDS	Rv1383	carA	intermediary metabolism and respiration	intermediary metabolism and respiration	0	6	6	0.0	1556535.5	1131	False	False	0	False	NonReactive-Unq
NC_000962.3	1557100	1560448	+	CDS	Rv1384	carB	intermediary metabolism and respiration	intermediary metabolism and respiration	0	8	8	0.0	1558774.0	3348	False	False	0	False	NonReactive-Unq
NC_000962.3	1560444	1561269	+	CDS	Rv1385	pyrF	intermediary metabolism and respiration	intermediary metabolism and respiration	0	4	4	0.0	1560856.5	825	False	False	0	False	NonReactive-Unq
NC_000962.3	1561463	1561772	+	CDS	Rv1386	PE15	PE/PPE	PE/PPE	0	4	4	0.0	1561617.5	309	False	False	0	False	NonReactive-Unq
NC_000962.3	1561768	1563388	+	CDS	Rv1387	PPE20	PE/PPE	PE/PPE	2	6	8	0.25	1562578.0	1620	True	True	0	False	Antigen-Unq
NC_000962.3	1563693	1564266	+	CDS	Rv1388	mihF	information pathways	information pathways	0	2	2	0.0	1563979.5	573	False	False	0	False	NonReactive-Unq
NC_000962.3	1564400	1565027	+	CDS	Rv1389	gmk	intermediary metabolism and respiration	intermediary metabolism and respiration	0	3	3	0.0	1564713.5	627	False	False	0	False	NonReactive-Unq
NC_000962.3	1565092	1565425	+	CDS	Rv1390	rpoZ	information pathways	information pathways	0	1	1	0.0	1565258.5	333	False	False	0	False	NonReactive-Unq
NC_000962.3	1565440	1566697	+	CDS	Rv1391	dfp	intermediary metabolism and respiration	intermediary metabolism and respiration	0	6	6	0.0	1566068.5	1257	False	False	0	False	NonReactive-Unq
NC_000962.3	1566824	1568036	+	CDS	Rv1392	metK	intermediary metabolism and respiration	intermediary metabolism and respiration	0	6	6	0.0	1567430.0	1212	False	False	0	False	NonReactive-Unq
NC_000962.3	1568108	1569587	-	CDS	Rv1393c	Rv1393c	intermediary metabolism and respiration	intermediary metabolism and respiration	0	7	7	0.0	1568847.5	1479	False	False	0	False	NonReactive-Unq
NC_000962.3	1569583	1570969	-	CDS	Rv1394c	cyp132	intermediary metabolism and respiration	intermediary metabolism and respiration	0	7	7	0.0	1570276.0	1386	False	False	0	False	NonReactive-Unq
NC_000962.3	1571046	1572081	+	CDS	Rv1395	Rv1395	regulatory proteins	regulatory proteins	0	5	5	0.0	1571563.5	1035	False	False	0	False	NonReactive-Unq
NC_000962.3	1572126	1573857	-	CDS	Rv1396c	PE_PGRS25	PE/PPE	PE/PPE	0	8	8	0.0	1572991.5	1731	False	False	1	True	NonReactive-HHR
NC_000962.3	1574111	1574513	-	CDS	Rv1397c	vapC10	virulence, detoxification, adaptation	virulence, detoxification, adaptation	0	1	1	0.0	1574312.0	402	False	False	0	False	NonReactive-Unq
NC_000962.3	1574509	1574767	-	CDS	Rv1398c	vapB10	virulence, detoxification, adaptation	virulence, detoxification, adaptation	0	2	2	0.0	1574638.0	258	False	False	0	False	NonReactive-Unq
NC_000962.3	1574849	1575809	-	CDS	Rv1399c	nlhH	intermediary metabolism and respiration	intermediary metabolism and respiration	0	5	5	0.0	1575329.0	960	False	False	0	False	NonReactive-Unq
NC_000962.3	1575833	1576796	-	CDS	Rv1400c	lipI	intermediary metabolism and respiration	intermediary metabolism and respiration	0	5	5	0.0	1576314.5	963	False	False	0	False	NonReactive-Unq
NC_000962.3	1576929	1577532	+	CDS	Rv1401	Rv1401	cell wall and cell processes	cell wall and cell processes	0	1	1	0.0	1577230.5	603	False	False	0	False	NonReactive-Unq
NC_000962.3	1577612	1579580	+	CDS	Rv1402	priA	information pathways	information pathways	0	10	10	0.0	1578596.0	1968	False	False	0	False	NonReactive-Unq
NC_000962.3	1579597	1580422	-	CDS	Rv1403c	Rv1403c	intermediary metabolism and respiration	intermediary metabolism and respiration	0	4	4	0.0	1580009.5	825	False	False	0	False	NonReactive-Unq
NC_000962.3	1580590	1581073	+	CDS	Rv1404	Rv1404	regulatory proteins	regulatory proteins	0	2	2	0.0	1580831.5	483	False	False	0	False	NonReactive-Unq
NC_000962.3	1581144	1581969	-	CDS	Rv1405c	Rv1405c	intermediary metabolism and respiration	intermediary metabolism and respiration	0	4	4	0.0	1581556.5	825	False	False	0	False	NonReactive-Unq
NC_000962.3	1582165	1583104	+	CDS	Rv1406	fmt	information pathways	information pathways	0	5	5	0.0	1582634.5	939	False	False	0	False	NonReactive-Unq
NC_000962.3	1583100	1584474	+	CDS	Rv1407	fmu	information pathways	information pathways	0	3	3	0.0	1583787.0	1374	False	False	0	False	NonReactive-Unq
NC_000962.3	1584498	1585197	+	CDS	Rv1408	rpe	intermediary metabolism and respiration	intermediary metabolism and respiration	0	3	3	0.0	1584847.5	699	False	False	0	False	NonReactive-Unq
NC_000962.3	1585193	1586213	+	CDS	Rv1409	ribG	intermediary metabolism and respiration	intermediary metabolism and respiration	0	5	5	0.0	1585703.0	1020	False	False	0	False	NonReactive-Unq
NC_000962.3	1586209	1587766	-	CDS	Rv1410c	Rv1410c	cell wall and cell processes	cell wall and cell processes	0	8	8	0.0	1586987.5	1557	False	False	0	False	NonReactive-Unq
NC_000962.3	1587771	1588482	-	CDS	Rv1411c	lprG	cell wall and cell processes	cell wall and cell processes	0	4	4	0.0	1588126.5	711	False	False	0	False	NonReactive-Unq
NC_000962.3	1588566	1589172	+	CDS	Rv1412	ribC	intermediary metabolism and respiration	intermediary metabolism and respiration	0	3	3	0.0	1588869.0	606	False	False	0	False	NonReactive-Unq
NC_000962.3	1589385	1589901	+	CDS	Rv1413	Rv1413	conserved hypotheticals	conserved hypotheticals	0	3	3	0.0	1589643.0	516	False	False	0	False	NonReactive-Unq
NC_000962.3	1589890	1590292	+	CDS	Rv1414	Rv1414	conserved hypotheticals	conserved hypotheticals	0	2	2	0.0	1590091.0	402	False	False	0	False	NonReactive-Unq
NC_000962.3	1590396	1591674	+	CDS	Rv1415	ribA2	intermediary metabolism and respiration	intermediary metabolism and respiration	0	6	6	0.0	1591035.0	1278	False	False	0	False	NonReactive-Unq
NC_000962.3	1591670	1592153	+	CDS	Rv1416	ribH	intermediary metabolism and respiration	intermediary metabolism and respiration	0	2	2	0.0	1591911.5	483	False	False	0	False	NonReactive-Unq
NC_000962.3	1592149	1592614	+	CDS	Rv1417	Rv1417	cell wall and cell processes	cell wall and cell processes	0	2	2	0.0	1592381.5	465	False	False	0	False	NonReactive-Unq
NC_000962.3	1592638	1593325	+	CDS	Rv1418	lprH	cell wall and cell processes	cell wall and cell processes	0	3	3	0.0	1592981.5	687	False	False	0	False	NonReactive-Unq
NC_000962.3	1593504	1593978	+	CDS	Rv1419	Rv1419	conserved hypotheticals	conserved hypotheticals	0	3	3	0.0	1593741.0	474	False	False	0	False	NonReactive-Unq
NC_000962.3	1594041	1595982	+	CDS	Rv1420	uvrC	information pathways	information pathways	0	10	10	0.0	1595011.5	1941	False	False	0	False	NonReactive-Unq
NC_000962.3	1595978	1596884	+	CDS	Rv1421	Rv1421	conserved hypotheticals	conserved hypotheticals	0	4	4	0.0	1596431.0	906	False	False	0	False	NonReactive-Unq
NC_000962.3	1596880	1597909	+	CDS	Rv1422	Rv1422	conserved hypotheticals	conserved hypotheticals	0	5	5	0.0	1597394.5	1029	False	False	0	False	NonReactive-Unq
NC_000962.3	1597905	1598883	+	CDS	Rv1423	whiA	regulatory proteins	regulatory proteins	0	5	5	0.0	1598394.0	978	False	False	0	False	NonReactive-Unq
NC_000962.3	1598892	1599654	-	CDS	Rv1424c	Rv1424c	cell wall and cell processes	cell wall and cell processes	0	4	4	0.0	1599273.0	762	False	False	0	False	NonReactive-Unq
NC_000962.3	1599657	1601037	+	CDS	Rv1425	Rv1425	lipid metabolism	lipid metabolism	0	6	6	0.0	1600347.0	1380	False	False	0	False	NonReactive-Unq
NC_000962.3	1601058	1602321	-	CDS	Rv1426c	lipO	intermediary metabolism and respiration	intermediary metabolism and respiration	0	5	5	0.0	1601689.5	1263	False	False	0	False	NonReactive-Unq
NC_000962.3	1602320	1603928	-	CDS	Rv1427c	fadD12	lipid metabolism	lipid metabolism	0	8	8	0.0	1603124.0	1608	False	False	0	False	NonReactive-Unq
NC_000962.3	1603931	1604759	-	CDS	Rv1428c	Rv1428c	conserved hypotheticals	conserved hypotheticals	0	4	4	0.0	1604345.0	828	False	False	0	False	NonReactive-Unq
NC_000962.3	1604877	1606146	+	CDS	Rv1429	Rv1429	conserved hypotheticals	conserved hypotheticals	0	6	6	0.0	1605511.5	1269	False	False	0	False	NonReactive-Unq
NC_000962.3	1606385	1607972	+	CDS	Rv1430	PE16	PE/PPE	PE/PPE	0	8	8	0.0	1607178.5	1587	False	False	0	False	NonReactive-Unq
NC_000962.3	1608082	1609852	+	CDS	Rv1431	Rv1431	cell wall and cell processes	cell wall and cell processes	0	9	9	0.0	1608967.0	1770	False	False	0	False	NonReactive-Unq
NC_000962.3	1609848	1611270	+	CDS	Rv1432	Rv1432	intermediary metabolism and respiration	intermediary metabolism and respiration	0	5	5	0.0	1610559.0	1422	False	False	0	False	NonReactive-Unq
NC_000962.3	1611433	1612249	+	CDS	Rv1433	Rv1433	cell wall and cell processes	cell wall and cell processes	0	4	4	0.0	1611841.0	816	False	False	0	False	NonReactive-Unq
NC_000962.3	1612255	1612393	+	CDS	Rv1434	Rv1434	conserved hypotheticals	conserved hypotheticals	0	2	2	0.0	1612324.0	138	False	False	0	False	NonReactive-Unq
NC_000962.3	1612341	1612950	-	CDS	Rv1435c	Rv1435c	cell wall and cell processes	cell wall and cell processes	0	5	5	0.0	1612645.5	609	False	False	0	False	NonReactive-Unq
NC_000962.3	1613306	1614326	+	CDS	Rv1436	gap	intermediary metabolism and respiration	intermediary metabolism and respiration	0	5	5	0.0	1613816.0	1020	False	False	0	False	NonReactive-Unq
NC_000962.3	1614328	1615567	+	CDS	Rv1437	pgk	intermediary metabolism and respiration	intermediary metabolism and respiration	0	6	6	0.0	1614947.5	1239	False	False	0	False	NonReactive-Unq
NC_000962.3	1615563	1616349	+	CDS	Rv1438	tpi	intermediary metabolism and respiration	intermediary metabolism and respiration	0	4	4	0.0	1615956.0	786	False	False	0	False	NonReactive-Unq
NC_000962.3	1616960	1617386	-	CDS	Rv1439c	Rv1439c	conserved hypotheticals	conserved hypotheticals	0	2	2	0.0	1617173.0	426	False	False	0	False	NonReactive-Unq
NC_000962.3	1617836	1618070	+	CDS	Rv1440	secG	cell wall and cell processes	cell wall and cell processes	0	2	2	0.0	1617953.0	234	False	False	0	False	NonReactive-Unq
NC_000962.3	1618208	1619684	-	CDS	Rv1441c	PE_PGRS26	PE/PPE	PE/PPE	0	7	7	0.0	1618946.0	1476	False	False	0	False	NonReactive-Unq
NC_000962.3	1619790	1622091	+	CDS	Rv1442	bisC	intermediary metabolism and respiration	intermediary metabolism and respiration	1	9	10	0.1	1620940.5	2301	True	False	0	False	NonReactive-Unq
NC_000962.3	1622206	1622692	-	CDS	Rv1443c	Rv1443c	conserved hypotheticals	conserved hypotheticals	0	2	2	0.0	1622449.0	486	False	False	0	False	NonReactive-Unq
NC_000962.3	1623286	1623697	-	CDS	Rv1444c	Rv1444c	conserved hypotheticals	conserved hypotheticals	0	2	2	0.0	1623491.5	411	False	False	0	False	NonReactive-Unq
NC_000962.3	1623713	1624457	-	CDS	Rv1445c	devB	intermediary metabolism and respiration	intermediary metabolism and respiration	0	4	4	0.0	1624085.0	744	False	False	0	False	NonReactive-Unq
NC_000962.3	1624453	1625365	-	CDS	Rv1446c	opcA	intermediary metabolism and respiration	intermediary metabolism and respiration	0	5	5	0.0	1624909.0	912	False	False	0	False	NonReactive-Unq
NC_000962.3	1625417	1626962	-	CDS	Rv1447c	zwf2	intermediary metabolism and respiration	intermediary metabolism and respiration	0	8	8	0.0	1626189.5	1545	False	False	0	False	NonReactive-Unq
NC_000962.3	1626958	1628080	-	CDS	Rv1448c	tal	intermediary metabolism and respiration	intermediary metabolism and respiration	0	6	6	0.0	1627519.0	1122	False	False	0	False	NonReactive-Unq
NC_000962.3	1628096	1630199	-	CDS	Rv1449c	tkt	intermediary metabolism and respiration	intermediary metabolism and respiration	0	9	9	0.0	1629147.5	2103	False	False	0	False	NonReactive-Unq
NC_000962.3	1630637	1634627	-	CDS	Rv1450c	PE_PGRS27	PE/PPE	PE/PPE	0	12	12	0.0	1632632.0	3990	False	False	2	True	NonReactive-HHR
NC_000962.3	1635028	1635955	+	CDS	Rv1451	ctaB	intermediary metabolism and respiration	intermediary metabolism and respiration	0	5	5	0.0	1635491.5	927	False	False	0	False	NonReactive-Unq
NC_000962.3	1636003	1638229	-	CDS	Rv1452c	PE_PGRS28	PE/PPE	PE/PPE	0	10	10	0.0	1637116.0	2226	False	False	1	True	NonReactive-HHR
NC_000962.3	1638380	1639646	+	CDS	Rv1453	Rv1453	regulatory proteins	regulatory proteins	0	5	5	0.0	1639013.0	1266	False	False	1	True	NonReactive-HHR
NC_000962.3	1639673	1640660	-	CDS	Rv1454c	qor	intermediary metabolism and respiration	intermediary metabolism and respiration	0	4	4	0.0	1640166.5	987	False	False	0	False	NonReactive-Unq
NC_000962.3	1640679	1641543	+	CDS	Rv1455	Rv1455	conserved hypotheticals	conserved hypotheticals	0	4	4	0.0	1641111.0	864	False	False	0	False	NonReactive-Unq
NC_000962.3	1641492	1642425	-	CDS	Rv1456c	Rv1456c	cell wall and cell processes	cell wall and cell processes	0	5	5	0.0	1641958.5	933	False	False	0	False	NonReactive-Unq
NC_000962.3	1642536	1643322	-	CDS	Rv1457c	Rv1457c	cell wall and cell processes	cell wall and cell processes	0	4	4	0.0	1642929.0	786	False	False	0	False	NonReactive-Unq
NC_000962.3	1643318	1644260	-	CDS	Rv1458c	Rv1458c	cell wall and cell processes	cell wall and cell processes	0	5	5	0.0	1643789.0	942	False	False	0	False	NonReactive-Unq
NC_000962.3	1644362	1646138	-	CDS	Rv1459c	Rv1459c	cell wall and cell processes	cell wall and cell processes	0	9	9	0.0	1645250.0	1776	False	False	1	True	NonReactive-HHR
NC_000962.3	1646185	1646992	+	CDS	Rv1460	Rv1460	regulatory proteins	regulatory proteins	0	4	4	0.0	1646588.5	807	False	False	0	False	NonReactive-Unq
NC_000962.3	1646988	1649529	+	CDS	Rv1461	Rv1461	conserved hypotheticals	conserved hypotheticals	0	10	10	0.0	1648258.5	2541	False	False	0	False	NonReactive-Unq
NC_000962.3	1649525	1650719	+	CDS	Rv1462	Rv1462	conserved hypotheticals	conserved hypotheticals	0	6	6	0.0	1650122.0	1194	False	False	0	False	NonReactive-Unq
NC_000962.3	1650715	1651516	+	CDS	Rv1463	Rv1463	cell wall and cell processes	cell wall and cell processes	0	4	4	0.0	1651115.5	801	False	False	0	False	NonReactive-Unq
NC_000962.3	1651517	1652771	+	CDS	Rv1464	csd	intermediary metabolism and respiration	intermediary metabolism and respiration	0	6	6	0.0	1652144.0	1254	False	False	0	False	NonReactive-Unq
NC_000962.3	1652767	1653256	+	CDS	Rv1465	Rv1465	intermediary metabolism and respiration	intermediary metabolism and respiration	0	2	2	0.0	1653011.5	489	False	False	0	False	NonReactive-Unq
NC_000962.3	1653230	1653578	+	CDS	Rv1466	Rv1466	conserved hypotheticals	conserved hypotheticals	0	2	2	0.0	1653404.0	348	False	False	0	False	NonReactive-Unq
NC_000962.3	1653672	1655502	-	CDS	Rv1467c	fadE15	lipid metabolism	lipid metabolism	0	9	9	0.0	1654587.0	1830	False	False	0	False	NonReactive-Unq
NC_000962.3	1655608	1656721	-	CDS	Rv1468c	PE_PGRS29	PE/PPE	PE/PPE	0	4	4	0.0	1656164.5	1113	False	False	0	False	NonReactive-Unq
NC_000962.3	1656962	1658936	+	CDS	Rv1469	ctpD	cell wall and cell processes	cell wall and cell processes	0	10	10	0.0	1657949.0	1974	False	False	0	False	NonReactive-Unq
NC_000962.3	1658979	1659354	+	CDS	Rv1470	trxA	intermediary metabolism and respiration	intermediary metabolism and respiration	0	2	2	0.0	1659166.5	375	False	False	0	False	NonReactive-Unq
NC_000962.3	1659369	1659741	+	CDS	Rv1471	trxB1	intermediary metabolism and respiration	intermediary metabolism and respiration	0	2	2	0.0	1659555.0	372	False	False	0	False	NonReactive-Unq
NC_000962.3	1659762	1660620	+	CDS	Rv1472	echA12	lipid metabolism	lipid metabolism	0	4	4	0.0	1660191.0	858	False	False	0	False	NonReactive-Unq
NC_000962.3	1660655	1662284	+	CDS	Rv1473	Rv1473	cell wall and cell processes	cell wall and cell processes	0	8	8	0.0	1661469.5	1629	False	False	0	False	NonReactive-Unq
NC_000962.3	1662380	1662572	+	CDS	Rv1473A	Rv1473A	regulatory proteins	regulatory proteins	0	2	2	0.0	1662476.0	192	False	False	0	False	NonReactive-Unq
NC_000962.3	1662640	1663204	-	CDS	Rv1474c	Rv1474c	regulatory proteins	regulatory proteins	0	3	3	0.0	1662922.0	564	False	False	0	False	NonReactive-Unq
NC_000962.3	1663214	1666046	-	CDS	Rv1475c	acn	intermediary metabolism and respiration	intermediary metabolism and respiration	0	10	10	0.0	1664630.0	2832	False	False	0	False	NonReactive-Unq
NC_000962.3	1666203	1666764	+	CDS	Rv1476	Rv1476	cell wall and cell processes	cell wall and cell processes	0	3	3	0.0	1666483.5	561	False	False	0	False	NonReactive-Unq
NC_000962.3	1666989	1668408	+	CDS	Rv1477	ripA	virulence, detoxification, adaptation	virulence, detoxification, adaptation	0	7	7	0.0	1667698.5	1419	False	False	0	False	NonReactive-Unq
NC_000962.3	1668418	1669144	+	CDS	Rv1478	Rv1478	virulence, detoxification, adaptation	virulence, detoxification, adaptation	0	3	3	0.0	1668781.0	726	False	False	0	False	NonReactive-Unq
NC_000962.3	1669282	1670416	+	CDS	Rv1479	moxR1	regulatory proteins	regulatory proteins	0	6	6	0.0	1669849.0	1134	False	False	0	False	NonReactive-Unq
NC_000962.3	1670412	1671366	+	CDS	Rv1480	Rv1480	conserved hypotheticals	conserved hypotheticals	0	5	5	0.0	1670889.0	954	False	False	0	False	NonReactive-Unq
NC_000962.3	1671376	1672384	+	CDS	Rv1481	Rv1481	cell wall and cell processes	cell wall and cell processes	0	5	5	0.0	1671880.0	1008	False	False	0	False	NonReactive-Unq
NC_000962.3	1672456	1673299	-	CDS	Rv1482c	Rv1482c	conserved hypotheticals	conserved hypotheticals	0	4	4	0.0	1672877.5	843	False	False	0	False	NonReactive-Unq
NC_000962.3	1673439	1674183	+	CDS	Rv1483	fabG1	lipid metabolism	lipid metabolism	0	4	4	0.0	1673811.0	744	False	False	0	False	NonReactive-Unq
NC_000962.3	1674201	1675011	+	CDS	Rv1484	inhA	lipid metabolism	lipid metabolism	0	4	4	0.0	1674606.0	810	False	False	0	False	NonReactive-Unq
NC_000962.3	1675016	1676051	+	CDS	Rv1485	hemZ	intermediary metabolism and respiration	intermediary metabolism and respiration	0	5	5	0.0	1675533.5	1035	False	False	0	False	NonReactive-Unq
NC_000962.3	1676016	1676883	-	CDS	Rv1486c	Rv1486c	conserved hypotheticals	conserved hypotheticals	0	4	4	0.0	1676449.5	867	False	False	0	False	NonReactive-Unq
NC_000962.3	1676940	1677375	+	CDS	Rv1487	Rv1487	cell wall and cell processes	cell wall and cell processes	0	2	2	0.0	1677157.5	435	False	False	0	False	NonReactive-Unq
NC_000962.3	1677396	1678542	+	CDS	Rv1488	Rv1488	cell wall and cell processes	cell wall and cell processes	0	6	6	0.0	1677969.0	1146	False	False	0	False	NonReactive-Unq
NC_000962.3	1678551	1678908	+	CDS	Rv1489	Rv1489	conserved hypotheticals	conserved hypotheticals	0	2	2	0.0	1678729.5	357	False	False	0	False	NonReactive-Unq
NC_000962.3	1678941	1679172	+	CDS	Rv1489A	Rv1489A	conserved hypotheticals	conserved hypotheticals	0	2	2	0.0	1679056.5	231	False	False	0	False	NonReactive-Unq
NC_000962.3	1679321	1680629	+	CDS	Rv1490	Rv1490	cell wall and cell processes	cell wall and cell processes	0	6	6	0.0	1679975.0	1308	False	False	0	False	NonReactive-Unq
NC_000962.3	1681207	1681966	-	CDS	Rv1491c	Rv1491c	cell wall and cell processes	cell wall and cell processes	0	4	4	0.0	1681586.5	759	False	False	0	False	NonReactive-Unq
NC_000962.3	1682156	1684004	+	CDS	Rv1492	mutA	lipid metabolism	lipid metabolism	0	9	9	0.0	1683080.0	1848	False	False	0	False	NonReactive-Unq
NC_000962.3	1684004	1686257	+	CDS	Rv1493	mutB	lipid metabolism	lipid metabolism	0	10	10	0.0	1685130.5	2253	False	False	0	False	NonReactive-Unq
NC_000962.3	1686270	1686573	+	CDS	Rv1494	mazE4	virulence, detoxification, adaptation	virulence, detoxification, adaptation	0	2	2	0.0	1686421.5	303	False	False	0	False	NonReactive-Unq
NC_000962.3	1686569	1686887	+	CDS	Rv1495	mazF4	virulence, detoxification, adaptation	virulence, detoxification, adaptation	0	2	2	0.0	1686728.0	318	False	False	0	False	NonReactive-Unq
NC_000962.3	1686883	1687888	+	CDS	Rv1496	Rv1496	cell wall and cell processes	cell wall and cell processes	0	5	5	0.0	1687385.5	1005	False	False	0	False	NonReactive-Unq
NC_000962.3	1687940	1689230	+	CDS	Rv1497	lipL	intermediary metabolism and respiration	intermediary metabolism and respiration	0	6	6	0.0	1688585.0	1290	False	False	0	False	NonReactive-Unq
NC_000962.3	1689302	1689920	-	CDS	Rv1498c	Rv1498c	intermediary metabolism and respiration	intermediary metabolism and respiration	0	3	3	0.0	1689611.0	618	False	False	0	False	NonReactive-Unq
NC_000962.3	1690133	1690346	-	CDS	Rv1498A	Rv1498A	conserved hypotheticals	conserved hypotheticals	0	2	2	0.0	1690239.5	213	False	False	0	False	NonReactive-Unq
NC_000962.3	1690406	1690805	+	CDS	Rv1499	Rv1499	conserved hypotheticals	conserved hypotheticals	0	2	2	0.0	1690605.5	399	False	False	0	False	NonReactive-Unq
NC_000962.3	1690849	1691878	+	CDS	Rv1500	Rv1500	intermediary metabolism and respiration	intermediary metabolism and respiration	0	5	5	0.0	1691363.5	1029	False	False	0	False	NonReactive-Unq
NC_000962.3	1691889	1692711	+	CDS	Rv1501	Rv1501	conserved hypotheticals	conserved hypotheticals	0	4	4	0.0	1692300.0	822	False	False	0	False	NonReactive-Unq
NC_000962.3	1692923	1693823	+	CDS	Rv1502	Rv1502	unknown	unknown	0	4	4	0.0	1693373.0	900	False	False	0	False	NonReactive-Unq
NC_000962.3	1695280	1695946	-	CDS	Rv1505c	Rv1505c	conserved hypotheticals	conserved hypotheticals	0	3	3	0.0	1695613.0	666	False	False	0	False	NonReactive-Unq
NC_000962.3	1695942	1696443	-	CDS	Rv1506c	Rv1506c	unknown	unknown	0	1	1	0.0	1696192.5	501	False	False	0	False	NonReactive-Unq
NC_000962.3	1696726	1697422	-	CDS	Rv1507c	Rv1507c	conserved hypotheticals	conserved hypotheticals	0	3	3	0.0	1697074.0	696	False	False	0	False	NonReactive-Unq
NC_000962.3	1697355	1697859	+	CDS	Rv1507A	Rv1507A	unknown	unknown	0	2	2	0.0	1697607.0	504	False	False	0	False	NonReactive-Unq
NC_000962.3	1698094	1699894	-	CDS	Rv1508c	Rv1508c	cell wall and cell processes	cell wall and cell processes	1	8	9	0.1111111111111111	1698994.0	1800	True	False	0	False	NonReactive-Unq
NC_000962.3	1699865	1700228	+	CDS	Rv1508A	Rv1508A	conserved hypotheticals	conserved hypotheticals	0	2	2	0.0	1700046.5	363	False	False	0	False	NonReactive-Unq
NC_000962.3	1700211	1701093	+	CDS	Rv1509	Rv1509	unknown	unknown	0	4	4	0.0	1700652.0	882	False	False	0	False	NonReactive-Unq
NC_000962.3	1701294	1702593	+	CDS	Rv1510	Rv1510	cell wall and cell processes	cell wall and cell processes	0	6	6	0.0	1701943.5	1299	False	False	1	True	NonReactive-HHR
NC_000962.3	1703073	1704096	+	CDS	Rv1511	gmdA	intermediary metabolism and respiration	intermediary metabolism and respiration	0	5	5	0.0	1703584.5	1023	False	False	0	False	NonReactive-Unq
NC_000962.3	1704092	1705061	+	CDS	Rv1512	epiA	intermediary metabolism and respiration	intermediary metabolism and respiration	0	5	5	0.0	1704576.5	969	False	False	0	False	NonReactive-Unq
NC_000962.3	1705057	1705789	+	CDS	Rv1513	Rv1513	conserved hypotheticals	conserved hypotheticals	0	4	4	0.0	1705423.0	732	False	False	0	False	NonReactive-Unq
NC_000962.3	1705806	1706595	-	CDS	Rv1514c	Rv1514c	conserved hypotheticals	conserved hypotheticals	0	4	4	0.0	1706200.5	789	False	False	0	False	NonReactive-Unq
NC_000962.3	1706629	1707526	-	CDS	Rv1515c	Rv1515c	conserved hypotheticals	conserved hypotheticals	0	4	4	0.0	1707077.5	897	False	False	0	False	NonReactive-Unq
NC_000962.3	1707528	1708539	-	CDS	Rv1516c	Rv1516c	intermediary metabolism and respiration	intermediary metabolism and respiration	0	5	5	0.0	1708033.5	1011	False	False	0	False	NonReactive-Unq
NC_000962.3	1708870	1709635	+	CDS	Rv1517	Rv1517	cell wall and cell processes	cell wall and cell processes	0	4	4	0.0	1709252.5	765	False	False	0	False	NonReactive-Unq
NC_000962.3	1709643	1710603	+	CDS	Rv1518	Rv1518	conserved hypotheticals	conserved hypotheticals	0	5	5	0.0	1710123.0	960	False	False	0	False	NonReactive-Unq
NC_000962.3	1710732	1711002	+	CDS	Rv1519	Rv1519	conserved hypotheticals	conserved hypotheticals	0	2	2	0.0	1710867.0	270	False	False	0	False	NonReactive-Unq
NC_000962.3	1711027	1712068	+	CDS	Rv1520	Rv1520	intermediary metabolism and respiration	intermediary metabolism and respiration	0	5	5	0.0	1711547.5	1041	False	False	0	False	NonReactive-Unq
NC_000962.3	1712301	1714053	+	CDS	Rv1521	fadD25	lipid metabolism	lipid metabolism	0	9	9	0.0	1713177.0	1752	False	False	0	False	NonReactive-Unq
NC_000962.3	1714171	1717612	-	CDS	Rv1522c	mmpL12	cell wall and cell processes	cell wall and cell processes	0	10	10	0.0	1715891.5	3441	False	False	0	False	NonReactive-Unq
NC_000962.3	1717652	1718696	+	CDS	Rv1523	Rv1523	intermediary metabolism and respiration	intermediary metabolism and respiration	0	5	5	0.0	1718174.0	1044	False	False	0	False	NonReactive-Unq
NC_000962.3	1718725	1719970	+	CDS	Rv1524	Rv1524	intermediary metabolism and respiration	intermediary metabolism and respiration	0	6	6	0.0	1719347.5	1245	False	False	0	False	NonReactive-Unq
NC_000962.3	1720016	1720802	+	CDS	Rv1525	wbbL2	conserved hypotheticals	conserved hypotheticals	0	4	4	0.0	1720409.0	786	False	False	0	False	NonReactive-Unq
NC_000962.3	1720779	1722060	-	CDS	Rv1526c	Rv1526c	intermediary metabolism and respiration	intermediary metabolism and respiration	0	6	6	0.0	1721419.5	1281	False	False	0	False	NonReactive-Unq
NC_000962.3	1722082	1728409	-	CDS	Rv1527c	pks5	lipid metabolism	lipid metabolism	0	10	10	0.0	1725245.5	6327	False	False	1	True	NonReactive-HHR
NC_000962.3	1728952	1729450	-	CDS	Rv1528c	papA4	lipid metabolism	lipid metabolism	0	2	2	0.0	1729201.0	498	False	False	0	False	NonReactive-Unq
NC_000962.3	1729501	1731256	+	CDS	Rv1529	fadD24	lipid metabolism	lipid metabolism	0	9	9	0.0	1730378.5	1755	False	False	0	False	NonReactive-Unq
NC_000962.3	1731372	1732476	+	CDS	Rv1530	adh	intermediary metabolism and respiration	intermediary metabolism and respiration	0	5	5	0.0	1731924.0	1104	False	False	0	False	NonReactive-Unq
NC_000962.3	1732472	1733039	+	CDS	Rv1531	Rv1531	conserved hypotheticals	conserved hypotheticals	0	3	3	0.0	1732755.5	567	False	False	0	False	NonReactive-Unq
NC_000962.3	1733115	1733550	-	CDS	Rv1532c	Rv1532c	conserved hypotheticals	conserved hypotheticals	0	2	2	0.0	1733332.5	435	False	False	0	False	NonReactive-Unq
NC_000962.3	1733609	1734737	+	CDS	Rv1533	Rv1533	conserved hypotheticals	conserved hypotheticals	0	6	6	0.0	1734173.0	1128	False	False	0	False	NonReactive-Unq
NC_000962.3	1734733	1735411	+	CDS	Rv1534	Rv1534	regulatory proteins	regulatory proteins	0	3	3	0.0	1735072.0	678	False	False	0	False	NonReactive-Unq
NC_000962.3	1735975	1736212	+	CDS	Rv1535	Rv1535	conserved hypotheticals	conserved hypotheticals	0	2	2	0.0	1736093.5	237	False	False	0	False	NonReactive-Unq
NC_000962.3	1736518	1739644	+	CDS	Rv1536	ileS	information pathways	information pathways	0	10	10	0.0	1738081.0	3126	False	False	0	False	NonReactive-Unq
NC_000962.3	1739855	1741247	+	CDS	Rv1537	dinX	information pathways	information pathways	0	6	6	0.0	1740551.0	1392	False	False	0	False	NonReactive-Unq
NC_000962.3	1741211	1742192	-	CDS	Rv1538c	ansA	intermediary metabolism and respiration	intermediary metabolism and respiration	0	3	3	0.0	1741701.5	981	False	False	0	False	NonReactive-Unq
NC_000962.3	1742243	1742852	+	CDS	Rv1539	lspA	cell wall and cell processes	cell wall and cell processes	0	3	3	0.0	1742547.5	609	False	False	0	False	NonReactive-Unq
NC_000962.3	1742844	1743771	+	CDS	Rv1540	Rv1540	conserved hypotheticals	conserved hypotheticals	0	5	5	0.0	1743307.5	927	False	False	0	False	NonReactive-Unq
NC_000962.3	1743777	1744371	-	CDS	Rv1541c	lprI	cell wall and cell processes	cell wall and cell processes	0	3	3	0.0	1744074.0	594	False	False	0	False	NonReactive-Unq
NC_000962.3	1744425	1744836	-	CDS	Rv1542c	glbN	intermediary metabolism and respiration	intermediary metabolism and respiration	0	2	2	0.0	1744630.5	411	False	False	0	False	NonReactive-Unq
NC_000962.3	1745063	1746089	+	CDS	Rv1543	Rv1543	lipid metabolism	lipid metabolism	0	5	5	0.0	1745576.0	1026	False	False	0	False	NonReactive-Unq
NC_000962.3	1746093	1746897	+	CDS	Rv1544	Rv1544	lipid metabolism	lipid metabolism	0	4	4	0.0	1746495.0	804	False	False	0	False	NonReactive-Unq
NC_000962.3	1746918	1747146	+	CDS	Rv1545	Rv1545	conserved hypotheticals	conserved hypotheticals	0	2	2	0.0	1747032.0	228	False	False	0	False	NonReactive-Unq
NC_000962.3	1747194	1747626	+	CDS	Rv1546	Rv1546	conserved hypotheticals	conserved hypotheticals	0	2	2	0.0	1747410.0	432	False	False	0	False	NonReactive-Unq
NC_000962.3	1747693	1751248	+	CDS	Rv1547	dnaE1	information pathways	information pathways	0	10	10	0.0	1749470.5	3555	False	False	0	False	NonReactive-Unq
NC_000962.3	1751296	1753333	-	CDS	Rv1548c	PPE21	PE/PPE	PE/PPE	0	9	9	0.0	1752314.5	2037	False	False	0	False	NonReactive-Unq
NC_000962.3	1753715	1755431	+	CDS	Rv1550	fadD11	lipid metabolism	lipid metabolism	0	7	7	0.0	1754573.0	1716	False	False	0	False	NonReactive-Unq
NC_000962.3	1755444	1757310	+	CDS	Rv1551	plsB1	lipid metabolism	lipid metabolism	0	9	9	0.0	1756377.0	1866	False	False	0	False	NonReactive-Unq
NC_000962.3	1757680	1759432	+	CDS	Rv1552	frdA	intermediary metabolism and respiration	intermediary metabolism and respiration	0	9	9	0.0	1758556.0	1752	False	False	0	False	NonReactive-Unq
NC_000962.3	1759434	1760178	+	CDS	Rv1553	frdB	intermediary metabolism and respiration	intermediary metabolism and respiration	0	4	4	0.0	1759806.0	744	False	False	0	False	NonReactive-Unq
NC_000962.3	1760174	1760555	+	CDS	Rv1554	frdC	intermediary metabolism and respiration	intermediary metabolism and respiration	0	2	2	0.0	1760364.5	381	False	False	0	False	NonReactive-Unq
NC_000962.3	1760551	1760929	+	CDS	Rv1555	frdD	intermediary metabolism and respiration	intermediary metabolism and respiration	0	2	2	0.0	1760740.0	378	False	False	0	False	NonReactive-Unq
NC_000962.3	1760996	1761605	+	CDS	Rv1556	Rv1556	regulatory proteins	regulatory proteins	0	3	3	0.0	1761300.5	609	False	False	0	False	NonReactive-Unq
NC_000962.3	1761743	1762937	+	CDS	Rv1557	mmpL6	cell wall and cell processes	cell wall and cell processes	0	7	7	0.0	1762340.0	1194	False	False	0	False	NonReactive-Unq
NC_000962.3	1762946	1763393	+	CDS	Rv1558	Rv1558	conserved hypotheticals	conserved hypotheticals	0	2	2	0.0	1763169.5	447	False	False	0	False	NonReactive-Unq
NC_000962.3	1763427	1764717	+	CDS	Rv1559	ilvA	intermediary metabolism and respiration	intermediary metabolism and respiration	0	6	6	0.0	1764072.0	1290	False	False	0	False	NonReactive-Unq
NC_000962.3	1764754	1764973	+	CDS	Rv1560	vapB11	virulence, detoxification, adaptation	virulence, detoxification, adaptation	0	2	2	0.0	1764863.5	219	False	False	0	False	NonReactive-Unq
NC_000962.3	1764978	1765383	+	CDS	Rv1561	vapC11	virulence, detoxification, adaptation	virulence, detoxification, adaptation	0	2	2	0.0	1765180.5	405	False	False	0	False	NonReactive-Unq
NC_000962.3	1765399	1767142	-	CDS	Rv1562c	treZ	virulence, detoxification, adaptation	virulence, detoxification, adaptation	0	9	9	0.0	1766270.5	1743	False	False	0	False	NonReactive-Unq
NC_000962.3	1767134	1769432	-	CDS	Rv1563c	treY	virulence, detoxification, adaptation	virulence, detoxification, adaptation	0	10	10	0.0	1768283.0	2298	False	False	0	False	NonReactive-Unq
NC_000962.3	1769435	1771601	-	CDS	Rv1564c	treX	virulence, detoxification, adaptation	virulence, detoxification, adaptation	0	9	9	0.0	1770518.0	2166	False	False	0	False	NonReactive-Unq
NC_000962.3	1771639	1773829	-	CDS	Rv1565c	Rv1565c	cell wall and cell processes	cell wall and cell processes	2	8	10	0.2	1772734.0	2190	True	True	0	False	Antigen-Unq
NC_000962.3	1773927	1774620	-	CDS	Rv1566c	Rv1566c	virulence, detoxification, adaptation	virulence, detoxification, adaptation	0	2	2	0.0	1774273.5	693	False	False	0	False	NonReactive-Unq
NC_000962.3	1775391	1776705	+	CDS	Rv1568	bioA	intermediary metabolism and respiration	intermediary metabolism and respiration	0	7	7	0.0	1776048.0	1314	False	False	0	False	NonReactive-Unq
NC_000962.3	1776701	1777862	+	CDS	Rv1569	bioF1	intermediary metabolism and respiration	intermediary metabolism and respiration	0	6	6	0.0	1777281.5	1161	False	False	0	False	NonReactive-Unq
NC_000962.3	1777858	1778539	+	CDS	Rv1570	bioD	intermediary metabolism and respiration	intermediary metabolism and respiration	0	3	3	0.0	1778198.5	681	False	False	0	False	NonReactive-Unq
NC_000962.3	1778538	1779048	+	CDS	Rv1571	Rv1571	conserved hypotheticals	conserved hypotheticals	0	3	3	0.0	1778793.0	510	False	False	0	False	NonReactive-Unq
NC_000962.3	1779313	1779724	+	CDS	Rv1573	Rv1573	insertion seqs and phages	insertion seqs and phages	0	2	2	0.0	1779518.5	411	False	False	0	False	NonReactive-Unq
NC_000962.3	1779929	1780241	+	CDS	Rv1574	Rv1574	insertion seqs and phages	insertion seqs and phages	0	2	2	0.0	1780085.0	312	False	False	1	True	NonReactive-HHR
NC_000962.3	1780198	1780699	+	CDS	Rv1575	Rv1575	insertion seqs and phages	insertion seqs and phages	0	2	2	0.0	1780448.5	501	False	False	2	True	NonReactive-HHR
NC_000962.3	1780642	1782064	-	CDS	Rv1576c	Rv1576c	insertion seqs and phages	insertion seqs and phages	0	7	7	0.0	1781353.0	1422	False	False	1	True	NonReactive-HHR
NC_000962.3	1782071	1782584	-	CDS	Rv1577c	Rv1577c	insertion seqs and phages	insertion seqs and phages	0	2	2	0.0	1782327.5	513	False	False	1	True	NonReactive-HHR
NC_000962.3	1783308	1783623	-	CDS	Rv1579c	Rv1579c	insertion seqs and phages	insertion seqs and phages	0	2	2	0.0	1783465.5	315	False	False	0	False	NonReactive-Unq
NC_000962.3	1783619	1783892	-	CDS	Rv1580c	Rv1580c	insertion seqs and phages	insertion seqs and phages	0	2	2	0.0	1783755.5	273	False	False	0	False	NonReactive-Unq
NC_000962.3	1783905	1784301	-	CDS	Rv1581c	Rv1581c	insertion seqs and phages	insertion seqs and phages	0	2	2	0.0	1784103.0	396	False	False	0	False	NonReactive-Unq
NC_000962.3	1784496	1785912	-	CDS	Rv1582c	Rv1582c	insertion seqs and phages	insertion seqs and phages	0	7	7	0.0	1785204.0	1416	False	False	0	False	NonReactive-Unq
NC_000962.3	1785911	1786310	-	CDS	Rv1583c	Rv1583c	insertion seqs and phages	insertion seqs and phages	0	2	2	0.0	1786110.5	399	False	False	0	False	NonReactive-Unq
NC_000962.3	1786306	1786528	-	CDS	Rv1584c	Rv1584c	insertion seqs and phages	insertion seqs and phages	0	2	2	0.0	1786417.0	222	False	False	0	False	NonReactive-Unq
NC_000962.3	1786583	1787099	-	CDS	Rv1585c	Rv1585c	insertion seqs and phages	insertion seqs and phages	0	2	2	0.0	1786841.0	516	False	False	0	False	NonReactive-Unq
NC_000962.3	1787095	1788505	-	CDS	Rv1586c	Rv1586c	insertion seqs and phages	insertion seqs and phages	0	7	7	0.0	1787800.0	1410	False	False	0	False	NonReactive-Unq
NC_000962.3	1788161	1789163	-	CDS	Rv1587c	Rv1587c	insertion seqs and phages	REP13E12_Repeat	0	3	3	0.0	1788662.0	1002	False	False	1	True	NonReactive-HHR
NC_000962.3	1789167	1789836	-	CDS	Rv1588c	Rv1588c	insertion seqs and phages	REP13E12_Repeat	0	3	3	0.0	1789501.5	669	False	False	1	True	NonReactive-HHR
NC_000962.3	1790283	1791333	+	CDS	Rv1589	bioB	intermediary metabolism and respiration	intermediary metabolism and respiration	0	4	4	0.0	1790808.0	1050	False	False	0	False	NonReactive-Unq
NC_000962.3	1791333	1791573	+	CDS	Rv1590	Rv1590	conserved hypotheticals	conserved hypotheticals	0	2	2	0.0	1791453.0	240	False	False	0	False	NonReactive-Unq
NC_000962.3	1791569	1792235	+	CDS	Rv1591	Rv1591	cell wall and cell processes	cell wall and cell processes	0	3	3	0.0	1791902.0	666	False	False	0	False	NonReactive-Unq
NC_000962.3	1792399	1793740	-	CDS	Rv1592c	Rv1592c	conserved hypotheticals	conserved hypotheticals	0	7	7	0.0	1793069.5	1341	False	False	0	False	NonReactive-Unq
NC_000962.3	1793996	1794707	-	CDS	Rv1593c	Rv1593c	conserved hypotheticals	conserved hypotheticals	0	4	4	0.0	1794351.5	711	False	False	0	False	NonReactive-Unq
NC_000962.3	1794755	1795805	+	CDS	Rv1594	nadA	intermediary metabolism and respiration	intermediary metabolism and respiration	0	5	5	0.0	1795280.0	1050	False	False	0	False	NonReactive-Unq
NC_000962.3	1795804	1797388	+	CDS	Rv1595	nadB	intermediary metabolism and respiration	intermediary metabolism and respiration	0	8	8	0.0	1796596.0	1584	False	False	0	False	NonReactive-Unq
NC_000962.3	1797387	1798245	+	CDS	Rv1596	nadC	intermediary metabolism and respiration	intermediary metabolism and respiration	0	4	4	0.0	1797816.0	858	False	False	0	False	NonReactive-Unq
NC_000962.3	1798293	1799052	+	CDS	Rv1597	Rv1597	conserved hypotheticals	conserved hypotheticals	0	4	4	0.0	1798672.5	759	False	False	0	False	NonReactive-Unq
NC_000962.3	1799072	1799483	-	CDS	Rv1598c	Rv1598c	conserved hypotheticals	conserved hypotheticals	0	2	2	0.0	1799277.5	411	False	False	0	False	NonReactive-Unq
NC_000962.3	1799582	1800899	+	CDS	Rv1599	hisD	intermediary metabolism and respiration	intermediary metabolism and respiration	1	6	7	0.14285714285714285	1800240.5	1317	True	False	0	False	NonReactive-Unq
NC_000962.3	1800895	1802038	+	CDS	Rv1600	hisC1	intermediary metabolism and respiration	intermediary metabolism and respiration	0	6	6	0.0	1801466.5	1143	False	False	0	False	NonReactive-Unq
NC_000962.3	1802034	1802667	+	CDS	Rv1601	hisB	intermediary metabolism and respiration	intermediary metabolism and respiration	0	3	3	0.0	1802350.5	633	False	False	0	False	NonReactive-Unq
NC_000962.3	1802663	1803284	+	CDS	Rv1602	hisH	intermediary metabolism and respiration	intermediary metabolism and respiration	0	3	3	0.0	1802973.5	621	False	False	0	False	NonReactive-Unq
NC_000962.3	1803293	1804031	+	CDS	Rv1603	hisA	intermediary metabolism and respiration	intermediary metabolism and respiration	0	3	3	0.0	1803662.0	738	False	False	0	False	NonReactive-Unq
NC_000962.3	1804038	1804851	+	CDS	Rv1604	impA	intermediary metabolism and respiration	intermediary metabolism and respiration	0	4	4	0.0	1804444.5	813	False	False	0	False	NonReactive-Unq
NC_000962.3	1804852	1805656	+	CDS	Rv1605	hisF	intermediary metabolism and respiration	intermediary metabolism and respiration	0	4	4	0.0	1805254.0	804	False	False	0	False	NonReactive-Unq
NC_000962.3	1805652	1806000	+	CDS	Rv1606	hisI	intermediary metabolism and respiration	intermediary metabolism and respiration	0	2	2	0.0	1805826.0	348	False	False	0	False	NonReactive-Unq
NC_000962.3	1806180	1807263	+	CDS	Rv1607	chaA	cell wall and cell processes	cell wall and cell processes	0	5	5	0.0	1806721.5	1083	False	False	0	False	NonReactive-Unq
NC_000962.3	1807297	1807762	-	CDS	Rv1608c	bcpB	virulence, detoxification, adaptation	virulence, detoxification, adaptation	0	2	2	0.0	1807529.5	465	False	False	0	False	NonReactive-Unq
NC_000962.3	1807902	1809453	+	CDS	Rv1609	trpE	intermediary metabolism and respiration	intermediary metabolism and respiration	0	8	8	0.0	1808677.5	1551	False	False	0	False	NonReactive-Unq
NC_000962.3	1809442	1810150	+	CDS	Rv1610	Rv1610	cell wall and cell processes	cell wall and cell processes	0	4	4	0.0	1809796.0	708	False	False	0	False	NonReactive-Unq
NC_000962.3	1810239	1811058	+	CDS	Rv1611	trpC	intermediary metabolism and respiration	intermediary metabolism and respiration	0	4	4	0.0	1810648.5	819	False	False	0	False	NonReactive-Unq
NC_000962.3	1811126	1812359	+	CDS	Rv1612	trpB	intermediary metabolism and respiration	intermediary metabolism and respiration	0	6	6	0.0	1811742.5	1233	False	False	0	False	NonReactive-Unq
NC_000962.3	1812358	1813171	+	CDS	Rv1613	trpA	intermediary metabolism and respiration	intermediary metabolism and respiration	0	4	4	0.0	1812764.5	813	False	False	0	False	NonReactive-Unq
NC_000962.3	1813170	1814577	+	CDS	Rv1614	lgt	cell wall and cell processes	cell wall and cell processes	0	7	7	0.0	1813873.5	1407	False	False	0	False	NonReactive-Unq
NC_000962.3	1815252	1815693	+	CDS	Rv1615	Rv1615	cell wall and cell processes	cell wall and cell processes	0	2	2	0.0	1815472.5	441	False	False	0	False	NonReactive-Unq
NC_000962.3	1815682	1816081	+	CDS	Rv1616	Rv1616	cell wall and cell processes	cell wall and cell processes	0	2	2	0.0	1815881.5	399	False	False	0	False	NonReactive-Unq
NC_000962.3	1816188	1817607	+	CDS	Rv1617	pykA	intermediary metabolism and respiration	intermediary metabolism and respiration	0	7	7	0.0	1816897.5	1419	False	False	0	False	NonReactive-Unq
NC_000962.3	1817614	1818517	+	CDS	Rv1618	tesB1	lipid metabolism	lipid metabolism	0	4	4	0.0	1818065.5	903	False	False	0	False	NonReactive-Unq
NC_000962.3	1818574	1820029	+	CDS	Rv1619	Rv1619	cell wall and cell processes	cell wall and cell processes	0	7	7	0.0	1819301.5	1455	False	False	0	False	NonReactive-Unq
NC_000962.3	1819962	1821693	-	CDS	Rv1620c	cydC	intermediary metabolism and respiration	intermediary metabolism and respiration	0	9	9	0.0	1820827.5	1731	False	False	0	False	NonReactive-Unq
NC_000962.3	1821689	1823273	-	CDS	Rv1621c	cydD	intermediary metabolism and respiration	intermediary metabolism and respiration	0	8	8	0.0	1822481.0	1584	False	False	0	False	NonReactive-Unq
NC_000962.3	1823359	1824400	-	CDS	Rv1622c	cydB	intermediary metabolism and respiration	intermediary metabolism and respiration	0	5	5	0.0	1823879.5	1041	False	False	0	False	NonReactive-Unq
NC_000962.3	1824429	1825887	-	CDS	Rv1623c	cydA	intermediary metabolism and respiration	intermediary metabolism and respiration	0	7	7	0.0	1825158.0	1458	False	False	0	False	NonReactive-Unq
NC_000962.3	1825997	1826585	-	CDS	Rv1624c	Rv1624c	cell wall and cell processes	cell wall and cell processes	0	3	3	0.0	1826291.0	588	False	False	0	False	NonReactive-Unq
NC_000962.3	1826613	1827945	-	CDS	Rv1625c	cya	intermediary metabolism and respiration	intermediary metabolism and respiration	0	7	7	0.0	1827279.0	1332	False	False	0	False	NonReactive-Unq
NC_000962.3	1828179	1828797	+	CDS	Rv1626	Rv1626	regulatory proteins	regulatory proteins	0	3	3	0.0	1828488.0	618	False	False	0	False	NonReactive-Unq
NC_000962.3	1828864	1830073	-	CDS	Rv1627c	Rv1627c	lipid metabolism	lipid metabolism	0	5	5	0.0	1829468.5	1209	False	False	0	False	NonReactive-Unq
NC_000962.3	1830069	1830561	-	CDS	Rv1628c	Rv1628c	conserved hypotheticals	conserved hypotheticals	0	2	2	0.0	1830315.0	492	False	False	0	False	NonReactive-Unq
NC_000962.3	1830664	1833379	+	CDS	Rv1629	polA	information pathways	information pathways	1	9	10	0.1	1832021.5	2715	True	False	0	False	NonReactive-Unq
NC_000962.3	1833541	1834987	+	CDS	Rv1630	rpsA	information pathways	information pathways	0	7	7	0.0	1834264.0	1446	False	False	0	False	NonReactive-Unq
NC_000962.3	1835012	1836236	+	CDS	Rv1631	coaE	intermediary metabolism and respiration	intermediary metabolism and respiration	0	6	6	0.0	1835624.0	1224	False	False	0	False	NonReactive-Unq
NC_000962.3	1836386	1836830	-	CDS	Rv1632c	Rv1632c	conserved hypotheticals	conserved hypotheticals	0	2	2	0.0	1836608.0	444	False	False	0	False	NonReactive-Unq
NC_000962.3	1837074	1839171	+	CDS	Rv1633	uvrB	information pathways	information pathways	0	10	10	0.0	1838122.5	2097	False	False	0	False	NonReactive-Unq
NC_000962.3	1839167	1840583	+	CDS	Rv1634	Rv1634	cell wall and cell processes	cell wall and cell processes	0	7	7	0.0	1839875.0	1416	False	False	0	False	NonReactive-Unq
NC_000962.3	1840571	1842242	-	CDS	Rv1635c	Rv1635c	cell wall and cell processes	cell wall and cell processes	0	8	8	0.0	1841406.5	1671	False	False	0	False	NonReactive-Unq
NC_000962.3	1842450	1842891	+	CDS	Rv1636	TB15.3	virulence, detoxification, adaptation	virulence, detoxification, adaptation	0	2	2	0.0	1842670.5	441	False	False	0	False	NonReactive-Unq
NC_000962.3	1842897	1843692	-	CDS	Rv1637c	Rv1637c	conserved hypotheticals	conserved hypotheticals	0	4	4	0.0	1843294.5	795	False	False	0	False	NonReactive-Unq
NC_000962.3	1843740	1846659	+	CDS	Rv1638	uvrA	information pathways	information pathways	0	10	10	0.0	1845199.5	2919	False	False	0	False	NonReactive-Unq
NC_000962.3	1846715	1846973	-	CDS	Rv1638A	Rv1638A	conserved hypotheticals	conserved hypotheticals	0	2	2	0.0	1846844.0	258	False	False	0	False	NonReactive-Unq
NC_000962.3	1846988	1848458	-	CDS	Rv1639c	Rv1639c	cell wall and cell processes	cell wall and cell processes	0	6	6	0.0	1847723.0	1470	False	False	0	False	NonReactive-Unq
NC_000962.3	1848516	1852035	-	CDS	Rv1640c	lysX	information pathways	information pathways	0	10	10	0.0	1850275.5	3519	False	False	0	False	NonReactive-Unq
NC_000962.3	1852272	1852878	+	CDS	Rv1641	infC	information pathways	information pathways	0	3	3	0.0	1852575.0	606	False	False	0	False	NonReactive-Unq
NC_000962.3	1852927	1853122	+	CDS	Rv1642	rpmI	information pathways	information pathways	0	2	2	0.0	1853024.5	195	False	False	0	False	NonReactive-Unq
NC_000962.3	1853183	1853573	+	CDS	Rv1643	rplT	information pathways	information pathways	0	2	2	0.0	1853378.0	390	False	False	0	False	NonReactive-Unq
NC_000962.3	1853605	1854388	+	CDS	Rv1644	tsnR	information pathways	information pathways	0	4	4	0.0	1853996.5	783	False	False	0	False	NonReactive-Unq
NC_000962.3	1854398	1855454	-	CDS	Rv1645c	Rv1645c	conserved hypotheticals	conserved hypotheticals	0	5	5	0.0	1854926.0	1056	False	False	0	False	NonReactive-Unq
NC_000962.3	1855763	1856696	+	CDS	Rv1646	PE17	PE/PPE	PE/PPE	0	5	5	0.0	1856229.5	933	False	False	0	False	NonReactive-Unq
NC_000962.3	1856773	1857724	+	CDS	Rv1647	Rv1647	intermediary metabolism and respiration	intermediary metabolism and respiration	0	5	5	0.0	1857248.5	951	False	False	0	False	NonReactive-Unq
NC_000962.3	1857730	1858537	+	CDS	Rv1648	Rv1648	cell wall and cell processes	cell wall and cell processes	0	4	4	0.0	1858133.5	807	False	False	0	False	NonReactive-Unq
NC_000962.3	1858732	1859758	+	CDS	Rv1649	pheS	information pathways	information pathways	0	4	4	0.0	1859245.0	1026	False	False	0	False	NonReactive-Unq
NC_000962.3	1859757	1862253	+	CDS	Rv1650	pheT	information pathways	information pathways	0	10	10	0.0	1861005.0	2496	False	False	0	False	NonReactive-Unq
NC_000962.3	1862346	1865382	-	CDS	Rv1651c	PE_PGRS30	PE/PPE	PE/PPE	0	10	10	0.0	1863864.0	3036	False	False	0	False	NonReactive-Unq
NC_000962.3	1865575	1866634	+	CDS	Rv1652	argC	intermediary metabolism and respiration	intermediary metabolism and respiration	0	5	5	0.0	1866104.5	1059	False	False	0	False	NonReactive-Unq
NC_000962.3	1866630	1867845	+	CDS	Rv1653	argJ	intermediary metabolism and respiration	intermediary metabolism and respiration	0	4	4	0.0	1867237.5	1215	False	False	0	False	NonReactive-Unq
NC_000962.3	1867841	1868726	+	CDS	Rv1654	argB	intermediary metabolism and respiration	intermediary metabolism and respiration	0	4	4	0.0	1868283.5	885	False	False	0	False	NonReactive-Unq
NC_000962.3	1868722	1869925	+	CDS	Rv1655	argD	intermediary metabolism and respiration	intermediary metabolism and respiration	0	6	6	0.0	1869323.5	1203	False	False	0	False	NonReactive-Unq
NC_000962.3	1869921	1870845	+	CDS	Rv1656	argF	intermediary metabolism and respiration	intermediary metabolism and respiration	0	5	5	0.0	1870383.0	924	False	False	0	False	NonReactive-Unq
NC_000962.3	1870841	1871354	+	CDS	Rv1657	argR	regulatory proteins	regulatory proteins	0	2	2	0.0	1871097.5	513	False	False	0	False	NonReactive-Unq
NC_000962.3	1871362	1872559	+	CDS	Rv1658	argG	intermediary metabolism and respiration	intermediary metabolism and respiration	0	6	6	0.0	1871960.5	1197	False	False	0	False	NonReactive-Unq
NC_000962.3	1872638	1874051	+	CDS	Rv1659	argH	intermediary metabolism and respiration	intermediary metabolism and respiration	0	7	7	0.0	1873344.5	1413	False	False	0	False	NonReactive-Unq
NC_000962.3	1874159	1875221	+	CDS	Rv1660	pks10	lipid metabolism	lipid metabolism	0	5	5	0.0	1874690.0	1062	False	False	0	False	NonReactive-Unq
NC_000962.3	1875303	1881684	+	CDS	Rv1661	pks7	lipid metabolism	lipid metabolism	0	10	10	0.0	1878493.5	6381	False	False	2	True	NonReactive-HHR
NC_000962.3	1881703	1886512	+	CDS	Rv1662	pks8	lipid metabolism	lipid metabolism	0	10	10	0.0	1884107.5	4809	False	False	1	True	NonReactive-HHR
NC_000962.3	1886511	1888020	+	CDS	Rv1663	pks17	lipid metabolism	lipid metabolism	0	7	7	0.0	1887265.5	1509	False	False	0	False	NonReactive-Unq
NC_000962.3	1888025	1891079	+	CDS	Rv1664	pks9	lipid metabolism	lipid metabolism	0	10	10	0.0	1889552.0	3054	False	False	0	False	NonReactive-Unq
NC_000962.3	1891225	1892287	+	CDS	Rv1665	pks11	lipid metabolism	lipid metabolism	0	5	5	0.0	1891756.0	1062	False	False	0	False	NonReactive-Unq
NC_000962.3	1892269	1893562	-	CDS	Rv1666c	cyp139	intermediary metabolism and respiration	intermediary metabolism and respiration	0	6	6	0.0	1892915.5	1293	False	False	0	False	NonReactive-Unq
NC_000962.3	1895724	1896087	+	CDS	Rv1669	Rv1669	conserved hypotheticals	conserved hypotheticals	0	2	2	0.0	1895905.5	363	False	False	0	False	NonReactive-Unq
NC_000962.3	1896119	1896467	+	CDS	Rv1670	Rv1670	conserved hypotheticals	conserved hypotheticals	0	2	2	0.0	1896293.0	348	False	False	0	False	NonReactive-Unq
NC_000962.3	1896474	1896867	+	CDS	Rv1671	Rv1671	cell wall and cell processes	cell wall and cell processes	0	2	2	0.0	1896670.5	393	False	False	0	False	NonReactive-Unq
NC_000962.3	1896875	1898207	-	CDS	Rv1672c	Rv1672c	cell wall and cell processes	cell wall and cell processes	0	7	7	0.0	1897541.0	1332	False	False	0	False	NonReactive-Unq
NC_000962.3	1898299	1899232	-	CDS	Rv1673c	Rv1673c	conserved hypotheticals	conserved hypotheticals	0	5	5	0.0	1898765.5	933	False	False	0	False	NonReactive-Unq
NC_000962.3	1899259	1899916	-	CDS	Rv1674c	Rv1674c	regulatory proteins	regulatory proteins	0	3	3	0.0	1899587.5	657	False	False	0	False	NonReactive-Unq
NC_000962.3	1900240	1900975	-	CDS	Rv1675c	cmr	regulatory proteins	regulatory proteins	0	4	4	0.0	1900607.5	735	False	False	0	False	NonReactive-Unq
NC_000962.3	1901046	1901751	+	CDS	Rv1676	Rv1676	conserved hypotheticals	conserved hypotheticals	0	3	3	0.0	1901398.5	705	False	False	0	False	NonReactive-Unq
NC_000962.3	1901747	1902296	+	CDS	Rv1677	dsbF	cell wall and cell processes	cell wall and cell processes	0	3	3	0.0	1902021.5	549	False	False	0	False	NonReactive-Unq
NC_000962.3	1902396	1903299	+	CDS	Rv1678	Rv1678	cell wall and cell processes	cell wall and cell processes	0	4	4	0.0	1902847.5	903	False	False	0	False	NonReactive-Unq
NC_000962.3	1903298	1904420	+	CDS	Rv1679	fadE16	lipid metabolism	lipid metabolism	0	6	6	0.0	1903859.0	1122	False	False	0	False	NonReactive-Unq
NC_000962.3	1904428	1905253	+	CDS	Rv1680	Rv1680	conserved hypotheticals	conserved hypotheticals	0	4	4	0.0	1904840.5	825	False	False	0	False	NonReactive-Unq
NC_000962.3	1905249	1906242	+	CDS	Rv1681	moeX	intermediary metabolism and respiration	intermediary metabolism and respiration	1	3	4	0.25	1905745.5	993	True	False	0	False	NonReactive-Unq
NC_000962.3	1906402	1907320	+	CDS	Rv1682	Rv1682	conserved hypotheticals	conserved hypotheticals	0	5	5	0.0	1906861.0	918	False	False	0	False	NonReactive-Unq
NC_000962.3	1907593	1910593	+	CDS	Rv1683	Rv1683	lipid metabolism	lipid metabolism	0	10	10	0.0	1909093.0	3000	False	False	0	False	NonReactive-Unq
NC_000962.3	1910585	1910810	+	CDS	Rv1684	Rv1684	conserved hypotheticals	conserved hypotheticals	0	2	2	0.0	1910697.5	225	False	False	0	False	NonReactive-Unq
NC_000962.3	1910775	1911399	-	CDS	Rv1685c	Rv1685c	conserved hypotheticals	conserved hypotheticals	0	2	2	0.0	1911087.0	624	False	False	0	False	NonReactive-Unq
NC_000962.3	1911400	1912081	-	CDS	Rv1686c	Rv1686c	cell wall and cell processes	cell wall and cell processes	0	3	3	0.0	1911740.5	681	False	False	0	False	NonReactive-Unq
NC_000962.3	1912152	1912920	-	CDS	Rv1687c	Rv1687c	cell wall and cell processes	cell wall and cell processes	0	4	4	0.0	1912536.0	768	False	False	0	False	NonReactive-Unq
NC_000962.3	1912978	1913590	+	CDS	Rv1688	mpg	information pathways	information pathways	0	3	3	0.0	1913284.0	612	False	False	0	False	NonReactive-Unq
NC_000962.3	1913601	1914876	+	CDS	Rv1689	tyrS	information pathways	information pathways	0	6	6	0.0	1914238.5	1275	False	False	0	False	NonReactive-Unq
NC_000962.3	1915526	1915910	+	CDS	Rv1690	lprJ	cell wall and cell processes	cell wall and cell processes	0	2	2	0.0	1915718.0	384	False	False	0	False	NonReactive-Unq
NC_000962.3	1915948	1916701	+	CDS	Rv1691	Rv1691	conserved hypotheticals	conserved hypotheticals	0	4	4	0.0	1916324.5	753	False	False	0	False	NonReactive-Unq
NC_000962.3	1916697	1917759	+	CDS	Rv1692	Rv1692	intermediary metabolism and respiration	intermediary metabolism and respiration	0	5	5	0.0	1917228.0	1062	False	False	0	False	NonReactive-Unq
NC_000962.3	1917755	1917932	+	CDS	Rv1693	Rv1693	conserved hypotheticals	conserved hypotheticals	0	2	2	0.0	1917843.5	177	False	False	0	False	NonReactive-Unq
NC_000962.3	1917939	1918746	+	CDS	Rv1694	tlyA	virulence, detoxification, adaptation	virulence, detoxification, adaptation	0	4	4	0.0	1918342.5	807	False	False	0	False	NonReactive-Unq
NC_000962.3	1918745	1919669	+	CDS	Rv1695	ppnK	intermediary metabolism and respiration	intermediary metabolism and respiration	0	5	5	0.0	1919207.0	924	False	False	0	False	NonReactive-Unq
NC_000962.3	1919682	1921446	+	CDS	Rv1696	recN	information pathways	information pathways	0	9	9	0.0	1920564.0	1764	False	False	0	False	NonReactive-Unq
NC_000962.3	1921541	1922723	+	CDS	Rv1697	Rv1697	conserved hypotheticals	conserved hypotheticals	0	6	6	0.0	1922132.0	1182	False	False	0	False	NonReactive-Unq
NC_000962.3	1922744	1923689	+	CDS	Rv1698	mctB	cell wall and cell processes	cell wall and cell processes	0	5	5	0.0	1923216.5	945	False	False	0	False	NonReactive-Unq
NC_000962.3	1923828	1925589	+	CDS	Rv1699	pyrG	intermediary metabolism and respiration	intermediary metabolism and respiration	0	9	9	0.0	1924708.5	1761	False	False	0	False	NonReactive-Unq
NC_000962.3	1925581	1926205	+	CDS	Rv1700	Rv1700	information pathways	information pathways	0	3	3	0.0	1925893.0	624	False	False	0	False	NonReactive-Unq
NC_000962.3	1926201	1927137	+	CDS	Rv1701	Rv1701	insertion seqs and phages	insertion seqs and phages	0	5	5	0.0	1926669.0	936	False	False	0	False	NonReactive-Unq
NC_000962.3	1927210	1928575	-	CDS	Rv1702c	Rv1702c	insertion seqs and phages	REP13E12_Repeat	0	7	7	0.0	1927892.5	1365	False	False	0	False	NonReactive-Unq
NC_000962.3	1929130	1929721	-	CDS	Rv1703c	Rv1703c	intermediary metabolism and respiration	intermediary metabolism and respiration	0	3	3	0.0	1929425.5	591	False	False	0	False	NonReactive-Unq
NC_000962.3	1929785	1931456	-	CDS	Rv1704c	cycA	cell wall and cell processes	cell wall and cell processes	0	8	8	0.0	1930620.5	1671	False	False	0	False	NonReactive-Unq
NC_000962.3	1931496	1932654	-	CDS	Rv1705c	PPE22	PE/PPE	PE/PPE	1	5	6	0.16666666666666666	1932075.0	1158	True	False	0	False	NonReactive-Unq
NC_000962.3	1932693	1933878	-	CDS	Rv1706c	PPE23	PE/PPE	PE/PPE	0	6	6	0.0	1933285.5	1185	False	False	0	False	NonReactive-Unq
NC_000962.3	1934481	1934649	-	CDS	Rv1706A	Rv1706A	conserved hypotheticals	conserved hypotheticals	0	1	1	0.0	1934565.0	168	False	False	0	False	NonReactive-Unq
NC_000962.3	1934881	1936342	+	CDS	Rv1707	Rv1707	cell wall and cell processes	cell wall and cell processes	0	7	7	0.0	1935611.5	1461	False	False	0	False	NonReactive-Unq
NC_000962.3	1936359	1937316	+	CDS	Rv1708	Rv1708	cell wall and cell processes	cell wall and cell processes	0	5	5	0.0	1936837.5	957	False	False	0	False	NonReactive-Unq
NC_000962.3	1937312	1938149	+	CDS	Rv1709	scpA	cell wall and cell processes	cell wall and cell processes	0	4	4	0.0	1937730.5	837	False	False	0	False	NonReactive-Unq
NC_000962.3	1938145	1938841	+	CDS	Rv1710	scpB	cell wall and cell processes	cell wall and cell processes	0	3	3	0.0	1938493.0	696	False	False	0	False	NonReactive-Unq
NC_000962.3	1938837	1939602	+	CDS	Rv1711	Rv1711	conserved hypotheticals	conserved hypotheticals	0	4	4	0.0	1939219.5	765	False	False	0	False	NonReactive-Unq
NC_000962.3	1939598	1940291	+	CDS	Rv1712	cmk	intermediary metabolism and respiration	intermediary metabolism and respiration	0	3	3	0.0	1939944.5	693	False	False	0	False	NonReactive-Unq
NC_000962.3	1940287	1941679	+	CDS	Rv1713	engA	intermediary metabolism and respiration	intermediary metabolism and respiration	0	7	7	0.0	1940983.0	1392	False	False	0	False	NonReactive-Unq
NC_000962.3	1941852	1942665	+	CDS	Rv1714	Rv1714	intermediary metabolism and respiration	intermediary metabolism and respiration	0	3	3	0.0	1942258.5	813	False	False	0	False	NonReactive-Unq
NC_000962.3	1942658	1943573	+	CDS	Rv1715	fadB3	lipid metabolism	lipid metabolism	0	4	4	0.0	1943115.5	915	False	False	0	False	NonReactive-Unq
NC_000962.3	1943575	1944406	+	CDS	Rv1716	Rv1716	conserved hypotheticals	conserved hypotheticals	0	4	4	0.0	1943990.5	831	False	False	0	False	NonReactive-Unq
NC_000962.3	1944405	1944756	+	CDS	Rv1717	Rv1717	conserved hypotheticals	conserved hypotheticals	0	2	2	0.0	1944580.5	351	False	False	0	False	NonReactive-Unq
NC_000962.3	1944808	1945627	+	CDS	Rv1718	Rv1718	conserved hypotheticals	conserved hypotheticals	0	4	4	0.0	1945217.5	819	False	False	0	False	NonReactive-Unq
NC_000962.3	1945640	1946420	+	CDS	Rv1719	Rv1719	regulatory proteins	regulatory proteins	0	4	4	0.0	1946030.0	780	False	False	0	False	NonReactive-Unq
NC_000962.3	1947029	1947419	-	CDS	Rv1720c	vapC12	virulence, detoxification, adaptation	virulence, detoxification, adaptation	0	2	2	0.0	1947224.0	390	False	False	0	False	NonReactive-Unq
NC_000962.3	1947415	1947643	-	CDS	Rv1721c	vapB12	virulence, detoxification, adaptation	virulence, detoxification, adaptation	0	2	2	0.0	1947529.0	228	False	False	0	False	NonReactive-Unq
NC_000962.3	1947860	1949345	+	CDS	Rv1722	Rv1722	lipid metabolism	lipid metabolism	0	6	6	0.0	1948602.5	1485	False	False	0	False	NonReactive-Unq
NC_000962.3	1949341	1950589	+	CDS	Rv1723	Rv1723	intermediary metabolism and respiration	intermediary metabolism and respiration	0	6	6	0.0	1949965.0	1248	False	False	0	False	NonReactive-Unq
NC_000962.3	1950631	1951051	-	CDS	Rv1724c	Rv1724c	conserved hypotheticals	conserved hypotheticals	0	2	2	0.0	1950841.0	420	False	False	0	False	NonReactive-Unq
NC_000962.3	1951040	1951751	-	CDS	Rv1725c	Rv1725c	conserved hypotheticals	conserved hypotheticals	0	4	4	0.0	1951395.5	711	False	False	0	False	NonReactive-Unq
NC_000962.3	1951851	1953237	+	CDS	Rv1726	Rv1726	intermediary metabolism and respiration	intermediary metabolism and respiration	0	7	7	0.0	1952544.0	1386	False	False	0	False	NonReactive-Unq
NC_000962.3	1953269	1953839	+	CDS	Rv1727	Rv1727	conserved hypotheticals	conserved hypotheticals	0	2	2	0.0	1953554.0	570	False	False	0	False	NonReactive-Unq
NC_000962.3	1953863	1954634	-	CDS	Rv1728c	Rv1728c	conserved hypotheticals	conserved hypotheticals	0	4	4	0.0	1954248.5	771	False	False	0	False	NonReactive-Unq
NC_000962.3	1954630	1955569	-	CDS	Rv1729c	Rv1729c	lipid metabolism	lipid metabolism	0	4	4	0.0	1955099.5	939	False	False	0	False	NonReactive-Unq
NC_000962.3	1955691	1957245	-	CDS	Rv1730c	Rv1730c	cell wall and cell processes	cell wall and cell processes	0	8	8	0.0	1956468.0	1554	False	False	0	False	NonReactive-Unq
NC_000962.3	1957676	1959233	+	CDS	Rv1731	gabD2	intermediary metabolism and respiration	intermediary metabolism and respiration	0	8	8	0.0	1958454.5	1557	False	False	0	False	NonReactive-Unq
NC_000962.3	1959242	1959791	-	CDS	Rv1732c	Rv1732c	conserved hypotheticals	conserved hypotheticals	0	3	3	0.0	1959516.5	549	False	False	0	False	NonReactive-Unq
NC_000962.3	1959854	1960487	-	CDS	Rv1733c	Rv1733c	cell wall and cell processes	cell wall and cell processes	0	3	3	0.0	1960170.5	633	False	False	0	False	NonReactive-Unq
NC_000962.3	1960773	1961016	-	CDS	Rv1734c	Rv1734c	conserved hypotheticals	conserved hypotheticals	0	2	2	0.0	1960894.5	243	False	False	0	False	NonReactive-Unq
NC_000962.3	1961290	1961788	-	CDS	Rv1735c	Rv1735c	cell wall and cell processes	cell wall and cell processes	0	1	1	0.0	1961539.0	498	False	False	0	False	NonReactive-Unq
NC_000962.3	1962227	1964186	-	CDS	Rv1736c	narX	intermediary metabolism and respiration	intermediary metabolism and respiration	0	11	11	0.0	1963206.5	1959	False	False	1	True	NonReactive-HHR
NC_000962.3	1964182	1965370	-	CDS	Rv1737c	narK2	cell wall and cell processes	cell wall and cell processes	0	6	6	0.0	1964776.0	1188	False	False	0	False	NonReactive-Unq
NC_000962.3	1965656	1965941	+	CDS	Rv1738	Rv1738	conserved hypotheticals	conserved hypotheticals	0	1	1	0.0	1965798.5	285	False	False	0	False	NonReactive-Unq
NC_000962.3	1965954	1967637	-	CDS	Rv1739c	Rv1739c	cell wall and cell processes	cell wall and cell processes	0	8	8	0.0	1966795.5	1683	False	False	0	False	NonReactive-Unq
NC_000962.3	1967704	1967917	+	CDS	Rv1740	vapB34	virulence, detoxification, adaptation	virulence, detoxification, adaptation	0	2	2	0.0	1967810.5	213	False	False	0	False	NonReactive-Unq
NC_000962.3	1967916	1968165	+	CDS	Rv1741	vapC34	virulence, detoxification, adaptation	virulence, detoxification, adaptation	0	2	2	0.0	1968040.5	249	False	False	0	False	NonReactive-Unq
NC_000962.3	1968172	1968910	+	CDS	Rv1742	Rv1742	unknown	unknown	0	4	4	0.0	1968541.0	738	False	False	0	False	NonReactive-Unq
NC_000962.3	1969003	1970704	+	CDS	Rv1743	pknE	regulatory proteins	regulatory proteins	0	8	8	0.0	1969853.5	1701	False	False	0	False	NonReactive-Unq
NC_000962.3	1970988	1971390	-	CDS	Rv1744c	Rv1744c	cell wall and cell processes	cell wall and cell processes	0	3	3	0.0	1971189.0	402	False	False	0	False	NonReactive-Unq
NC_000962.3	1971379	1971991	-	CDS	Rv1745c	idi	intermediary metabolism and respiration	intermediary metabolism and respiration	0	3	3	0.0	1971685.0	612	False	False	0	False	NonReactive-Unq
NC_000962.3	1972137	1973568	+	CDS	Rv1746	pknF	regulatory proteins	regulatory proteins	0	7	7	0.0	1972852.5	1431	False	False	0	False	NonReactive-Unq
NC_000962.3	1973629	1976227	+	CDS	Rv1747	Rv1747	cell wall and cell processes	cell wall and cell processes	0	7	7	0.0	1974928.0	2598	False	False	0	False	NonReactive-Unq
NC_000962.3	1976599	1977331	+	CDS	Rv1748	Rv1748	conserved hypotheticals	conserved hypotheticals	0	4	4	0.0	1976965.0	732	False	False	0	False	NonReactive-Unq
NC_000962.3	1977327	1977885	-	CDS	Rv1749c	Rv1749c	cell wall and cell processes	cell wall and cell processes	0	3	3	0.0	1977606.0	558	False	False	0	False	NonReactive-Unq
NC_000962.3	1977968	1979567	-	CDS	Rv1750c	fadD1	lipid metabolism	lipid metabolism	0	8	8	0.0	1978767.5	1599	False	False	0	False	NonReactive-Unq
NC_000962.3	1979620	1981003	+	CDS	Rv1751	Rv1751	intermediary metabolism and respiration	intermediary metabolism and respiration	0	7	7	0.0	1980311.5	1383	False	False	0	False	NonReactive-Unq
NC_000962.3	1981129	1981579	+	CDS	Rv1752	Rv1752	conserved hypotheticals	conserved hypotheticals	0	2	2	0.0	1981354.0	450	False	False	0	False	NonReactive-Unq
NC_000962.3	1981613	1984775	-	CDS	Rv1753c	PPE24	PE/PPE	PE/PPE	0	10	10	0.0	1983194.0	3162	False	False	0	False	NonReactive-Unq
NC_000962.3	1984978	1986670	-	CDS	Rv1754c	Rv1754c	conserved hypotheticals	conserved hypotheticals	0	8	8	0.0	1985824.0	1692	False	False	0	False	NonReactive-Unq
NC_000962.3	1989041	1989566	+	CDS	Rv1758	cut1	cell wall and cell processes	cell wall and cell processes	0	3	3	0.0	1989303.5	525	False	False	1	True	NonReactive-HHR
NC_000962.3	1989832	1992577	-	CDS	Rv1759c	wag22	PE/PPE	PE/PPE	0	10	10	0.0	1991204.5	2745	False	False	0	False	NonReactive-Unq
NC_000962.3	1993152	1994661	+	CDS	Rv1760	Rv1760	lipid metabolism	lipid metabolism	0	7	7	0.0	1993906.5	1509	False	False	0	False	NonReactive-Unq
NC_000962.3	1994670	1995054	-	CDS	Rv1761c	Rv1761c	cell wall and cell processes	cell wall and cell processes	0	2	2	0.0	1994862.0	384	False	False	0	False	NonReactive-Unq
NC_000962.3	1995053	1995842	-	CDS	Rv1762c	Rv1762c	conserved hypotheticals	conserved hypotheticals	0	4	4	0.0	1995447.5	789	False	False	0	False	NonReactive-Unq
NC_000962.3	1997417	1998515	-	CDS	Rv1765c	Rv1765c	conserved hypotheticals	conserved hypotheticals	0	6	6	0.0	1997966.0	1098	False	False	1	True	NonReactive-HHR
NC_000962.3	1999736	2000006	+	CDS	Rv1766	Rv1766	conserved hypotheticals	conserved hypotheticals	0	2	2	0.0	1999871.0	270	False	False	0	False	NonReactive-Unq
NC_000962.3	2000073	2000433	+	CDS	Rv1767	Rv1767	conserved hypotheticals	conserved hypotheticals	0	2	2	0.0	2000253.0	360	False	False	0	False	NonReactive-Unq
NC_000962.3	2000613	2002470	+	CDS	Rv1768	PE_PGRS31	PE/PPE	PE/PPE	0	4	4	0.0	2001541.5	1857	False	False	0	False	NonReactive-Unq
NC_000962.3	2002625	2003870	+	CDS	Rv1769	Rv1769	conserved hypotheticals	conserved hypotheticals	0	6	6	0.0	2003247.5	1245	False	False	0	False	NonReactive-Unq
NC_000962.3	2003877	2005164	+	CDS	Rv1770	Rv1770	conserved hypotheticals	conserved hypotheticals	0	6	6	0.0	2004520.5	1287	False	False	0	False	NonReactive-Unq
NC_000962.3	2005160	2006447	+	CDS	Rv1771	Rv1771	intermediary metabolism and respiration	intermediary metabolism and respiration	0	6	6	0.0	2005803.5	1287	False	False	0	False	NonReactive-Unq
NC_000962.3	2006635	2006947	+	CDS	Rv1772	Rv1772	conserved hypotheticals	conserved hypotheticals	0	2	2	0.0	2006791.0	312	False	False	0	False	NonReactive-Unq
NC_000962.3	2007019	2007766	-	CDS	Rv1773c	Rv1773c	regulatory proteins	regulatory proteins	0	4	4	0.0	2007392.5	747	False	False	0	False	NonReactive-Unq
NC_000962.3	2007831	2009172	+	CDS	Rv1774	Rv1774	intermediary metabolism and respiration	intermediary metabolism and respiration	0	7	7	0.0	2008501.5	1341	False	False	0	False	NonReactive-Unq
NC_000962.3	2009171	2009990	+	CDS	Rv1775	Rv1775	conserved hypotheticals	conserved hypotheticals	0	4	4	0.0	2009580.5	819	False	False	0	False	NonReactive-Unq
NC_000962.3	2009994	2010555	-	CDS	Rv1776c	Rv1776c	regulatory proteins	regulatory proteins	0	3	3	0.0	2010274.5	561	False	False	0	False	NonReactive-Unq
NC_000962.3	2010655	2011960	+	CDS	Rv1777	cyp144	intermediary metabolism and respiration	intermediary metabolism and respiration	0	6	6	0.0	2011307.5	1305	False	False	0	False	NonReactive-Unq
NC_000962.3	2012080	2012530	-	CDS	Rv1778c	Rv1778c	conserved hypotheticals	conserved hypotheticals	0	2	2	0.0	2012305.0	450	False	False	0	False	NonReactive-Unq
NC_000962.3	2012685	2014479	-	CDS	Rv1779c	Rv1779c	cell wall and cell processes	cell wall and cell processes	0	9	9	0.0	2013582.0	1794	False	False	0	False	NonReactive-Unq
NC_000962.3	2014698	2015262	+	CDS	Rv1780	Rv1780	conserved hypotheticals	conserved hypotheticals	0	3	3	0.0	2014980.0	564	False	False	0	False	NonReactive-Unq
NC_000962.3	2015301	2017476	-	CDS	Rv1781c	malQ	intermediary metabolism and respiration	intermediary metabolism and respiration	0	10	10	0.0	2016388.5	2175	False	False	0	False	NonReactive-Unq
NC_000962.3	2017739	2019260	+	CDS	Rv1782	eccB5	cell wall and cell processes	cell wall and cell processes	0	8	8	0.0	2018499.5	1521	False	False	0	False	NonReactive-Unq
NC_000962.3	2019256	2023432	+	CDS	Rv1783	eccC5	cell wall and cell processes	cell wall and cell processes	0	10	10	0.0	2021344.0	4176	False	False	0	False	NonReactive-Unq
NC_000962.3	2023446	2024628	-	CDS	Rv1785c	cyp143	intermediary metabolism and respiration	intermediary metabolism and respiration	0	6	6	0.0	2024037.0	1182	False	False	0	False	NonReactive-Unq
NC_000962.3	2024827	2025031	+	CDS	Rv1786	Rv1786	intermediary metabolism and respiration	intermediary metabolism and respiration	0	2	2	0.0	2024929.0	204	False	False	0	False	NonReactive-Unq
NC_000962.3	2025300	2026398	+	CDS	Rv1787	PPE25	PE/PPE	PE/PPE	0	5	5	0.0	2025849.0	1098	False	False	1	True	NonReactive-HHR
NC_000962.3	2026476	2026776	+	CDS	Rv1788	PE18	PE/PPE	PE/PPE	2	1	3	0.6666666666666666	2026626.0	300	True	True	0	False	Antigen-Unq
NC_000962.3	2026789	2027971	+	CDS	Rv1789	PPE26	PE/PPE	PE/PPE	1	5	6	0.16666666666666666	2027380.0	1182	True	False	0	False	NonReactive-Unq
NC_000962.3	2028424	2029477	+	CDS	Rv1790	PPE27	PE/PPE	PE/PPE	0	5	5	0.0	2028950.5	1053	False	False	1	True	NonReactive-HHR
NC_000962.3	2029903	2030203	+	CDS	Rv1791	PE19	PE/PPE	PE/PPE	1	2	3	0.3333333333333333	2030053.0	300	True	False	0	False	NonReactive-Unq
NC_000962.3	2030346	2030643	+	CDS	Rv1792	esxM	cell wall and cell processes	esx	10	5	15	0.6666666666666666	2030494.5	297	True	True	1	True	Antigen-HHR
NC_000962.3	2030693	2030978	+	CDS	Rv1793	esxN	cell wall and cell processes	esx	8	2	10	0.8	2030835.5	285	True	True	1	True	Antigen-HHR
NC_000962.3	2031065	2031968	+	CDS	Rv1794	Rv1794	conserved hypotheticals	conserved hypotheticals	0	4	4	0.0	2031516.5	903	False	False	0	False	NonReactive-Unq
NC_000962.3	2032239	2033751	+	CDS	Rv1795	eccD5	cell wall and cell processes	cell wall and cell processes	0	8	8	0.0	2032995.0	1512	False	False	0	False	NonReactive-Unq
NC_000962.3	2033728	2035486	+	CDS	Rv1796	mycP5	intermediary metabolism and respiration	intermediary metabolism and respiration	0	9	9	0.0	2034607.0	1758	False	False	0	False	NonReactive-Unq
NC_000962.3	2035482	2036703	+	CDS	Rv1797	eccE5	cell wall and cell processes	cell wall and cell processes	0	6	6	0.0	2036092.5	1221	False	False	0	False	NonReactive-Unq
NC_000962.3	2036699	2038532	+	CDS	Rv1798	eccA5	cell wall and cell processes	cell wall and cell processes	0	9	9	0.0	2037615.5	1833	False	False	0	False	NonReactive-Unq
NC_000962.3	2039158	2039350	+	CDS	Rv1799	lppT	cell wall and cell processes	cell wall and cell processes	0	3	3	0.0	2039254.0	192	False	False	0	False	NonReactive-Unq
NC_000962.3	2039452	2041420	+	CDS	Rv1800	PPE28	PE/PPE	PE/PPE	0	10	10	0.0	2040436.0	1968	False	False	0	False	NonReactive-Unq
NC_000962.3	2042000	2043272	+	CDS	Rv1801	PPE29	PE/PPE	PE/PPE	0	6	6	0.0	2042636.0	1272	False	False	0	False	NonReactive-Unq
NC_000962.3	2043383	2044775	+	CDS	Rv1802	PPE30	PE/PPE	PE/PPE	2	5	7	0.2857142857142857	2044079.0	1392	True	True	0	False	Antigen-Unq
NC_000962.3	2044922	2046842	-	CDS	Rv1803c	PE_PGRS32	PE/PPE	PE/PPE	0	10	10	0.0	2045882.0	1920	False	False	0	False	NonReactive-Unq
NC_000962.3	2047022	2047349	-	CDS	Rv1804c	Rv1804c	conserved hypotheticals	conserved hypotheticals	0	3	3	0.0	2047185.5	327	False	False	0	False	NonReactive-Unq
NC_000962.3	2047686	2048034	-	CDS	Rv1805c	Rv1805c	conserved hypotheticals	conserved hypotheticals	0	1	1	0.0	2047860.0	348	False	False	1	True	NonReactive-HHR
NC_000962.3	2048071	2048371	+	CDS	Rv1806	PE20	PE/PPE	PE/PPE	0	2	2	0.0	2048221.0	300	False	False	0	False	NonReactive-Unq
NC_000962.3	2049920	2051150	+	CDS	Rv1808	PPE32	PE/PPE	PE/PPE	0	6	6	0.0	2050535.0	1230	False	False	0	False	NonReactive-Unq
NC_000962.3	2051281	2052688	+	CDS	Rv1809	PPE33	PE/PPE	PE/PPE	0	5	5	0.0	2051984.5	1407	False	False	0	False	NonReactive-Unq
NC_000962.3	2052932	2053289	+	CDS	Rv1810	Rv1810	conserved hypotheticals	conserved hypotheticals	0	2	2	0.0	2053110.5	357	False	False	0	False	NonReactive-Unq
NC_000962.3	2053442	2054147	+	CDS	Rv1811	mgtC	cell wall and cell processes	cell wall and cell processes	0	3	3	0.0	2053794.5	705	False	False	0	False	NonReactive-Unq
NC_000962.3	2054156	2055359	-	CDS	Rv1812c	Rv1812c	intermediary metabolism and respiration	intermediary metabolism and respiration	0	6	6	0.0	2054757.5	1203	False	False	0	False	NonReactive-Unq
NC_000962.3	2055680	2056112	-	CDS	Rv1813c	Rv1813c	conserved hypotheticals	conserved hypotheticals	1	27	28	0.03571428571428571	2055896.0	432	True	False	0	False	NonReactive-Unq
NC_000962.3	2056520	2057423	+	CDS	Rv1814	erg3	lipid metabolism	lipid metabolism	0	4	4	0.0	2056971.5	903	False	False	0	False	NonReactive-Unq
NC_000962.3	2057527	2058193	+	CDS	Rv1815	Rv1815	conserved hypotheticals	conserved hypotheticals	0	3	3	0.0	2057860.0	666	False	False	0	False	NonReactive-Unq
NC_000962.3	2058255	2058960	+	CDS	Rv1816	Rv1816	regulatory proteins	regulatory proteins	0	3	3	0.0	2058607.5	705	False	False	0	False	NonReactive-Unq
NC_000962.3	2059594	2061058	+	CDS	Rv1817	Rv1817	intermediary metabolism and respiration	intermediary metabolism and respiration	0	7	7	0.0	2060326.0	1464	False	False	0	False	NonReactive-Unq
NC_000962.3	2061177	2062674	-	CDS	Rv1818c	PE_PGRS33	PE/PPE	PE/PPE	0	7	7	0.0	2061925.5	1497	False	False	0	False	NonReactive-Unq
NC_000962.3	2062808	2064728	-	CDS	Rv1819c	bacA	cell wall and cell processes	cell wall and cell processes	0	10	10	0.0	2063768.0	1920	False	False	0	False	NonReactive-Unq
NC_000962.3	2064798	2066442	+	CDS	Rv1820	ilvG	intermediary metabolism and respiration	intermediary metabolism and respiration	0	6	6	0.0	2065620.0	1644	False	False	0	False	NonReactive-Unq
NC_000962.3	2066456	2068883	+	CDS	Rv1821	secA2	cell wall and cell processes	cell wall and cell processes	0	10	10	0.0	2067669.5	2427	False	False	0	False	NonReactive-Unq
NC_000962.3	2069079	2069709	+	CDS	Rv1822	pgsA2	lipid metabolism	lipid metabolism	0	3	3	0.0	2069394.0	630	False	False	0	False	NonReactive-Unq
NC_000962.3	2069701	2070625	+	CDS	Rv1823	Rv1823	conserved hypotheticals	conserved hypotheticals	0	5	5	0.0	2070163.0	924	False	False	0	False	NonReactive-Unq
NC_000962.3	2070653	2071019	+	CDS	Rv1824	Rv1824	cell wall and cell processes	cell wall and cell processes	0	2	2	0.0	2070836.0	366	False	False	0	False	NonReactive-Unq
NC_000962.3	2071035	2071914	+	CDS	Rv1825	Rv1825	conserved hypotheticals	conserved hypotheticals	0	4	4	0.0	2071474.5	879	False	False	0	False	NonReactive-Unq
NC_000962.3	2071951	2072356	+	CDS	Rv1826	gcvH	intermediary metabolism and respiration	intermediary metabolism and respiration	0	2	2	0.0	2072153.5	405	False	False	0	False	NonReactive-Unq
NC_000962.3	2072595	2073084	+	CDS	Rv1827	garA	conserved hypotheticals	conserved hypotheticals	0	2	2	0.0	2072839.5	489	False	False	0	False	NonReactive-Unq
NC_000962.3	2073080	2073824	+	CDS	Rv1828	Rv1828	conserved hypotheticals	conserved hypotheticals	0	4	4	0.0	2073452.0	744	False	False	0	False	NonReactive-Unq
NC_000962.3	2073942	2074437	+	CDS	Rv1829	Rv1829	conserved hypotheticals	conserved hypotheticals	0	2	2	0.0	2074189.5	495	False	False	1	True	NonReactive-HHR
NC_000962.3	2074840	2075518	+	CDS	Rv1830	Rv1830	conserved hypotheticals	conserved hypotheticals	0	3	3	0.0	2075179.0	678	False	False	0	False	NonReactive-Unq
NC_000962.3	2075570	2075828	+	CDS	Rv1831	Rv1831	conserved hypotheticals	conserved hypotheticals	0	2	2	0.0	2075699.0	258	False	False	0	False	NonReactive-Unq
NC_000962.3	2075876	2078702	+	CDS	Rv1832	gcvB	intermediary metabolism and respiration	intermediary metabolism and respiration	0	10	10	0.0	2077289.0	2826	False	False	0	False	NonReactive-Unq
NC_000962.3	2078928	2079789	-	CDS	Rv1833c	Rv1833c	intermediary metabolism and respiration	intermediary metabolism and respiration	0	4	4	0.0	2079358.5	861	False	False	0	False	NonReactive-Unq
NC_000962.3	2079829	2080696	+	CDS	Rv1834	lipZ	intermediary metabolism and respiration	intermediary metabolism and respiration	0	4	4	0.0	2080262.5	867	False	False	0	False	NonReactive-Unq
NC_000962.3	2080700	2082587	-	CDS	Rv1835c	Rv1835c	conserved hypotheticals	conserved hypotheticals	0	9	9	0.0	2081643.5	1887	False	False	0	False	NonReactive-Unq
NC_000962.3	2082602	2084636	-	CDS	Rv1836c	Rv1836c	conserved hypotheticals	conserved hypotheticals	0	10	10	0.0	2083619.0	2034	False	False	0	False	NonReactive-Unq
NC_000962.3	2084755	2086981	-	CDS	Rv1837c	glcB	intermediary metabolism and respiration	intermediary metabolism and respiration	0	10	10	0.0	2085868.0	2226	False	False	0	False	NonReactive-Unq
NC_000962.3	2087256	2087652	-	CDS	Rv1838c	vapC13	virulence, detoxification, adaptation	virulence, detoxification, adaptation	0	2	2	0.0	2087454.0	396	False	False	0	False	NonReactive-Unq
NC_000962.3	2087648	2087912	-	CDS	Rv1839c	vapB13	virulence, detoxification, adaptation	virulence, detoxification, adaptation	0	2	2	0.0	2087780.0	264	False	False	0	False	NonReactive-Unq
NC_000962.3	2087970	2089518	-	CDS	Rv1840c	PE_PGRS34	PE/PPE	PE/PPE	0	9	9	0.0	2088744.0	1548	False	False	0	False	NonReactive-Unq
NC_000962.3	2089680	2090718	-	CDS	Rv1841c	Rv1841c	cell wall and cell processes	cell wall and cell processes	0	5	5	0.0	2090199.0	1038	False	False	0	False	NonReactive-Unq
NC_000962.3	2090717	2092085	-	CDS	Rv1842c	Rv1842c	cell wall and cell processes	cell wall and cell processes	0	7	7	0.0	2091401.0	1368	False	False	0	False	NonReactive-Unq
NC_000962.3	2092258	2093698	-	CDS	Rv1843c	guaB1	intermediary metabolism and respiration	intermediary metabolism and respiration	0	7	7	0.0	2092978.0	1440	False	False	0	False	NonReactive-Unq
NC_000962.3	2093730	2095188	-	CDS	Rv1844c	gnd1	intermediary metabolism and respiration	intermediary metabolism and respiration	0	7	7	0.0	2094459.0	1458	False	False	0	False	NonReactive-Unq
NC_000962.3	2095217	2096168	-	CDS	Rv1845c	blaR	cell wall and cell processes	cell wall and cell processes	0	5	5	0.0	2095692.5	951	False	False	0	False	NonReactive-Unq
NC_000962.3	2096182	2096599	-	CDS	Rv1846c	blaI	regulatory proteins	regulatory proteins	0	2	2	0.0	2096390.5	417	False	False	0	False	NonReactive-Unq
NC_000962.3	2096876	2097299	+	CDS	Rv1847	Rv1847	conserved hypotheticals	conserved hypotheticals	0	2	2	0.0	2097087.5	423	False	False	0	False	NonReactive-Unq
NC_000962.3	2097347	2097650	+	CDS	Rv1848	ureA	intermediary metabolism and respiration	intermediary metabolism and respiration	0	2	2	0.0	2097498.5	303	False	False	0	False	NonReactive-Unq
NC_000962.3	2097646	2097961	+	CDS	Rv1849	ureB	intermediary metabolism and respiration	intermediary metabolism and respiration	0	2	2	0.0	2097803.5	315	False	False	0	False	NonReactive-Unq
NC_000962.3	2097960	2099694	+	CDS	Rv1850	ureC	intermediary metabolism and respiration	intermediary metabolism and respiration	0	9	9	0.0	2098827.0	1734	False	False	0	False	NonReactive-Unq
NC_000962.3	2099693	2100329	+	CDS	Rv1851	ureF	intermediary metabolism and respiration	intermediary metabolism and respiration	0	3	3	0.0	2100011.0	636	False	False	0	False	NonReactive-Unq
NC_000962.3	2100339	2101014	+	CDS	Rv1852	ureG	intermediary metabolism and respiration	intermediary metabolism and respiration	0	3	3	0.0	2100676.5	675	False	False	0	False	NonReactive-Unq
NC_000962.3	2101021	2101648	+	CDS	Rv1853	ureD	intermediary metabolism and respiration	intermediary metabolism and respiration	0	2	2	0.0	2101334.5	627	False	False	0	False	NonReactive-Unq
NC_000962.3	2101650	2103042	-	CDS	Rv1854c	ndh	intermediary metabolism and respiration	intermediary metabolism and respiration	0	7	7	0.0	2102346.0	1392	False	False	0	False	NonReactive-Unq
NC_000962.3	2103183	2104107	-	CDS	Rv1855c	Rv1855c	intermediary metabolism and respiration	intermediary metabolism and respiration	0	5	5	0.0	2103645.0	924	False	False	0	False	NonReactive-Unq
NC_000962.3	2104145	2104823	-	CDS	Rv1856c	Rv1856c	intermediary metabolism and respiration	intermediary metabolism and respiration	0	3	3	0.0	2104484.0	678	False	False	0	False	NonReactive-Unq
NC_000962.3	2104984	2105770	+	CDS	Rv1857	modA	cell wall and cell processes	cell wall and cell processes	0	4	4	0.0	2105377.0	786	False	False	0	False	NonReactive-Unq
NC_000962.3	2105772	2106567	+	CDS	Rv1858	modB	cell wall and cell processes	cell wall and cell processes	0	4	4	0.0	2106169.5	795	False	False	0	False	NonReactive-Unq
NC_000962.3	2106573	2107683	+	CDS	Rv1859	modC	cell wall and cell processes	cell wall and cell processes	0	6	6	0.0	2107128.0	1110	False	False	0	False	NonReactive-Unq
NC_000962.3	2107735	2108713	+	CDS	Rv1860	apa	cell wall and cell processes	cell wall and cell processes	0	5	5	0.0	2108224.0	978	False	False	0	False	NonReactive-Unq
NC_000962.3	2109164	2109470	+	CDS	Rv1861	Rv1861	cell wall and cell processes	cell wall and cell processes	0	2	2	0.0	2109317.0	306	False	False	0	False	NonReactive-Unq
NC_000962.3	2109543	2110584	+	CDS	Rv1862	adhA	intermediary metabolism and respiration	intermediary metabolism and respiration	0	5	5	0.0	2110063.5	1041	False	False	0	False	NonReactive-Unq
NC_000962.3	2110590	2111361	-	CDS	Rv1863c	Rv1863c	cell wall and cell processes	cell wall and cell processes	0	4	4	0.0	2110975.5	771	False	False	0	False	NonReactive-Unq
NC_000962.3	2111353	2112109	-	CDS	Rv1864c	Rv1864c	conserved hypotheticals	conserved hypotheticals	0	4	4	0.0	2111731.0	756	False	False	0	False	NonReactive-Unq
NC_000962.3	2112105	2112966	-	CDS	Rv1865c	Rv1865c	intermediary metabolism and respiration	intermediary metabolism and respiration	0	4	4	0.0	2112535.5	861	False	False	0	False	NonReactive-Unq
NC_000962.3	2113139	2115476	+	CDS	Rv1866	Rv1866	lipid metabolism	lipid metabolism	0	10	10	0.0	2114307.5	2337	False	False	0	False	NonReactive-Unq
NC_000962.3	2115763	2117248	+	CDS	Rv1867	Rv1867	lipid metabolism	lipid metabolism	0	6	6	0.0	2116505.5	1485	False	False	0	False	NonReactive-Unq
NC_000962.3	2117346	2119446	+	CDS	Rv1868	Rv1868	conserved hypotheticals	conserved hypotheticals	0	10	10	0.0	2118396.0	2100	False	False	0	False	NonReactive-Unq
NC_000962.3	2119459	2120695	-	CDS	Rv1869c	Rv1869c	intermediary metabolism and respiration	intermediary metabolism and respiration	0	6	6	0.0	2120077.0	1236	False	False	0	False	NonReactive-Unq
NC_000962.3	2120794	2121430	-	CDS	Rv1870c	Rv1870c	conserved hypotheticals	conserved hypotheticals	0	3	3	0.0	2121112.0	636	False	False	0	False	NonReactive-Unq
NC_000962.3	2121494	2121884	-	CDS	Rv1871c	Rv1871c	conserved hypotheticals	conserved hypotheticals	0	2	2	0.0	2121689.0	390	False	False	0	False	NonReactive-Unq
NC_000962.3	2121906	2123151	-	CDS	Rv1872c	lldD2	intermediary metabolism and respiration	intermediary metabolism and respiration	0	7	7	0.0	2122528.5	1245	False	False	0	False	NonReactive-Unq
NC_000962.3	2123173	2123611	+	CDS	Rv1873	Rv1873	conserved hypotheticals	conserved hypotheticals	0	2	2	0.0	2123392.0	438	False	False	0	False	NonReactive-Unq
NC_000962.3	2123683	2124370	+	CDS	Rv1874	Rv1874	conserved hypotheticals	conserved hypotheticals	0	3	3	0.0	2124026.5	687	False	False	0	False	NonReactive-Unq
NC_000962.3	2124380	2124824	+	CDS	Rv1875	Rv1875	conserved hypotheticals	conserved hypotheticals	0	2	2	0.0	2124602.0	444	False	False	0	False	NonReactive-Unq
NC_000962.3	2125339	2125819	+	CDS	Rv1876	bfrA	intermediary metabolism and respiration	intermediary metabolism and respiration	0	2	2	0.0	2125579.0	480	False	False	0	False	NonReactive-Unq
NC_000962.3	2125903	2127967	+	CDS	Rv1877	Rv1877	cell wall and cell processes	cell wall and cell processes	0	10	10	0.0	2126935.0	2064	False	False	0	False	NonReactive-Unq
NC_000962.3	2128021	2129374	+	CDS	Rv1878	glnA3	intermediary metabolism and respiration	intermediary metabolism and respiration	0	7	7	0.0	2128697.5	1353	False	False	0	False	NonReactive-Unq
NC_000962.3	2129376	2130513	+	CDS	Rv1879	Rv1879	conserved hypotheticals	conserved hypotheticals	0	6	6	0.0	2129944.5	1137	False	False	0	False	NonReactive-Unq
NC_000962.3	2130540	2131857	-	CDS	Rv1880c	cyp140	intermediary metabolism and respiration	intermediary metabolism and respiration	0	7	7	0.0	2131198.5	1317	False	False	0	False	NonReactive-Unq
NC_000962.3	2131906	2132329	-	CDS	Rv1881c	lppE	cell wall and cell processes	cell wall and cell processes	0	2	2	0.0	2132117.5	423	False	False	0	False	NonReactive-Unq
NC_000962.3	2132369	2133203	-	CDS	Rv1882c	Rv1882c	intermediary metabolism and respiration	intermediary metabolism and respiration	0	4	4	0.0	2132786.0	834	False	False	0	False	NonReactive-Unq
NC_000962.3	2133230	2133692	-	CDS	Rv1883c	Rv1883c	conserved hypotheticals	conserved hypotheticals	0	2	2	0.0	2133461.0	462	False	False	0	False	NonReactive-Unq
NC_000962.3	2133730	2134261	-	CDS	Rv1884c	rpfC	cell wall and cell processes	cell wall and cell processes	0	3	3	0.0	2133995.5	531	False	False	0	False	NonReactive-Unq
NC_000962.3	2134272	2134872	-	CDS	Rv1885c	Rv1885c	intermediary metabolism and respiration	intermediary metabolism and respiration	0	4	4	0.0	2134572.0	600	False	False	0	False	NonReactive-Unq
NC_000962.3	2134889	2135867	-	CDS	Rv1886c	fbpB	lipid metabolism	lipid metabolism	16	56	72	0.2222222222222222	2135378.0	978	True	True	0	False	Antigen-Unq
NC_000962.3	2136257	2137400	+	CDS	Rv1887	Rv1887	conserved hypotheticals	conserved hypotheticals	0	6	6	0.0	2136828.5	1143	False	False	0	False	NonReactive-Unq
NC_000962.3	2139075	2139687	-	CDS	Rv1890c	Rv1890c	conserved hypotheticals	conserved hypotheticals	1	2	3	0.3333333333333333	2139381.0	612	True	False	0	False	NonReactive-Unq
NC_000962.3	2139740	2140148	+	CDS	Rv1891	Rv1891	conserved hypotheticals	conserved hypotheticals	0	1	1	0.0	2139944.0	408	False	False	0	False	NonReactive-Unq
NC_000962.3	2140164	2140476	+	CDS	Rv1892	Rv1892	cell wall and cell processes	cell wall and cell processes	0	2	2	0.0	2140320.0	312	False	False	0	False	NonReactive-Unq
NC_000962.3	2140485	2140704	+	CDS	Rv1893	Rv1893	conserved hypotheticals	conserved hypotheticals	0	2	2	0.0	2140594.5	219	False	False	0	False	NonReactive-Unq
NC_000962.3	2140738	2141869	-	CDS	Rv1894c	Rv1894c	conserved hypotheticals	conserved hypotheticals	1	5	6	0.16666666666666666	2141303.5	1131	True	False	0	False	NonReactive-Unq
NC_000962.3	2142520	2143675	+	CDS	Rv1895	Rv1895	intermediary metabolism and respiration	intermediary metabolism and respiration	0	6	6	0.0	2143097.5	1155	False	False	0	False	NonReactive-Unq
NC_000962.3	2143534	2144446	-	CDS	Rv1896c	Rv1896c	conserved hypotheticals	conserved hypotheticals	0	5	5	0.0	2143990.0	912	False	False	0	False	NonReactive-Unq
NC_000962.3	2144450	2144882	-	CDS	Rv1897c	Rv1897c	conserved hypotheticals	conserved hypotheticals	0	2	2	0.0	2144666.0	432	False	False	0	False	NonReactive-Unq
NC_000962.3	2144939	2145248	+	CDS	Rv1898	Rv1898	conserved hypotheticals	conserved hypotheticals	0	1	1	0.0	2145093.5	309	False	False	0	False	NonReactive-Unq
NC_000962.3	2145213	2146245	-	CDS	Rv1899c	lppD	cell wall and cell processes	cell wall and cell processes	0	4	4	0.0	2145729.0	1032	False	False	0	False	NonReactive-Unq
NC_000962.3	2146244	2147633	-	CDS	Rv1900c	lipJ	intermediary metabolism and respiration	intermediary metabolism and respiration	0	7	7	0.0	2146938.5	1389	False	False	0	False	NonReactive-Unq
NC_000962.3	2147661	2148954	+	CDS	Rv1901	cinA	virulence, detoxification, adaptation	virulence, detoxification, adaptation	0	6	6	0.0	2148307.5	1293	False	False	0	False	NonReactive-Unq
NC_000962.3	2149005	2150274	-	CDS	Rv1902c	nanT	cell wall and cell processes	cell wall and cell processes	0	6	6	0.0	2149639.5	1269	False	False	0	False	NonReactive-Unq
NC_000962.3	2150363	2150768	+	CDS	Rv1903	Rv1903	cell wall and cell processes	cell wall and cell processes	0	2	2	0.0	2150565.5	405	False	False	0	False	NonReactive-Unq
NC_000962.3	2150953	2151385	+	CDS	Rv1904	Rv1904	conserved hypotheticals	conserved hypotheticals	0	2	2	0.0	2151169.0	432	False	False	0	False	NonReactive-Unq
NC_000962.3	2151432	2152395	-	CDS	Rv1905c	aao	intermediary metabolism and respiration	intermediary metabolism and respiration	0	5	5	0.0	2151913.5	963	False	False	0	False	NonReactive-Unq
NC_000962.3	2152424	2152895	-	CDS	Rv1906c	Rv1906c	conserved hypotheticals	conserved hypotheticals	0	2	2	0.0	2152659.5	471	False	False	0	False	NonReactive-Unq
NC_000962.3	2153234	2153882	-	CDS	Rv1907c	Rv1907c	conserved hypotheticals	conserved hypotheticals	0	3	3	0.0	2153558.0	648	False	False	0	False	NonReactive-Unq
NC_000962.3	2153888	2156111	-	CDS	Rv1908c	katG	virulence, detoxification, adaptation	virulence, detoxification, adaptation	1	10	11	0.09090909090909091	2154999.5	2223	True	False	0	False	NonReactive-Unq
NC_000962.3	2156148	2156592	-	CDS	Rv1909c	furA	regulatory proteins	regulatory proteins	0	2	2	0.0	2156370.0	444	False	False	0	False	NonReactive-Unq
NC_000962.3	2156705	2157299	-	CDS	Rv1910c	Rv1910c	cell wall and cell processes	cell wall and cell processes	0	3	3	0.0	2157002.0	594	False	False	0	False	NonReactive-Unq
NC_000962.3	2157381	2157987	-	CDS	Rv1911c	lppC	cell wall and cell processes	cell wall and cell processes	0	3	3	0.0	2157684.0	606	False	False	0	False	NonReactive-Unq
NC_000962.3	2158086	2159091	-	CDS	Rv1912c	fadB5	lipid metabolism	lipid metabolism	0	5	5	0.0	2158588.5	1005	False	False	0	False	NonReactive-Unq
NC_000962.3	2159190	2159943	+	CDS	Rv1913	Rv1913	conserved hypotheticals	conserved hypotheticals	0	4	4	0.0	2159566.5	753	False	False	0	False	NonReactive-Unq
NC_000962.3	2159920	2160328	-	CDS	Rv1914c	Rv1914c	conserved hypotheticals	conserved hypotheticals	0	2	2	0.0	2160124.0	408	False	False	0	False	NonReactive-Unq
NC_000962.3	2160462	2161566	+	CDS	Rv1915	aceAa	intermediary metabolism and respiration	intermediary metabolism and respiration	0	5	5	0.0	2161014.0	1104	False	False	0	False	NonReactive-Unq
NC_000962.3	2161565	2162762	+	CDS	Rv1916	aceAb	intermediary metabolism and respiration	intermediary metabolism and respiration	0	5	5	0.0	2162163.5	1197	False	False	0	False	NonReactive-Unq
NC_000962.3	2162931	2167311	-	CDS	Rv1917c	PPE34	PE/PPE	PE/PPE	0	10	10	0.0	2165121.0	4380	False	False	1	True	NonReactive-HHR
NC_000962.3	2167648	2170612	-	CDS	Rv1918c	PPE35	PE/PPE	PE/PPE	0	10	10	0.0	2169130.0	2964	False	False	0	False	NonReactive-Unq
NC_000962.3	2171060	2171525	-	CDS	Rv1919c	Rv1919c	conserved hypotheticals	conserved hypotheticals	0	2	2	0.0	2171292.5	465	False	False	0	False	NonReactive-Unq
NC_000962.3	2171622	2172486	+	CDS	Rv1920	Rv1920	cell wall and cell processes	cell wall and cell processes	0	4	4	0.0	2172054.0	864	False	False	0	False	NonReactive-Unq
NC_000962.3	2172523	2173795	-	CDS	Rv1921c	lppF	cell wall and cell processes	cell wall and cell processes	0	6	6	0.0	2173159.0	1272	False	False	0	False	NonReactive-Unq
NC_000962.3	2174066	2175182	+	CDS	Rv1922	Rv1922	cell wall and cell processes	cell wall and cell processes	0	6	6	0.0	2174624.0	1116	False	False	0	False	NonReactive-Unq
NC_000962.3	2175172	2176513	+	CDS	Rv1923	lipD	intermediary metabolism and respiration	intermediary metabolism and respiration	0	7	7	0.0	2175842.5	1341	False	False	0	False	NonReactive-Unq
NC_000962.3	2176549	2176930	-	CDS	Rv1924c	Rv1924c	conserved hypotheticals	conserved hypotheticals	0	2	2	0.0	2176739.5	381	False	False	0	False	NonReactive-Unq
NC_000962.3	2177086	2178949	+	CDS	Rv1925	fadD31	lipid metabolism	lipid metabolism	0	9	9	0.0	2178017.5	1863	False	False	0	False	NonReactive-Unq
NC_000962.3	2178956	2179436	-	CDS	Rv1926c	mpt63	cell wall and cell processes	cell wall and cell processes	2	4	6	0.3333333333333333	2179196.0	480	True	True	0	False	Antigen-Unq
NC_000962.3	2179672	2180446	+	CDS	Rv1927	Rv1927	conserved hypotheticals	conserved hypotheticals	0	4	4	0.0	2180059.0	774	False	False	0	False	NonReactive-Unq
NC_000962.3	2180449	2181217	-	CDS	Rv1928c	Rv1928c	intermediary metabolism and respiration	intermediary metabolism and respiration	0	4	4	0.0	2180833.0	768	False	False	0	False	NonReactive-Unq
NC_000962.3	2181261	2181906	-	CDS	Rv1929c	Rv1929c	conserved hypotheticals	conserved hypotheticals	0	2	2	0.0	2181583.5	645	False	False	0	False	NonReactive-Unq
NC_000962.3	2181917	2182442	-	CDS	Rv1930c	Rv1930c	conserved hypotheticals	conserved hypotheticals	0	3	3	0.0	2182179.5	525	False	False	0	False	NonReactive-Unq
NC_000962.3	2182459	2183239	-	CDS	Rv1931c	Rv1931c	regulatory proteins	regulatory proteins	0	3	3	0.0	2182849.0	780	False	False	0	False	NonReactive-Unq
NC_000962.3	2183371	2183869	+	CDS	Rv1932	tpx	virulence, detoxification, adaptation	virulence, detoxification, adaptation	0	2	2	0.0	2183620.0	498	False	False	0	False	NonReactive-Unq
NC_000962.3	2183865	2184957	-	CDS	Rv1933c	fadE18	lipid metabolism	lipid metabolism	0	5	5	0.0	2184411.0	1092	False	False	0	False	NonReactive-Unq
NC_000962.3	2184958	2186188	-	CDS	Rv1934c	fadE17	lipid metabolism	lipid metabolism	0	6	6	0.0	2185573.0	1230	False	False	0	False	NonReactive-Unq
NC_000962.3	2186202	2187159	-	CDS	Rv1935c	echA13	lipid metabolism	lipid metabolism	0	5	5	0.0	2186680.5	957	False	False	0	False	NonReactive-Unq
NC_000962.3	2187383	2188493	+	CDS	Rv1936	Rv1936	intermediary metabolism and respiration	intermediary metabolism and respiration	0	6	6	0.0	2187938.0	1110	False	False	0	False	NonReactive-Unq
NC_000962.3	2188495	2191015	+	CDS	Rv1937	Rv1937	intermediary metabolism and respiration	intermediary metabolism and respiration	0	10	10	0.0	2189755.0	2520	False	False	0	False	NonReactive-Unq
NC_000962.3	2191026	2192097	+	CDS	Rv1938	ephB	virulence, detoxification, adaptation	virulence, detoxification, adaptation	0	5	5	0.0	2191561.5	1071	False	False	0	False	NonReactive-Unq
NC_000962.3	2192093	2192609	+	CDS	Rv1939	Rv1939	intermediary metabolism and respiration	intermediary metabolism and respiration	0	3	3	0.0	2192351.0	516	False	False	0	False	NonReactive-Unq
NC_000962.3	2192605	2193667	+	CDS	Rv1940	ribA1	intermediary metabolism and respiration	intermediary metabolism and respiration	0	5	5	0.0	2193136.0	1062	False	False	0	False	NonReactive-Unq
NC_000962.3	2193663	2194434	+	CDS	Rv1941	Rv1941	intermediary metabolism and respiration	intermediary metabolism and respiration	0	4	4	0.0	2194048.5	771	False	False	0	False	NonReactive-Unq
NC_000962.3	2194643	2194973	-	CDS	Rv1942c	mazF5	virulence, detoxification, adaptation	virulence, detoxification, adaptation	0	1	1	0.0	2194808.0	330	False	False	0	False	NonReactive-Unq
NC_000962.3	2194969	2195347	-	CDS	Rv1943c	mazE5	virulence, detoxification, adaptation	virulence, detoxification, adaptation	0	2	2	0.0	2195158.0	378	False	False	0	False	NonReactive-Unq
NC_000962.3	2195343	2195934	-	CDS	Rv1944c	Rv1944c	conserved hypotheticals	conserved hypotheticals	0	3	3	0.0	2195638.5	591	False	False	1	True	NonReactive-HHR
NC_000962.3	2195988	2197353	+	CDS	Rv1945	Rv1945	insertion seqs and phages	REP13E12_Repeat	0	7	7	0.0	2196670.5	1365	False	False	1	True	NonReactive-HHR
NC_000962.3	2197507	2197960	-	CDS	Rv1946c	lppG	cell wall and cell processes	cell wall and cell processes	0	2	2	0.0	2197733.5	453	False	False	0	False	NonReactive-Unq
NC_000962.3	2198023	2198425	+	CDS	Rv1947	Rv1947	conserved hypotheticals	conserved hypotheticals	0	2	2	0.0	2198224.0	402	False	False	0	False	NonReactive-Unq
NC_000962.3	2198713	2199064	-	CDS	Rv1948c	Rv1948c	conserved hypotheticals	conserved hypotheticals	0	2	2	0.0	2198888.5	351	False	False	1	True	NonReactive-HHR
NC_000962.3	2199997	2200189	-	CDS	Rv1950c	Rv1950c	conserved hypotheticals	conserved hypotheticals	0	2	2	0.0	2200093.0	192	False	False	0	False	NonReactive-Unq
NC_000962.3	2200189	2200486	-	CDS	Rv1951c	Rv1951c	conserved hypotheticals	conserved hypotheticals	0	2	2	0.0	2200337.5	297	False	False	0	False	NonReactive-Unq
NC_000962.3	2200725	2200941	+	CDS	Rv1952	vapB14	virulence, detoxification, adaptation	virulence, detoxification, adaptation	0	1	1	0.0	2200833.0	216	False	False	0	False	NonReactive-Unq
NC_000962.3	2200937	2201249	+	CDS	Rv1953	vapC14	virulence, detoxification, adaptation	virulence, detoxification, adaptation	0	2	2	0.0	2201093.0	312	False	False	0	False	NonReactive-Unq
NC_000962.3	2201222	2201744	-	CDS	Rv1954c	Rv1954c	conserved hypotheticals	conserved hypotheticals	0	3	3	0.0	2201483.0	522	False	False	0	False	NonReactive-Unq
NC_000962.3	2201718	2202096	+	CDS	Rv1955	higB	virulence, detoxification, adaptation	virulence, detoxification, adaptation	0	3	3	0.0	2201907.0	378	False	False	0	False	NonReactive-Unq
NC_000962.3	2202137	2202587	+	CDS	Rv1956	higA	virulence, detoxification, adaptation	virulence, detoxification, adaptation	0	2	2	0.0	2202362.0	450	False	False	0	False	NonReactive-Unq
NC_000962.3	2202583	2203129	+	CDS	Rv1957	Rv1957	conserved hypotheticals	conserved hypotheticals	0	3	3	0.0	2202856.0	546	False	False	0	False	NonReactive-Unq
NC_000962.3	2203017	2203632	-	CDS	Rv1958c	Rv1958c	conserved hypotheticals	conserved hypotheticals	0	3	3	0.0	2203324.5	615	False	False	0	False	NonReactive-Unq
NC_000962.3	2203680	2203977	-	CDS	Rv1959c	parE1	virulence, detoxification, adaptation	virulence, detoxification, adaptation	0	2	2	0.0	2203828.5	297	False	False	0	False	NonReactive-Unq
NC_000962.3	2203973	2204225	-	CDS	Rv1960c	parD1	virulence, detoxification, adaptation	virulence, detoxification, adaptation	0	2	2	0.0	2204099.0	252	False	False	0	False	NonReactive-Unq
NC_000962.3	2204211	2204706	+	CDS	Rv1961	Rv1961	conserved hypotheticals	conserved hypotheticals	0	2	2	0.0	2204458.5	495	False	False	0	False	NonReactive-Unq
NC_000962.3	2204865	2205273	-	CDS	Rv1962c	vapC35	virulence, detoxification, adaptation	virulence, detoxification, adaptation	0	2	2	0.0	2205069.0	408	False	False	0	False	NonReactive-Unq
NC_000962.3	2205581	2206802	-	CDS	Rv1963c	mce3R	regulatory proteins	regulatory proteins	0	4	4	0.0	2206191.5	1221	False	False	0	False	NonReactive-Unq
NC_000962.3	2207699	2208497	+	CDS	Rv1964	yrbE3A	virulence, detoxification, adaptation	virulence, detoxification, adaptation	0	4	4	0.0	2208098.0	798	False	False	0	False	NonReactive-Unq
NC_000962.3	2208506	2209322	+	CDS	Rv1965	yrbE3B	virulence, detoxification, adaptation	virulence, detoxification, adaptation	0	4	4	0.0	2208914.0	816	False	False	0	False	NonReactive-Unq
NC_000962.3	2209326	2210604	+	CDS	Rv1966	mce3A	virulence, detoxification, adaptation	virulence, detoxification, adaptation	0	6	6	0.0	2209965.0	1278	False	False	0	False	NonReactive-Unq
NC_000962.3	2210600	2211629	+	CDS	Rv1967	mce3B	virulence, detoxification, adaptation	virulence, detoxification, adaptation	0	5	5	0.0	2211114.5	1029	False	False	0	False	NonReactive-Unq
NC_000962.3	2211625	2212858	+	CDS	Rv1968	mce3C	virulence, detoxification, adaptation	virulence, detoxification, adaptation	0	6	6	0.0	2212241.5	1233	False	False	0	False	NonReactive-Unq
NC_000962.3	2212854	2214126	+	CDS	Rv1969	mce3D	virulence, detoxification, adaptation	virulence, detoxification, adaptation	0	6	6	0.0	2213490.0	1272	False	False	0	False	NonReactive-Unq
NC_000962.3	2214122	2215256	+	CDS	Rv1970	lprM	cell wall and cell processes	cell wall and cell processes	0	6	6	0.0	2214689.0	1134	False	False	0	False	NonReactive-Unq
NC_000962.3	2215256	2216570	+	CDS	Rv1971	mce3F	virulence, detoxification, adaptation	virulence, detoxification, adaptation	0	7	7	0.0	2215913.0	1314	False	False	0	False	NonReactive-Unq
NC_000962.3	2216591	2217167	+	CDS	Rv1972	Rv1972	cell wall and cell processes	cell wall and cell processes	0	3	3	0.0	2216879.0	576	False	False	0	False	NonReactive-Unq
NC_000962.3	2217163	2217646	+	CDS	Rv1973	Rv1973	cell wall and cell processes	cell wall and cell processes	0	2	2	0.0	2217404.5	483	False	False	0	False	NonReactive-Unq
NC_000962.3	2217658	2218036	+	CDS	Rv1974	Rv1974	cell wall and cell processes	cell wall and cell processes	0	3	3	0.0	2217847.0	378	False	False	0	False	NonReactive-Unq
NC_000962.3	2218051	2218717	+	CDS	Rv1975	Rv1975	conserved hypotheticals	conserved hypotheticals	0	3	3	0.0	2218384.0	666	False	False	0	False	NonReactive-Unq
NC_000962.3	2218843	2219251	-	CDS	Rv1976c	Rv1976c	conserved hypotheticals	conserved hypotheticals	0	2	2	0.0	2219047.0	408	False	False	0	False	NonReactive-Unq
NC_000962.3	2219753	2220800	+	CDS	Rv1977	Rv1977	conserved hypotheticals	conserved hypotheticals	0	5	5	0.0	2220276.5	1047	False	False	0	False	NonReactive-Unq
NC_000962.3	2220907	2221756	+	CDS	Rv1978	Rv1978	conserved hypotheticals	conserved hypotheticals	0	4	4	0.0	2221331.5	849	False	False	0	False	NonReactive-Unq
NC_000962.3	2221718	2223164	-	CDS	Rv1979c	Rv1979c	cell wall and cell processes	cell wall and cell processes	0	7	7	0.0	2222441.0	1446	False	False	0	False	NonReactive-Unq
NC_000962.3	2223342	2224029	-	CDS	Rv1980c	mpt64	cell wall and cell processes	cell wall and cell processes	0	3	3	0.0	2223685.5	687	False	False	0	False	NonReactive-Unq
NC_000962.3	2224219	2225188	-	CDS	Rv1981c	nrdF1	information pathways	information pathways	0	5	5	0.0	2224703.5	969	False	False	0	False	NonReactive-Unq
NC_000962.3	2225412	2225832	-	CDS	Rv1982c	vapC36	virulence, detoxification, adaptation	virulence, detoxification, adaptation	0	2	2	0.0	2225622.0	420	False	False	0	False	NonReactive-Unq
NC_000962.3	2226243	2227920	+	CDS	Rv1983	PE_PGRS35	PE/PPE	PE/PPE	0	8	8	0.0	2227081.5	1677	False	False	0	False	NonReactive-Unq
NC_000962.3	2227907	2228561	-	CDS	Rv1984c	cfp21	cell wall and cell processes	cell wall and cell processes	0	4	4	0.0	2228234.0	654	False	False	0	False	NonReactive-Unq
NC_000962.3	2228990	2229902	-	CDS	Rv1985c	Rv1985c	regulatory proteins	regulatory proteins	0	5	5	0.0	2229446.0	912	False	False	0	False	NonReactive-Unq
NC_000962.3	2230010	2230610	+	CDS	Rv1986	Rv1986	cell wall and cell processes	cell wall and cell processes	0	2	2	0.0	2230310.0	600	False	False	0	False	NonReactive-Unq
NC_000962.3	2231025	2231454	+	CDS	Rv1987	Rv1987	cell wall and cell processes	cell wall and cell processes	0	4	4	0.0	2231239.5	429	False	False	0	False	NonReactive-Unq
NC_000962.3	2231679	2232219	+	CDS	Rv1988	erm(37)	intermediary metabolism and respiration	intermediary metabolism and respiration	0	3	3	0.0	2231949.0	540	False	False	0	False	NonReactive-Unq
NC_000962.3	2232738	2233299	-	CDS	Rv1989c	Rv1989c	conserved hypotheticals	conserved hypotheticals	0	3	3	0.0	2233018.5	561	False	False	0	False	NonReactive-Unq
NC_000962.3	2233295	2233637	-	CDS	Rv1990c	Rv1990c	regulatory proteins	regulatory proteins	0	2	2	0.0	2233466.0	342	False	False	0	False	NonReactive-Unq
NC_000962.3	2234304	2234649	-	CDS	Rv1991c	mazF6	virulence, detoxification, adaptation	virulence, detoxification, adaptation	0	2	2	0.0	2234476.5	345	False	False	0	False	NonReactive-Unq
NC_000962.3	2234990	2237306	-	CDS	Rv1992c	ctpG	cell wall and cell processes	cell wall and cell processes	0	10	10	0.0	2236148.0	2316	False	False	0	False	NonReactive-Unq
NC_000962.3	2237302	2237575	-	CDS	Rv1993c	Rv1993c	conserved hypotheticals	conserved hypotheticals	0	2	2	0.0	2237438.5	273	False	False	0	False	NonReactive-Unq
NC_000962.3	2237627	2237984	-	CDS	Rv1994c	cmtR	regulatory proteins	regulatory proteins	0	2	2	0.0	2237805.5	357	False	False	0	False	NonReactive-Unq
NC_000962.3	2238140	2238908	+	CDS	Rv1995	Rv1995	conserved hypotheticals	conserved hypotheticals	0	3	3	0.0	2238524.0	768	False	False	0	False	NonReactive-Unq
NC_000962.3	2239003	2239957	+	CDS	Rv1996	Rv1996	virulence, detoxification, adaptation	virulence, detoxification, adaptation	0	5	5	0.0	2239480.0	954	False	False	0	False	NonReactive-Unq
NC_000962.3	2240158	2242876	+	CDS	Rv1997	ctpF	cell wall and cell processes	cell wall and cell processes	1	9	10	0.1	2241517.0	2718	True	False	0	False	NonReactive-Unq
NC_000962.3	2242944	2243721	-	CDS	Rv1998c	Rv1998c	conserved hypotheticals	conserved hypotheticals	0	4	4	0.0	2243332.5	777	False	False	0	False	NonReactive-Unq
NC_000962.3	2243815	2245138	-	CDS	Rv1999c	Rv1999c	cell wall and cell processes	cell wall and cell processes	0	7	7	0.0	2244476.5	1323	False	False	0	False	NonReactive-Unq
NC_000962.3	2245208	2246822	+	CDS	Rv2000	Rv2000	conserved hypotheticals	conserved hypotheticals	0	8	8	0.0	2246015.0	1614	False	False	0	False	NonReactive-Unq
NC_000962.3	2246831	2247584	+	CDS	Rv2001	Rv2001	conserved hypotheticals	conserved hypotheticals	0	4	4	0.0	2247207.5	753	False	False	0	False	NonReactive-Unq
NC_000962.3	2247659	2248442	+	CDS	Rv2002	fabG3	lipid metabolism	lipid metabolism	0	4	4	0.0	2248050.5	783	False	False	0	False	NonReactive-Unq
NC_000962.3	2248562	2249420	-	CDS	Rv2003c	Rv2003c	conserved hypotheticals	conserved hypotheticals	0	4	4	0.0	2248991.0	858	False	False	0	False	NonReactive-Unq
NC_000962.3	2249477	2250974	-	CDS	Rv2004c	Rv2004c	conserved hypotheticals	conserved hypotheticals	0	7	7	0.0	2250225.5	1497	False	False	0	False	NonReactive-Unq
NC_000962.3	2250995	2251883	-	CDS	Rv2005c	Rv2005c	virulence, detoxification, adaptation	virulence, detoxification, adaptation	0	4	4	0.0	2251439.0	888	False	False	0	False	NonReactive-Unq
NC_000962.3	2252001	2255985	+	CDS	Rv2006	otsB1	virulence, detoxification, adaptation	virulence, detoxification, adaptation	0	10	10	0.0	2253993.0	3984	False	False	0	False	NonReactive-Unq
NC_000962.3	2256083	2256428	-	CDS	Rv2007c	fdxA	intermediary metabolism and respiration	intermediary metabolism and respiration	0	2	2	0.0	2256255.5	345	False	False	0	False	NonReactive-Unq
NC_000962.3	2256616	2257942	-	CDS	Rv2008c	Rv2008c	conserved hypotheticals	conserved hypotheticals	0	7	7	0.0	2257279.0	1326	False	False	0	False	NonReactive-Unq
NC_000962.3	2258029	2258272	+	CDS	Rv2009	vapB15	virulence, detoxification, adaptation	virulence, detoxification, adaptation	0	2	2	0.0	2258150.5	243	False	False	0	False	NonReactive-Unq
NC_000962.3	2258272	2258671	+	CDS	Rv2010	vapC15	virulence, detoxification, adaptation	virulence, detoxification, adaptation	0	2	2	0.0	2258471.5	399	False	False	0	False	NonReactive-Unq
NC_000962.3	2258853	2259285	-	CDS	Rv2011c	Rv2011c	regulatory proteins	regulatory proteins	0	2	2	0.0	2259069.0	432	False	False	0	False	NonReactive-Unq
NC_000962.3	2259325	2259820	+	CDS	Rv2012	Rv2012	conserved hypotheticals	conserved hypotheticals	0	2	2	0.0	2259572.5	495	False	False	0	False	NonReactive-Unq
NC_000962.3	2261815	2263072	-	CDS	Rv2015c	Rv2015c	conserved hypotheticals	conserved hypotheticals	0	7	7	0.0	2262443.5	1257	False	False	1	True	NonReactive-HHR
NC_000962.3	2263425	2264001	+	CDS	Rv2016	Rv2016	conserved hypotheticals	conserved hypotheticals	0	3	3	0.0	2263713.0	576	False	False	0	False	NonReactive-Unq
NC_000962.3	2263997	2265038	+	CDS	Rv2017	Rv2017	regulatory proteins	regulatory proteins	0	5	5	0.0	2264517.5	1041	False	False	0	False	NonReactive-Unq
NC_000962.3	2265279	2265999	+	CDS	Rv2018	Rv2018	conserved hypotheticals	conserved hypotheticals	0	4	4	0.0	2265639.0	720	False	False	0	False	NonReactive-Unq
NC_000962.3	2265988	2266405	+	CDS	Rv2019	Rv2019	conserved hypotheticals	conserved hypotheticals	0	2	2	0.0	2266196.5	417	False	False	0	False	NonReactive-Unq
NC_000962.3	2266804	2267110	-	CDS	Rv2021c	Rv2021c	regulatory proteins	regulatory proteins	0	2	2	0.0	2266957.0	306	False	False	0	False	NonReactive-Unq
NC_000962.3	2267118	2267724	-	CDS	Rv2022c	Rv2022c	conserved hypotheticals	conserved hypotheticals	0	3	3	0.0	2267421.0	606	False	False	0	False	NonReactive-Unq
NC_000962.3	2267748	2268108	-	CDS	Rv2023c	Rv2023c	conserved hypotheticals	conserved hypotheticals	0	1	1	0.0	2267928.0	360	False	False	0	False	NonReactive-Unq
NC_000962.3	2268692	2270240	-	CDS	Rv2024c	Rv2024c	conserved hypotheticals	conserved hypotheticals	1	0	1	1.0	2269466.0	1548	True	False	0	False	NonReactive-Unq
NC_000962.3	2270749	2271748	-	CDS	Rv2025c	Rv2025c	cell wall and cell processes	cell wall and cell processes	0	5	5	0.0	2271248.5	999	False	False	0	False	NonReactive-Unq
NC_000962.3	2271862	2272747	-	CDS	Rv2026c	Rv2026c	virulence, detoxification, adaptation	virulence, detoxification, adaptation	0	4	4	0.0	2272304.5	885	False	False	0	False	NonReactive-Unq
NC_000962.3	2272786	2274508	-	CDS	Rv2027c	dosT	regulatory proteins	regulatory proteins	0	9	9	0.0	2273647.0	1722	False	False	0	False	NonReactive-Unq
NC_000962.3	2274568	2275408	-	CDS	Rv2028c	Rv2028c	virulence, detoxification, adaptation	virulence, detoxification, adaptation	0	4	4	0.0	2274988.0	840	False	False	0	False	NonReactive-Unq
NC_000962.3	2275404	2276424	-	CDS	Rv2029c	pfkB	intermediary metabolism and respiration	intermediary metabolism and respiration	0	6	6	0.0	2275914.0	1020	False	False	0	False	NonReactive-Unq
NC_000962.3	2276440	2278486	-	CDS	Rv2030c	Rv2030c	conserved hypotheticals	conserved hypotheticals	0	10	10	0.0	2277463.0	2046	False	False	0	False	NonReactive-Unq
NC_000962.3	2278497	2278932	-	CDS	Rv2031c	hspX	virulence, detoxification, adaptation	virulence, detoxification, adaptation	1	0	1	1.0	2278714.5	435	True	False	0	False	NonReactive-Unq
NC_000962.3	2279128	2280124	+	CDS	Rv2032	acg	conserved hypotheticals	conserved hypotheticals	1	4	5	0.2	2279626.0	996	True	False	0	False	NonReactive-Unq
NC_000962.3	2280239	2281082	-	CDS	Rv2033c	Rv2033c	conserved hypotheticals	conserved hypotheticals	0	4	4	0.0	2280660.5	843	False	False	0	False	NonReactive-Unq
NC_000962.3	2281613	2282102	+	CDS	Rv2035	Rv2035	conserved hypotheticals	conserved hypotheticals	0	2	2	0.0	2281857.5	489	False	False	0	False	NonReactive-Unq
NC_000962.3	2282098	2282740	+	CDS	Rv2036	Rv2036	conserved hypotheticals	conserved hypotheticals	0	3	3	0.0	2282419.0	642	False	False	0	False	NonReactive-Unq
NC_000962.3	2282746	2283721	-	CDS	Rv2037c	Rv2037c	cell wall and cell processes	cell wall and cell processes	0	5	5	0.0	2283233.5	975	False	False	0	False	NonReactive-Unq
NC_000962.3	2283722	2284796	-	CDS	Rv2038c	Rv2038c	cell wall and cell processes	cell wall and cell processes	0	5	5	0.0	2284259.0	1074	False	False	0	False	NonReactive-Unq
NC_000962.3	2284798	2285641	-	CDS	Rv2039c	Rv2039c	cell wall and cell processes	cell wall and cell processes	0	4	4	0.0	2285219.5	843	False	False	0	False	NonReactive-Unq
NC_000962.3	2285627	2286530	-	CDS	Rv2040c	Rv2040c	cell wall and cell processes	cell wall and cell processes	1	3	4	0.25	2286078.5	903	True	False	0	False	NonReactive-Unq
NC_000962.3	2286526	2287846	-	CDS	Rv2041c	Rv2041c	cell wall and cell processes	cell wall and cell processes	0	7	7	0.0	2287186.0	1320	False	False	0	False	NonReactive-Unq
NC_000962.3	2287883	2288681	-	CDS	Rv2042c	Rv2042c	conserved hypotheticals	conserved hypotheticals	0	4	4	0.0	2288282.0	798	False	False	0	False	NonReactive-Unq
NC_000962.3	2288680	2289241	-	CDS	Rv2043c	pncA	intermediary metabolism and respiration	intermediary metabolism and respiration	0	3	3	0.0	2288960.5	561	False	False	0	False	NonReactive-Unq
NC_000962.3	2289281	2289599	-	CDS	Rv2044c	Rv2044c	conserved hypotheticals	conserved hypotheticals	0	1	1	0.0	2289440.0	318	False	False	0	False	NonReactive-Unq
NC_000962.3	2289684	2291220	-	CDS	Rv2045c	lipT	intermediary metabolism and respiration	intermediary metabolism and respiration	0	8	8	0.0	2290452.0	1536	False	False	0	False	NonReactive-Unq
NC_000962.3	2291268	2291925	+	CDS	Rv2046	lppI	cell wall and cell processes	cell wall and cell processes	0	3	3	0.0	2291596.5	657	False	False	0	False	NonReactive-Unq
NC_000962.3	2291961	2294526	-	CDS	Rv2047c	Rv2047c	conserved hypotheticals	conserved hypotheticals	0	10	10	0.0	2293243.5	2565	False	False	0	False	NonReactive-Unq
NC_000962.3	2294530	2306986	-	CDS	Rv2048c	pks12	lipid metabolism	lipid metabolism	0	10	10	0.0	2300758.0	12456	False	False	3	True	NonReactive-HHR
NC_000962.3	2307292	2307517	-	CDS	Rv2049c	Rv2049c	conserved hypotheticals	conserved hypotheticals	0	2	2	0.0	2307404.5	225	False	False	0	False	NonReactive-Unq
NC_000962.3	2307820	2308156	+	CDS	Rv2050	Rv2050	conserved hypotheticals	conserved hypotheticals	0	2	2	0.0	2307988.0	336	False	False	0	False	NonReactive-Unq
NC_000962.3	2308130	2310755	-	CDS	Rv2051c	ppm1	cell wall and cell processes	cell wall and cell processes	1	7	8	0.125	2309442.5	2625	True	False	0	False	NonReactive-Unq
NC_000962.3	2310912	2312517	-	CDS	Rv2052c	Rv2052c	conserved hypotheticals	conserved hypotheticals	0	8	8	0.0	2311714.5	1605	False	False	0	False	NonReactive-Unq
NC_000962.3	2312521	2313049	-	CDS	Rv2053c	fxsA	cell wall and cell processes	cell wall and cell processes	0	3	3	0.0	2312785.0	528	False	False	0	False	NonReactive-Unq
NC_000962.3	2313124	2313838	+	CDS	Rv2054	Rv2054	conserved hypotheticals	conserved hypotheticals	0	4	4	0.0	2313481.0	714	False	False	0	False	NonReactive-Unq
NC_000962.3	2314086	2314353	-	CDS	Rv2055c	rpsR2	information pathways	information pathways	0	2	2	0.0	2314219.5	267	False	False	0	False	NonReactive-Unq
NC_000962.3	2314353	2314659	-	CDS	Rv2056c	rpsN2	information pathways	information pathways	0	3	3	0.0	2314506.0	306	False	False	0	False	NonReactive-Unq
NC_000962.3	2314660	2314825	-	CDS	Rv2057c	rpmG1	information pathways	information pathways	0	2	2	0.0	2314742.5	165	False	False	0	False	NonReactive-Unq
NC_000962.3	2314824	2315061	-	CDS	Rv2058c	rpmB2	information pathways	information pathways	0	2	2	0.0	2314942.5	237	False	False	0	False	NonReactive-Unq
NC_000962.3	2315173	2316709	+	CDS	Rv2059	Rv2059	conserved hypotheticals	conserved hypotheticals	0	8	8	0.0	2315941.0	1536	False	False	0	False	NonReactive-Unq
NC_000962.3	2316278	2316680	+	CDS	Rv2060	Rv2060	cell wall and cell processes	cell wall and cell processes	0	2	2	0.0	2316479.0	402	False	False	0	False	NonReactive-Unq
NC_000962.3	2316680	2317085	-	CDS	Rv2061c	Rv2061c	conserved hypotheticals	conserved hypotheticals	0	2	2	0.0	2316882.5	405	False	False	0	False	NonReactive-Unq
NC_000962.3	2317168	2320753	-	CDS	Rv2062c	cobN	intermediary metabolism and respiration	intermediary metabolism and respiration	0	10	10	0.0	2318960.5	3585	False	False	0	False	NonReactive-Unq
NC_000962.3	2320830	2321064	+	CDS	Rv2063	mazE7	virulence, detoxification, adaptation	virulence, detoxification, adaptation	0	2	2	0.0	2320947.0	234	False	False	0	False	NonReactive-Unq
NC_000962.3	2321056	2321467	+	CDS	Rv2063A	mazF7	virulence, detoxification, adaptation	virulence, detoxification, adaptation	0	1	1	0.0	2321261.5	411	False	False	0	False	NonReactive-Unq
NC_000962.3	2321450	2322542	+	CDS	Rv2064	cobG	intermediary metabolism and respiration	intermediary metabolism and respiration	0	5	5	0.0	2321996.0	1092	False	False	0	False	NonReactive-Unq
NC_000962.3	2322551	2323178	+	CDS	Rv2065	cobH	intermediary metabolism and respiration	intermediary metabolism and respiration	0	3	3	0.0	2322864.5	627	False	False	0	False	NonReactive-Unq
NC_000962.3	2323174	2324701	+	CDS	Rv2066	cobI	intermediary metabolism and respiration	intermediary metabolism and respiration	0	8	8	0.0	2323937.5	1527	False	False	0	False	NonReactive-Unq
NC_000962.3	2324646	2325870	-	CDS	Rv2067c	Rv2067c	conserved hypotheticals	conserved hypotheticals	0	6	6	0.0	2325258.0	1224	False	False	0	False	NonReactive-Unq
NC_000962.3	2325885	2326809	-	CDS	Rv2068c	blaC	intermediary metabolism and respiration	intermediary metabolism and respiration	0	5	5	0.0	2326347.0	924	False	False	0	False	NonReactive-Unq
NC_000962.3	2326943	2327501	+	CDS	Rv2069	sigC	information pathways	information pathways	0	3	3	0.0	2327222.0	558	False	False	0	False	NonReactive-Unq
NC_000962.3	2327490	2328225	-	CDS	Rv2070c	cobK	intermediary metabolism and respiration	intermediary metabolism and respiration	0	4	4	0.0	2327857.5	735	False	False	0	False	NonReactive-Unq
NC_000962.3	2328221	2328977	-	CDS	Rv2071c	cobM	intermediary metabolism and respiration	intermediary metabolism and respiration	0	2	2	0.0	2328599.0	756	False	False	0	False	NonReactive-Unq
NC_000962.3	2328973	2330146	-	CDS	Rv2072c	cobL	intermediary metabolism and respiration	intermediary metabolism and respiration	0	6	6	0.0	2329559.5	1173	False	False	0	False	NonReactive-Unq
NC_000962.3	2330213	2330963	-	CDS	Rv2073c	Rv2073c	intermediary metabolism and respiration	intermediary metabolism and respiration	0	4	4	0.0	2330588.0	750	False	False	0	False	NonReactive-Unq
NC_000962.3	2330992	2331406	+	CDS	Rv2074	Rv2074	intermediary metabolism and respiration	intermediary metabolism and respiration	0	2	2	0.0	2331199.0	414	False	False	0	False	NonReactive-Unq
NC_000962.3	2331415	2332879	-	CDS	Rv2075c	Rv2075c	cell wall and cell processes	cell wall and cell processes	0	7	7	0.0	2332147.0	1464	False	False	0	False	NonReactive-Unq
NC_000962.3	2333036	2333288	-	CDS	Rv2076c	Rv2076c	conserved hypotheticals	conserved hypotheticals	0	1	1	0.0	2333162.0	252	False	False	0	False	NonReactive-Unq
NC_000962.3	2333322	2334294	-	CDS	Rv2077c	Rv2077c	cell wall and cell processes	cell wall and cell processes	0	5	5	0.0	2333808.0	972	False	False	0	False	NonReactive-Unq
NC_000962.3	2334294	2334594	-	CDS	Rv2077A	Rv2077A	conserved hypotheticals	conserved hypotheticals	0	2	2	0.0	2334444.0	300	False	False	0	False	NonReactive-Unq
NC_000962.3	2335058	2335373	+	CDS	Rv2078	Rv2078	conserved hypotheticals	conserved hypotheticals	0	2	2	0.0	2335215.5	315	False	False	0	False	NonReactive-Unq
NC_000962.3	2335354	2337325	+	CDS	Rv2079	Rv2079	conserved hypotheticals	conserved hypotheticals	0	10	10	0.0	2336339.5	1971	False	False	0	False	NonReactive-Unq
NC_000962.3	2337305	2337869	+	CDS	Rv2080	lppJ	cell wall and cell processes	cell wall and cell processes	0	4	4	0.0	2337587.0	564	False	False	0	False	NonReactive-Unq
NC_000962.3	2338064	2338505	-	CDS	Rv2081c	Rv2081c	cell wall and cell processes	cell wall and cell processes	0	4	4	0.0	2338284.5	441	False	False	1	True	NonReactive-HHR
NC_000962.3	2338708	2340874	+	CDS	Rv2082	Rv2082	conserved hypotheticals	conserved hypotheticals	0	10	10	0.0	2339791.0	2166	False	False	1	True	NonReactive-HHR
NC_000962.3	2340870	2341815	+	CDS	Rv2083	Rv2083	conserved hypotheticals	conserved hypotheticals	0	5	5	0.0	2341342.5	945	False	False	1	True	NonReactive-HHR
NC_000962.3	2341807	2342944	+	CDS	Rv2084	Rv2084	unknown	unknown	0	6	6	0.0	2342375.5	1137	False	False	0	False	NonReactive-Unq
NC_000962.3	2343026	2343332	+	CDS	Rv2085	Rv2085	insertion seqs and phages	insertion seqs and phages	0	2	2	0.0	2343179.0	306	False	False	0	False	NonReactive-Unq
NC_000962.3	2343310	2343916	+	CDS	Rv2086	Rv2086	insertion seqs and phages	insertion seqs and phages	0	3	3	0.0	2343613.0	606	False	False	0	False	NonReactive-Unq
NC_000962.3	2344410	2346180	+	CDS	Rv2088	pknJ	regulatory proteins	regulatory proteins	0	8	8	0.0	2345295.0	1770	False	False	0	False	NonReactive-Unq
NC_000962.3	2346196	2347324	-	CDS	Rv2089c	pepE	intermediary metabolism and respiration	intermediary metabolism and respiration	0	6	6	0.0	2346760.0	1128	False	False	0	False	NonReactive-Unq
NC_000962.3	2347372	2348554	+	CDS	Rv2090	Rv2090	information pathways	information pathways	0	6	6	0.0	2347963.0	1182	False	False	1	True	NonReactive-HHR
NC_000962.3	2348557	2349292	-	CDS	Rv2091c	Rv2091c	cell wall and cell processes	cell wall and cell processes	0	4	4	0.0	2348924.5	735	False	False	0	False	NonReactive-Unq
NC_000962.3	2349333	2352054	-	CDS	Rv2092c	helY	information pathways	information pathways	0	10	10	0.0	2350693.5	2721	False	False	0	False	NonReactive-Unq
NC_000962.3	2352102	2353029	-	CDS	Rv2093c	tatC	cell wall and cell processes	cell wall and cell processes	0	5	5	0.0	2352565.5	927	False	False	0	False	NonReactive-Unq
NC_000962.3	2353045	2353297	-	CDS	Rv2094c	tatA	cell wall and cell processes	cell wall and cell processes	1	2	3	0.3333333333333333	2353171.0	252	True	False	0	False	NonReactive-Unq
NC_000962.3	2353364	2354315	-	CDS	Rv2095c	pafC	intermediary metabolism and respiration	intermediary metabolism and respiration	1	4	5	0.2	2353839.5	951	True	False	0	False	NonReactive-Unq
NC_000962.3	2354311	2355310	-	CDS	Rv2096c	pafB	intermediary metabolism and respiration	intermediary metabolism and respiration	1	4	5	0.2	2354810.5	999	True	False	0	False	NonReactive-Unq
NC_000962.3	2355318	2356677	-	CDS	Rv2097c	pafA	intermediary metabolism and respiration	intermediary metabolism and respiration	0	7	7	0.0	2355997.5	1359	False	False	0	False	NonReactive-Unq
NC_000962.3	2358388	2360041	+	CDS	Rv2100	Rv2100	insertion seqs and phages	REP13E12_Repeat	0	5	5	0.0	2359214.5	1653	False	False	1	True	NonReactive-HHR
NC_000962.3	2360239	2363281	+	CDS	Rv2101	helZ	information pathways	information pathways	0	10	10	0.0	2361760.0	3042	False	False	0	False	NonReactive-Unq
NC_000962.3	2363390	2364107	+	CDS	Rv2102	Rv2102	conserved hypotheticals	conserved hypotheticals	0	3	3	0.0	2363748.5	717	False	False	0	False	NonReactive-Unq
NC_000962.3	2364085	2364520	-	CDS	Rv2103c	vapC37	virulence, detoxification, adaptation	virulence, detoxification, adaptation	0	2	2	0.0	2364302.5	435	False	False	0	False	NonReactive-Unq
NC_000962.3	2364526	2364781	-	CDS	Rv2104c	vapB37	virulence, detoxification, adaptation	virulence, detoxification, adaptation	0	2	2	0.0	2364653.5	255	False	False	0	False	NonReactive-Unq
NC_000962.3	2367358	2367655	+	CDS	Rv2107	PE22	PE/PPE	PE/PPE	0	3	3	0.0	2367506.5	297	False	False	0	False	NonReactive-Unq
NC_000962.3	2367710	2368442	+	CDS	Rv2108	PPE36	PE/PPE	PE/PPE	0	4	4	0.0	2368076.0	732	False	False	0	False	NonReactive-Unq
NC_000962.3	2368982	2369729	-	CDS	Rv2109c	prcA	intermediary metabolism and respiration	intermediary metabolism and respiration	0	4	4	0.0	2369355.5	747	False	False	0	False	NonReactive-Unq
NC_000962.3	2369725	2370601	-	CDS	Rv2110c	prcB	intermediary metabolism and respiration	intermediary metabolism and respiration	0	4	4	0.0	2370163.0	876	False	False	0	False	NonReactive-Unq
NC_000962.3	2370597	2370792	-	CDS	Rv2111c	pup	intermediary metabolism and respiration	intermediary metabolism and respiration	0	1	1	0.0	2370694.5	195	False	False	0	False	NonReactive-Unq
NC_000962.3	2370904	2372569	-	CDS	Rv2112c	dop	intermediary metabolism and respiration	intermediary metabolism and respiration	0	8	8	0.0	2371736.5	1665	False	False	0	False	NonReactive-Unq
NC_000962.3	2372629	2373823	+	CDS	Rv2113	Rv2113	cell wall and cell processes	cell wall and cell processes	0	6	6	0.0	2373226.0	1194	False	False	0	False	NonReactive-Unq
NC_000962.3	2373833	2374457	+	CDS	Rv2114	Rv2114	conserved hypotheticals	conserved hypotheticals	0	2	2	0.0	2374145.0	624	False	False	0	False	NonReactive-Unq
NC_000962.3	2374460	2376290	-	CDS	Rv2115c	mpa	cell wall and cell processes	cell wall and cell processes	0	9	9	0.0	2375375.0	1830	False	False	0	False	NonReactive-Unq
NC_000962.3	2376570	2377140	+	CDS	Rv2116	lppK	cell wall and cell processes	cell wall and cell processes	0	3	3	0.0	2376855.0	570	False	False	0	False	NonReactive-Unq
NC_000962.3	2377147	2377441	+	CDS	Rv2117	Rv2117	conserved hypotheticals	conserved hypotheticals	0	2	2	0.0	2377294.0	294	False	False	0	False	NonReactive-Unq
NC_000962.3	2377469	2378312	-	CDS	Rv2118c	Rv2118c	intermediary metabolism and respiration	intermediary metabolism and respiration	0	4	4	0.0	2377890.5	843	False	False	0	False	NonReactive-Unq
NC_000962.3	2378385	2379222	+	CDS	Rv2119	Rv2119	conserved hypotheticals	conserved hypotheticals	0	4	4	0.0	2378803.5	837	False	False	0	False	NonReactive-Unq
NC_000962.3	2379244	2379727	-	CDS	Rv2120c	Rv2120c	cell wall and cell processes	cell wall and cell processes	0	2	2	0.0	2379485.5	483	False	False	0	False	NonReactive-Unq
NC_000962.3	2379805	2380660	-	CDS	Rv2121c	hisG	intermediary metabolism and respiration	intermediary metabolism and respiration	0	4	4	0.0	2380232.5	855	False	False	0	False	NonReactive-Unq
NC_000962.3	2380662	2380944	-	CDS	Rv2122c	hisE	intermediary metabolism and respiration	intermediary metabolism and respiration	0	2	2	0.0	2380803.0	282	False	False	0	False	NonReactive-Unq
NC_000962.3	2381070	2382492	+	CDS	Rv2123	PPE37	PE/PPE	PE/PPE	1	6	7	0.14285714285714285	2381781.0	1422	True	False	0	False	NonReactive-Unq
NC_000962.3	2382488	2386067	-	CDS	Rv2124c	metH	intermediary metabolism and respiration	intermediary metabolism and respiration	0	10	10	0.0	2384277.5	3579	False	False	0	False	NonReactive-Unq
NC_000962.3	2386292	2387171	+	CDS	Rv2125	Rv2125	conserved hypotheticals	conserved hypotheticals	0	3	3	0.0	2386731.5	879	False	False	0	False	NonReactive-Unq
NC_000962.3	2387201	2387972	-	CDS	Rv2126c	PE_PGRS37	PE/PPE	PE/PPE	0	2	2	0.0	2387586.5	771	False	False	0	False	NonReactive-Unq
NC_000962.3	2388615	2390085	+	CDS	Rv2127	ansP1	cell wall and cell processes	cell wall and cell processes	0	7	7	0.0	2389350.0	1470	False	False	0	False	NonReactive-Unq
NC_000962.3	2390084	2390288	+	CDS	Rv2128	Rv2128	cell wall and cell processes	cell wall and cell processes	0	2	2	0.0	2390186.0	204	False	False	0	False	NonReactive-Unq
NC_000962.3	2390307	2391189	-	CDS	Rv2129c	Rv2129c	intermediary metabolism and respiration	intermediary metabolism and respiration	0	3	3	0.0	2390748.0	882	False	False	0	False	NonReactive-Unq
NC_000962.3	2391214	2392459	-	CDS	Rv2130c	mshC	intermediary metabolism and respiration	intermediary metabolism and respiration	0	6	6	0.0	2391836.5	1245	False	False	0	False	NonReactive-Unq
NC_000962.3	2392516	2393320	-	CDS	Rv2131c	cysQ	intermediary metabolism and respiration	intermediary metabolism and respiration	0	4	4	0.0	2392918.0	804	False	False	0	False	NonReactive-Unq
NC_000962.3	2393410	2393641	+	CDS	Rv2132	Rv2132	conserved hypotheticals	conserved hypotheticals	0	2	2	0.0	2393525.5	231	False	False	0	False	NonReactive-Unq
NC_000962.3	2393850	2394639	-	CDS	Rv2133c	Rv2133c	conserved hypotheticals	conserved hypotheticals	0	4	4	0.0	2394244.5	789	False	False	0	False	NonReactive-Unq
NC_000962.3	2394649	2395237	-	CDS	Rv2134c	Rv2134c	conserved hypotheticals	conserved hypotheticals	0	3	3	0.0	2394943.0	588	False	False	0	False	NonReactive-Unq
NC_000962.3	2395300	2396011	-	CDS	Rv2135c	Rv2135c	conserved hypotheticals	conserved hypotheticals	0	4	4	0.0	2395655.5	711	False	False	0	False	NonReactive-Unq
NC_000962.3	2396007	2396838	-	CDS	Rv2136c	Rv2136c	cell wall and cell processes	cell wall and cell processes	0	4	4	0.0	2396422.5	831	False	False	0	False	NonReactive-Unq
NC_000962.3	2396901	2397315	-	CDS	Rv2137c	Rv2137c	conserved hypotheticals	conserved hypotheticals	0	2	2	0.0	2397108.0	414	False	False	0	False	NonReactive-Unq
NC_000962.3	2397329	2398406	+	CDS	Rv2138	lppL	cell wall and cell processes	cell wall and cell processes	0	5	5	0.0	2397867.5	1077	False	False	0	False	NonReactive-Unq
NC_000962.3	2398719	2399793	+	CDS	Rv2139	pyrD	intermediary metabolism and respiration	intermediary metabolism and respiration	0	5	5	0.0	2399256.0	1074	False	False	0	False	NonReactive-Unq
NC_000962.3	2399797	2400328	-	CDS	Rv2140c	TB18.6	conserved hypotheticals	conserved hypotheticals	0	3	3	0.0	2400062.5	531	False	False	0	False	NonReactive-Unq
NC_000962.3	2400375	2401722	-	CDS	Rv2141c	Rv2141c	intermediary metabolism and respiration	intermediary metabolism and respiration	0	7	7	0.0	2401048.5	1347	False	False	0	False	NonReactive-Unq
NC_000962.3	2402192	2402510	-	CDS	Rv2142c	parE2	virulence, detoxification, adaptation	virulence, detoxification, adaptation	0	2	2	0.0	2402351.0	318	False	False	0	False	NonReactive-Unq
NC_000962.3	2402976	2404035	+	CDS	Rv2143	Rv2143	conserved hypotheticals	conserved hypotheticals	0	5	5	0.0	2403505.5	1059	False	False	0	False	NonReactive-Unq
NC_000962.3	2404164	2404521	-	CDS	Rv2144c	Rv2144c	cell wall and cell processes	cell wall and cell processes	0	2	2	0.0	2404342.5	357	False	False	0	False	NonReactive-Unq
NC_000962.3	2404615	2405398	-	CDS	Rv2145c	wag31	cell wall and cell processes	cell wall and cell processes	0	4	4	0.0	2405006.5	783	False	False	0	False	NonReactive-Unq
NC_000962.3	2405665	2405956	-	CDS	Rv2146c	Rv2146c	cell wall and cell processes	cell wall and cell processes	0	2	2	0.0	2405810.5	291	False	False	0	False	NonReactive-Unq
NC_000962.3	2406117	2406843	-	CDS	Rv2147c	Rv2147c	conserved hypotheticals	conserved hypotheticals	0	3	3	0.0	2406480.0	726	False	False	0	False	NonReactive-Unq
NC_000962.3	2406839	2407616	-	CDS	Rv2148c	Rv2148c	conserved hypotheticals	conserved hypotheticals	0	4	4	0.0	2407227.5	777	False	False	0	False	NonReactive-Unq
NC_000962.3	2407621	2408374	-	CDS	Rv2149c	yfiH	conserved hypotheticals	conserved hypotheticals	0	4	4	0.0	2407997.5	753	False	False	0	False	NonReactive-Unq
NC_000962.3	2408384	2409524	-	CDS	Rv2150c	ftsZ	cell wall and cell processes	cell wall and cell processes	0	6	6	0.0	2408954.0	1140	False	False	0	False	NonReactive-Unq
NC_000962.3	2409696	2410641	-	CDS	Rv2151c	ftsQ	cell wall and cell processes	cell wall and cell processes	0	5	5	0.0	2410168.5	945	False	False	0	False	NonReactive-Unq
NC_000962.3	2410637	2412122	-	CDS	Rv2152c	murC	cell wall and cell processes	cell wall and cell processes	0	6	6	0.0	2411379.5	1485	False	False	0	False	NonReactive-Unq
NC_000962.3	2412118	2413351	-	CDS	Rv2153c	murG	cell wall and cell processes	cell wall and cell processes	0	6	6	0.0	2412734.5	1233	False	False	0	False	NonReactive-Unq
NC_000962.3	2413347	2414922	-	CDS	Rv2154c	ftsW	cell wall and cell processes	cell wall and cell processes	0	8	8	0.0	2414134.5	1575	False	False	0	False	NonReactive-Unq
NC_000962.3	2414933	2416394	-	CDS	Rv2155c	murD	cell wall and cell processes	cell wall and cell processes	0	7	7	0.0	2415663.5	1461	False	False	0	False	NonReactive-Unq
NC_000962.3	2416395	2417475	-	CDS	Rv2156c	murX	cell wall and cell processes	cell wall and cell processes	0	5	5	0.0	2416935.0	1080	False	False	0	False	NonReactive-Unq
NC_000962.3	2417471	2419004	-	CDS	Rv2157c	murF	cell wall and cell processes	cell wall and cell processes	0	8	8	0.0	2418237.5	1533	False	False	0	False	NonReactive-Unq
NC_000962.3	2419000	2420608	-	CDS	Rv2158c	murE	cell wall and cell processes	cell wall and cell processes	0	8	8	0.0	2419804.0	1608	False	False	0	False	NonReactive-Unq
NC_000962.3	2420630	2421665	-	CDS	Rv2159c	Rv2159c	conserved hypotheticals	conserved hypotheticals	0	5	5	0.0	2421147.5	1035	False	False	0	False	NonReactive-Unq
NC_000962.3	2422270	2423137	-	CDS	Rv2161c	Rv2161c	intermediary metabolism and respiration	intermediary metabolism and respiration	0	4	4	0.0	2422703.5	867	False	False	0	False	NonReactive-Unq
NC_000962.3	2423239	2424838	-	CDS	Rv2162c	PE_PGRS38	PE/PPE	PE/PPE	0	8	8	0.0	2424038.5	1599	False	False	0	False	NonReactive-Unq
NC_000962.3	2425047	2427087	-	CDS	Rv2163c	pbpB	cell wall and cell processes	cell wall and cell processes	0	10	10	0.0	2426067.0	2040	False	False	0	False	NonReactive-Unq
NC_000962.3	2427083	2428238	-	CDS	Rv2164c	Rv2164c	cell wall and cell processes	cell wall and cell processes	0	6	6	0.0	2427660.5	1155	False	False	0	False	NonReactive-Unq
NC_000962.3	2428234	2429425	-	CDS	Rv2165c	Rv2165c	conserved hypotheticals	conserved hypotheticals	0	5	5	0.0	2428829.5	1191	False	False	0	False	NonReactive-Unq
NC_000962.3	2429426	2429858	-	CDS	Rv2166c	Rv2166c	conserved hypotheticals	conserved hypotheticals	0	2	2	0.0	2429642.0	432	False	False	0	False	NonReactive-Unq
NC_000962.3	2431564	2431969	-	CDS	Rv2169c	Rv2169c	cell wall and cell processes	cell wall and cell processes	0	2	2	0.0	2431766.5	405	False	False	0	False	NonReactive-Unq
NC_000962.3	2432234	2432855	+	CDS	Rv2170	Rv2170	intermediary metabolism and respiration	intermediary metabolism and respiration	0	3	3	0.0	2432544.5	621	False	False	0	False	NonReactive-Unq
NC_000962.3	2432950	2433634	+	CDS	Rv2171	lppM	cell wall and cell processes	cell wall and cell processes	0	3	3	0.0	2433292.0	684	False	False	0	False	NonReactive-Unq
NC_000962.3	2433630	2434536	-	CDS	Rv2172c	Rv2172c	conserved hypotheticals	conserved hypotheticals	0	4	4	0.0	2434083.0	906	False	False	0	False	NonReactive-Unq
NC_000962.3	2434846	2435905	+	CDS	Rv2173	idsA2	lipid metabolism	lipid metabolism	0	5	5	0.0	2435375.5	1059	False	False	0	False	NonReactive-Unq
NC_000962.3	2435908	2437459	+	CDS	Rv2174	mptA	cell wall and cell processes	cell wall and cell processes	0	8	8	0.0	2436683.5	1551	False	False	0	False	NonReactive-Unq
NC_000962.3	2437445	2437886	-	CDS	Rv2175c	Rv2175c	regulatory proteins	regulatory proteins	0	2	2	0.0	2437665.5	441	False	False	0	False	NonReactive-Unq
NC_000962.3	2437940	2439140	+	CDS	Rv2176	pknL	regulatory proteins	regulatory proteins	0	6	6	0.0	2438540.0	1200	False	False	1	True	NonReactive-HHR
NC_000962.3	2439281	2439947	-	CDS	Rv2177c	Rv2177c	insertion seqs and phages	insertion seqs and phages	0	3	3	0.0	2439614.0	666	False	False	1	True	NonReactive-HHR
NC_000962.3	2440331	2441720	-	CDS	Rv2178c	aroG	intermediary metabolism and respiration	intermediary metabolism and respiration	0	7	7	0.0	2441025.5	1389	False	False	0	False	NonReactive-Unq
NC_000962.3	2441810	2442317	-	CDS	Rv2179c	Rv2179c	conserved hypotheticals	conserved hypotheticals	0	3	3	0.0	2442063.5	507	False	False	0	False	NonReactive-Unq
NC_000962.3	2442326	2443214	-	CDS	Rv2180c	Rv2180c	cell wall and cell processes	cell wall and cell processes	0	4	4	0.0	2442770.0	888	False	False	0	False	NonReactive-Unq
NC_000962.3	2443301	2444585	+	CDS	Rv2181	Rv2181	cell wall and cell processes	cell wall and cell processes	0	6	6	0.0	2443943.0	1284	False	False	0	False	NonReactive-Unq
NC_000962.3	2444585	2445329	-	CDS	Rv2182c	Rv2182c	conserved hypotheticals	conserved hypotheticals	0	4	4	0.0	2444957.0	744	False	False	0	False	NonReactive-Unq
NC_000962.3	2445414	2445810	-	CDS	Rv2183c	Rv2183c	conserved hypotheticals	conserved hypotheticals	0	2	2	0.0	2445612.0	396	False	False	0	False	NonReactive-Unq
NC_000962.3	2445806	2446946	-	CDS	Rv2184c	Rv2184c	conserved hypotheticals	conserved hypotheticals	0	6	6	0.0	2446376.0	1140	False	False	0	False	NonReactive-Unq
NC_000962.3	2447065	2447500	-	CDS	Rv2185c	TB16.3	conserved hypotheticals	conserved hypotheticals	0	2	2	0.0	2447282.5	435	False	False	0	False	NonReactive-Unq
NC_000962.3	2447604	2447994	-	CDS	Rv2186c	Rv2186c	conserved hypotheticals	conserved hypotheticals	0	2	2	0.0	2447799.0	390	False	False	0	False	NonReactive-Unq
NC_000962.3	2448159	2449962	+	CDS	Rv2187	fadD15	lipid metabolism	lipid metabolism	0	9	9	0.0	2449060.5	1803	False	False	0	False	NonReactive-Unq
NC_000962.3	2449992	2451150	-	CDS	Rv2188c	pimB	lipid metabolism	lipid metabolism	0	6	6	0.0	2450571.0	1158	False	False	0	False	NonReactive-Unq
NC_000962.3	2451246	2452020	-	CDS	Rv2189c	Rv2189c	conserved hypotheticals	conserved hypotheticals	0	3	3	0.0	2451633.0	774	False	False	0	False	NonReactive-Unq
NC_000962.3	2452114	2453272	-	CDS	Rv2190c	Rv2190c	virulence, detoxification, adaptation	virulence, detoxification, adaptation	0	4	4	0.0	2452693.0	1158	False	False	0	False	NonReactive-Unq
NC_000962.3	2453818	2455756	+	CDS	Rv2191	Rv2191	information pathways	information pathways	0	10	10	0.0	2454787.0	1938	False	False	0	False	NonReactive-Unq
NC_000962.3	2455630	2456743	-	CDS	Rv2192c	trpD	intermediary metabolism and respiration	intermediary metabolism and respiration	0	6	6	0.0	2456186.5	1113	False	False	0	False	NonReactive-Unq
NC_000962.3	2456900	2457512	+	CDS	Rv2193	ctaE	intermediary metabolism and respiration	intermediary metabolism and respiration	0	3	3	0.0	2457206.0	612	False	False	0	False	NonReactive-Unq
NC_000962.3	2457552	2458395	+	CDS	Rv2194	qcrC	intermediary metabolism and respiration	intermediary metabolism and respiration	0	4	4	0.0	2457973.5	843	False	False	0	False	NonReactive-Unq
NC_000962.3	2458391	2459681	+	CDS	Rv2195	qcrA	intermediary metabolism and respiration	intermediary metabolism and respiration	0	6	6	0.0	2459036.0	1290	False	False	0	False	NonReactive-Unq
NC_000962.3	2459677	2461327	+	CDS	Rv2196	qcrB	intermediary metabolism and respiration	intermediary metabolism and respiration	0	8	8	0.0	2460502.0	1650	False	False	1	True	NonReactive-HHR
NC_000962.3	2461503	2462148	-	CDS	Rv2197c	Rv2197c	cell wall and cell processes	cell wall and cell processes	0	3	3	0.0	2461825.5	645	False	False	1	True	NonReactive-HHR
NC_000962.3	2462147	2463047	-	CDS	Rv2198c	mmpS3	cell wall and cell processes	cell wall and cell processes	0	4	4	0.0	2462597.0	900	False	False	0	False	NonReactive-Unq
NC_000962.3	2463232	2463652	-	CDS	Rv2199c	Rv2199c	cell wall and cell processes	cell wall and cell processes	0	2	2	0.0	2463442.0	420	False	False	0	False	NonReactive-Unq
NC_000962.3	2463659	2464751	-	CDS	Rv2200c	ctaC	intermediary metabolism and respiration	intermediary metabolism and respiration	0	5	5	0.0	2464205.0	1092	False	False	0	False	NonReactive-Unq
NC_000962.3	2464996	2466955	+	CDS	Rv2201	asnB	intermediary metabolism and respiration	intermediary metabolism and respiration	0	10	10	0.0	2465975.5	1959	False	False	0	False	NonReactive-Unq
NC_000962.3	2467052	2468027	-	CDS	Rv2202c	adoK	intermediary metabolism and respiration	intermediary metabolism and respiration	0	4	4	0.0	2467539.5	975	False	False	0	False	NonReactive-Unq
NC_000962.3	2468230	2468923	+	CDS	Rv2203	Rv2203	cell wall and cell processes	cell wall and cell processes	0	3	3	0.0	2468576.5	693	False	False	0	False	NonReactive-Unq
NC_000962.3	2468930	2469287	-	CDS	Rv2204c	Rv2204c	conserved hypotheticals	conserved hypotheticals	0	2	2	0.0	2469108.5	357	False	False	0	False	NonReactive-Unq
NC_000962.3	2469386	2470463	-	CDS	Rv2205c	Rv2205c	conserved hypotheticals	conserved hypotheticals	0	5	5	0.0	2469924.5	1077	False	False	0	False	NonReactive-Unq
NC_000962.3	2470621	2471332	+	CDS	Rv2206	Rv2206	cell wall and cell processes	cell wall and cell processes	0	4	4	0.0	2470976.5	711	False	False	0	False	NonReactive-Unq
NC_000962.3	2471410	2472496	+	CDS	Rv2207	cobT	intermediary metabolism and respiration	intermediary metabolism and respiration	0	5	5	0.0	2471953.0	1086	False	False	0	False	NonReactive-Unq
NC_000962.3	2472492	2473242	+	CDS	Rv2208	cobS	intermediary metabolism and respiration	intermediary metabolism and respiration	0	4	4	0.0	2472867.0	750	False	False	0	False	NonReactive-Unq
NC_000962.3	2473399	2474938	+	CDS	Rv2209	Rv2209	cell wall and cell processes	cell wall and cell processes	0	8	8	0.0	2474168.5	1539	False	False	0	False	NonReactive-Unq
NC_000962.3	2474863	2475970	-	CDS	Rv2210c	ilvE	intermediary metabolism and respiration	intermediary metabolism and respiration	0	5	5	0.0	2475416.5	1107	False	False	0	False	NonReactive-Unq
NC_000962.3	2476041	2477181	-	CDS	Rv2211c	gcvT	intermediary metabolism and respiration	intermediary metabolism and respiration	0	6	6	0.0	2476611.0	1140	False	False	0	False	NonReactive-Unq
NC_000962.3	2477189	2478326	+	CDS	Rv2212	Rv2212	intermediary metabolism and respiration	intermediary metabolism and respiration	0	5	5	0.0	2477757.5	1137	False	False	0	False	NonReactive-Unq
NC_000962.3	2478337	2479885	+	CDS	Rv2213	pepB	intermediary metabolism and respiration	intermediary metabolism and respiration	0	8	8	0.0	2479111.0	1548	False	False	0	False	NonReactive-Unq
NC_000962.3	2479922	2481701	-	CDS	Rv2214c	ephD	virulence, detoxification, adaptation	virulence, detoxification, adaptation	0	9	9	0.0	2480811.5	1779	False	False	0	False	NonReactive-Unq
NC_000962.3	2481964	2483626	+	CDS	Rv2215	dlaT	intermediary metabolism and respiration	intermediary metabolism and respiration	0	8	8	0.0	2482795.0	1662	False	False	0	False	NonReactive-Unq
NC_000962.3	2483625	2484531	+	CDS	Rv2216	Rv2216	conserved hypotheticals	conserved hypotheticals	0	4	4	0.0	2484078.0	906	False	False	0	False	NonReactive-Unq
NC_000962.3	2484583	2485276	+	CDS	Rv2217	lipB	intermediary metabolism and respiration	intermediary metabolism and respiration	0	3	3	0.0	2484929.5	693	False	False	0	False	NonReactive-Unq
NC_000962.3	2485272	2486208	+	CDS	Rv2218	lipA	intermediary metabolism and respiration	intermediary metabolism and respiration	0	5	5	0.0	2485740.0	936	False	False	0	False	NonReactive-Unq
NC_000962.3	2486234	2486987	+	CDS	Rv2219	Rv2219	cell wall and cell processes	cell wall and cell processes	0	4	4	0.0	2486610.5	753	False	False	0	False	NonReactive-Unq
NC_000962.3	2486993	2487416	-	CDS	Rv2219A	Rv2219A	cell wall and cell processes	cell wall and cell processes	0	2	2	0.0	2487204.5	423	False	False	0	False	NonReactive-Unq
NC_000962.3	2487614	2489051	+	CDS	Rv2220	glnA1	intermediary metabolism and respiration	intermediary metabolism and respiration	0	7	7	0.0	2488332.5	1437	False	False	0	False	NonReactive-Unq
NC_000962.3	2489368	2492353	-	CDS	Rv2221c	glnE	intermediary metabolism and respiration	intermediary metabolism and respiration	0	10	10	0.0	2490860.5	2985	False	False	0	False	NonReactive-Unq
NC_000962.3	2492401	2493742	-	CDS	Rv2222c	glnA2	intermediary metabolism and respiration	intermediary metabolism and respiration	0	7	7	0.0	2493071.5	1341	False	False	0	False	NonReactive-Unq
NC_000962.3	2493836	2495399	-	CDS	Rv2223c	Rv2223c	cell wall and cell processes	cell wall and cell processes	0	8	8	0.0	2494617.5	1563	False	False	0	False	NonReactive-Unq
NC_000962.3	2495460	2497023	-	CDS	Rv2224c	caeA	cell wall and cell processes	cell wall and cell processes	0	8	8	0.0	2496241.5	1563	False	False	0	False	NonReactive-Unq
NC_000962.3	2497741	2498587	+	CDS	Rv2225	panB	intermediary metabolism and respiration	intermediary metabolism and respiration	0	4	4	0.0	2498164.0	846	False	False	0	False	NonReactive-Unq
NC_000962.3	2498831	2500373	+	CDS	Rv2226	Rv2226	conserved hypotheticals	conserved hypotheticals	0	8	8	0.0	2499602.0	1542	False	False	0	False	NonReactive-Unq
NC_000962.3	2500930	2501632	+	CDS	Rv2227	Rv2227	conserved hypotheticals	conserved hypotheticals	0	2	2	0.0	2501281.0	702	False	False	0	False	NonReactive-Unq
NC_000962.3	2501643	2502738	-	CDS	Rv2228c	Rv2228c	information pathways	information pathways	0	5	5	0.0	2502190.5	1095	False	False	0	False	NonReactive-Unq
NC_000962.3	2502734	2503472	-	CDS	Rv2229c	Rv2229c	conserved hypotheticals	conserved hypotheticals	0	4	4	0.0	2503103.0	738	False	False	0	False	NonReactive-Unq
NC_000962.3	2503468	2504608	-	CDS	Rv2230c	Rv2230c	conserved hypotheticals	conserved hypotheticals	0	6	6	0.0	2504038.0	1140	False	False	0	False	NonReactive-Unq
NC_000962.3	2504604	2505699	-	CDS	Rv2231c	cobC	intermediary metabolism and respiration	intermediary metabolism and respiration	0	5	5	0.0	2505151.5	1095	False	False	0	False	NonReactive-Unq
NC_000962.3	2506277	2507153	+	CDS	Rv2232	ptkA	regulatory proteins	regulatory proteins	0	4	4	0.0	2506715.0	876	False	False	0	False	NonReactive-Unq
NC_000962.3	2507145	2507637	+	CDS	Rv2234	ptpA	regulatory proteins	regulatory proteins	0	2	2	0.0	2507391.0	492	False	False	0	False	NonReactive-Unq
NC_000962.3	2507636	2508452	+	CDS	Rv2235	Rv2235	cell wall and cell processes	cell wall and cell processes	0	4	4	0.0	2508044.0	816	False	False	0	False	NonReactive-Unq
NC_000962.3	2508433	2509375	-	CDS	Rv2236c	cobD	intermediary metabolism and respiration	intermediary metabolism and respiration	0	5	5	0.0	2508904.0	942	False	False	0	False	NonReactive-Unq
NC_000962.3	2509488	2510256	+	CDS	Rv2237	Rv2237	conserved hypotheticals	conserved hypotheticals	0	4	4	0.0	2509872.0	768	False	False	0	False	NonReactive-Unq
NC_000962.3	2510714	2511176	-	CDS	Rv2238c	ahpE	virulence, detoxification, adaptation	virulence, detoxification, adaptation	0	2	2	0.0	2510945.0	462	False	False	0	False	NonReactive-Unq
NC_000962.3	2511175	2511652	-	CDS	Rv2239c	Rv2239c	conserved hypotheticals	conserved hypotheticals	0	2	2	0.0	2511413.5	477	False	False	0	False	NonReactive-Unq
NC_000962.3	2511689	2512280	-	CDS	Rv2240c	Rv2240c	conserved hypotheticals	conserved hypotheticals	0	4	4	0.0	2511984.5	591	False	False	0	False	NonReactive-Unq
NC_000962.3	2512538	2515244	+	CDS	Rv2241	aceE	intermediary metabolism and respiration	intermediary metabolism and respiration	0	10	10	0.0	2513891.0	2706	False	False	0	False	NonReactive-Unq
NC_000962.3	2515303	2516548	+	CDS	Rv2242	Rv2242	conserved hypotheticals	conserved hypotheticals	0	6	6	0.0	2515925.5	1245	False	False	0	False	NonReactive-Unq
NC_000962.3	2516786	2517695	+	CDS	Rv2243	fabD	lipid metabolism	lipid metabolism	0	5	5	0.0	2517240.5	909	False	False	0	False	NonReactive-Unq
NC_000962.3	2517770	2518118	+	CDS	Rv2244	acpM	lipid metabolism	lipid metabolism	0	2	2	0.0	2517944.0	348	False	False	0	False	NonReactive-Unq
NC_000962.3	2518114	2519365	+	CDS	Rv2245	kasA	lipid metabolism	lipid metabolism	0	6	6	0.0	2518739.5	1251	False	False	0	False	NonReactive-Unq
NC_000962.3	2519395	2520712	+	CDS	Rv2246	kasB	lipid metabolism	lipid metabolism	0	7	7	0.0	2520053.5	1317	False	False	0	False	NonReactive-Unq
NC_000962.3	2520742	2522164	+	CDS	Rv2247	accD6	lipid metabolism	lipid metabolism	0	7	7	0.0	2521453.0	1422	False	False	0	False	NonReactive-Unq
NC_000962.3	2522359	2523175	+	CDS	Rv2248	Rv2248	conserved hypotheticals	conserved hypotheticals	0	2	2	0.0	2522767.0	816	False	False	0	False	NonReactive-Unq
NC_000962.3	2523240	2524791	-	CDS	Rv2249c	glpD1	intermediary metabolism and respiration	intermediary metabolism and respiration	0	8	8	0.0	2524015.5	1551	False	False	0	False	NonReactive-Unq
NC_000962.3	2524784	2525354	-	CDS	Rv2250c	Rv2250c	regulatory proteins	regulatory proteins	0	2	2	0.0	2525069.0	570	False	False	0	False	NonReactive-Unq
NC_000962.3	2525564	2526992	+	CDS	Rv2251	Rv2251	intermediary metabolism and respiration	intermediary metabolism and respiration	0	7	7	0.0	2526278.0	1428	False	False	0	False	NonReactive-Unq
NC_000962.3	2526988	2527918	+	CDS	Rv2252	Rv2252	lipid metabolism	lipid metabolism	0	5	5	0.0	2527453.0	930	False	False	0	False	NonReactive-Unq
NC_000962.3	2527983	2528487	+	CDS	Rv2253	Rv2253	cell wall and cell processes	cell wall and cell processes	0	3	3	0.0	2528235.0	504	False	False	0	False	NonReactive-Unq
NC_000962.3	2528519	2528975	-	CDS	Rv2254c	Rv2254c	cell wall and cell processes	cell wall and cell processes	0	2	2	0.0	2528747.0	456	False	False	0	False	NonReactive-Unq
NC_000962.3	2529340	2529874	-	CDS	Rv2256c	Rv2256c	conserved hypotheticals	conserved hypotheticals	0	3	3	0.0	2529607.0	534	False	False	0	False	NonReactive-Unq
NC_000962.3	2530003	2530822	-	CDS	Rv2257c	Rv2257c	conserved hypotheticals	conserved hypotheticals	0	4	4	0.0	2530412.5	819	False	False	0	False	NonReactive-Unq
NC_000962.3	2530835	2531897	-	CDS	Rv2258c	Rv2258c	regulatory proteins	regulatory proteins	0	5	5	0.0	2531366.0	1062	False	False	1	True	NonReactive-HHR
NC_000962.3	2532244	2533330	+	CDS	Rv2259	mscR	intermediary metabolism and respiration	intermediary metabolism and respiration	0	5	5	0.0	2532787.0	1086	False	False	0	False	NonReactive-Unq
NC_000962.3	2533329	2533965	+	CDS	Rv2260	Rv2260	conserved hypotheticals	conserved hypotheticals	0	3	3	0.0	2533647.0	636	False	False	0	False	NonReactive-Unq
NC_000962.3	2535640	2536594	+	CDS	Rv2263	Rv2263	intermediary metabolism and respiration	intermediary metabolism and respiration	0	5	5	0.0	2536117.0	954	False	False	0	False	NonReactive-Unq
NC_000962.3	2536571	2538350	-	CDS	Rv2264c	Rv2264c	conserved hypotheticals	conserved hypotheticals	0	9	9	0.0	2537460.5	1779	False	False	0	False	NonReactive-Unq
NC_000962.3	2538699	2539929	+	CDS	Rv2265	Rv2265	cell wall and cell processes	cell wall and cell processes	0	6	6	0.0	2539314.0	1230	False	False	0	False	NonReactive-Unq
NC_000962.3	2540103	2541390	+	CDS	Rv2266	cyp124	intermediary metabolism and respiration	intermediary metabolism and respiration	0	5	5	0.0	2540746.5	1287	False	False	0	False	NonReactive-Unq
NC_000962.3	2541643	2542810	-	CDS	Rv2267c	Rv2267c	conserved hypotheticals	conserved hypotheticals	0	6	6	0.0	2542226.5	1167	False	False	0	False	NonReactive-Unq
NC_000962.3	2542806	2544276	-	CDS	Rv2268c	cyp128	intermediary metabolism and respiration	intermediary metabolism and respiration	0	7	7	0.0	2543541.0	1470	False	False	0	False	NonReactive-Unq
NC_000962.3	2544288	2544621	-	CDS	Rv2269c	Rv2269c	conserved hypotheticals	conserved hypotheticals	0	2	2	0.0	2544454.5	333	False	False	0	False	NonReactive-Unq
NC_000962.3	2544697	2545225	+	CDS	Rv2270	lppN	cell wall and cell processes	cell wall and cell processes	0	3	3	0.0	2544961.0	528	False	False	0	False	NonReactive-Unq
NC_000962.3	2545331	2545631	+	CDS	Rv2271	Rv2271	conserved hypotheticals	conserved hypotheticals	0	2	2	0.0	2545481.0	300	False	False	0	False	NonReactive-Unq
NC_000962.3	2545736	2546105	+	CDS	Rv2272	Rv2272	cell wall and cell processes	cell wall and cell processes	0	2	2	0.0	2545920.5	369	False	False	0	False	NonReactive-Unq
NC_000962.3	2546101	2546431	+	CDS	Rv2273	Rv2273	cell wall and cell processes	cell wall and cell processes	0	2	2	0.0	2546266.0	330	False	False	0	False	NonReactive-Unq
NC_000962.3	2546487	2546805	-	CDS	Rv2274c	mazF8	virulence, detoxification, adaptation	virulence, detoxification, adaptation	0	2	2	0.0	2546646.0	318	False	False	0	False	NonReactive-Unq
NC_000962.3	2546882	2547752	+	CDS	Rv2275	Rv2275	conserved hypotheticals	conserved hypotheticals	0	4	4	0.0	2547317.0	870	False	False	0	False	NonReactive-Unq
NC_000962.3	2547748	2548939	+	CDS	Rv2276	cyp121	intermediary metabolism and respiration	intermediary metabolism and respiration	0	6	6	0.0	2548343.5	1191	False	False	0	False	NonReactive-Unq
NC_000962.3	2549123	2550029	-	CDS	Rv2277c	Rv2277c	intermediary metabolism and respiration	intermediary metabolism and respiration	0	4	4	0.0	2549576.0	906	False	False	1	True	NonReactive-HHR
NC_000962.3	2553172	2554831	+	CDS	Rv2281	pitB	cell wall and cell processes	cell wall and cell processes	0	8	8	0.0	2554001.5	1659	False	False	0	False	NonReactive-Unq
NC_000962.3	2554937	2555876	-	CDS	Rv2282c	Rv2282c	regulatory proteins	regulatory proteins	0	5	5	0.0	2555406.5	939	False	False	0	False	NonReactive-Unq
NC_000962.3	2555940	2556135	+	CDS	Rv2283	Rv2283	conserved hypotheticals	conserved hypotheticals	0	2	2	0.0	2556037.5	195	False	False	0	False	NonReactive-Unq
NC_000962.3	2556144	2557440	+	CDS	Rv2284	lipM	intermediary metabolism and respiration	intermediary metabolism and respiration	0	6	6	0.0	2556792.0	1296	False	False	0	False	NonReactive-Unq
NC_000962.3	2557472	2558810	+	CDS	Rv2285	Rv2285	lipid metabolism	lipid metabolism	0	7	7	0.0	2558141.0	1338	False	False	0	False	NonReactive-Unq
NC_000962.3	2558876	2559569	-	CDS	Rv2286c	Rv2286c	conserved hypotheticals	conserved hypotheticals	0	3	3	0.0	2559222.5	693	False	False	0	False	NonReactive-Unq
NC_000962.3	2559702	2561331	+	CDS	Rv2287	yjcE	cell wall and cell processes	cell wall and cell processes	0	8	8	0.0	2560516.5	1629	False	False	0	False	NonReactive-Unq
NC_000962.3	2561327	2561705	+	CDS	Rv2288	Rv2288	conserved hypotheticals	conserved hypotheticals	0	2	2	0.0	2561516.0	378	False	False	0	False	NonReactive-Unq
NC_000962.3	2561674	2562457	+	CDS	Rv2289	cdh	lipid metabolism	lipid metabolism	0	4	4	0.0	2562065.5	783	False	False	0	False	NonReactive-Unq
NC_000962.3	2562598	2563114	+	CDS	Rv2290	lppO	cell wall and cell processes	cell wall and cell processes	0	3	3	0.0	2562856.0	516	False	False	0	False	NonReactive-Unq
NC_000962.3	2563173	2564028	+	CDS	Rv2291	sseB	intermediary metabolism and respiration	intermediary metabolism and respiration	0	4	4	0.0	2563600.5	855	False	False	0	False	NonReactive-Unq
NC_000962.3	2564028	2564253	-	CDS	Rv2292c	Rv2292c	unknown	unknown	0	3	3	0.0	2564140.5	225	False	False	0	False	NonReactive-Unq
NC_000962.3	2564291	2565032	-	CDS	Rv2293c	Rv2293c	conserved hypotheticals	conserved hypotheticals	0	1	1	0.0	2564661.5	741	False	False	0	False	NonReactive-Unq
NC_000962.3	2565326	2566550	+	CDS	Rv2294	Rv2294	intermediary metabolism and respiration	intermediary metabolism and respiration	0	6	6	0.0	2565938.0	1224	False	False	0	False	NonReactive-Unq
NC_000962.3	2566771	2567410	+	CDS	Rv2295	Rv2295	conserved hypotheticals	conserved hypotheticals	0	3	3	0.0	2567090.5	639	False	False	0	False	NonReactive-Unq
NC_000962.3	2567503	2568406	+	CDS	Rv2296	Rv2296	intermediary metabolism and respiration	intermediary metabolism and respiration	0	4	4	0.0	2567954.5	903	False	False	0	False	NonReactive-Unq
NC_000962.3	2568437	2568890	+	CDS	Rv2297	Rv2297	conserved hypotheticals	conserved hypotheticals	0	2	2	0.0	2568663.5	453	False	False	0	False	NonReactive-Unq
NC_000962.3	2569081	2570053	+	CDS	Rv2298	Rv2298	conserved hypotheticals	conserved hypotheticals	0	5	5	0.0	2569567.0	972	False	False	0	False	NonReactive-Unq
NC_000962.3	2570058	2572002	-	CDS	Rv2299c	htpG	virulence, detoxification, adaptation	virulence, detoxification, adaptation	0	10	10	0.0	2571030.0	1944	False	False	0	False	NonReactive-Unq
NC_000962.3	2572075	2573008	-	CDS	Rv2300c	Rv2300c	conserved hypotheticals	conserved hypotheticals	0	5	5	0.0	2572541.5	933	False	False	0	False	NonReactive-Unq
NC_000962.3	2573014	2573707	+	CDS	Rv2301	cut2	cell wall and cell processes	cell wall and cell processes	0	3	3	0.0	2573360.5	693	False	False	0	False	NonReactive-Unq
NC_000962.3	2573812	2574055	+	CDS	Rv2302	Rv2302	conserved hypotheticals	conserved hypotheticals	0	2	2	0.0	2573933.5	243	False	False	0	False	NonReactive-Unq
NC_000962.3	2574095	2575019	-	CDS	Rv2303c	Rv2303c	virulence, detoxification, adaptation	virulence, detoxification, adaptation	0	5	5	0.0	2574557.0	924	False	False	0	False	NonReactive-Unq
NC_000962.3	2575015	2575225	-	CDS	Rv2304c	Rv2304c	conserved hypotheticals	conserved hypotheticals	0	2	2	0.0	2575120.0	210	False	False	0	False	NonReactive-Unq
NC_000962.3	2575808	2577098	+	CDS	Rv2305	Rv2305	conserved hypotheticals	conserved hypotheticals	0	6	6	0.0	2576453.0	1290	False	False	0	False	NonReactive-Unq
NC_000962.3	2577850	2578696	-	CDS	Rv2307c	Rv2307c	conserved hypotheticals	conserved hypotheticals	0	3	3	0.0	2578273.0	846	False	False	0	False	NonReactive-Unq
NC_000962.3	2579227	2579419	-	CDS	Rv2307A	Rv2307A	conserved hypotheticals	conserved hypotheticals	0	2	2	0.0	2579323.0	192	False	False	0	False	NonReactive-Unq
NC_000962.3	2579503	2579935	-	CDS	Rv2307B	Rv2307B	conserved hypotheticals	conserved hypotheticals	0	2	2	0.0	2579719.0	432	False	False	0	False	NonReactive-Unq
NC_000962.3	2580027	2580210	-	CDS	Rv2307D	Rv2307D	conserved hypotheticals	conserved hypotheticals	0	2	2	0.0	2580118.5	183	False	False	0	False	NonReactive-Unq
NC_000962.3	2580418	2581135	+	CDS	Rv2308	Rv2308	conserved hypotheticals	conserved hypotheticals	0	4	4	0.0	2580776.5	717	False	False	0	False	NonReactive-Unq
NC_000962.3	2583044	2583332	+	CDS	Rv2309A	Rv2309A	conserved hypotheticals	conserved hypotheticals	0	2	2	0.0	2583188.0	288	False	False	0	False	NonReactive-Unq
NC_000962.3	2583434	2583779	+	CDS	Rv2310	Rv2310	insertion seqs and phages	insertion seqs and phages	0	2	2	0.0	2583606.5	345	False	False	0	False	NonReactive-Unq
NC_000962.3	2583883	2584408	+	CDS	Rv2311	Rv2311	conserved hypotheticals	conserved hypotheticals	0	2	2	0.0	2584145.5	525	False	False	0	False	NonReactive-Unq
NC_000962.3	2584485	2584755	+	CDS	Rv2312	Rv2312	conserved hypotheticals	conserved hypotheticals	0	2	2	0.0	2584620.0	270	False	False	0	False	NonReactive-Unq
NC_000962.3	2585051	2585906	-	CDS	Rv2313c	Rv2313c	conserved hypotheticals	conserved hypotheticals	0	4	4	0.0	2585478.5	855	False	False	0	False	NonReactive-Unq
NC_000962.3	2585916	2587290	-	CDS	Rv2314c	Rv2314c	conserved hypotheticals	conserved hypotheticals	0	7	7	0.0	2586603.0	1374	False	False	0	False	NonReactive-Unq
NC_000962.3	2587286	2588804	-	CDS	Rv2315c	Rv2315c	conserved hypotheticals	conserved hypotheticals	0	8	8	0.0	2588045.0	1518	False	False	0	False	NonReactive-Unq
NC_000962.3	2588837	2589710	+	CDS	Rv2316	uspA	cell wall and cell processes	cell wall and cell processes	0	4	4	0.0	2589273.5	873	False	False	0	False	NonReactive-Unq
NC_000962.3	2589696	2590521	+	CDS	Rv2317	uspB	cell wall and cell processes	cell wall and cell processes	0	4	4	0.0	2590108.5	825	False	False	0	False	NonReactive-Unq
NC_000962.3	2590517	2591840	+	CDS	Rv2318	uspC	cell wall and cell processes	cell wall and cell processes	0	7	7	0.0	2591178.5	1323	False	False	0	False	NonReactive-Unq
NC_000962.3	2591847	2592726	-	CDS	Rv2319c	Rv2319c	virulence, detoxification, adaptation	virulence, detoxification, adaptation	0	4	4	0.0	2592286.5	879	False	False	0	False	NonReactive-Unq
NC_000962.3	2592722	2594153	-	CDS	Rv2320c	rocE	cell wall and cell processes	cell wall and cell processes	0	7	7	0.0	2593437.5	1431	False	False	0	False	NonReactive-Unq
NC_000962.3	2595360	2596269	-	CDS	Rv2323c	Rv2323c	conserved hypotheticals	conserved hypotheticals	0	5	5	0.0	2595814.5	909	False	False	0	False	NonReactive-Unq
NC_000962.3	2596333	2596780	+	CDS	Rv2324	Rv2324	regulatory proteins	regulatory proteins	0	2	2	0.0	2596556.5	447	False	False	0	False	NonReactive-Unq
NC_000962.3	2597008	2597857	-	CDS	Rv2325c	Rv2325c	conserved hypotheticals	conserved hypotheticals	0	4	4	0.0	2597432.5	849	False	False	0	False	NonReactive-Unq
NC_000962.3	2597853	2599947	-	CDS	Rv2326c	Rv2326c	cell wall and cell processes	cell wall and cell processes	0	10	10	0.0	2598900.0	2094	False	False	0	False	NonReactive-Unq
NC_000962.3	2599987	2600479	+	CDS	Rv2327	Rv2327	conserved hypotheticals	conserved hypotheticals	0	1	1	0.0	2600233.0	492	False	False	0	False	NonReactive-Unq
NC_000962.3	2600730	2601879	+	CDS	Rv2328	PE23	PE/PPE	PE/PPE	0	6	6	0.0	2601304.5	1149	False	False	0	False	NonReactive-Unq
NC_000962.3	2601913	2603461	-	CDS	Rv2329c	narK1	cell wall and cell processes	cell wall and cell processes	0	8	8	0.0	2602687.0	1548	False	False	0	False	NonReactive-Unq
NC_000962.3	2603694	2604222	-	CDS	Rv2330c	lppP	cell wall and cell processes	cell wall and cell processes	0	3	3	0.0	2603958.0	528	False	False	0	False	NonReactive-Unq
NC_000962.3	2604296	2604683	+	CDS	Rv2331	Rv2331	conserved hypotheticals	conserved hypotheticals	0	1	1	0.0	2604489.5	387	False	False	0	False	NonReactive-Unq
NC_000962.3	2604739	2605078	+	CDS	Rv2331A	Rv2331A	conserved hypotheticals	conserved hypotheticals	0	2	2	0.0	2604908.5	339	False	False	0	False	NonReactive-Unq
NC_000962.3	2605107	2606754	+	CDS	Rv2332	mez	intermediary metabolism and respiration	intermediary metabolism and respiration	0	8	8	0.0	2605930.5	1647	False	False	0	False	NonReactive-Unq
NC_000962.3	2606707	2608321	-	CDS	Rv2333c	stp	cell wall and cell processes	cell wall and cell processes	0	8	8	0.0	2607514.0	1614	False	False	0	False	NonReactive-Unq
NC_000962.3	2608795	2609728	+	CDS	Rv2334	cysK1	intermediary metabolism and respiration	intermediary metabolism and respiration	0	5	5	0.0	2609261.5	933	False	False	0	False	NonReactive-Unq
NC_000962.3	2609731	2610421	+	CDS	Rv2335	cysE	intermediary metabolism and respiration	intermediary metabolism and respiration	0	2	2	0.0	2610076.0	690	False	False	0	False	NonReactive-Unq
NC_000962.3	2610836	2611805	+	CDS	Rv2336	Rv2336	conserved hypotheticals	conserved hypotheticals	0	5	5	0.0	2611320.5	969	False	False	0	False	NonReactive-Unq
NC_000962.3	2611868	2612987	-	CDS	Rv2337c	Rv2337c	conserved hypotheticals	conserved hypotheticals	0	6	6	0.0	2612427.5	1119	False	False	0	False	NonReactive-Unq
NC_000962.3	2613106	2614063	-	CDS	Rv2338c	moeW	intermediary metabolism and respiration	intermediary metabolism and respiration	1	4	5	0.2	2613584.5	957	True	False	0	False	NonReactive-Unq
NC_000962.3	2614692	2617581	+	CDS	Rv2339	mmpL9	cell wall and cell processes	cell wall and cell processes	0	11	11	0.0	2616136.5	2889	False	False	0	False	NonReactive-Unq
NC_000962.3	2617666	2618908	-	CDS	Rv2340c	PE_PGRS39	PE/PPE	PE/PPE	0	5	5	0.0	2618287.0	1242	False	False	0	False	NonReactive-Unq
NC_000962.3	2619596	2620016	+	CDS	Rv2341	lppQ	cell wall and cell processes	cell wall and cell processes	0	3	3	0.0	2619806.0	420	False	False	0	False	NonReactive-Unq
NC_000962.3	2620271	2620529	+	CDS	Rv2342	Rv2342	conserved hypotheticals	conserved hypotheticals	0	2	2	0.0	2620400.0	258	False	False	0	False	NonReactive-Unq
NC_000962.3	2620532	2622452	-	CDS	Rv2343c	dnaG	information pathways	information pathways	0	10	10	0.0	2621492.0	1920	False	False	0	False	NonReactive-Unq
NC_000962.3	2622456	2623752	-	CDS	Rv2344c	dgt	intermediary metabolism and respiration	intermediary metabolism and respiration	0	6	6	0.0	2623104.0	1296	False	False	0	False	NonReactive-Unq
NC_000962.3	2623820	2625803	+	CDS	Rv2345	Rv2345	cell wall and cell processes	cell wall and cell processes	0	11	11	0.0	2624811.5	1983	False	False	0	False	NonReactive-Unq
NC_000962.3	2625887	2626172	-	CDS	Rv2346c	esxO	cell wall and cell processes	esx	9	1	10	0.9	2626029.5	285	True	True	1	True	Antigen-HHR
NC_000962.3	2626222	2626519	-	CDS	Rv2347c	esxP	cell wall and cell processes	esx	10	6	16	0.625	2626370.5	297	True	True	1	True	Antigen-HHR
NC_000962.3	2626653	2626980	-	CDS	Rv2348c	Rv2348c	unknown	unknown	0	2	2	0.0	2626816.5	327	False	False	1	True	NonReactive-HHR
NC_000962.3	2627171	2628698	-	CDS	Rv2349c	plcC	intermediary metabolism and respiration	intermediary metabolism and respiration	0	8	8	0.0	2627934.5	1527	False	False	0	False	NonReactive-Unq
NC_000962.3	2628780	2630319	-	CDS	Rv2350c	plcB	intermediary metabolism and respiration	intermediary metabolism and respiration	0	7	7	0.0	2629549.5	1539	False	False	0	False	NonReactive-Unq
NC_000962.3	2630536	2632075	-	CDS	Rv2351c	plcA	intermediary metabolism and respiration	intermediary metabolism and respiration	0	10	10	0.0	2631305.5	1539	False	False	0	False	NonReactive-Unq
NC_000962.3	2632922	2634098	-	CDS	Rv2352c	PPE38	PE/PPE	PE/PPE	0	7	7	0.0	2633510.0	1176	False	False	0	False	NonReactive-Unq
NC_000962.3	2634527	2635592	-	CDS	Rv2353c	PPE39	PE/PPE	PE/PPE	0	5	5	0.0	2635059.5	1065	False	False	1	True	NonReactive-HHR
NC_000962.3	2639672	2641064	-	CDS	Rv2357c	glyS	information pathways	information pathways	0	7	7	0.0	2640368.0	1392	False	False	0	False	NonReactive-Unq
NC_000962.3	2641245	2641653	+	CDS	Rv2358	smtB	regulatory proteins	regulatory proteins	0	2	2	0.0	2641449.0	408	False	False	0	False	NonReactive-Unq
NC_000962.3	2641649	2642042	+	CDS	Rv2359	zur	regulatory proteins	regulatory proteins	0	2	2	0.0	2641845.5	393	False	False	0	False	NonReactive-Unq
NC_000962.3	2642149	2642578	-	CDS	Rv2360c	Rv2360c	conserved hypotheticals	conserved hypotheticals	0	2	2	0.0	2642363.5	429	False	False	0	False	NonReactive-Unq
NC_000962.3	2642577	2643468	-	CDS	Rv2361c	Rv2361c	cell wall and cell processes	cell wall and cell processes	0	4	4	0.0	2643022.5	891	False	False	0	False	NonReactive-Unq
NC_000962.3	2643460	2644258	-	CDS	Rv2362c	recO	information pathways	information pathways	0	4	4	0.0	2643859.0	798	False	False	0	False	NonReactive-Unq
NC_000962.3	2644319	2645774	+	CDS	Rv2363	amiA2	intermediary metabolism and respiration	intermediary metabolism and respiration	0	7	7	0.0	2645046.5	1455	False	False	0	False	NonReactive-Unq
NC_000962.3	2645770	2646673	-	CDS	Rv2364c	era	intermediary metabolism and respiration	intermediary metabolism and respiration	0	4	4	0.0	2646221.5	903	False	False	0	False	NonReactive-Unq
NC_000962.3	2646746	2647088	-	CDS	Rv2365c	Rv2365c	conserved hypotheticals	conserved hypotheticals	0	2	2	0.0	2646917.0	342	False	False	0	False	NonReactive-Unq
NC_000962.3	2647059	2648367	-	CDS	Rv2366c	Rv2366c	cell wall and cell processes	cell wall and cell processes	0	6	6	0.0	2647713.0	1308	False	False	0	False	NonReactive-Unq
NC_000962.3	2648363	2648912	-	CDS	Rv2367c	Rv2367c	conserved hypotheticals	conserved hypotheticals	0	3	3	0.0	2648637.5	549	False	False	0	False	NonReactive-Unq
NC_000962.3	2648915	2649974	-	CDS	Rv2368c	phoH1	intermediary metabolism and respiration	intermediary metabolism and respiration	0	5	5	0.0	2649444.5	1059	False	False	0	False	NonReactive-Unq
NC_000962.3	2649945	2650248	-	CDS	Rv2369c	Rv2369c	conserved hypotheticals	conserved hypotheticals	0	2	2	0.0	2650096.5	303	False	False	0	False	NonReactive-Unq
NC_000962.3	2650244	2651558	-	CDS	Rv2370c	Rv2370c	conserved hypotheticals	conserved hypotheticals	0	7	7	0.0	2650901.0	1314	False	False	1	True	NonReactive-HHR
NC_000962.3	2652036	2652825	-	CDS	Rv2372c	Rv2372c	conserved hypotheticals	conserved hypotheticals	0	4	4	0.0	2652430.5	789	False	False	0	False	NonReactive-Unq
NC_000962.3	2652838	2653987	-	CDS	Rv2373c	dnaJ2	virulence, detoxification, adaptation	virulence, detoxification, adaptation	0	6	6	0.0	2653412.5	1149	False	False	0	False	NonReactive-Unq
NC_000962.3	2654061	2655093	-	CDS	Rv2374c	hrcA	virulence, detoxification, adaptation	virulence, detoxification, adaptation	0	5	5	0.0	2654577.0	1032	False	False	0	False	NonReactive-Unq
NC_000962.3	2655264	2655582	+	CDS	Rv2375	Rv2375	conserved hypotheticals	conserved hypotheticals	0	2	2	0.0	2655423.0	318	False	False	0	False	NonReactive-Unq
NC_000962.3	2655608	2656115	-	CDS	Rv2376c	cfp2	cell wall and cell processes	cell wall and cell processes	0	4	4	0.0	2655861.5	507	False	False	0	False	NonReactive-Unq
NC_000962.3	2656214	2656430	-	CDS	Rv2377c	mbtH	lipid metabolism	lipid metabolism	0	2	2	0.0	2656322.0	216	False	False	0	False	NonReactive-Unq
NC_000962.3	2656407	2657703	-	CDS	Rv2378c	mbtG	lipid metabolism	lipid metabolism	0	6	6	0.0	2657055.0	1296	False	False	0	False	NonReactive-Unq
NC_000962.3	2657699	2662085	-	CDS	Rv2379c	mbtF	lipid metabolism	lipid metabolism	0	10	10	0.0	2659892.0	4386	False	False	0	False	NonReactive-Unq
NC_000962.3	2662066	2667115	-	CDS	Rv2380c	mbtE	lipid metabolism	lipid metabolism	0	6	6	0.0	2664590.5	5049	False	False	0	False	NonReactive-Unq
NC_000962.3	2667254	2670269	-	CDS	Rv2381c	mbtD	lipid metabolism	lipid metabolism	0	10	10	0.0	2668761.5	3015	False	False	0	False	NonReactive-Unq
NC_000962.3	2670268	2671603	-	CDS	Rv2382c	mbtC	lipid metabolism	lipid metabolism	0	7	7	0.0	2670935.5	1335	False	False	0	False	NonReactive-Unq
NC_000962.3	2671592	2675837	-	CDS	Rv2383c	mbtB	lipid metabolism	lipid metabolism	0	10	10	0.0	2673714.5	4245	False	False	0	False	NonReactive-Unq
NC_000962.3	2675935	2677633	+	CDS	Rv2384	mbtA	lipid metabolism	lipid metabolism	0	8	8	0.0	2676784.0	1698	False	False	0	False	NonReactive-Unq
NC_000962.3	2677728	2678649	+	CDS	Rv2385	mbtJ	lipid metabolism	lipid metabolism	0	5	5	0.0	2678188.5	921	False	False	0	False	NonReactive-Unq
NC_000962.3	2678652	2680005	-	CDS	Rv2386c	mbtI	lipid metabolism	lipid metabolism	0	7	7	0.0	2679328.5	1353	False	False	0	False	NonReactive-Unq
NC_000962.3	2680764	2682018	+	CDS	Rv2387	Rv2387	conserved hypotheticals	conserved hypotheticals	0	6	6	0.0	2681391.0	1254	False	False	0	False	NonReactive-Unq
NC_000962.3	2682014	2683142	-	CDS	Rv2388c	hemN	intermediary metabolism and respiration	intermediary metabolism and respiration	0	6	6	0.0	2682578.0	1128	False	False	0	False	NonReactive-Unq
NC_000962.3	2683247	2683712	-	CDS	Rv2389c	rpfD	cell wall and cell processes	cell wall and cell processes	0	2	2	0.0	2683479.5	465	False	False	0	False	NonReactive-Unq
NC_000962.3	2683708	2684266	-	CDS	Rv2390c	Rv2390c	conserved hypotheticals	conserved hypotheticals	0	3	3	0.0	2683987.0	558	False	False	0	False	NonReactive-Unq
NC_000962.3	2684678	2686370	+	CDS	Rv2391	sirA	intermediary metabolism and respiration	intermediary metabolism and respiration	0	8	8	0.0	2685524.0	1692	False	False	0	False	NonReactive-Unq
NC_000962.3	2686366	2687131	+	CDS	Rv2392	cysH	intermediary metabolism and respiration	intermediary metabolism and respiration	0	4	4	0.0	2686748.5	765	False	False	0	False	NonReactive-Unq
NC_000962.3	2687127	2687973	+	CDS	Rv2393	che1	intermediary metabolism and respiration	intermediary metabolism and respiration	0	4	4	0.0	2687550.0	846	False	False	1	True	NonReactive-HHR
NC_000962.3	2688009	2689941	+	CDS	Rv2394	ggtB	intermediary metabolism and respiration	intermediary metabolism and respiration	0	10	10	0.0	2688975.0	1932	False	False	0	False	NonReactive-Unq
NC_000962.3	2690071	2692075	+	CDS	Rv2395	Rv2395	cell wall and cell processes	cell wall and cell processes	0	10	10	0.0	2691073.0	2004	False	False	0	False	NonReactive-Unq
NC_000962.3	2692798	2693884	+	CDS	Rv2396	PE_PGRS41	PE/PPE	PE/PPE	0	5	5	0.0	2693341.0	1086	False	False	0	False	NonReactive-Unq
NC_000962.3	2693908	2694964	-	CDS	Rv2397c	cysA1	cell wall and cell processes	cell wall and cell processes	0	4	4	0.0	2694436.0	1056	False	False	0	False	NonReactive-Unq
NC_000962.3	2694980	2695799	-	CDS	Rv2398c	cysW	cell wall and cell processes	cell wall and cell processes	0	4	4	0.0	2695389.5	819	False	False	0	False	NonReactive-Unq
NC_000962.3	2695795	2696647	-	CDS	Rv2399c	cysT	cell wall and cell processes	cell wall and cell processes	0	4	4	0.0	2696221.0	852	False	False	0	False	NonReactive-Unq
NC_000962.3	2696643	2697714	-	CDS	Rv2400c	subI	cell wall and cell processes	cell wall and cell processes	0	5	5	0.0	2697178.5	1071	False	False	0	False	NonReactive-Unq
NC_000962.3	2697727	2698057	+	CDS	Rv2401	Rv2401	conserved hypotheticals	conserved hypotheticals	0	2	2	0.0	2697892.0	330	False	False	0	False	NonReactive-Unq
NC_000962.3	2698041	2698245	-	CDS	Rv2401A	Rv2401A	cell wall and cell processes	cell wall and cell processes	0	2	2	0.0	2698143.0	204	False	False	0	False	NonReactive-Unq
NC_000962.3	2698528	2700457	+	CDS	Rv2402	Rv2402	conserved hypotheticals	conserved hypotheticals	0	10	10	0.0	2699492.5	1929	False	False	0	False	NonReactive-Unq
NC_000962.3	2700534	2701290	-	CDS	Rv2403c	lppR	cell wall and cell processes	cell wall and cell processes	0	4	4	0.0	2700912.0	756	False	False	0	False	NonReactive-Unq
NC_000962.3	2701286	2703248	-	CDS	Rv2404c	lepA	intermediary metabolism and respiration	intermediary metabolism and respiration	0	10	10	0.0	2702267.0	1962	False	False	0	False	NonReactive-Unq
NC_000962.3	2703268	2703838	+	CDS	Rv2405	Rv2405	conserved hypotheticals	conserved hypotheticals	0	3	3	0.0	2703553.0	570	False	False	0	False	NonReactive-Unq
NC_000962.3	2704008	2704437	-	CDS	Rv2406c	Rv2406c	conserved hypotheticals	conserved hypotheticals	0	1	1	0.0	2704222.5	429	False	False	0	False	NonReactive-Unq
NC_000962.3	2704696	2705518	+	CDS	Rv2407	Rv2407	conserved hypotheticals	conserved hypotheticals	0	3	3	0.0	2705107.0	822	False	False	0	False	NonReactive-Unq
NC_000962.3	2706016	2706736	+	CDS	Rv2408	PE24	PE/PPE	PE/PPE	0	3	3	0.0	2706376.0	720	False	False	0	False	NonReactive-Unq
NC_000962.3	2706493	2707333	-	CDS	Rv2409c	Rv2409c	conserved hypotheticals	conserved hypotheticals	0	4	4	0.0	2706913.0	840	False	False	0	False	NonReactive-Unq
NC_000962.3	2707332	2708310	-	CDS	Rv2410c	Rv2410c	conserved hypotheticals	conserved hypotheticals	0	5	5	0.0	2707821.0	978	False	False	0	False	NonReactive-Unq
NC_000962.3	2708309	2709965	-	CDS	Rv2411c	Rv2411c	conserved hypotheticals	conserved hypotheticals	0	8	8	0.0	2709137.0	1656	False	False	0	False	NonReactive-Unq
NC_000962.3	2710074	2710335	+	CDS	Rv2412	rpsT	information pathways	information pathways	0	2	2	0.0	2710204.5	261	False	False	0	False	NonReactive-Unq
NC_000962.3	2710350	2711301	-	CDS	Rv2413c	Rv2413c	conserved hypotheticals	conserved hypotheticals	0	5	5	0.0	2710825.5	951	False	False	0	False	NonReactive-Unq
NC_000962.3	2711331	2712876	-	CDS	Rv2414c	Rv2414c	conserved hypotheticals	conserved hypotheticals	0	8	8	0.0	2712103.5	1545	False	False	0	False	NonReactive-Unq
NC_000962.3	2712890	2713784	-	CDS	Rv2415c	Rv2415c	conserved hypotheticals	conserved hypotheticals	0	4	4	0.0	2713337.0	894	False	False	0	False	NonReactive-Unq
NC_000962.3	2714123	2715332	-	CDS	Rv2416c	eis	virulence, detoxification, adaptation	virulence, detoxification, adaptation	0	6	6	0.0	2714727.5	1209	False	False	0	False	NonReactive-Unq
NC_000962.3	2715471	2716314	-	CDS	Rv2417c	Rv2417c	conserved hypotheticals	conserved hypotheticals	0	4	4	0.0	2715892.5	843	False	False	0	False	NonReactive-Unq
NC_000962.3	2716394	2717138	-	CDS	Rv2418c	octT	conserved hypotheticals	conserved hypotheticals	0	4	4	0.0	2716766.0	744	False	False	0	False	NonReactive-Unq
NC_000962.3	2717127	2717799	-	CDS	Rv2419c	gpgP	intermediary metabolism and respiration	intermediary metabolism and respiration	0	3	3	0.0	2717463.0	672	False	False	0	False	NonReactive-Unq
NC_000962.3	2717795	2718176	-	CDS	Rv2420c	Rv2420c	conserved hypotheticals	conserved hypotheticals	0	2	2	0.0	2717985.5	381	False	False	0	False	NonReactive-Unq
NC_000962.3	2718172	2718808	-	CDS	Rv2421c	nadD	intermediary metabolism and respiration	intermediary metabolism and respiration	0	3	3	0.0	2718490.0	636	False	False	0	False	NonReactive-Unq
NC_000962.3	2719082	2719355	+	CDS	Rv2422	Rv2422	conserved hypotheticals	conserved hypotheticals	0	2	2	0.0	2719218.5	273	False	False	0	False	NonReactive-Unq
NC_000962.3	2719596	2720643	+	CDS	Rv2423	Rv2423	conserved hypotheticals	conserved hypotheticals	0	5	5	0.0	2720119.5	1047	False	False	1	True	NonReactive-HHR
NC_000962.3	2720775	2721777	-	CDS	Rv2424c	Rv2424c	insertion seqs and phages	insertion seqs and phages	0	4	4	0.0	2721276.0	1002	False	False	1	True	NonReactive-HHR
NC_000962.3	2721865	2723308	-	CDS	Rv2425c	Rv2425c	conserved hypotheticals	conserved hypotheticals	0	7	7	0.0	2722586.5	1443	False	False	0	False	NonReactive-Unq
NC_000962.3	2723307	2724183	-	CDS	Rv2426c	Rv2426c	conserved hypotheticals	conserved hypotheticals	0	4	4	0.0	2723745.0	876	False	False	0	False	NonReactive-Unq
NC_000962.3	2724229	2725477	-	CDS	Rv2427c	proA	intermediary metabolism and respiration	intermediary metabolism and respiration	0	6	6	0.0	2724853.0	1248	False	False	0	False	NonReactive-Unq
NC_000962.3	2726192	2726780	+	CDS	Rv2428	ahpC	virulence, detoxification, adaptation	virulence, detoxification, adaptation	0	3	3	0.0	2726486.0	588	False	False	0	False	NonReactive-Unq
NC_000962.3	2726805	2727339	+	CDS	Rv2429	ahpD	virulence, detoxification, adaptation	virulence, detoxification, adaptation	0	3	3	0.0	2727072.0	534	False	False	0	False	NonReactive-Unq
NC_000962.3	2727335	2727920	-	CDS	Rv2430c	PPE41	PE/PPE	PE/PPE	0	3	3	0.0	2727627.5	585	False	False	0	False	NonReactive-Unq
NC_000962.3	2727966	2728266	-	CDS	Rv2431c	PE25	PE/PPE	PE/PPE	0	2	2	0.0	2728116.0	300	False	False	0	False	NonReactive-Unq
NC_000962.3	2728436	2728847	-	CDS	Rv2432c	Rv2432c	conserved hypotheticals	conserved hypotheticals	0	2	2	0.0	2728641.5	411	False	False	0	False	NonReactive-Unq
NC_000962.3	2728843	2729134	-	CDS	Rv2433c	Rv2433c	conserved hypotheticals	conserved hypotheticals	0	2	2	0.0	2728988.5	291	False	False	0	False	NonReactive-Unq
NC_000962.3	2729114	2730560	-	CDS	Rv2434c	Rv2434c	cell wall and cell processes	cell wall and cell processes	0	6	6	0.0	2729837.0	1446	False	False	0	False	NonReactive-Unq
NC_000962.3	2730556	2732749	-	CDS	Rv2435c	Rv2435c	intermediary metabolism and respiration	intermediary metabolism and respiration	0	10	10	0.0	2731652.5	2193	False	False	0	False	NonReactive-Unq
NC_000962.3	2733229	2734144	+	CDS	Rv2436	rbsK	intermediary metabolism and respiration	intermediary metabolism and respiration	0	5	5	0.0	2733686.5	915	False	False	0	False	NonReactive-Unq
NC_000962.3	2734375	2734795	+	CDS	Rv2437	Rv2437	cell wall and cell processes	cell wall and cell processes	0	2	2	0.0	2734585.0	420	False	False	0	False	NonReactive-Unq
NC_000962.3	2734791	2736831	-	CDS	Rv2438c	nadE	intermediary metabolism and respiration	intermediary metabolism and respiration	0	10	10	0.0	2735811.0	2040	False	False	0	False	NonReactive-Unq
NC_000962.3	2736708	2736987	+	CDS	Rv2438A	Rv2438A	conserved hypotheticals	conserved hypotheticals	0	2	2	0.0	2736847.5	279	False	False	0	False	NonReactive-Unq
NC_000962.3	2737116	2738247	-	CDS	Rv2439c	proB	intermediary metabolism and respiration	intermediary metabolism and respiration	0	6	6	0.0	2737681.5	1131	False	False	0	False	NonReactive-Unq
NC_000962.3	2738246	2739686	-	CDS	Rv2440c	obg	intermediary metabolism and respiration	intermediary metabolism and respiration	0	6	6	0.0	2738966.0	1440	False	False	0	False	NonReactive-Unq
NC_000962.3	2739771	2740032	-	CDS	Rv2441c	rpmA	information pathways	information pathways	0	2	2	0.0	2739901.5	261	False	False	0	False	NonReactive-Unq
NC_000962.3	2740046	2740361	-	CDS	Rv2442c	rplU	information pathways	information pathways	0	2	2	0.0	2740203.5	315	False	False	0	False	NonReactive-Unq
NC_000962.3	2740708	2742184	+	CDS	Rv2443	dctA	cell wall and cell processes	cell wall and cell processes	0	7	7	0.0	2741446.0	1476	False	False	0	False	NonReactive-Unq
NC_000962.3	2742122	2744984	-	CDS	Rv2444c	rne	information pathways	information pathways	0	10	10	0.0	2743553.0	2862	False	False	0	False	NonReactive-Unq
NC_000962.3	2745313	2745724	-	CDS	Rv2445c	ndkA	intermediary metabolism and respiration	intermediary metabolism and respiration	0	2	2	0.0	2745518.5	411	False	False	0	False	NonReactive-Unq
NC_000962.3	2745766	2746138	-	CDS	Rv2446c	Rv2446c	cell wall and cell processes	cell wall and cell processes	0	2	2	0.0	2745952.0	372	False	False	0	False	NonReactive-Unq
NC_000962.3	2746134	2747598	-	CDS	Rv2447c	folC	intermediary metabolism and respiration	intermediary metabolism and respiration	0	7	7	0.0	2746866.0	1464	False	False	0	False	NonReactive-Unq
NC_000962.3	2747594	2750225	-	CDS	Rv2448c	valS	information pathways	information pathways	0	10	10	0.0	2748909.5	2631	False	False	0	False	NonReactive-Unq
NC_000962.3	2750312	2751572	-	CDS	Rv2449c	Rv2449c	conserved hypotheticals	conserved hypotheticals	0	6	6	0.0	2750942.0	1260	False	False	0	False	NonReactive-Unq
NC_000962.3	2751661	2752180	-	CDS	Rv2450c	rpfE	cell wall and cell processes	cell wall and cell processes	0	3	3	0.0	2751920.5	519	False	False	0	False	NonReactive-Unq
NC_000962.3	2752261	2752660	+	CDS	Rv2451	Rv2451	conserved hypotheticals	conserved hypotheticals	0	2	2	0.0	2752460.5	399	False	False	0	False	NonReactive-Unq
NC_000962.3	2752847	2752994	-	CDS	Rv2452c	Rv2452c	conserved hypotheticals	conserved hypotheticals	0	3	3	0.0	2752920.5	147	False	False	0	False	NonReactive-Unq
NC_000962.3	2753017	2753623	-	CDS	Rv2453c	mobA	intermediary metabolism and respiration	intermediary metabolism and respiration	0	3	3	0.0	2753320.0	606	False	False	0	False	NonReactive-Unq
NC_000962.3	2753624	2754746	-	CDS	Rv2454c	Rv2454c	intermediary metabolism and respiration	intermediary metabolism and respiration	0	6	6	0.0	2754185.0	1122	False	False	0	False	NonReactive-Unq
NC_000962.3	2754742	2756704	-	CDS	Rv2455c	Rv2455c	intermediary metabolism and respiration	intermediary metabolism and respiration	0	10	10	0.0	2755723.0	1962	False	False	0	False	NonReactive-Unq
NC_000962.3	2756935	2758192	-	CDS	Rv2456c	Rv2456c	cell wall and cell processes	cell wall and cell processes	0	6	6	0.0	2757563.5	1257	False	False	0	False	NonReactive-Unq
NC_000962.3	2758207	2759488	-	CDS	Rv2457c	clpX	intermediary metabolism and respiration	intermediary metabolism and respiration	0	6	6	0.0	2758847.5	1281	False	False	0	False	NonReactive-Unq
NC_000962.3	2759778	2760687	+	CDS	Rv2458	mmuM	intermediary metabolism and respiration	intermediary metabolism and respiration	0	5	5	0.0	2760232.5	909	False	False	0	False	NonReactive-Unq
NC_000962.3	2760853	2762380	+	CDS	Rv2459	Rv2459	cell wall and cell processes	cell wall and cell processes	0	8	8	0.0	2761616.5	1527	False	False	0	False	NonReactive-Unq
NC_000962.3	2762530	2763175	-	CDS	Rv2460c	clpP2	intermediary metabolism and respiration	intermediary metabolism and respiration	0	3	3	0.0	2762852.5	645	False	False	0	False	NonReactive-Unq
NC_000962.3	2763171	2763774	-	CDS	Rv2461c	clpP1	intermediary metabolism and respiration	intermediary metabolism and respiration	0	3	3	0.0	2763472.5	603	False	False	0	False	NonReactive-Unq
NC_000962.3	2763890	2765291	-	CDS	Rv2462c	tig	cell wall and cell processes	cell wall and cell processes	0	7	7	0.0	2764590.5	1401	False	False	0	False	NonReactive-Unq
NC_000962.3	2765654	2766839	+	CDS	Rv2463	lipP	intermediary metabolism and respiration	intermediary metabolism and respiration	0	6	6	0.0	2766246.5	1185	False	False	0	False	NonReactive-Unq
NC_000962.3	2766858	2767665	-	CDS	Rv2464c	Rv2464c	information pathways	information pathways	0	4	4	0.0	2767261.5	807	False	False	0	False	NonReactive-Unq
NC_000962.3	2767670	2768159	-	CDS	Rv2465c	rpiB	intermediary metabolism and respiration	intermediary metabolism and respiration	0	2	2	0.0	2767914.5	489	False	False	0	False	NonReactive-Unq
NC_000962.3	2768260	2768884	-	CDS	Rv2466c	Rv2466c	conserved hypotheticals	conserved hypotheticals	0	3	3	0.0	2768572.0	624	False	False	0	False	NonReactive-Unq
NC_000962.3	2768985	2771571	+	CDS	Rv2467	pepN	intermediary metabolism and respiration	intermediary metabolism and respiration	0	10	10	0.0	2770278.0	2586	False	False	0	False	NonReactive-Unq
NC_000962.3	2771643	2772147	-	CDS	Rv2468c	Rv2468c	conserved hypotheticals	conserved hypotheticals	0	2	2	0.0	2771895.0	504	False	False	0	False	NonReactive-Unq
NC_000962.3	2772366	2773035	-	CDS	Rv2469c	Rv2469c	conserved hypotheticals	conserved hypotheticals	0	3	3	0.0	2772700.5	669	False	False	0	False	NonReactive-Unq
NC_000962.3	2773177	2773564	+	CDS	Rv2470	glbO	intermediary metabolism and respiration	intermediary metabolism and respiration	0	2	2	0.0	2773370.5	387	False	False	0	False	NonReactive-Unq
NC_000962.3	2773563	2775204	+	CDS	Rv2471	aglA	intermediary metabolism and respiration	intermediary metabolism and respiration	0	7	7	0.0	2774383.5	1641	False	False	0	False	NonReactive-Unq
NC_000962.3	2775271	2775565	+	CDS	Rv2472	Rv2472	conserved hypotheticals	conserved hypotheticals	0	2	2	0.0	2775418.0	294	False	False	0	False	NonReactive-Unq
NC_000962.3	2775567	2776284	+	CDS	Rv2473	Rv2473	cell wall and cell processes	cell wall and cell processes	0	4	4	0.0	2775925.5	717	False	False	0	False	NonReactive-Unq
NC_000962.3	2776315	2776969	-	CDS	Rv2474c	Rv2474c	conserved hypotheticals	conserved hypotheticals	0	3	3	0.0	2776642.0	654	False	False	0	False	NonReactive-Unq
NC_000962.3	2776974	2777391	-	CDS	Rv2475c	Rv2475c	conserved hypotheticals	conserved hypotheticals	0	2	2	0.0	2777182.5	417	False	False	0	False	NonReactive-Unq
NC_000962.3	2777387	2782262	-	CDS	Rv2476c	gdh	intermediary metabolism and respiration	intermediary metabolism and respiration	0	10	10	0.0	2779824.5	4875	False	False	0	False	NonReactive-Unq
NC_000962.3	2782365	2784042	-	CDS	Rv2477c	Rv2477c	cell wall and cell processes	cell wall and cell processes	0	8	8	0.0	2783203.5	1677	False	False	0	False	NonReactive-Unq
NC_000962.3	2784122	2784608	-	CDS	Rv2478c	Rv2478c	conserved hypotheticals	conserved hypotheticals	0	2	2	0.0	2784365.0	486	False	False	1	True	NonReactive-HHR
NC_000962.3	2786574	2786898	-	CDS	Rv2481c	Rv2481c	conserved hypotheticals	conserved hypotheticals	0	2	2	0.0	2786736.0	324	False	False	0	False	NonReactive-Unq
NC_000962.3	2786913	2789283	-	CDS	Rv2482c	plsB2	lipid metabolism	lipid metabolism	0	10	10	0.0	2788098.0	2370	False	False	0	False	NonReactive-Unq
NC_000962.3	2789279	2791022	-	CDS	Rv2483c	plsC	lipid metabolism	lipid metabolism	0	9	9	0.0	2790150.5	1743	False	False	0	False	NonReactive-Unq
NC_000962.3	2791018	2792494	-	CDS	Rv2484c	Rv2484c	lipid metabolism	lipid metabolism	0	7	7	0.0	2791756.0	1476	False	False	0	False	NonReactive-Unq
NC_000962.3	2792722	2793988	-	CDS	Rv2485c	lipQ	intermediary metabolism and respiration	intermediary metabolism and respiration	0	2	2	0.0	2793355.0	1266	False	False	0	False	NonReactive-Unq
NC_000962.3	2794349	2795120	+	CDS	Rv2486	echA14	lipid metabolism	lipid metabolism	0	4	4	0.0	2794734.5	771	False	False	0	False	NonReactive-Unq
NC_000962.3	2795300	2797385	-	CDS	Rv2487c	PE_PGRS42	PE/PPE	PE/PPE	0	10	10	0.0	2796342.5	2085	False	False	1	True	NonReactive-HHR
NC_000962.3	2797466	2800880	-	CDS	Rv2488c	Rv2488c	regulatory proteins	regulatory proteins	0	10	10	0.0	2799173.0	3414	False	False	1	True	NonReactive-HHR
NC_000962.3	2801253	2806236	-	CDS	Rv2490c	PE_PGRS43	PE/PPE	PE/PPE	0	9	9	0.0	2803744.5	4983	False	False	1	True	NonReactive-HHR
NC_000962.3	2806664	2807288	+	CDS	Rv2491	Rv2491	conserved hypotheticals	conserved hypotheticals	0	3	3	0.0	2806976.0	624	False	False	0	False	NonReactive-Unq
NC_000962.3	2807277	2808030	+	CDS	Rv2492	Rv2492	conserved hypotheticals	conserved hypotheticals	0	4	4	0.0	2807653.5	753	False	False	0	False	NonReactive-Unq
NC_000962.3	2808082	2808304	+	CDS	Rv2493	vapB38	virulence, detoxification, adaptation	virulence, detoxification, adaptation	0	2	2	0.0	2808193.0	222	False	False	0	False	NonReactive-Unq
NC_000962.3	2808309	2808735	+	CDS	Rv2494	vapC38	virulence, detoxification, adaptation	virulence, detoxification, adaptation	0	2	2	0.0	2808522.0	426	False	False	0	False	NonReactive-Unq
NC_000962.3	2808757	2809939	-	CDS	Rv2495c	bkdC	intermediary metabolism and respiration	intermediary metabolism and respiration	0	6	6	0.0	2809348.0	1182	False	False	0	False	NonReactive-Unq
NC_000962.3	2809935	2810982	-	CDS	Rv2496c	bkdB	intermediary metabolism and respiration	intermediary metabolism and respiration	0	5	5	0.0	2810458.5	1047	False	False	0	False	NonReactive-Unq
NC_000962.3	2810992	2812096	-	CDS	Rv2497c	bkdA	intermediary metabolism and respiration	intermediary metabolism and respiration	0	5	5	0.0	2811544.0	1104	False	False	0	False	NonReactive-Unq
NC_000962.3	2812354	2813176	-	CDS	Rv2498c	citE	intermediary metabolism and respiration	intermediary metabolism and respiration	0	4	4	0.0	2812765.0	822	False	False	0	False	NonReactive-Unq
NC_000962.3	2813172	2813730	-	CDS	Rv2499c	Rv2499c	intermediary metabolism and respiration	intermediary metabolism and respiration	0	3	3	0.0	2813451.0	558	False	False	0	False	NonReactive-Unq
NC_000962.3	2813726	2814911	-	CDS	Rv2500c	fadE19	lipid metabolism	lipid metabolism	0	6	6	0.0	2814318.5	1185	False	False	0	False	NonReactive-Unq
NC_000962.3	2814915	2816880	-	CDS	Rv2501c	accA1	lipid metabolism	lipid metabolism	0	11	11	0.0	2815897.5	1965	False	False	0	False	NonReactive-Unq
NC_000962.3	2816884	2818474	-	CDS	Rv2502c	accD1	lipid metabolism	lipid metabolism	0	8	8	0.0	2817679.0	1590	False	False	0	False	NonReactive-Unq
NC_000962.3	2818470	2819127	-	CDS	Rv2503c	scoB	lipid metabolism	lipid metabolism	0	3	3	0.0	2818798.5	657	False	False	0	False	NonReactive-Unq
NC_000962.3	2819123	2819870	-	CDS	Rv2504c	scoA	lipid metabolism	lipid metabolism	0	4	4	0.0	2819496.5	747	False	False	0	False	NonReactive-Unq
NC_000962.3	2819952	2821596	-	CDS	Rv2505c	fadD35	lipid metabolism	lipid metabolism	0	8	8	0.0	2820774.0	1644	False	False	0	False	NonReactive-Unq
NC_000962.3	2821711	2822359	+	CDS	Rv2506	Rv2506	regulatory proteins	regulatory proteins	0	3	3	0.0	2822035.0	648	False	False	0	False	NonReactive-Unq
NC_000962.3	2822437	2823259	+	CDS	Rv2507	Rv2507	cell wall and cell processes	cell wall and cell processes	0	4	4	0.0	2822848.0	822	False	False	0	False	NonReactive-Unq
NC_000962.3	2823255	2824593	-	CDS	Rv2508c	Rv2508c	cell wall and cell processes	cell wall and cell processes	0	7	7	0.0	2823924.0	1338	False	False	0	False	NonReactive-Unq
NC_000962.3	2824677	2825484	+	CDS	Rv2509	Rv2509	intermediary metabolism and respiration	intermediary metabolism and respiration	0	4	4	0.0	2825080.5	807	False	False	0	False	NonReactive-Unq
NC_000962.3	2825487	2827089	-	CDS	Rv2510c	Rv2510c	conserved hypotheticals	conserved hypotheticals	0	8	8	0.0	2826288.0	1602	False	False	0	False	NonReactive-Unq
NC_000962.3	2827156	2827804	+	CDS	Rv2511	orn	intermediary metabolism and respiration	intermediary metabolism and respiration	0	3	3	0.0	2827480.0	648	False	False	0	False	NonReactive-Unq
NC_000962.3	2828555	2829803	-	CDS	Rv2512c	Rv2512c	insertion seqs and phages	insertion seqs and phages	3	5	8	0.375	2829179.0	1248	True	True	1	True	Antigen-HHR
NC_000962.3	2830160	2830583	+	CDS	Rv2513	Rv2513	conserved hypotheticals	conserved hypotheticals	0	2	2	0.0	2830371.5	423	False	False	0	False	NonReactive-Unq
NC_000962.3	2830876	2831338	-	CDS	Rv2514c	Rv2514c	conserved hypotheticals	conserved hypotheticals	0	2	2	0.0	2831107.0	462	False	False	0	False	NonReactive-Unq
NC_000962.3	2831343	2832591	-	CDS	Rv2515c	Rv2515c	conserved hypotheticals	conserved hypotheticals	0	6	6	0.0	2831967.0	1248	False	False	0	False	NonReactive-Unq
NC_000962.3	2832709	2833513	-	CDS	Rv2516c	Rv2516c	conserved hypotheticals	conserved hypotheticals	0	3	3	0.0	2833111.0	804	False	False	0	False	NonReactive-Unq
NC_000962.3	2833509	2833761	-	CDS	Rv2517c	Rv2517c	conserved hypotheticals	conserved hypotheticals	0	2	2	0.0	2833635.0	252	False	False	0	False	NonReactive-Unq
NC_000962.3	2834108	2835335	-	CDS	Rv2518c	ldtB	cell wall and cell processes	cell wall and cell processes	0	6	6	0.0	2834721.5	1227	False	False	0	False	NonReactive-Unq
NC_000962.3	2835784	2837263	+	CDS	Rv2519	PE26	PE/PPE	PE/PPE	0	7	7	0.0	2836523.5	1479	False	False	0	False	NonReactive-Unq
NC_000962.3	2837387	2837615	-	CDS	Rv2520c	Rv2520c	cell wall and cell processes	cell wall and cell processes	0	2	2	0.0	2837501.0	228	False	False	0	False	NonReactive-Unq
NC_000962.3	2837683	2838157	+	CDS	Rv2521	bcp	virulence, detoxification, adaptation	virulence, detoxification, adaptation	0	2	2	0.0	2837920.0	474	False	False	0	False	NonReactive-Unq
NC_000962.3	2838128	2839541	-	CDS	Rv2522c	Rv2522c	conserved hypotheticals	conserved hypotheticals	0	7	7	0.0	2838834.5	1413	False	False	0	False	NonReactive-Unq
NC_000962.3	2839537	2839930	-	CDS	Rv2523c	acpS	lipid metabolism	lipid metabolism	0	2	2	0.0	2839733.5	393	False	False	0	False	NonReactive-Unq
NC_000962.3	2840122	2849332	-	CDS	Rv2524c	fas	lipid metabolism	lipid metabolism	0	10	10	0.0	2844727.0	9210	False	False	0	False	NonReactive-Unq
NC_000962.3	2849851	2850574	-	CDS	Rv2525c	Rv2525c	conserved hypotheticals	conserved hypotheticals	0	4	4	0.0	2850212.5	723	False	False	0	False	NonReactive-Unq
NC_000962.3	2851090	2851318	+	CDS	Rv2526	vapB17	virulence, detoxification, adaptation	virulence, detoxification, adaptation	0	2	2	0.0	2851204.0	228	False	False	0	False	NonReactive-Unq
NC_000962.3	2851314	2851716	+	CDS	Rv2527	vapC17	virulence, detoxification, adaptation	virulence, detoxification, adaptation	0	2	2	0.0	2851515.0	402	False	False	0	False	NonReactive-Unq
NC_000962.3	2851750	2852671	-	CDS	Rv2528c	mrr	information pathways	information pathways	0	5	5	0.0	2852210.5	921	False	False	0	False	NonReactive-Unq
NC_000962.3	2852874	2854266	+	CDS	Rv2529	Rv2529	conserved hypotheticals	conserved hypotheticals	0	7	7	0.0	2853570.0	1392	False	False	0	False	NonReactive-Unq
NC_000962.3	2854266	2854686	-	CDS	Rv2530c	vapC39	virulence, detoxification, adaptation	virulence, detoxification, adaptation	0	2	2	0.0	2854476.0	420	False	False	0	False	NonReactive-Unq
NC_000962.3	2854682	2854907	-	CDS	Rv2530A	vapB39	virulence, detoxification, adaptation	virulence, detoxification, adaptation	0	2	2	0.0	2854794.5	225	False	False	0	False	NonReactive-Unq
NC_000962.3	2854937	2857781	-	CDS	Rv2531c	Rv2531c	intermediary metabolism and respiration	intermediary metabolism and respiration	0	10	10	0.0	2856359.0	2844	False	False	0	False	NonReactive-Unq
NC_000962.3	2857852	2858254	-	CDS	Rv2532c	Rv2532c	conserved hypotheticals	conserved hypotheticals	0	3	3	0.0	2858053.0	402	False	False	0	False	NonReactive-Unq
NC_000962.3	2858253	2858724	-	CDS	Rv2533c	nusB	information pathways	information pathways	0	1	1	0.0	2858488.5	471	False	False	0	False	NonReactive-Unq
NC_000962.3	2858726	2859290	-	CDS	Rv2534c	efp	information pathways	information pathways	0	3	3	0.0	2859008.0	564	False	False	0	False	NonReactive-Unq
NC_000962.3	2859299	2860418	-	CDS	Rv2535c	pepQ	intermediary metabolism and respiration	intermediary metabolism and respiration	0	6	6	0.0	2859858.5	1119	False	False	0	False	NonReactive-Unq
NC_000962.3	2860451	2861144	+	CDS	Rv2536	Rv2536	cell wall and cell processes	cell wall and cell processes	0	3	3	0.0	2860797.5	693	False	False	0	False	NonReactive-Unq
NC_000962.3	2861147	2861591	-	CDS	Rv2537c	aroD	intermediary metabolism and respiration	intermediary metabolism and respiration	0	2	2	0.0	2861369.0	444	False	False	0	False	NonReactive-Unq
NC_000962.3	2861587	2862676	-	CDS	Rv2538c	aroB	intermediary metabolism and respiration	intermediary metabolism and respiration	0	5	5	0.0	2862131.5	1089	False	False	0	False	NonReactive-Unq
NC_000962.3	2862672	2863203	-	CDS	Rv2539c	aroK	intermediary metabolism and respiration	intermediary metabolism and respiration	0	3	3	0.0	2862937.5	531	False	False	0	False	NonReactive-Unq
NC_000962.3	2863206	2864412	-	CDS	Rv2540c	aroF	intermediary metabolism and respiration	intermediary metabolism and respiration	0	6	6	0.0	2863809.0	1206	False	False	0	False	NonReactive-Unq
NC_000962.3	2864426	2864834	+	CDS	Rv2541	Rv2541	conserved hypotheticals	conserved hypotheticals	0	2	2	0.0	2864630.0	408	False	False	0	False	NonReactive-Unq
NC_000962.3	2865129	2866341	+	CDS	Rv2542	Rv2542	conserved hypotheticals	conserved hypotheticals	0	5	5	0.0	2865735.0	1212	False	False	0	False	NonReactive-Unq
NC_000962.3	2866467	2867127	+	CDS	Rv2543	lppA	cell wall and cell processes	cell wall and cell processes	0	4	4	0.0	2866797.0	660	False	False	2	True	NonReactive-HHR
NC_000962.3	2867123	2867786	+	CDS	Rv2544	lppB	cell wall and cell processes	cell wall and cell processes	0	4	4	0.0	2867454.5	663	False	False	1	True	NonReactive-HHR
NC_000962.3	2867782	2868061	+	CDS	Rv2545	vapB18	virulence, detoxification, adaptation	virulence, detoxification, adaptation	0	2	2	0.0	2867921.5	279	False	False	0	False	NonReactive-Unq
NC_000962.3	2868153	2868567	+	CDS	Rv2546	vapC18	virulence, detoxification, adaptation	virulence, detoxification, adaptation	0	2	2	0.0	2868360.0	414	False	False	0	False	NonReactive-Unq
NC_000962.3	2868605	2868863	+	CDS	Rv2547	vapB19	virulence, detoxification, adaptation	virulence, detoxification, adaptation	0	2	2	0.0	2868734.0	258	False	False	0	False	NonReactive-Unq
NC_000962.3	2868859	2869237	+	CDS	Rv2548	vapC19	virulence, detoxification, adaptation	virulence, detoxification, adaptation	0	2	2	0.0	2869048.0	378	False	False	0	False	NonReactive-Unq
NC_000962.3	2869726	2870122	-	CDS	Rv2549c	vapC20	virulence, detoxification, adaptation	virulence, detoxification, adaptation	0	2	2	0.0	2869924.0	396	False	False	0	False	NonReactive-Unq
NC_000962.3	2870118	2870364	-	CDS	Rv2550c	vapB20	virulence, detoxification, adaptation	virulence, detoxification, adaptation	0	1	1	0.0	2870241.0	246	False	False	0	False	NonReactive-Unq
NC_000962.3	2870774	2871194	-	CDS	Rv2551c	Rv2551c	conserved hypotheticals	conserved hypotheticals	0	2	2	0.0	2870984.0	420	False	False	0	False	NonReactive-Unq
NC_000962.3	2871205	2872015	-	CDS	Rv2552c	aroE	intermediary metabolism and respiration	intermediary metabolism and respiration	0	3	3	0.0	2871610.0	810	False	False	0	False	NonReactive-Unq
NC_000962.3	2872011	2873265	-	CDS	Rv2553c	Rv2553c	cell wall and cell processes	cell wall and cell processes	0	6	6	0.0	2872638.0	1254	False	False	0	False	NonReactive-Unq
NC_000962.3	2873257	2873770	-	CDS	Rv2554c	Rv2554c	conserved hypotheticals	conserved hypotheticals	0	3	3	0.0	2873513.5	513	False	False	0	False	NonReactive-Unq
NC_000962.3	2873770	2876485	-	CDS	Rv2555c	alaS	information pathways	information pathways	0	10	10	0.0	2875127.5	2715	False	False	0	False	NonReactive-Unq
NC_000962.3	2876575	2876965	-	CDS	Rv2556c	Rv2556c	conserved hypotheticals	conserved hypotheticals	0	2	2	0.0	2876770.0	390	False	False	0	False	NonReactive-Unq
NC_000962.3	2877071	2877746	+	CDS	Rv2557	Rv2557	conserved hypotheticals	conserved hypotheticals	0	3	3	0.0	2877408.5	675	False	False	0	False	NonReactive-Unq
NC_000962.3	2877830	2878541	+	CDS	Rv2558	Rv2558	conserved hypotheticals	conserved hypotheticals	0	4	4	0.0	2878185.5	711	False	False	0	False	NonReactive-Unq
NC_000962.3	2878570	2879929	-	CDS	Rv2559c	Rv2559c	conserved hypotheticals	conserved hypotheticals	0	7	7	0.0	2879249.5	1359	False	False	0	False	NonReactive-Unq
NC_000962.3	2880074	2881052	+	CDS	Rv2560	Rv2560	cell wall and cell processes	cell wall and cell processes	0	5	5	0.0	2880563.0	978	False	False	0	False	NonReactive-Unq
NC_000962.3	2882289	2883339	+	CDS	Rv2563	Rv2563	cell wall and cell processes	cell wall and cell processes	0	4	4	0.0	2882814.0	1050	False	False	1	True	NonReactive-HHR
NC_000962.3	2883341	2884334	+	CDS	Rv2564	glnQ	cell wall and cell processes	cell wall and cell processes	0	6	6	0.0	2883837.5	993	False	False	1	True	NonReactive-HHR
NC_000962.3	2884610	2886362	+	CDS	Rv2565	Rv2565	conserved hypotheticals	conserved hypotheticals	0	9	9	0.0	2885486.0	1752	False	False	0	False	NonReactive-Unq
NC_000962.3	2886372	2889795	+	CDS	Rv2566	Rv2566	conserved hypotheticals	conserved hypotheticals	0	10	10	0.0	2888083.5	3423	False	False	0	False	NonReactive-Unq
NC_000962.3	2889794	2892449	+	CDS	Rv2567	Rv2567	conserved hypotheticals	conserved hypotheticals	0	10	10	0.0	2891121.5	2655	False	False	0	False	NonReactive-Unq
NC_000962.3	2892445	2893471	-	CDS	Rv2568c	Rv2568c	conserved hypotheticals	conserved hypotheticals	0	5	5	0.0	2892958.0	1026	False	False	0	False	NonReactive-Unq
NC_000962.3	2893463	2894408	-	CDS	Rv2569c	Rv2569c	conserved hypotheticals	conserved hypotheticals	0	5	5	0.0	2893935.5	945	False	False	0	False	NonReactive-Unq
NC_000962.3	2894511	2894901	+	CDS	Rv2570	Rv2570	conserved hypotheticals	conserved hypotheticals	0	2	2	0.0	2894706.0	390	False	False	0	False	NonReactive-Unq
NC_000962.3	2894892	2895960	-	CDS	Rv2571c	Rv2571c	cell wall and cell processes	cell wall and cell processes	0	5	5	0.0	2895426.0	1068	False	False	0	False	NonReactive-Unq
NC_000962.3	2896012	2897803	-	CDS	Rv2572c	aspS	information pathways	information pathways	0	8	8	0.0	2896907.5	1791	False	False	0	False	NonReactive-Unq
NC_000962.3	2898042	2898783	+	CDS	Rv2573	Rv2573	conserved hypotheticals	conserved hypotheticals	0	4	4	0.0	2898412.5	741	False	False	0	False	NonReactive-Unq
NC_000962.3	2898805	2899309	+	CDS	Rv2574	Rv2574	conserved hypotheticals	conserved hypotheticals	0	2	2	0.0	2899057.0	504	False	False	0	False	NonReactive-Unq
NC_000962.3	2899338	2900220	+	CDS	Rv2575	Rv2575	cell wall and cell processes	cell wall and cell processes	0	4	4	0.0	2899779.0	882	False	False	0	False	NonReactive-Unq
NC_000962.3	2900225	2900690	-	CDS	Rv2576c	Rv2576c	cell wall and cell processes	cell wall and cell processes	0	2	2	0.0	2900457.5	465	False	False	0	False	NonReactive-Unq
NC_000962.3	2900917	2902507	+	CDS	Rv2577	Rv2577	conserved hypotheticals	conserved hypotheticals	0	8	8	0.0	2901712.0	1590	False	False	0	False	NonReactive-Unq
NC_000962.3	2902508	2903531	-	CDS	Rv2578c	Rv2578c	conserved hypotheticals	conserved hypotheticals	0	5	5	0.0	2903019.5	1023	False	False	0	False	NonReactive-Unq
NC_000962.3	2903638	2904541	+	CDS	Rv2579	dhaA	intermediary metabolism and respiration	intermediary metabolism and respiration	0	4	4	0.0	2904089.5	903	False	False	0	False	NonReactive-Unq
NC_000962.3	2904820	2906092	-	CDS	Rv2580c	hisS	information pathways	information pathways	0	6	6	0.0	2905456.0	1272	False	False	0	False	NonReactive-Unq
NC_000962.3	2906088	2906763	-	CDS	Rv2581c	Rv2581c	virulence, detoxification, adaptation	virulence, detoxification, adaptation	0	3	3	0.0	2906425.5	675	False	False	0	False	NonReactive-Unq
NC_000962.3	2906813	2907740	+	CDS	Rv2582	ppiB	information pathways	information pathways	0	5	5	0.0	2907276.5	927	False	False	0	False	NonReactive-Unq
NC_000962.3	2907825	2910198	-	CDS	Rv2583c	relA	intermediary metabolism and respiration	intermediary metabolism and respiration	0	9	9	0.0	2909011.5	2373	False	False	0	False	NonReactive-Unq
NC_000962.3	2910228	2910900	-	CDS	Rv2584c	apt	intermediary metabolism and respiration	intermediary metabolism and respiration	0	3	3	0.0	2910564.0	672	False	False	0	False	NonReactive-Unq
NC_000962.3	2911003	2912677	-	CDS	Rv2585c	Rv2585c	cell wall and cell processes	cell wall and cell processes	0	7	7	0.0	2911840.0	1674	False	False	0	False	NonReactive-Unq
NC_000962.3	2912682	2914011	-	CDS	Rv2586c	secF	cell wall and cell processes	cell wall and cell processes	0	7	7	0.0	2913346.5	1329	False	False	0	False	NonReactive-Unq
NC_000962.3	2914014	2915736	-	CDS	Rv2587c	secD	cell wall and cell processes	cell wall and cell processes	0	9	9	0.0	2914875.0	1722	False	False	0	False	NonReactive-Unq
NC_000962.3	2915845	2916193	-	CDS	Rv2588c	yajC	cell wall and cell processes	cell wall and cell processes	0	2	2	0.0	2916019.0	348	False	False	0	False	NonReactive-Unq
NC_000962.3	2916359	2917709	+	CDS	Rv2589	gabT	intermediary metabolism and respiration	intermediary metabolism and respiration	0	7	7	0.0	2917034.0	1350	False	False	0	False	NonReactive-Unq
NC_000962.3	2917870	2921377	+	CDS	Rv2590	fadD9	lipid metabolism	lipid metabolism	0	10	10	0.0	2919623.5	3507	False	False	0	False	NonReactive-Unq
NC_000962.3	2921550	2923182	+	CDS	Rv2591	PE_PGRS44	PE/PPE	PE/PPE	0	6	6	0.0	2922366.0	1632	False	False	0	False	NonReactive-Unq
NC_000962.3	2923198	2924233	-	CDS	Rv2592c	ruvB	information pathways	information pathways	0	5	5	0.0	2923715.5	1035	False	False	0	False	NonReactive-Unq
NC_000962.3	2924229	2924820	-	CDS	Rv2593c	ruvA	information pathways	information pathways	0	3	3	0.0	2924524.5	591	False	False	0	False	NonReactive-Unq
NC_000962.3	2924816	2925383	-	CDS	Rv2594c	ruvC	information pathways	information pathways	0	3	3	0.0	2925099.5	567	False	False	0	False	NonReactive-Unq
NC_000962.3	2925491	2925737	+	CDS	Rv2595	vapB40	virulence, detoxification, adaptation	virulence, detoxification, adaptation	0	2	2	0.0	2925614.0	246	False	False	0	False	NonReactive-Unq
NC_000962.3	2925733	2926138	+	CDS	Rv2596	vapC40	virulence, detoxification, adaptation	virulence, detoxification, adaptation	0	2	2	0.0	2925935.5	405	False	False	0	False	NonReactive-Unq
NC_000962.3	2926354	2926975	+	CDS	Rv2597	Rv2597	cell wall and cell processes	cell wall and cell processes	0	3	3	0.0	2926664.5	621	False	False	0	False	NonReactive-Unq
NC_000962.3	2926985	2927480	+	CDS	Rv2598	Rv2598	conserved hypotheticals	conserved hypotheticals	0	2	2	0.0	2927232.5	495	False	False	0	False	NonReactive-Unq
NC_000962.3	2927476	2927908	+	CDS	Rv2599	Rv2599	cell wall and cell processes	cell wall and cell processes	0	3	3	0.0	2927692.0	432	False	False	0	False	NonReactive-Unq
NC_000962.3	2927989	2928391	+	CDS	Rv2600	Rv2600	cell wall and cell processes	cell wall and cell processes	0	1	1	0.0	2928190.0	402	False	False	0	False	NonReactive-Unq
NC_000962.3	2928387	2929959	+	CDS	Rv2601	speE	intermediary metabolism and respiration	intermediary metabolism and respiration	0	8	8	0.0	2929173.0	1572	False	False	0	False	NonReactive-Unq
NC_000962.3	2930069	2930357	+	CDS	Rv2601A	vapB41	virulence, detoxification, adaptation	virulence, detoxification, adaptation	0	2	2	0.0	2930213.0	288	False	False	0	False	NonReactive-Unq
NC_000962.3	2930343	2930784	+	CDS	Rv2602	vapC41	virulence, detoxification, adaptation	virulence, detoxification, adaptation	0	2	2	0.0	2930563.5	441	False	False	0	False	NonReactive-Unq
NC_000962.3	2930804	2931560	-	CDS	Rv2603c	Rv2603c	conserved hypotheticals	conserved hypotheticals	0	4	4	0.0	2931182.0	756	False	False	0	False	NonReactive-Unq
NC_000962.3	2931692	2932289	-	CDS	Rv2604c	snoP	intermediary metabolism and respiration	intermediary metabolism and respiration	0	3	3	0.0	2931990.5	597	False	False	0	False	NonReactive-Unq
NC_000962.3	2932296	2933142	-	CDS	Rv2605c	tesB2	lipid metabolism	lipid metabolism	0	4	4	0.0	2932719.0	846	False	False	0	False	NonReactive-Unq
NC_000962.3	2933170	2934070	-	CDS	Rv2606c	snzP	intermediary metabolism and respiration	intermediary metabolism and respiration	0	4	4	0.0	2933620.0	900	False	False	0	False	NonReactive-Unq
NC_000962.3	2934197	2934872	+	CDS	Rv2607	pdxH	intermediary metabolism and respiration	intermediary metabolism and respiration	0	3	3	0.0	2934534.5	675	False	False	0	False	NonReactive-Unq
NC_000962.3	2935045	2936788	+	CDS	Rv2608	PPE42	PE/PPE	PE/PPE	16	106	122	0.13114754098360656	2935916.5	1743	True	True	0	False	Antigen-Unq
NC_000962.3	2936809	2937865	-	CDS	Rv2609c	Rv2609c	cell wall and cell processes	cell wall and cell processes	0	5	5	0.0	2937337.0	1056	False	False	0	False	NonReactive-Unq
NC_000962.3	2937864	2939001	-	CDS	Rv2610c	pimA	lipid metabolism	lipid metabolism	0	6	6	0.0	2938432.5	1137	False	False	0	False	NonReactive-Unq
NC_000962.3	2939011	2939962	-	CDS	Rv2611c	Rv2611c	lipid metabolism	lipid metabolism	0	5	5	0.0	2939486.5	951	False	False	0	False	NonReactive-Unq
NC_000962.3	2939958	2940612	-	CDS	Rv2612c	pgsA1	lipid metabolism	lipid metabolism	0	3	3	0.0	2940285.0	654	False	False	0	False	NonReactive-Unq
NC_000962.3	2940608	2941196	-	CDS	Rv2613c	Rv2613c	lipid metabolism	lipid metabolism	0	3	3	0.0	2940902.0	588	False	False	0	False	NonReactive-Unq
NC_000962.3	2941188	2943267	-	CDS	Rv2614c	thrS	information pathways	information pathways	0	10	10	0.0	2942227.5	2079	False	False	0	False	NonReactive-Unq
NC_000962.3	2943375	2943603	+	CDS	Rv2614A	Rv2614A	conserved hypotheticals	conserved hypotheticals	0	2	2	0.0	2943489.0	228	False	False	0	False	NonReactive-Unq
NC_000962.3	2943599	2944985	-	CDS	Rv2615c	PE_PGRS45	PE/PPE	PE/PPE	0	6	6	0.0	2944292.0	1386	False	False	1	True	NonReactive-HHR
NC_000962.3	2945329	2945830	+	CDS	Rv2616	Rv2616	conserved hypotheticals	conserved hypotheticals	0	2	2	0.0	2945579.5	501	False	False	0	False	NonReactive-Unq
NC_000962.3	2945846	2946287	-	CDS	Rv2617c	Rv2617c	cell wall and cell processes	cell wall and cell processes	0	2	2	0.0	2946066.5	441	False	False	0	False	NonReactive-Unq
NC_000962.3	2946433	2947111	+	CDS	Rv2618	Rv2618	conserved hypotheticals	conserved hypotheticals	0	3	3	0.0	2946772.0	678	False	False	0	False	NonReactive-Unq
NC_000962.3	2947095	2947449	-	CDS	Rv2619c	Rv2619c	conserved hypotheticals	conserved hypotheticals	0	2	2	0.0	2947272.0	354	False	False	0	False	NonReactive-Unq
NC_000962.3	2947461	2947887	-	CDS	Rv2620c	Rv2620c	cell wall and cell processes	cell wall and cell processes	0	2	2	0.0	2947674.0	426	False	False	0	False	NonReactive-Unq
NC_000962.3	2947883	2948558	-	CDS	Rv2621c	Rv2621c	regulatory proteins	regulatory proteins	0	3	3	0.0	2948220.5	675	False	False	0	False	NonReactive-Unq
NC_000962.3	2948635	2949457	+	CDS	Rv2622	Rv2622	intermediary metabolism and respiration	intermediary metabolism and respiration	0	4	4	0.0	2949046.0	822	False	False	0	False	NonReactive-Unq
NC_000962.3	2949592	2950486	+	CDS	Rv2623	TB31.7	virulence, detoxification, adaptation	virulence, detoxification, adaptation	0	4	4	0.0	2950039.0	894	False	False	0	False	NonReactive-Unq
NC_000962.3	2950488	2951307	-	CDS	Rv2624c	Rv2624c	virulence, detoxification, adaptation	virulence, detoxification, adaptation	0	4	4	0.0	2950897.5	819	False	False	0	False	NonReactive-Unq
NC_000962.3	2951321	2952503	-	CDS	Rv2625c	Rv2625c	cell wall and cell processes	cell wall and cell processes	0	6	6	0.0	2951912.0	1182	False	False	0	False	NonReactive-Unq
NC_000962.3	2952561	2952993	-	CDS	Rv2626c	hrp1	conserved hypotheticals	conserved hypotheticals	0	2	2	0.0	2952777.0	432	False	False	0	False	NonReactive-Unq
NC_000962.3	2953506	2954748	-	CDS	Rv2627c	Rv2627c	conserved hypotheticals	conserved hypotheticals	0	5	5	0.0	2954127.0	1242	False	False	0	False	NonReactive-Unq
NC_000962.3	2955057	2955420	+	CDS	Rv2628	Rv2628	conserved hypotheticals	conserved hypotheticals	0	2	2	0.0	2955238.5	363	False	False	0	False	NonReactive-Unq
NC_000962.3	2955766	2956891	+	CDS	Rv2629	Rv2629	conserved hypotheticals	conserved hypotheticals	0	6	6	0.0	2956328.5	1125	False	False	0	False	NonReactive-Unq
NC_000962.3	2956892	2957432	+	CDS	Rv2630	Rv2630	conserved hypotheticals	conserved hypotheticals	0	3	3	0.0	2957162.0	540	False	False	0	False	NonReactive-Unq
NC_000962.3	2957571	2958870	+	CDS	Rv2631	Rv2631	conserved hypotheticals	conserved hypotheticals	0	3	3	0.0	2958220.5	1299	False	False	0	False	NonReactive-Unq
NC_000962.3	2958908	2959190	-	CDS	Rv2632c	Rv2632c	conserved hypotheticals	conserved hypotheticals	0	2	2	0.0	2959049.0	282	False	False	0	False	NonReactive-Unq
NC_000962.3	2959334	2959820	-	CDS	Rv2633c	Rv2633c	conserved hypotheticals	conserved hypotheticals	0	2	2	0.0	2959577.0	486	False	False	0	False	NonReactive-Unq
NC_000962.3	2960104	2962441	-	CDS	Rv2634c	PE_PGRS46	PE/PPE	PE/PPE	0	8	8	0.0	2961272.5	2337	False	False	0	False	NonReactive-Unq
NC_000962.3	2962712	2963390	+	CDS	Rv2636	Rv2636	conserved hypotheticals	conserved hypotheticals	0	3	3	0.0	2963051.0	678	False	False	0	False	NonReactive-Unq
NC_000962.3	2963585	2964242	+	CDS	Rv2637	dedA	cell wall and cell processes	cell wall and cell processes	0	3	3	0.0	2963913.5	657	False	False	0	False	NonReactive-Unq
NC_000962.3	2964404	2964851	+	CDS	Rv2638	Rv2638	conserved hypotheticals	conserved hypotheticals	0	2	2	0.0	2964627.5	447	False	False	0	False	NonReactive-Unq
NC_000962.3	2965025	2965358	-	CDS	Rv2639c	Rv2639c	cell wall and cell processes	cell wall and cell processes	0	2	2	0.0	2965191.5	333	False	False	0	False	NonReactive-Unq
NC_000962.3	2965477	2965837	-	CDS	Rv2640c	Rv2640c	regulatory proteins	regulatory proteins	0	2	2	0.0	2965657.0	360	False	False	0	False	NonReactive-Unq
NC_000962.3	2965938	2966397	+	CDS	Rv2641	cadI	conserved hypotheticals	conserved hypotheticals	0	2	2	0.0	2966167.5	459	False	False	0	False	NonReactive-Unq
NC_000962.3	2966532	2966913	+	CDS	Rv2642	Rv2642	regulatory proteins	regulatory proteins	0	2	2	0.0	2966722.5	381	False	False	0	False	NonReactive-Unq
NC_000962.3	2966909	2968406	+	CDS	Rv2643	arsC	cell wall and cell processes	cell wall and cell processes	0	7	7	0.0	2967657.5	1497	False	False	0	False	NonReactive-Unq
NC_000962.3	2968532	2968850	-	CDS	Rv2644c	Rv2644c	conserved hypotheticals	conserved hypotheticals	0	2	2	0.0	2968691.0	318	False	False	0	False	NonReactive-Unq
NC_000962.3	2970122	2970554	+	CDS	Rv2645	Rv2645	unknown	unknown	0	2	2	0.0	2970338.0	432	False	False	0	False	NonReactive-Unq
NC_000962.3	2970550	2971549	+	CDS	Rv2646	Rv2646	insertion seqs and phages	insertion seqs and phages	0	5	5	0.0	2971049.5	999	False	False	0	False	NonReactive-Unq
NC_000962.3	2971658	2972027	+	CDS	Rv2647	Rv2647	insertion seqs and phages	insertion seqs and phages	0	1	1	0.0	2971842.5	369	False	False	1	True	NonReactive-HHR
NC_000962.3	2973794	2975234	-	CDS	Rv2650c	Rv2650c	insertion seqs and phages	insertion seqs and phages	0	7	7	0.0	2974514.0	1440	False	False	1	True	NonReactive-HHR
NC_000962.3	2975241	2975775	-	CDS	Rv2651c	Rv2651c	insertion seqs and phages	insertion seqs and phages	0	3	3	0.0	2975508.0	534	False	False	1	True	NonReactive-HHR
NC_000962.3	2975927	2976554	-	CDS	Rv2652c	Rv2652c	insertion seqs and phages	insertion seqs and phages	0	3	3	0.0	2976240.5	627	False	False	1	True	NonReactive-HHR
NC_000962.3	2976585	2976909	-	CDS	Rv2653c	Rv2653c	insertion seqs and phages	insertion seqs and phages	0	2	2	0.0	2976747.0	324	False	False	0	False	NonReactive-Unq
NC_000962.3	2976988	2977234	-	CDS	Rv2654c	Rv2654c	insertion seqs and phages	insertion seqs and phages	0	2	2	0.0	2977111.0	246	False	False	0	False	NonReactive-Unq
NC_000962.3	2977230	2978658	-	CDS	Rv2655c	Rv2655c	insertion seqs and phages	insertion seqs and phages	0	7	7	0.0	2977944.0	1428	False	False	0	False	NonReactive-Unq
NC_000962.3	2978659	2979052	-	CDS	Rv2656c	Rv2656c	insertion seqs and phages	insertion seqs and phages	0	2	2	0.0	2978855.5	393	False	False	0	False	NonReactive-Unq
NC_000962.3	2979048	2979309	-	CDS	Rv2657c	Rv2657c	insertion seqs and phages	insertion seqs and phages	0	2	2	0.0	2979178.5	261	False	False	0	False	NonReactive-Unq
NC_000962.3	2979325	2979688	-	CDS	Rv2658c	Rv2658c	insertion seqs and phages	insertion seqs and phages	0	2	2	0.0	2979506.5	363	False	False	0	False	NonReactive-Unq
NC_000962.3	2979690	2980818	-	CDS	Rv2659c	Rv2659c	insertion seqs and phages	insertion seqs and phages	0	6	6	0.0	2980254.0	1128	False	False	0	False	NonReactive-Unq
NC_000962.3	2980962	2981190	-	CDS	Rv2660c	Rv2660c	conserved hypotheticals	conserved hypotheticals	2	12	14	0.14285714285714285	2981076.0	228	True	True	0	False	Antigen-Unq
NC_000962.3	2981186	2981576	-	CDS	Rv2661c	Rv2661c	conserved hypotheticals	conserved hypotheticals	0	2	2	0.0	2981381.0	390	False	False	0	False	NonReactive-Unq
NC_000962.3	2981481	2981754	+	CDS	Rv2662	Rv2662	conserved hypotheticals	conserved hypotheticals	0	2	2	0.0	2981617.5	273	False	False	0	False	NonReactive-Unq
NC_000962.3	2981852	2982086	+	CDS	Rv2663	Rv2663	conserved hypotheticals	conserved hypotheticals	0	2	2	0.0	2981969.0	234	False	False	0	False	NonReactive-Unq
NC_000962.3	2982096	2982351	+	CDS	Rv2664	Rv2664	conserved hypotheticals	conserved hypotheticals	0	2	2	0.0	2982223.5	255	False	False	0	False	NonReactive-Unq
NC_000962.3	2982698	2982980	+	CDS	Rv2665	Rv2665	conserved hypotheticals	conserved hypotheticals	0	2	2	0.0	2982839.0	282	False	False	1	True	NonReactive-HHR
NC_000962.3	2983895	2984654	+	CDS	Rv2667	clpC2	intermediary metabolism and respiration	intermediary metabolism and respiration	0	4	4	0.0	2984274.5	759	False	False	0	False	NonReactive-Unq
NC_000962.3	2984732	2985254	+	CDS	Rv2668	Rv2668	cell wall and cell processes	cell wall and cell processes	0	2	2	0.0	2984993.0	522	False	False	0	False	NonReactive-Unq
NC_000962.3	2985282	2985753	+	CDS	Rv2669	Rv2669	intermediary metabolism and respiration	intermediary metabolism and respiration	0	2	2	0.0	2985517.5	471	False	False	0	False	NonReactive-Unq
NC_000962.3	2985730	2986840	-	CDS	Rv2670c	Rv2670c	conserved hypotheticals	conserved hypotheticals	0	6	6	0.0	2986285.0	1110	False	False	0	False	NonReactive-Unq
NC_000962.3	2986838	2987615	+	CDS	Rv2671	ribD	intermediary metabolism and respiration	intermediary metabolism and respiration	0	4	4	0.0	2987226.5	777	False	False	0	False	NonReactive-Unq
NC_000962.3	2987681	2989268	+	CDS	Rv2672	Rv2672	intermediary metabolism and respiration	intermediary metabolism and respiration	0	8	8	0.0	2988474.5	1587	False	False	0	False	NonReactive-Unq
NC_000962.3	2989290	2990592	+	CDS	Rv2673	aftC	cell wall and cell processes	cell wall and cell processes	0	6	6	0.0	2989941.0	1302	False	False	0	False	NonReactive-Unq
NC_000962.3	2990705	2991116	+	CDS	Rv2674	msrB	intermediary metabolism and respiration	intermediary metabolism and respiration	0	2	2	0.0	2990910.5	411	False	False	0	False	NonReactive-Unq
NC_000962.3	2991183	2991936	-	CDS	Rv2675c	Rv2675c	conserved hypotheticals	conserved hypotheticals	0	4	4	0.0	2991559.5	753	False	False	0	False	NonReactive-Unq
NC_000962.3	2991932	2992628	-	CDS	Rv2676c	Rv2676c	conserved hypotheticals	conserved hypotheticals	0	3	3	0.0	2992280.0	696	False	False	0	False	NonReactive-Unq
NC_000962.3	2992633	2993992	-	CDS	Rv2677c	hemY	intermediary metabolism and respiration	intermediary metabolism and respiration	0	7	7	0.0	2993312.5	1359	False	False	0	False	NonReactive-Unq
NC_000962.3	2993988	2995062	-	CDS	Rv2678c	hemE	intermediary metabolism and respiration	intermediary metabolism and respiration	0	5	5	0.0	2994525.0	1074	False	False	0	False	NonReactive-Unq
NC_000962.3	2995114	2995945	+	CDS	Rv2679	echA15	lipid metabolism	lipid metabolism	0	4	4	0.0	2995529.5	831	False	False	0	False	NonReactive-Unq
NC_000962.3	2996104	2996737	+	CDS	Rv2680	Rv2680	conserved hypotheticals	conserved hypotheticals	0	3	3	0.0	2996420.5	633	False	False	1	True	NonReactive-HHR
NC_000962.3	2996738	2998055	+	CDS	Rv2681	Rv2681	conserved hypotheticals	conserved hypotheticals	0	7	7	0.0	2997396.5	1317	False	False	0	False	NonReactive-Unq
NC_000962.3	2998051	2999968	-	CDS	Rv2682c	dxs1	intermediary metabolism and respiration	intermediary metabolism and respiration	0	10	10	0.0	2999009.5	1917	False	False	0	False	NonReactive-Unq
NC_000962.3	3000111	3000609	+	CDS	Rv2683	Rv2683	conserved hypotheticals	conserved hypotheticals	0	2	2	0.0	3000360.0	498	False	False	0	False	NonReactive-Unq
NC_000962.3	3000613	3001903	+	CDS	Rv2684	arsA	cell wall and cell processes	cell wall and cell processes	0	6	6	0.0	3001258.0	1290	False	False	1	True	NonReactive-HHR
NC_000962.3	3001982	3003269	+	CDS	Rv2685	arsB1	cell wall and cell processes	cell wall and cell processes	0	6	6	0.0	3002625.5	1287	False	False	1	True	NonReactive-HHR
NC_000962.3	3003279	3004038	-	CDS	Rv2686c	Rv2686c	cell wall and cell processes	cell wall and cell processes	0	4	4	0.0	3003658.5	759	False	False	0	False	NonReactive-Unq
NC_000962.3	3004034	3004748	-	CDS	Rv2687c	Rv2687c	cell wall and cell processes	cell wall and cell processes	0	4	4	0.0	3004391.0	714	False	False	0	False	NonReactive-Unq
NC_000962.3	3004744	3005650	-	CDS	Rv2688c	Rv2688c	cell wall and cell processes	cell wall and cell processes	0	4	4	0.0	3005197.0	906	False	False	0	False	NonReactive-Unq
NC_000962.3	3005844	3007062	-	CDS	Rv2689c	Rv2689c	conserved hypotheticals	conserved hypotheticals	0	6	6	0.0	3006453.0	1218	False	False	1	True	NonReactive-HHR
NC_000962.3	3007235	3009209	-	CDS	Rv2690c	Rv2690c	cell wall and cell processes	cell wall and cell processes	0	10	10	0.0	3008222.0	1974	False	False	0	False	NonReactive-Unq
NC_000962.3	3009343	3010027	+	CDS	Rv2691	ceoB	cell wall and cell processes	cell wall and cell processes	0	2	2	0.0	3009685.0	684	False	False	0	False	NonReactive-Unq
NC_000962.3	3010023	3010686	+	CDS	Rv2692	ceoC	cell wall and cell processes	cell wall and cell processes	0	3	3	0.0	3010354.5	663	False	False	0	False	NonReactive-Unq
NC_000962.3	3010696	3011368	-	CDS	Rv2693c	Rv2693c	cell wall and cell processes	cell wall and cell processes	0	3	3	0.0	3011032.0	672	False	False	0	False	NonReactive-Unq
NC_000962.3	3011398	3011767	-	CDS	Rv2694c	Rv2694c	conserved hypotheticals	conserved hypotheticals	0	2	2	0.0	3011582.5	369	False	False	0	False	NonReactive-Unq
NC_000962.3	3011915	3012623	+	CDS	Rv2695	Rv2695	conserved hypotheticals	conserved hypotheticals	0	4	4	0.0	3012269.0	708	False	False	0	False	NonReactive-Unq
NC_000962.3	3012828	3013608	-	CDS	Rv2696c	Rv2696c	conserved hypotheticals	conserved hypotheticals	0	4	4	0.0	3013218.0	780	False	False	0	False	NonReactive-Unq
NC_000962.3	3013682	3014147	-	CDS	Rv2697c	dut	intermediary metabolism and respiration	intermediary metabolism and respiration	0	2	2	0.0	3013914.5	465	False	False	0	False	NonReactive-Unq
NC_000962.3	3014172	3014658	+	CDS	Rv2698	Rv2698	cell wall and cell processes	cell wall and cell processes	0	2	2	0.0	3014415.0	486	False	False	0	False	NonReactive-Unq
NC_000962.3	3014662	3014965	-	CDS	Rv2699c	Rv2699c	conserved hypotheticals	conserved hypotheticals	0	2	2	0.0	3014813.5	303	False	False	0	False	NonReactive-Unq
NC_000962.3	3015202	3015853	+	CDS	Rv2700	Rv2700	cell wall and cell processes	cell wall and cell processes	0	3	3	0.0	3015527.5	651	False	False	0	False	NonReactive-Unq
NC_000962.3	3015862	3016735	-	CDS	Rv2701c	suhB	intermediary metabolism and respiration	intermediary metabolism and respiration	0	4	4	0.0	3016298.5	873	False	False	0	False	NonReactive-Unq
NC_000962.3	3016857	3017655	+	CDS	Rv2702	ppgK	intermediary metabolism and respiration	intermediary metabolism and respiration	0	4	4	0.0	3017256.0	798	False	False	0	False	NonReactive-Unq
NC_000962.3	3017834	3019421	+	CDS	Rv2703	sigA	information pathways	information pathways	0	8	8	0.0	3018627.5	1587	False	False	0	False	NonReactive-Unq
NC_000962.3	3019457	3019886	+	CDS	Rv2704	Rv2704	conserved hypotheticals	conserved hypotheticals	0	2	2	0.0	3019671.5	429	False	False	0	False	NonReactive-Unq
NC_000962.3	3019813	3020203	-	CDS	Rv2705c	Rv2705c	conserved hypotheticals	conserved hypotheticals	0	2	2	0.0	3020008.0	390	False	False	0	False	NonReactive-Unq
NC_000962.3	3020199	3020457	-	CDS	Rv2706c	Rv2706c	conserved hypotheticals	conserved hypotheticals	0	2	2	0.0	3020328.0	258	False	False	0	False	NonReactive-Unq
NC_000962.3	3020572	3021547	+	CDS	Rv2707	Rv2707	conserved hypotheticals	conserved hypotheticals	0	5	5	0.0	3021059.5	975	False	False	0	False	NonReactive-Unq
NC_000962.3	3021547	3021796	-	CDS	Rv2708c	Rv2708c	conserved hypotheticals	conserved hypotheticals	0	1	1	0.0	3021671.5	249	False	False	0	False	NonReactive-Unq
NC_000962.3	3021838	3022285	+	CDS	Rv2709	Rv2709	cell wall and cell processes	cell wall and cell processes	0	2	2	0.0	3022061.5	447	False	False	0	False	NonReactive-Unq
NC_000962.3	3022460	3023432	+	CDS	Rv2710	sigB	information pathways	information pathways	0	5	5	0.0	3022946.0	972	False	False	0	False	NonReactive-Unq
NC_000962.3	3023564	3024257	+	CDS	Rv2711	ideR	regulatory proteins	regulatory proteins	0	3	3	0.0	3023910.5	693	False	False	0	False	NonReactive-Unq
NC_000962.3	3024269	3025328	-	CDS	Rv2712c	Rv2712c	conserved hypotheticals	conserved hypotheticals	0	5	5	0.0	3024798.5	1059	False	False	0	False	NonReactive-Unq
NC_000962.3	3025440	3026847	+	CDS	Rv2713	sthA	intermediary metabolism and respiration	intermediary metabolism and respiration	0	7	7	0.0	3026143.5	1407	False	False	0	False	NonReactive-Unq
NC_000962.3	3027064	3028039	+	CDS	Rv2714	Rv2714	conserved hypotheticals	conserved hypotheticals	0	5	5	0.0	3027551.5	975	False	False	0	False	NonReactive-Unq
NC_000962.3	3028097	3029123	+	CDS	Rv2715	Rv2715	intermediary metabolism and respiration	intermediary metabolism and respiration	0	5	5	0.0	3028610.0	1026	False	False	0	False	NonReactive-Unq
NC_000962.3	3029171	3029858	+	CDS	Rv2716	Rv2716	conserved hypotheticals	conserved hypotheticals	0	3	3	0.0	3029514.5	687	False	False	0	False	NonReactive-Unq
NC_000962.3	3029866	3030361	-	CDS	Rv2717c	Rv2717c	conserved hypotheticals	conserved hypotheticals	0	2	2	0.0	3030113.5	495	False	False	0	False	NonReactive-Unq
NC_000962.3	3030412	3030877	-	CDS	Rv2718c	nrdR	regulatory proteins	regulatory proteins	0	2	2	0.0	3030644.5	465	False	False	0	False	NonReactive-Unq
NC_000962.3	3031039	3031537	-	CDS	Rv2719c	Rv2719c	cell wall and cell processes	cell wall and cell processes	0	4	4	0.0	3031288.0	498	False	False	0	False	NonReactive-Unq
NC_000962.3	3031787	3032498	+	CDS	Rv2720	lexA	regulatory proteins	regulatory proteins	0	3	3	0.0	3032142.5	711	False	False	0	False	NonReactive-Unq
NC_000962.3	3032519	3034619	-	CDS	Rv2721c	Rv2721c	cell wall and cell processes	cell wall and cell processes	0	10	10	0.0	3033569.0	2100	False	False	0	False	NonReactive-Unq
NC_000962.3	3034634	3034883	+	CDS	Rv2722	Rv2722	conserved hypotheticals	conserved hypotheticals	0	2	2	0.0	3034758.5	249	False	False	0	False	NonReactive-Unq
NC_000962.3	3034908	3036102	+	CDS	Rv2723	Rv2723	cell wall and cell processes	cell wall and cell processes	0	6	6	0.0	3035505.0	1194	False	False	0	False	NonReactive-Unq
NC_000962.3	3036130	3037291	-	CDS	Rv2724c	fadE20	lipid metabolism	lipid metabolism	0	6	6	0.0	3036710.5	1161	False	False	0	False	NonReactive-Unq
NC_000962.3	3037426	3038914	-	CDS	Rv2725c	hflX	intermediary metabolism and respiration	intermediary metabolism and respiration	0	7	7	0.0	3038170.0	1488	False	False	0	False	NonReactive-Unq
NC_000962.3	3038930	3039800	-	CDS	Rv2726c	dapF	intermediary metabolism and respiration	intermediary metabolism and respiration	0	4	4	0.0	3039365.0	870	False	False	0	False	NonReactive-Unq
NC_000962.3	3039824	3040769	-	CDS	Rv2727c	miaA	intermediary metabolism and respiration	intermediary metabolism and respiration	0	5	5	0.0	3040296.5	945	False	False	0	False	NonReactive-Unq
NC_000962.3	3040765	3041461	-	CDS	Rv2728c	Rv2728c	conserved hypotheticals	conserved hypotheticals	0	3	3	0.0	3041113.0	696	False	False	0	False	NonReactive-Unq
NC_000962.3	3041569	3042475	-	CDS	Rv2729c	Rv2729c	cell wall and cell processes	cell wall and cell processes	0	4	4	0.0	3042022.0	906	False	False	0	False	NonReactive-Unq
NC_000962.3	3042541	3043018	+	CDS	Rv2730	Rv2730	conserved hypotheticals	conserved hypotheticals	0	2	2	0.0	3042779.5	477	False	False	0	False	NonReactive-Unq
NC_000962.3	3043025	3044378	+	CDS	Rv2731	Rv2731	conserved hypotheticals	conserved hypotheticals	0	6	6	0.0	3043701.5	1353	False	False	0	False	NonReactive-Unq
NC_000962.3	3044374	3044989	-	CDS	Rv2732c	Rv2732c	cell wall and cell processes	cell wall and cell processes	0	3	3	0.0	3044681.5	615	False	False	0	False	NonReactive-Unq
NC_000962.3	3044985	3046524	-	CDS	Rv2733c	Rv2733c	conserved hypotheticals	conserved hypotheticals	0	8	8	0.0	3045754.5	1539	False	False	0	False	NonReactive-Unq
NC_000962.3	3046820	3047675	+	CDS	Rv2734	Rv2734	conserved hypotheticals	conserved hypotheticals	0	4	4	0.0	3047247.5	855	False	False	0	False	NonReactive-Unq
NC_000962.3	3047559	3048552	-	CDS	Rv2735c	Rv2735c	conserved hypotheticals	conserved hypotheticals	0	5	5	0.0	3048055.5	993	False	False	0	False	NonReactive-Unq
NC_000962.3	3048561	3049086	-	CDS	Rv2736c	recX	information pathways	information pathways	0	3	3	0.0	3048823.5	525	False	False	0	False	NonReactive-Unq
NC_000962.3	3049051	3051424	-	CDS	Rv2737c	recA	information pathways	information pathways	0	10	10	0.0	3050237.5	2373	False	False	0	False	NonReactive-Unq
NC_000962.3	3051805	3052012	-	CDS	Rv2738c	Rv2738c	conserved hypotheticals	conserved hypotheticals	0	2	2	0.0	3051908.5	207	False	False	0	False	NonReactive-Unq
NC_000962.3	3052022	3053189	-	CDS	Rv2739c	Rv2739c	intermediary metabolism and respiration	intermediary metabolism and respiration	0	6	6	0.0	3052605.5	1167	False	False	0	False	NonReactive-Unq
NC_000962.3	3053232	3053682	+	CDS	Rv2740	ephG	virulence, detoxification, adaptation	virulence, detoxification, adaptation	0	2	2	0.0	3053457.0	450	False	False	0	False	NonReactive-Unq
NC_000962.3	3053913	3055491	+	CDS	Rv2741	PE_PGRS47	PE/PPE	PE/PPE	0	7	7	0.0	3054702.0	1578	False	False	0	False	NonReactive-Unq
NC_000962.3	3055514	3056348	-	CDS	Rv2742c	Rv2742c	conserved hypotheticals	conserved hypotheticals	0	3	3	0.0	3055931.0	834	False	False	0	False	NonReactive-Unq
NC_000962.3	3056419	3057232	-	CDS	Rv2743c	Rv2743c	cell wall and cell processes	cell wall and cell processes	0	4	4	0.0	3056825.5	813	False	False	0	False	NonReactive-Unq
NC_000962.3	3057250	3058063	-	CDS	Rv2744c	35kd_ag	conserved hypotheticals	conserved hypotheticals	0	4	4	0.0	3057656.5	813	False	False	0	False	NonReactive-Unq
NC_000962.3	3058192	3058531	-	CDS	Rv2745c	clgR	regulatory proteins	regulatory proteins	0	2	2	0.0	3058361.5	339	False	False	0	False	NonReactive-Unq
NC_000962.3	3058601	3059231	-	CDS	Rv2746c	pgsA3	lipid metabolism	lipid metabolism	0	3	3	0.0	3058916.0	630	False	False	0	False	NonReactive-Unq
NC_000962.3	3059261	3059786	+	CDS	Rv2747	argA	intermediary metabolism and respiration	intermediary metabolism and respiration	0	3	3	0.0	3059523.5	525	False	False	0	False	NonReactive-Unq
NC_000962.3	3059854	3062506	-	CDS	Rv2748c	ftsK	cell wall and cell processes	cell wall and cell processes	0	9	9	0.0	3061180.0	2652	False	False	0	False	NonReactive-Unq
NC_000962.3	3062504	3062819	+	CDS	Rv2749	Rv2749	conserved hypotheticals	conserved hypotheticals	0	2	2	0.0	3062661.5	315	False	False	0	False	NonReactive-Unq
NC_000962.3	3062815	3063634	+	CDS	Rv2750	Rv2750	intermediary metabolism and respiration	intermediary metabolism and respiration	0	4	4	0.0	3063224.5	819	False	False	0	False	NonReactive-Unq
NC_000962.3	3063637	3064528	+	CDS	Rv2751	Rv2751	conserved hypotheticals	conserved hypotheticals	0	4	4	0.0	3064082.5	891	False	False	0	False	NonReactive-Unq
NC_000962.3	3064514	3066191	-	CDS	Rv2752c	Rv2752c	conserved hypotheticals	conserved hypotheticals	0	8	8	0.0	3065352.5	1677	False	False	0	False	NonReactive-Unq
NC_000962.3	3066221	3067124	-	CDS	Rv2753c	dapA	intermediary metabolism and respiration	intermediary metabolism and respiration	0	3	3	0.0	3066672.5	903	False	False	0	False	NonReactive-Unq
NC_000962.3	3067192	3067945	-	CDS	Rv2754c	thyX	intermediary metabolism and respiration	intermediary metabolism and respiration	0	4	4	0.0	3067568.5	753	False	False	0	False	NonReactive-Unq
NC_000962.3	3068460	3070083	-	CDS	Rv2756c	hsdM	information pathways	information pathways	0	8	8	0.0	3069271.5	1623	False	False	0	False	NonReactive-Unq
NC_000962.3	3070169	3070586	-	CDS	Rv2757c	vapC21	virulence, detoxification, adaptation	virulence, detoxification, adaptation	0	2	2	0.0	3070377.5	417	False	False	0	False	NonReactive-Unq
NC_000962.3	3070582	3070849	-	CDS	Rv2758c	vapB21	virulence, detoxification, adaptation	virulence, detoxification, adaptation	0	2	2	0.0	3070715.5	267	False	False	0	False	NonReactive-Unq
NC_000962.3	3070874	3071270	-	CDS	Rv2759c	vapC42	virulence, detoxification, adaptation	virulence, detoxification, adaptation	0	2	2	0.0	3071072.0	396	False	False	0	False	NonReactive-Unq
NC_000962.3	3071266	3071536	-	CDS	Rv2760c	vapB42	virulence, detoxification, adaptation	virulence, detoxification, adaptation	0	2	2	0.0	3071401.0	270	False	False	0	False	NonReactive-Unq
NC_000962.3	3071545	3072640	-	CDS	Rv2761c	hsdS	information pathways	information pathways	0	5	5	0.0	3072092.5	1095	False	False	0	False	NonReactive-Unq
NC_000962.3	3072636	3073056	-	CDS	Rv2762c	Rv2762c	conserved hypotheticals	conserved hypotheticals	0	2	2	0.0	3072846.0	420	False	False	0	False	NonReactive-Unq
NC_000962.3	3073129	3073609	-	CDS	Rv2763c	dfrA	intermediary metabolism and respiration	intermediary metabolism and respiration	0	2	2	0.0	3073369.0	480	False	False	0	False	NonReactive-Unq
NC_000962.3	3073679	3074471	-	CDS	Rv2764c	thyA	intermediary metabolism and respiration	intermediary metabolism and respiration	0	4	4	0.0	3074075.0	792	False	False	0	False	NonReactive-Unq
NC_000962.3	3074635	3075373	+	CDS	Rv2765	Rv2765	intermediary metabolism and respiration	intermediary metabolism and respiration	0	4	4	0.0	3075004.0	738	False	False	0	False	NonReactive-Unq
NC_000962.3	3075587	3076370	-	CDS	Rv2766c	Rv2766c	intermediary metabolism and respiration	intermediary metabolism and respiration	0	4	4	0.0	3075978.5	783	False	False	0	False	NonReactive-Unq
NC_000962.3	3076366	3076720	-	CDS	Rv2767c	Rv2767c	cell wall and cell processes	cell wall and cell processes	0	2	2	0.0	3076543.0	354	False	False	0	False	NonReactive-Unq
NC_000962.3	3076893	3078078	-	CDS	Rv2768c	PPE43	PE/PPE	PE/PPE	0	6	6	0.0	3077485.5	1185	False	False	0	False	NonReactive-Unq
NC_000962.3	3078157	3078985	-	CDS	Rv2769c	PE27	PE/PPE	PE/PPE	0	4	4	0.0	3078571.0	828	False	False	0	False	NonReactive-Unq
NC_000962.3	3079308	3080457	-	CDS	Rv2770c	PPE44	PE/PPE	PE/PPE	1	6	7	0.14285714285714285	3079882.5	1149	True	False	0	False	NonReactive-Unq
NC_000962.3	3080580	3081033	-	CDS	Rv2771c	Rv2771c	conserved hypotheticals	conserved hypotheticals	0	2	2	0.0	3080806.5	453	False	False	0	False	NonReactive-Unq
NC_000962.3	3081118	3081592	-	CDS	Rv2772c	Rv2772c	cell wall and cell processes	cell wall and cell processes	0	3	3	0.0	3081355.0	474	False	False	0	False	NonReactive-Unq
NC_000962.3	3081603	3082341	-	CDS	Rv2773c	dapB	intermediary metabolism and respiration	intermediary metabolism and respiration	0	4	4	0.0	3081972.0	738	False	False	0	False	NonReactive-Unq
NC_000962.3	3082351	3082756	-	CDS	Rv2774c	Rv2774c	conserved hypotheticals	conserved hypotheticals	0	2	2	0.0	3082553.5	405	False	False	1	True	NonReactive-HHR
NC_000962.3	3082908	3083370	+	CDS	Rv2775	Rv2775	intermediary metabolism and respiration	intermediary metabolism and respiration	0	1	1	0.0	3083139.0	462	False	False	0	False	NonReactive-Unq
NC_000962.3	3083373	3084303	-	CDS	Rv2776c	Rv2776c	intermediary metabolism and respiration	intermediary metabolism and respiration	0	2	2	0.0	3083838.0	930	False	False	0	False	NonReactive-Unq
NC_000962.3	3084484	3085555	-	CDS	Rv2777c	Rv2777c	conserved hypotheticals	conserved hypotheticals	0	5	5	0.0	3085019.5	1071	False	False	0	False	NonReactive-Unq
NC_000962.3	3085712	3086183	-	CDS	Rv2778c	Rv2778c	conserved hypotheticals	conserved hypotheticals	0	2	2	0.0	3085947.5	471	False	False	0	False	NonReactive-Unq
NC_000962.3	3086214	3086754	-	CDS	Rv2779c	Rv2779c	regulatory proteins	regulatory proteins	0	2	2	0.0	3086484.0	540	False	False	0	False	NonReactive-Unq
NC_000962.3	3086819	3087935	+	CDS	Rv2780	ald	intermediary metabolism and respiration	intermediary metabolism and respiration	0	6	6	0.0	3087377.0	1116	False	False	0	False	NonReactive-Unq
NC_000962.3	3087949	3088984	-	CDS	Rv2781c	Rv2781c	intermediary metabolism and respiration	intermediary metabolism and respiration	0	5	5	0.0	3088466.5	1035	False	False	0	False	NonReactive-Unq
NC_000962.3	3089044	3090361	-	CDS	Rv2782c	pepR	intermediary metabolism and respiration	intermediary metabolism and respiration	0	7	7	0.0	3089702.5	1317	False	False	0	False	NonReactive-Unq
NC_000962.3	3090338	3092597	-	CDS	Rv2783c	gpsI	information pathways	information pathways	0	10	10	0.0	3091467.5	2259	False	False	0	False	NonReactive-Unq
NC_000962.3	3092950	3093466	-	CDS	Rv2784c	lppU	cell wall and cell processes	cell wall and cell processes	0	3	3	0.0	3093208.0	516	False	False	0	False	NonReactive-Unq
NC_000962.3	3093478	3093748	-	CDS	Rv2785c	rpsO	information pathways	information pathways	0	2	2	0.0	3093613.0	270	False	False	0	False	NonReactive-Unq
NC_000962.3	3093904	3094900	-	CDS	Rv2786c	ribF	intermediary metabolism and respiration	intermediary metabolism and respiration	0	5	5	0.0	3094402.0	996	False	False	0	False	NonReactive-Unq
NC_000962.3	3095110	3096874	+	CDS	Rv2787	Rv2787	conserved hypotheticals	conserved hypotheticals	0	9	9	0.0	3095992.0	1764	False	False	0	False	NonReactive-Unq
NC_000962.3	3096958	3097645	+	CDS	Rv2788	sirR	regulatory proteins	regulatory proteins	0	3	3	0.0	3097301.5	687	False	False	0	False	NonReactive-Unq
NC_000962.3	3097705	3098938	-	CDS	Rv2789c	fadE21	lipid metabolism	lipid metabolism	0	6	6	0.0	3098321.5	1233	False	False	0	False	NonReactive-Unq
NC_000962.3	3098963	3100169	-	CDS	Rv2790c	ltp1	cell wall and cell processes	cell wall and cell processes	0	6	6	0.0	3099566.0	1206	False	False	0	False	NonReactive-Unq
NC_000962.3	3100201	3101581	-	CDS	Rv2791c	Rv2791c	insertion seqs and phages	insertion seqs and phages	0	8	8	0.0	3100891.0	1380	False	False	1	True	NonReactive-HHR
NC_000962.3	3101580	3102162	-	CDS	Rv2792c	Rv2792c	insertion seqs and phages	insertion seqs and phages	0	4	4	0.0	3101871.0	582	False	False	1	True	NonReactive-HHR
NC_000962.3	3102363	3103260	-	CDS	Rv2793c	truB	information pathways	information pathways	0	4	4	0.0	3102811.5	897	False	False	0	False	NonReactive-Unq
NC_000962.3	3103256	3103940	-	CDS	Rv2794c	pptT	lipid metabolism	lipid metabolism	0	3	3	0.0	3103598.0	684	False	False	0	False	NonReactive-Unq
NC_000962.3	3103936	3104911	-	CDS	Rv2795c	Rv2795c	conserved hypotheticals	conserved hypotheticals	0	5	5	0.0	3104423.5	975	False	False	0	False	NonReactive-Unq
NC_000962.3	3105055	3105619	-	CDS	Rv2796c	lppV	cell wall and cell processes	cell wall and cell processes	0	3	3	0.0	3105337.0	564	False	False	0	False	NonReactive-Unq
NC_000962.3	3105618	3107307	-	CDS	Rv2797c	Rv2797c	conserved hypotheticals	conserved hypotheticals	0	8	8	0.0	3106462.5	1689	False	False	0	False	NonReactive-Unq
NC_000962.3	3107310	3107637	-	CDS	Rv2798c	Rv2798c	conserved hypotheticals	conserved hypotheticals	0	1	1	0.0	3107473.5	327	False	False	0	False	NonReactive-Unq
NC_000962.3	3107767	3108397	+	CDS	Rv2799	Rv2799	cell wall and cell processes	cell wall and cell processes	0	3	3	0.0	3108082.0	630	False	False	0	False	NonReactive-Unq
NC_000962.3	3108415	3110065	+	CDS	Rv2800	Rv2800	intermediary metabolism and respiration	intermediary metabolism and respiration	0	8	8	0.0	3109240.0	1650	False	False	0	False	NonReactive-Unq
NC_000962.3	3110166	3110523	-	CDS	Rv2801c	mazF9	virulence, detoxification, adaptation	virulence, detoxification, adaptation	0	2	2	0.0	3110344.5	357	False	False	0	False	NonReactive-Unq
NC_000962.3	3110779	3111823	-	CDS	Rv2802c	Rv2802c	conserved hypotheticals	conserved hypotheticals	0	5	5	0.0	3111301.0	1044	False	False	0	False	NonReactive-Unq
NC_000962.3	3111821	3112289	+	CDS	Rv2803	Rv2803	conserved hypotheticals	conserved hypotheticals	0	2	2	0.0	3112055.0	468	False	False	0	False	NonReactive-Unq
NC_000962.3	3112464	3113094	-	CDS	Rv2804c	Rv2804c	conserved hypotheticals	conserved hypotheticals	0	3	3	0.0	3112779.0	630	False	False	1	True	NonReactive-HHR
NC_000962.3	3112866	3113271	+	CDS	Rv2805	Rv2805	conserved hypotheticals	conserved hypotheticals	0	2	2	0.0	3113068.5	405	False	False	1	True	NonReactive-HHR
NC_000962.3	3113267	3113459	+	CDS	Rv2806	Rv2806	cell wall and cell processes	cell wall and cell processes	0	4	4	0.0	3113363.0	192	False	False	1	True	NonReactive-HHR
NC_000962.3	3113657	3114812	+	CDS	Rv2807	Rv2807	conserved hypotheticals	conserved hypotheticals	0	6	6	0.0	3114234.5	1155	False	False	1	True	NonReactive-HHR
NC_000962.3	3115045	3115303	+	CDS	Rv2808	Rv2808	conserved hypotheticals	conserved hypotheticals	0	2	2	0.0	3115174.0	258	False	False	0	False	NonReactive-Unq
NC_000962.3	3115407	3115719	+	CDS	Rv2809	Rv2809	conserved hypotheticals	conserved hypotheticals	0	2	2	0.0	3115563.0	312	False	False	0	False	NonReactive-Unq
NC_000962.3	3116138	3116747	+	CDS	Rv2811	Rv2811	conserved hypotheticals	conserved hypotheticals	0	3	3	0.0	3116442.5	609	False	False	0	False	NonReactive-Unq
NC_000962.3	3116817	3118227	+	CDS	Rv2812	Rv2812	insertion seqs and phages	insertion seqs and phages	0	7	7	0.0	3117522.0	1410	False	False	0	False	NonReactive-Unq
NC_000962.3	3118223	3119036	+	CDS	Rv2813	Rv2813	conserved hypotheticals	conserved hypotheticals	0	4	4	0.0	3118629.5	813	False	False	0	False	NonReactive-Unq
NC_000962.3	3123624	3123966	-	CDS	Rv2816c	Rv2816c	conserved hypotheticals	conserved hypotheticals	0	2	2	0.0	3123795.0	342	False	False	0	False	NonReactive-Unq
NC_000962.3	3123966	3124983	-	CDS	Rv2817c	Rv2817c	conserved hypotheticals	conserved hypotheticals	0	5	5	0.0	3124474.5	1017	False	False	0	False	NonReactive-Unq
NC_000962.3	3124995	3126144	-	CDS	Rv2818c	Rv2818c	unknown	unknown	0	4	4	0.0	3125569.5	1149	False	False	0	False	NonReactive-Unq
NC_000962.3	3126239	3127367	-	CDS	Rv2819c	Rv2819c	conserved hypotheticals	conserved hypotheticals	0	6	6	0.0	3126803.0	1128	False	False	0	False	NonReactive-Unq
NC_000962.3	3127363	3128272	-	CDS	Rv2820c	Rv2820c	conserved hypotheticals	conserved hypotheticals	0	5	5	0.0	3127817.5	909	False	False	0	False	NonReactive-Unq
NC_000962.3	3128252	3128963	-	CDS	Rv2821c	Rv2821c	conserved hypotheticals	conserved hypotheticals	0	4	4	0.0	3128607.5	711	False	False	0	False	NonReactive-Unq
NC_000962.3	3128972	3129347	-	CDS	Rv2822c	Rv2822c	conserved hypotheticals	conserved hypotheticals	0	2	2	0.0	3129159.5	375	False	False	0	False	NonReactive-Unq
NC_000962.3	3129343	3131773	-	CDS	Rv2823c	Rv2823c	conserved hypotheticals	conserved hypotheticals	1	9	10	0.1	3130558.0	2430	True	False	0	False	NonReactive-Unq
NC_000962.3	3131769	3132714	-	CDS	Rv2824c	Rv2824c	conserved hypotheticals	conserved hypotheticals	0	5	5	0.0	3132241.5	945	False	False	0	False	NonReactive-Unq
NC_000962.3	3132891	3133539	-	CDS	Rv2825c	Rv2825c	conserved hypotheticals	conserved hypotheticals	0	3	3	0.0	3133215.0	648	False	False	1	True	NonReactive-HHR
NC_000962.3	3133708	3134593	-	CDS	Rv2826c	Rv2826c	conserved hypotheticals	conserved hypotheticals	0	4	4	0.0	3134150.5	885	False	False	0	False	NonReactive-Unq
NC_000962.3	3134595	3135483	-	CDS	Rv2827c	Rv2827c	conserved hypotheticals	conserved hypotheticals	0	3	3	0.0	3135039.0	888	False	False	0	False	NonReactive-Unq
NC_000962.3	3135787	3136333	-	CDS	Rv2828c	Rv2828c	conserved hypotheticals	conserved hypotheticals	0	3	3	0.0	3136060.0	546	False	False	1	True	NonReactive-HHR
NC_000962.3	3136619	3137012	-	CDS	Rv2829c	vapC22	virulence, detoxification, adaptation	virulence, detoxification, adaptation	0	2	2	0.0	3136815.5	393	False	False	0	False	NonReactive-Unq
NC_000962.3	3137008	3137224	-	CDS	Rv2830c	vapB22	virulence, detoxification, adaptation	virulence, detoxification, adaptation	0	2	2	0.0	3137116.0	216	False	False	0	False	NonReactive-Unq
NC_000962.3	3137270	3138020	+	CDS	Rv2831	echA16	lipid metabolism	lipid metabolism	0	3	3	0.0	3137645.0	750	False	False	0	False	NonReactive-Unq
NC_000962.3	3138098	3139181	-	CDS	Rv2832c	ugpC	cell wall and cell processes	cell wall and cell processes	0	5	5	0.0	3138639.5	1083	False	False	0	False	NonReactive-Unq
NC_000962.3	3139173	3140484	-	CDS	Rv2833c	ugpB	cell wall and cell processes	cell wall and cell processes	0	7	7	0.0	3139828.5	1311	False	False	0	False	NonReactive-Unq
NC_000962.3	3140486	3141314	-	CDS	Rv2834c	ugpE	cell wall and cell processes	cell wall and cell processes	0	4	4	0.0	3140900.0	828	False	False	0	False	NonReactive-Unq
NC_000962.3	3141310	3142222	-	CDS	Rv2835c	ugpA	cell wall and cell processes	cell wall and cell processes	0	5	5	0.0	3141766.0	912	False	False	0	False	NonReactive-Unq
NC_000962.3	3142308	3143628	-	CDS	Rv2836c	dinF	information pathways	information pathways	0	7	7	0.0	3142968.0	1320	False	False	0	False	NonReactive-Unq
NC_000962.3	3143634	3144645	-	CDS	Rv2837c	Rv2837c	conserved hypotheticals	conserved hypotheticals	0	5	5	0.0	3144139.5	1011	False	False	0	False	NonReactive-Unq
NC_000962.3	3144619	3145171	-	CDS	Rv2838c	rbfA	information pathways	information pathways	0	3	3	0.0	3144895.0	552	False	False	0	False	NonReactive-Unq
NC_000962.3	3145170	3147873	-	CDS	Rv2839c	infB	information pathways	information pathways	0	10	10	0.0	3146521.5	2703	False	False	0	False	NonReactive-Unq
NC_000962.3	3147958	3148258	-	CDS	Rv2840c	Rv2840c	conserved hypotheticals	conserved hypotheticals	0	1	1	0.0	3148108.0	300	False	False	0	False	NonReactive-Unq
NC_000962.3	3148384	3149428	-	CDS	Rv2841c	nusA	information pathways	information pathways	0	5	5	0.0	3148906.0	1044	False	False	0	False	NonReactive-Unq
NC_000962.3	3149424	3149976	-	CDS	Rv2842c	Rv2842c	conserved hypotheticals	conserved hypotheticals	0	3	3	0.0	3149700.0	552	False	False	0	False	NonReactive-Unq
NC_000962.3	3150170	3150716	+	CDS	Rv2843	Rv2843	cell wall and cell processes	cell wall and cell processes	0	3	3	0.0	3150443.0	546	False	False	0	False	NonReactive-Unq
NC_000962.3	3150712	3151201	+	CDS	Rv2844	Rv2844	conserved hypotheticals	conserved hypotheticals	0	2	2	0.0	3150956.5	489	False	False	0	False	NonReactive-Unq
NC_000962.3	3151201	3152950	-	CDS	Rv2845c	proS	information pathways	information pathways	0	9	9	0.0	3152075.5	1749	False	False	0	False	NonReactive-Unq
NC_000962.3	3153038	3154631	-	CDS	Rv2846c	efpA	cell wall and cell processes	cell wall and cell processes	0	8	8	0.0	3153834.5	1593	False	False	0	False	NonReactive-Unq
NC_000962.3	3154653	3155871	-	CDS	Rv2847c	cysG	intermediary metabolism and respiration	intermediary metabolism and respiration	0	6	6	0.0	3155262.0	1218	False	False	0	False	NonReactive-Unq
NC_000962.3	3156147	3157521	-	CDS	Rv2848c	cobB	intermediary metabolism and respiration	intermediary metabolism and respiration	0	6	6	0.0	3156834.0	1374	False	False	0	False	NonReactive-Unq
NC_000962.3	3157520	3158144	-	CDS	Rv2849c	cobO	intermediary metabolism and respiration	intermediary metabolism and respiration	0	3	3	0.0	3157832.0	624	False	False	0	False	NonReactive-Unq
NC_000962.3	3158164	3160054	-	CDS	Rv2850c	Rv2850c	intermediary metabolism and respiration	intermediary metabolism and respiration	0	9	9	0.0	3159109.0	1890	False	False	0	False	NonReactive-Unq
NC_000962.3	3160050	3160521	-	CDS	Rv2851c	Rv2851c	intermediary metabolism and respiration	intermediary metabolism and respiration	0	2	2	0.0	3160285.5	471	False	False	0	False	NonReactive-Unq
NC_000962.3	3160579	3162061	-	CDS	Rv2852c	mqo	intermediary metabolism and respiration	intermediary metabolism and respiration	0	7	7	0.0	3161320.0	1482	False	False	0	False	NonReactive-Unq
NC_000962.3	3162267	3164115	+	CDS	Rv2853	PE_PGRS48	PE/PPE	PE/PPE	0	8	8	0.0	3163191.0	1848	False	False	0	False	NonReactive-Unq
NC_000962.3	3164151	3165192	+	CDS	Rv2854	Rv2854	conserved hypotheticals	conserved hypotheticals	0	5	5	0.0	3164671.5	1041	False	False	0	False	NonReactive-Unq
NC_000962.3	3165204	3166584	+	CDS	Rv2855	mtr	intermediary metabolism and respiration	intermediary metabolism and respiration	0	7	7	0.0	3165894.0	1380	False	False	0	False	NonReactive-Unq
NC_000962.3	3166683	3167802	+	CDS	Rv2856	nicT	cell wall and cell processes	cell wall and cell processes	0	6	6	0.0	3167242.5	1119	False	False	0	False	NonReactive-Unq
NC_000962.3	3168582	3169359	-	CDS	Rv2857c	Rv2857c	intermediary metabolism and respiration	intermediary metabolism and respiration	0	4	4	0.0	3168970.5	777	False	False	0	False	NonReactive-Unq
NC_000962.3	3169355	3170723	-	CDS	Rv2858c	aldC	intermediary metabolism and respiration	intermediary metabolism and respiration	0	7	7	0.0	3170039.0	1368	False	False	0	False	NonReactive-Unq
NC_000962.3	3170719	3171646	-	CDS	Rv2859c	Rv2859c	intermediary metabolism and respiration	intermediary metabolism and respiration	0	5	5	0.0	3171182.5	927	False	False	1	True	NonReactive-HHR
NC_000962.3	3171626	3173000	-	CDS	Rv2860c	glnA4	intermediary metabolism and respiration	intermediary metabolism and respiration	0	7	7	0.0	3172313.0	1374	False	False	1	True	NonReactive-HHR
NC_000962.3	3173159	3174017	-	CDS	Rv2861c	mapB	intermediary metabolism and respiration	intermediary metabolism and respiration	0	4	4	0.0	3173588.0	858	False	False	0	False	NonReactive-Unq
NC_000962.3	3174058	3174643	-	CDS	Rv2862c	Rv2862c	conserved hypotheticals	conserved hypotheticals	0	3	3	0.0	3174350.5	585	False	False	0	False	NonReactive-Unq
NC_000962.3	3174991	3175372	+	CDS	Rv2863	vapC23	virulence, detoxification, adaptation	virulence, detoxification, adaptation	0	2	2	0.0	3175181.5	381	False	False	0	False	NonReactive-Unq
NC_000962.3	3175453	3177265	-	CDS	Rv2864c	Rv2864c	cell wall and cell processes	cell wall and cell processes	0	8	8	0.0	3176359.0	1812	False	False	0	False	NonReactive-Unq
NC_000962.3	3177536	3177818	+	CDS	Rv2865	relF	virulence, detoxification, adaptation	virulence, detoxification, adaptation	0	2	2	0.0	3177677.0	282	False	False	0	False	NonReactive-Unq
NC_000962.3	3177821	3178085	+	CDS	Rv2866	relG	virulence, detoxification, adaptation	virulence, detoxification, adaptation	0	2	2	0.0	3177953.0	264	False	False	0	False	NonReactive-Unq
NC_000962.3	3178457	3179312	-	CDS	Rv2867c	Rv2867c	intermediary metabolism and respiration	intermediary metabolism and respiration	0	4	4	0.0	3178884.5	855	False	False	0	False	NonReactive-Unq
NC_000962.3	3179367	3180531	-	CDS	Rv2868c	gcpE	conserved hypotheticals	conserved hypotheticals	0	6	6	0.0	3179949.0	1164	False	False	0	False	NonReactive-Unq
NC_000962.3	3180547	3181762	-	CDS	Rv2869c	rip	cell wall and cell processes	cell wall and cell processes	0	6	6	0.0	3181154.5	1215	False	False	0	False	NonReactive-Unq
NC_000962.3	3181769	3183011	-	CDS	Rv2870c	dxr	intermediary metabolism and respiration	intermediary metabolism and respiration	0	6	6	0.0	3182390.0	1242	False	False	0	False	NonReactive-Unq
NC_000962.3	3183137	3183395	+	CDS	Rv2871	vapB43	virulence, detoxification, adaptation	virulence, detoxification, adaptation	0	1	1	0.0	3183266.0	258	False	False	0	False	NonReactive-Unq
NC_000962.3	3183381	3183825	+	CDS	Rv2872	vapC43	virulence, detoxification, adaptation	virulence, detoxification, adaptation	0	2	2	0.0	3183603.0	444	False	False	0	False	NonReactive-Unq
NC_000962.3	3183904	3184567	+	CDS	Rv2873	mpt83	cell wall and cell processes	cell wall and cell processes	1	5	6	0.16666666666666666	3184235.5	663	True	False	0	False	NonReactive-Unq
NC_000962.3	3184846	3186934	+	CDS	Rv2874	dipZ	intermediary metabolism and respiration	intermediary metabolism and respiration	0	10	10	0.0	3185890.0	2088	False	False	0	False	NonReactive-Unq
NC_000962.3	3187029	3187611	+	CDS	Rv2875	mpt70	cell wall and cell processes	cell wall and cell processes	1	2	3	0.3333333333333333	3187320.0	582	True	False	0	False	NonReactive-Unq
NC_000962.3	3187662	3187977	+	CDS	Rv2876	Rv2876	cell wall and cell processes	cell wall and cell processes	0	2	2	0.0	3187819.5	315	False	False	0	False	NonReactive-Unq
NC_000962.3	3188007	3188871	-	CDS	Rv2877c	Rv2877c	cell wall and cell processes	cell wall and cell processes	0	4	4	0.0	3188439.0	864	False	False	0	False	NonReactive-Unq
NC_000962.3	3188875	3189397	-	CDS	Rv2878c	mpt53	cell wall and cell processes	cell wall and cell processes	0	3	3	0.0	3189136.0	522	False	False	0	False	NonReactive-Unq
NC_000962.3	3190700	3191621	-	CDS	Rv2881c	cdsA	lipid metabolism	lipid metabolism	0	5	5	0.0	3191160.5	921	False	False	0	False	NonReactive-Unq
NC_000962.3	3191643	3192201	-	CDS	Rv2882c	frr	information pathways	information pathways	0	3	3	0.0	3191922.0	558	False	False	0	False	NonReactive-Unq
NC_000962.3	3192372	3193158	-	CDS	Rv2883c	pyrH	intermediary metabolism and respiration	intermediary metabolism and respiration	0	4	4	0.0	3192765.0	786	False	False	0	False	NonReactive-Unq
NC_000962.3	3193392	3194151	+	CDS	Rv2884	Rv2884	regulatory proteins	regulatory proteins	0	4	4	0.0	3193771.5	759	False	False	1	True	NonReactive-HHR
NC_000962.3	3194165	3195548	-	CDS	Rv2885c	Rv2885c	insertion seqs and phages	insertion seqs and phages	0	8	8	0.0	3194856.5	1383	False	False	1	True	NonReactive-HHR
NC_000962.3	3195544	3196432	-	CDS	Rv2886c	Rv2886c	insertion seqs and phages	insertion seqs and phages	0	4	4	0.0	3195988.0	888	False	False	1	True	NonReactive-HHR
NC_000962.3	3196430	3196850	+	CDS	Rv2887	Rv2887	regulatory proteins	regulatory proteins	0	2	2	0.0	3196640.0	420	False	False	0	False	NonReactive-Unq
NC_000962.3	3196863	3198285	-	CDS	Rv2888c	amiC	intermediary metabolism and respiration	intermediary metabolism and respiration	0	7	7	0.0	3197574.0	1422	False	False	0	False	NonReactive-Unq
NC_000962.3	3198291	3199107	-	CDS	Rv2889c	tsf	information pathways	information pathways	0	4	4	0.0	3198699.0	816	False	False	0	False	NonReactive-Unq
NC_000962.3	3199118	3199982	-	CDS	Rv2890c	rpsB	information pathways	information pathways	0	4	4	0.0	3199550.0	864	False	False	0	False	NonReactive-Unq
NC_000962.3	3200265	3201015	+	CDS	Rv2891	Rv2891	conserved hypotheticals	conserved hypotheticals	0	4	4	0.0	3200640.0	750	False	False	0	False	NonReactive-Unq
NC_000962.3	3200793	3202020	-	CDS	Rv2892c	PPE45	PE/PPE	PE/PPE	0	6	6	0.0	3201406.5	1227	False	False	0	False	NonReactive-Unq
NC_000962.3	3202419	3203397	+	CDS	Rv2893	Rv2893	intermediary metabolism and respiration	intermediary metabolism and respiration	0	5	5	0.0	3202908.0	978	False	False	0	False	NonReactive-Unq
NC_000962.3	3203393	3204290	-	CDS	Rv2894c	xerC	insertion seqs and phages	insertion seqs and phages	0	3	3	0.0	3203841.5	897	False	False	0	False	NonReactive-Unq
NC_000962.3	3204380	3205232	-	CDS	Rv2895c	viuB	intermediary metabolism and respiration	intermediary metabolism and respiration	0	4	4	0.0	3204806.0	852	False	False	0	False	NonReactive-Unq
NC_000962.3	3205264	3206434	-	CDS	Rv2896c	Rv2896c	conserved hypotheticals	conserved hypotheticals	0	6	6	0.0	3205849.0	1170	False	False	0	False	NonReactive-Unq
NC_000962.3	3206430	3207942	-	CDS	Rv2897c	Rv2897c	conserved hypotheticals	conserved hypotheticals	0	6	6	0.0	3207186.0	1512	False	False	0	False	NonReactive-Unq
NC_000962.3	3207941	3208328	-	CDS	Rv2898c	Rv2898c	conserved hypotheticals	conserved hypotheticals	0	2	2	0.0	3208134.5	387	False	False	0	False	NonReactive-Unq
NC_000962.3	3208575	3209406	-	CDS	Rv2899c	fdhD	intermediary metabolism and respiration	intermediary metabolism and respiration	0	4	4	0.0	3208990.5	831	False	False	0	False	NonReactive-Unq
NC_000962.3	3209405	3211745	-	CDS	Rv2900c	fdhF	intermediary metabolism and respiration	intermediary metabolism and respiration	0	10	10	0.0	3210575.0	2340	False	False	0	False	NonReactive-Unq
NC_000962.3	3211802	3212108	-	CDS	Rv2901c	Rv2901c	conserved hypotheticals	conserved hypotheticals	0	2	2	0.0	3211955.0	306	False	False	0	False	NonReactive-Unq
NC_000962.3	3212161	3212956	-	CDS	Rv2902c	rnhB	information pathways	information pathways	0	4	4	0.0	3212558.5	795	False	False	0	False	NonReactive-Unq
NC_000962.3	3212969	3213854	-	CDS	Rv2903c	lepB	cell wall and cell processes	cell wall and cell processes	0	3	3	0.0	3213411.5	885	False	False	0	False	NonReactive-Unq
NC_000962.3	3213911	3214253	-	CDS	Rv2904c	rplS	information pathways	information pathways	0	2	2	0.0	3214082.0	342	False	False	0	False	NonReactive-Unq
NC_000962.3	3214627	3215572	+	CDS	Rv2905	lppW	cell wall and cell processes	cell wall and cell processes	0	5	5	0.0	3215099.5	945	False	False	0	False	NonReactive-Unq
NC_000962.3	3215664	3216357	-	CDS	Rv2906c	trmD	information pathways	information pathways	0	3	3	0.0	3216010.5	693	False	False	0	False	NonReactive-Unq
NC_000962.3	3216360	3216891	-	CDS	Rv2907c	rimM	information pathways	information pathways	0	3	3	0.0	3216625.5	531	False	False	0	False	NonReactive-Unq
NC_000962.3	3216904	3217147	-	CDS	Rv2908c	Rv2908c	conserved hypotheticals	conserved hypotheticals	0	2	2	0.0	3217025.5	243	False	False	0	False	NonReactive-Unq
NC_000962.3	3217154	3217643	-	CDS	Rv2909c	rpsP	information pathways	information pathways	0	2	2	0.0	3217398.5	489	False	False	0	False	NonReactive-Unq
NC_000962.3	3217826	3218270	-	CDS	Rv2910c	Rv2910c	conserved hypotheticals	conserved hypotheticals	0	2	2	0.0	3218048.0	444	False	False	0	False	NonReactive-Unq
NC_000962.3	3218338	3219214	+	CDS	Rv2911	dacB2	cell wall and cell processes	cell wall and cell processes	0	4	4	0.0	3218776.0	876	False	False	0	False	NonReactive-Unq
NC_000962.3	3219273	3219861	-	CDS	Rv2912c	Rv2912c	regulatory proteins	regulatory proteins	0	3	3	0.0	3219567.0	588	False	False	0	False	NonReactive-Unq
NC_000962.3	3219862	3221698	-	CDS	Rv2913c	Rv2913c	intermediary metabolism and respiration	intermediary metabolism and respiration	0	9	9	0.0	3220780.0	1836	False	False	0	False	NonReactive-Unq
NC_000962.3	3221766	3223524	-	CDS	Rv2914c	pknI	regulatory proteins	regulatory proteins	0	9	9	0.0	3222645.0	1758	False	False	0	False	NonReactive-Unq
NC_000962.3	3223567	3224680	-	CDS	Rv2915c	Rv2915c	conserved hypotheticals	conserved hypotheticals	0	6	6	0.0	3224123.5	1113	False	False	0	False	NonReactive-Unq
NC_000962.3	3224707	3226285	-	CDS	Rv2916c	ffh	cell wall and cell processes	cell wall and cell processes	0	8	8	0.0	3225496.0	1578	False	False	0	False	NonReactive-Unq
NC_000962.3	3226362	3228243	+	CDS	Rv2917	Rv2917	conserved hypotheticals	conserved hypotheticals	0	9	9	0.0	3227302.5	1881	False	False	0	False	NonReactive-Unq
NC_000962.3	3228253	3230680	-	CDS	Rv2918c	glnD	intermediary metabolism and respiration	intermediary metabolism and respiration	0	10	10	0.0	3229466.5	2427	False	False	0	False	NonReactive-Unq
NC_000962.3	3230737	3231076	-	CDS	Rv2919c	glnB	regulatory proteins	regulatory proteins	0	2	2	0.0	3230906.5	339	False	False	0	False	NonReactive-Unq
NC_000962.3	3231072	3232506	-	CDS	Rv2920c	amt	cell wall and cell processes	cell wall and cell processes	0	7	7	0.0	3231789.0	1434	False	False	0	False	NonReactive-Unq
NC_000962.3	3232870	3234139	-	CDS	Rv2921c	ftsY	cell wall and cell processes	cell wall and cell processes	0	6	6	0.0	3233504.5	1269	False	False	0	False	NonReactive-Unq
NC_000962.3	3234188	3237806	-	CDS	Rv2922c	smc	cell wall and cell processes	cell wall and cell processes	0	10	10	0.0	3235997.0	3618	False	False	0	False	NonReactive-Unq
NC_000962.3	3237817	3238099	-	CDS	Rv2922A	acyP	intermediary metabolism and respiration	intermediary metabolism and respiration	0	2	2	0.0	3237958.0	282	False	False	0	False	NonReactive-Unq
NC_000962.3	3238085	3238499	-	CDS	Rv2923c	Rv2923c	conserved hypotheticals	conserved hypotheticals	0	2	2	0.0	3238292.0	414	False	False	0	False	NonReactive-Unq
NC_000962.3	3238600	3239470	-	CDS	Rv2924c	fpg	information pathways	information pathways	0	4	4	0.0	3239035.0	870	False	False	1	True	NonReactive-HHR
NC_000962.3	3239828	3240551	-	CDS	Rv2925c	rnc	information pathways	information pathways	0	4	4	0.0	3240189.5	723	False	False	0	False	NonReactive-Unq
NC_000962.3	3240547	3241171	-	CDS	Rv2926c	Rv2926c	conserved hypotheticals	conserved hypotheticals	0	3	3	0.0	3240859.0	624	False	False	0	False	NonReactive-Unq
NC_000962.3	3241221	3241959	-	CDS	Rv2927c	Rv2927c	conserved hypotheticals	conserved hypotheticals	0	3	3	0.0	3241590.0	738	False	False	0	False	NonReactive-Unq
NC_000962.3	3242197	3242983	+	CDS	Rv2928	tesA	lipid metabolism	lipid metabolism	0	4	4	0.0	3242590.0	786	False	False	0	False	NonReactive-Unq
NC_000962.3	3242969	3243281	+	CDS	Rv2929	Rv2929	conserved hypotheticals	conserved hypotheticals	0	2	2	0.0	3243125.0	312	False	False	0	False	NonReactive-Unq
NC_000962.3	3243696	3245448	+	CDS	Rv2930	fadD26	lipid metabolism	lipid metabolism	0	8	8	0.0	3244572.0	1752	False	False	0	False	NonReactive-Unq
NC_000962.3	3245444	3251075	+	CDS	Rv2931	ppsA	lipid metabolism	lipid metabolism	0	10	10	0.0	3248259.5	5631	False	False	1	True	NonReactive-HHR
NC_000962.3	3251071	3255688	+	CDS	Rv2932	ppsB	lipid metabolism	lipid metabolism	0	11	11	0.0	3253379.5	4617	False	False	1	True	NonReactive-HHR
NC_000962.3	3255684	3262251	+	CDS	Rv2933	ppsC	lipid metabolism	lipid metabolism	0	10	10	0.0	3258967.5	6567	False	False	0	False	NonReactive-Unq
NC_000962.3	3262247	3267731	+	CDS	Rv2934	ppsD	lipid metabolism	lipid metabolism	0	10	10	0.0	3264989.0	5484	False	False	0	False	NonReactive-Unq
NC_000962.3	3267736	3272203	+	CDS	Rv2935	ppsE	lipid metabolism	lipid metabolism	0	10	10	0.0	3269969.5	4467	False	False	0	False	NonReactive-Unq
NC_000962.3	3272213	3273209	+	CDS	Rv2936	drrA	cell wall and cell processes	cell wall and cell processes	0	5	5	0.0	3272711.0	996	False	False	0	False	NonReactive-Unq
NC_000962.3	3273205	3274075	+	CDS	Rv2937	drrB	cell wall and cell processes	cell wall and cell processes	0	4	4	0.0	3273640.0	870	False	False	0	False	NonReactive-Unq
NC_000962.3	3274071	3274902	+	CDS	Rv2938	drrC	cell wall and cell processes	cell wall and cell processes	0	4	4	0.0	3274486.5	831	False	False	0	False	NonReactive-Unq
NC_000962.3	3274948	3276217	+	CDS	Rv2939	papA5	lipid metabolism	lipid metabolism	0	6	6	0.0	3275582.5	1269	False	False	0	False	NonReactive-Unq
NC_000962.3	3276379	3282715	-	CDS	Rv2940c	mas	lipid metabolism	lipid metabolism	0	10	10	0.0	3279547.0	6336	False	False	1	True	NonReactive-HHR
NC_000962.3	3283334	3285077	+	CDS	Rv2941	fadD28	lipid metabolism	lipid metabolism	0	9	9	0.0	3284205.5	1743	False	False	0	False	NonReactive-Unq
NC_000962.3	3285069	3287832	+	CDS	Rv2942	mmpL7	cell wall and cell processes	cell wall and cell processes	0	10	10	0.0	3286450.5	2763	False	False	0	False	NonReactive-Unq
NC_000962.3	3288463	3289705	+	CDS	Rv2943	Rv2943	insertion seqs and phages	insertion seqs and phages	0	6	6	0.0	3289084.0	1242	False	False	0	False	NonReactive-Unq
NC_000962.3	3289704	3290235	+	CDS	Rv2943A	Rv2943A	insertion seqs and phages	insertion seqs and phages	0	3	3	0.0	3289969.5	531	False	False	0	False	NonReactive-Unq
NC_000962.3	3289789	3290506	+	CDS	Rv2944	Rv2944	insertion seqs and phages	insertion seqs and phages	0	4	4	0.0	3290147.5	717	False	False	0	False	NonReactive-Unq
NC_000962.3	3290623	3291325	-	CDS	Rv2945c	lppX	cell wall and cell processes	cell wall and cell processes	0	4	4	0.0	3290974.0	702	False	False	0	False	NonReactive-Unq
NC_000962.3	3291502	3296353	-	CDS	Rv2946c	pks1	lipid metabolism	lipid metabolism	0	7	7	0.0	3293927.5	4851	False	False	0	False	NonReactive-Unq
NC_000962.3	3296349	3297840	-	CDS	Rv2947c	pks15	lipid metabolism	lipid metabolism	0	6	6	0.0	3297094.5	1491	False	False	0	False	NonReactive-Unq
NC_000962.3	3297836	3299954	-	CDS	Rv2948c	fadD22	lipid metabolism	lipid metabolism	0	10	10	0.0	3298895.0	2118	False	False	0	False	NonReactive-Unq
NC_000962.3	3299970	3300570	-	CDS	Rv2949c	Rv2949c	intermediary metabolism and respiration	intermediary metabolism and respiration	0	3	3	0.0	3300270.0	600	False	False	0	False	NonReactive-Unq
NC_000962.3	3300595	3302455	-	CDS	Rv2950c	fadD29	lipid metabolism	lipid metabolism	0	9	9	0.0	3301525.0	1860	False	False	0	False	NonReactive-Unq
NC_000962.3	3303102	3304248	-	CDS	Rv2951c	Rv2951c	intermediary metabolism and respiration	intermediary metabolism and respiration	0	6	6	0.0	3303675.0	1146	False	False	0	False	NonReactive-Unq
NC_000962.3	3304440	3305253	+	CDS	Rv2952	Rv2952	intermediary metabolism and respiration	intermediary metabolism and respiration	0	4	4	0.0	3304846.5	813	False	False	0	False	NonReactive-Unq
NC_000962.3	3305278	3306535	+	CDS	Rv2953	Rv2953	lipid metabolism	lipid metabolism	0	6	6	0.0	3305906.5	1257	False	False	0	False	NonReactive-Unq
NC_000962.3	3306665	3307391	-	CDS	Rv2954c	Rv2954c	conserved hypotheticals	conserved hypotheticals	0	4	4	0.0	3307028.0	726	False	False	0	False	NonReactive-Unq
NC_000962.3	3307579	3308545	-	CDS	Rv2955c	Rv2955c	conserved hypotheticals	conserved hypotheticals	0	5	5	0.0	3308062.0	966	False	False	0	False	NonReactive-Unq
NC_000962.3	3308667	3309399	+	CDS	Rv2956	Rv2956	conserved hypotheticals	conserved hypotheticals	0	4	4	0.0	3309033.0	732	False	False	0	False	NonReactive-Unq
NC_000962.3	3309469	3310297	+	CDS	Rv2957	Rv2957	intermediary metabolism and respiration	intermediary metabolism and respiration	0	3	3	0.0	3309883.0	828	False	False	0	False	NonReactive-Unq
NC_000962.3	3310713	3312000	-	CDS	Rv2958c	Rv2958c	intermediary metabolism and respiration	intermediary metabolism and respiration	0	6	6	0.0	3311356.5	1287	False	False	0	False	NonReactive-Unq
NC_000962.3	3312100	3312838	-	CDS	Rv2959c	Rv2959c	intermediary metabolism and respiration	intermediary metabolism and respiration	0	4	4	0.0	3312469.0	738	False	False	0	False	NonReactive-Unq
NC_000962.3	3312952	3313201	-	CDS	Rv2960c	Rv2960c	conserved hypotheticals	conserved hypotheticals	0	2	2	0.0	3313076.5	249	False	False	0	False	NonReactive-Unq
NC_000962.3	3313282	3313672	+	CDS	Rv2961	Rv2961	insertion seqs and phages	insertion seqs and phages	0	2	2	0.0	3313477.0	390	False	False	0	False	NonReactive-Unq
NC_000962.3	3313772	3315122	-	CDS	Rv2962c	Rv2962c	intermediary metabolism and respiration	intermediary metabolism and respiration	0	7	7	0.0	3314447.0	1350	False	False	0	False	NonReactive-Unq
NC_000962.3	3315235	3316456	+	CDS	Rv2963	Rv2963	cell wall and cell processes	cell wall and cell processes	0	6	6	0.0	3315845.5	1221	False	False	0	False	NonReactive-Unq
NC_000962.3	3316528	3317461	+	CDS	Rv2964	purU	intermediary metabolism and respiration	intermediary metabolism and respiration	0	5	5	0.0	3316994.5	933	False	False	0	False	NonReactive-Unq
NC_000962.3	3318329	3318815	-	CDS	Rv2965c	kdtB	cell wall and cell processes	cell wall and cell processes	0	2	2	0.0	3318572.0	486	False	False	0	False	NonReactive-Unq
NC_000962.3	3318900	3319467	-	CDS	Rv2966c	Rv2966c	intermediary metabolism and respiration	intermediary metabolism and respiration	0	3	3	0.0	3319183.5	567	False	False	0	False	NonReactive-Unq
NC_000962.3	3319662	3323046	-	CDS	Rv2967c	pca	intermediary metabolism and respiration	intermediary metabolism and respiration	0	10	10	0.0	3321354.0	3384	False	False	1	True	NonReactive-HHR
NC_000962.3	3323070	3323703	-	CDS	Rv2968c	Rv2968c	cell wall and cell processes	cell wall and cell processes	0	3	3	0.0	3323386.5	633	False	False	0	False	NonReactive-Unq
NC_000962.3	3323708	3324476	-	CDS	Rv2969c	Rv2969c	cell wall and cell processes	cell wall and cell processes	0	4	4	0.0	3324092.0	768	False	False	0	False	NonReactive-Unq
NC_000962.3	3324572	3325703	-	CDS	Rv2970c	lipN	intermediary metabolism and respiration	intermediary metabolism and respiration	0	5	5	0.0	3325137.5	1131	False	False	0	False	NonReactive-Unq
NC_000962.3	3325933	3326104	+	CDS	Rv2970A	Rv2970A	conserved hypotheticals	conserved hypotheticals	0	2	2	0.0	3326018.5	171	False	False	0	False	NonReactive-Unq
NC_000962.3	3326100	3326949	+	CDS	Rv2971	Rv2971	intermediary metabolism and respiration	intermediary metabolism and respiration	0	4	4	0.0	3326524.5	849	False	False	0	False	NonReactive-Unq
NC_000962.3	3327022	3327736	-	CDS	Rv2972c	Rv2972c	cell wall and cell processes	cell wall and cell processes	0	4	4	0.0	3327379.0	714	False	False	0	False	NonReactive-Unq
NC_000962.3	3327732	3329946	-	CDS	Rv2973c	recG	information pathways	information pathways	0	2	2	0.0	3328839.0	2214	False	False	0	False	NonReactive-Unq
NC_000962.3	3329948	3331361	-	CDS	Rv2974c	Rv2974c	conserved hypotheticals	conserved hypotheticals	0	6	6	0.0	3330654.5	1413	False	False	0	False	NonReactive-Unq
NC_000962.3	3331357	3331612	-	CDS	Rv2975c	Rv2975c	conserved hypotheticals	conserved hypotheticals	0	2	2	0.0	3331484.5	255	False	False	0	False	NonReactive-Unq
NC_000962.3	3332070	3332754	-	CDS	Rv2976c	ung	information pathways	information pathways	0	3	3	0.0	3332412.0	684	False	False	0	False	NonReactive-Unq
NC_000962.3	3332786	3333788	-	CDS	Rv2977c	thiL	intermediary metabolism and respiration	intermediary metabolism and respiration	0	5	5	0.0	3333287.0	1002	False	False	1	True	NonReactive-HHR
NC_000962.3	3333784	3335164	-	CDS	Rv2978c	Rv2978c	insertion seqs and phages	insertion seqs and phages	0	8	8	0.0	3334474.0	1380	False	False	1	True	NonReactive-HHR
NC_000962.3	3335163	3335748	-	CDS	Rv2979c	Rv2979c	insertion seqs and phages	insertion seqs and phages	0	3	3	0.0	3335455.5	585	False	False	1	True	NonReactive-HHR
NC_000962.3	3335959	3336505	+	CDS	Rv2980	Rv2980	cell wall and cell processes	cell wall and cell processes	0	3	3	0.0	3336232.0	546	False	False	0	False	NonReactive-Unq
NC_000962.3	3336795	3337917	-	CDS	Rv2981c	ddlA	cell wall and cell processes	cell wall and cell processes	0	5	5	0.0	3337356.0	1122	False	False	0	False	NonReactive-Unq
NC_000962.3	3337994	3338999	-	CDS	Rv2982c	gpdA2	lipid metabolism	lipid metabolism	0	5	5	0.0	3338496.5	1005	False	False	0	False	NonReactive-Unq
NC_000962.3	3339117	3339762	+	CDS	Rv2983	Rv2983	conserved hypotheticals	conserved hypotheticals	0	2	2	0.0	3339439.5	645	False	False	0	False	NonReactive-Unq
NC_000962.3	3339853	3342082	+	CDS	Rv2984	ppk1	intermediary metabolism and respiration	intermediary metabolism and respiration	0	9	9	0.0	3340967.5	2229	False	False	0	False	NonReactive-Unq
NC_000962.3	3342164	3343118	+	CDS	Rv2985	mutT1	information pathways	information pathways	0	5	5	0.0	3342641.0	954	False	False	0	False	NonReactive-Unq
NC_000962.3	3343175	3343820	-	CDS	Rv2986c	hupB	information pathways	information pathways	0	3	3	0.0	3343497.5	645	False	False	0	False	NonReactive-Unq
NC_000962.3	3344032	3344629	-	CDS	Rv2987c	leuD	intermediary metabolism and respiration	intermediary metabolism and respiration	0	3	3	0.0	3344330.5	597	False	False	0	False	NonReactive-Unq
NC_000962.3	3344653	3346075	-	CDS	Rv2988c	leuC	intermediary metabolism and respiration	intermediary metabolism and respiration	0	7	7	0.0	3345364.0	1422	False	False	0	False	NonReactive-Unq
NC_000962.3	3346146	3346848	+	CDS	Rv2989	Rv2989	regulatory proteins	regulatory proteins	0	1	1	0.0	3346497.0	702	False	False	0	False	NonReactive-Unq
NC_000962.3	3346858	3347719	-	CDS	Rv2990c	Rv2990c	conserved hypotheticals	conserved hypotheticals	0	4	4	0.0	3347288.5	861	False	False	0	False	NonReactive-Unq
NC_000962.3	3347981	3348473	+	CDS	Rv2991	Rv2991	conserved hypotheticals	conserved hypotheticals	0	2	2	0.0	3348227.0	492	False	False	0	False	NonReactive-Unq
NC_000962.3	3348804	3350277	-	CDS	Rv2992c	gltS	information pathways	information pathways	0	7	7	0.0	3349540.5	1473	False	False	0	False	NonReactive-Unq
NC_000962.3	3350273	3350993	-	CDS	Rv2993c	Rv2993c	intermediary metabolism and respiration	intermediary metabolism and respiration	0	2	2	0.0	3350633.0	720	False	False	0	False	NonReactive-Unq
NC_000962.3	3351268	3352606	+	CDS	Rv2994	Rv2994	cell wall and cell processes	cell wall and cell processes	0	7	7	0.0	3351937.0	1338	False	False	0	False	NonReactive-Unq
NC_000962.3	3352457	3353468	-	CDS	Rv2995c	leuB	intermediary metabolism and respiration	intermediary metabolism and respiration	0	5	5	0.0	3352962.5	1011	False	False	0	False	NonReactive-Unq
NC_000962.3	3353482	3355069	-	CDS	Rv2996c	serA1	intermediary metabolism and respiration	intermediary metabolism and respiration	0	8	8	0.0	3354275.5	1587	False	False	0	False	NonReactive-Unq
NC_000962.3	3355098	3356541	+	CDS	Rv2997	Rv2997	intermediary metabolism and respiration	intermediary metabolism and respiration	0	7	7	0.0	3355819.5	1443	False	False	0	False	NonReactive-Unq
NC_000962.3	3356814	3357276	+	CDS	Rv2998	Rv2998	conserved hypotheticals	conserved hypotheticals	0	1	1	0.0	3357045.0	462	False	False	0	False	NonReactive-Unq
NC_000962.3	3357601	3358567	+	CDS	Rv2999	lppY	cell wall and cell processes	cell wall and cell processes	0	5	5	0.0	3358084.0	966	False	False	0	False	NonReactive-Unq
NC_000962.3	3358611	3359271	+	CDS	Rv3000	Rv3000	cell wall and cell processes	cell wall and cell processes	0	3	3	0.0	3358941.0	660	False	False	0	False	NonReactive-Unq
NC_000962.3	3359584	3360586	-	CDS	Rv3001c	ilvC	intermediary metabolism and respiration	intermediary metabolism and respiration	0	4	4	0.0	3360085.0	1002	False	False	0	False	NonReactive-Unq
NC_000962.3	3360623	3361130	-	CDS	Rv3002c	ilvN	intermediary metabolism and respiration	intermediary metabolism and respiration	0	3	3	0.0	3360876.5	507	False	False	0	False	NonReactive-Unq
NC_000962.3	3361129	3362986	-	CDS	Rv3003c	ilvB1	intermediary metabolism and respiration	intermediary metabolism and respiration	0	9	9	0.0	3362057.5	1857	False	False	0	False	NonReactive-Unq
NC_000962.3	3363347	3363686	+	CDS	Rv3004	cfp6	cell wall and cell processes	cell wall and cell processes	0	3	3	0.0	3363516.5	339	False	False	0	False	NonReactive-Unq
NC_000962.3	3363692	3364532	-	CDS	Rv3005c	Rv3005c	conserved hypotheticals	conserved hypotheticals	0	4	4	0.0	3364112.0	840	False	False	0	False	NonReactive-Unq
NC_000962.3	3364708	3365830	+	CDS	Rv3006	lppZ	cell wall and cell processes	cell wall and cell processes	0	6	6	0.0	3365269.0	1122	False	False	0	False	NonReactive-Unq
NC_000962.3	3365835	3366450	-	CDS	Rv3007c	Rv3007c	intermediary metabolism and respiration	intermediary metabolism and respiration	0	3	3	0.0	3366142.5	615	False	False	0	False	NonReactive-Unq
NC_000962.3	3366643	3367267	+	CDS	Rv3008	Rv3008	conserved hypotheticals	conserved hypotheticals	0	3	3	0.0	3366955.0	624	False	False	0	False	NonReactive-Unq
NC_000962.3	3367263	3368793	-	CDS	Rv3009c	gatB	information pathways	information pathways	0	8	8	0.0	3368028.0	1530	False	False	0	False	NonReactive-Unq
NC_000962.3	3368822	3369854	-	CDS	Rv3010c	pfkA	intermediary metabolism and respiration	intermediary metabolism and respiration	0	5	5	0.0	3369338.0	1032	False	False	0	False	NonReactive-Unq
NC_000962.3	3369949	3371434	-	CDS	Rv3011c	gatA	information pathways	information pathways	0	7	7	0.0	3370691.5	1485	False	False	0	False	NonReactive-Unq
NC_000962.3	3371430	3371730	-	CDS	Rv3012c	gatC	information pathways	information pathways	0	2	2	0.0	3371580.0	300	False	False	0	False	NonReactive-Unq
NC_000962.3	3371814	3372471	+	CDS	Rv3013	Rv3013	conserved hypotheticals	conserved hypotheticals	0	3	3	0.0	3372142.5	657	False	False	0	False	NonReactive-Unq
NC_000962.3	3372544	3374620	-	CDS	Rv3014c	ligA	information pathways	information pathways	0	10	10	0.0	3373582.0	2076	False	False	0	False	NonReactive-Unq
NC_000962.3	3374650	3375664	-	CDS	Rv3015c	Rv3015c	conserved hypotheticals	conserved hypotheticals	0	5	5	0.0	3375157.0	1014	False	False	0	False	NonReactive-Unq
NC_000962.3	3375757	3376387	+	CDS	Rv3016	lpqA	cell wall and cell processes	cell wall and cell processes	0	2	2	0.0	3376072.0	630	False	False	0	False	NonReactive-Unq
NC_000962.3	3376489	3376852	-	CDS	Rv3017c	esxQ	cell wall and cell processes	esx	0	2	2	0.0	3376670.5	363	False	False	0	False	NonReactive-Unq
NC_000962.3	3376938	3378243	-	CDS	Rv3018c	PPE46	PE/PPE	PE/PPE	3	3	6	0.5	3377590.5	1305	True	True	1	True	Antigen-HHR
NC_000962.3	3378710	3379001	-	CDS	Rv3019c	esxR	cell wall and cell processes	esx	3	0	3	1.0	3378855.5	291	True	True	0	False	Antigen-Unq
NC_000962.3	3379035	3379329	-	CDS	Rv3020c	esxS	cell wall and cell processes	esx	2	0	2	1.0	3379182.0	294	True	True	0	False	Antigen-Unq
NC_000962.3	3380678	3380993	-	CDS	Rv3022A	PE29	PE/PPE	PE/PPE	0	3	3	0.0	3380835.5	315	False	False	1	True	NonReactive-HHR
NC_000962.3	3381374	3382622	-	CDS	Rv3023c	Rv3023c	insertion seqs and phages	insertion seqs and phages	3	5	8	0.375	3381998.0	1248	True	True	1	True	Antigen-HHR
NC_000962.3	3382784	3383888	-	CDS	Rv3024c	trmU	information pathways	information pathways	2	3	5	0.4	3383336.0	1104	True	True	0	False	Antigen-Unq
NC_000962.3	3383884	3385066	-	CDS	Rv3025c	iscS	intermediary metabolism and respiration	intermediary metabolism and respiration	1	5	6	0.16666666666666666	3384475.0	1182	True	False	0	False	NonReactive-Unq
NC_000962.3	3385162	3386077	-	CDS	Rv3026c	Rv3026c	conserved hypotheticals	conserved hypotheticals	0	5	5	0.0	3385619.5	915	False	False	0	False	NonReactive-Unq
NC_000962.3	3386073	3386919	-	CDS	Rv3027c	Rv3027c	intermediary metabolism and respiration	intermediary metabolism and respiration	0	4	4	0.0	3386496.0	846	False	False	0	False	NonReactive-Unq
NC_000962.3	3387074	3388031	-	CDS	Rv3028c	fixB	intermediary metabolism and respiration	intermediary metabolism and respiration	0	5	5	0.0	3387552.5	957	False	False	0	False	NonReactive-Unq
NC_000962.3	3388069	3388870	-	CDS	Rv3029c	fixA	intermediary metabolism and respiration	intermediary metabolism and respiration	0	4	4	0.0	3388469.5	801	False	False	0	False	NonReactive-Unq
NC_000962.3	3389100	3389925	+	CDS	Rv3030	Rv3030	conserved hypotheticals	conserved hypotheticals	0	4	4	0.0	3389512.5	825	False	False	0	False	NonReactive-Unq
NC_000962.3	3389921	3391502	+	CDS	Rv3031	Rv3031	conserved hypotheticals	conserved hypotheticals	0	8	8	0.0	3390711.5	1581	False	False	0	False	NonReactive-Unq
NC_000962.3	3391533	3392778	+	CDS	Rv3032	Rv3032	intermediary metabolism and respiration	intermediary metabolism and respiration	0	6	6	0.0	3392155.5	1245	False	False	0	False	NonReactive-Unq
NC_000962.3	3393379	3393928	+	CDS	Rv3033	Rv3033	conserved hypotheticals	conserved hypotheticals	0	2	2	0.0	3393653.5	549	False	False	0	False	NonReactive-Unq
NC_000962.3	3394018	3394921	-	CDS	Rv3034c	Rv3034c	intermediary metabolism and respiration	intermediary metabolism and respiration	0	4	4	0.0	3394469.5	903	False	False	0	False	NonReactive-Unq
NC_000962.3	3395378	3396461	+	CDS	Rv3035	Rv3035	conserved hypotheticals	conserved hypotheticals	0	5	5	0.0	3395919.5	1083	False	False	0	False	NonReactive-Unq
NC_000962.3	3396457	3397141	-	CDS	Rv3036c	TB22.2	cell wall and cell processes	cell wall and cell processes	0	3	3	0.0	3396799.0	684	False	False	0	False	NonReactive-Unq
NC_000962.3	3397213	3398290	-	CDS	Rv3037c	Rv3037c	conserved hypotheticals	conserved hypotheticals	0	5	5	0.0	3397751.5	1077	False	False	0	False	NonReactive-Unq
NC_000962.3	3398424	3399408	-	CDS	Rv3038c	Rv3038c	conserved hypotheticals	conserved hypotheticals	0	5	5	0.0	3398916.0	984	False	False	0	False	NonReactive-Unq
NC_000962.3	3399418	3400183	-	CDS	Rv3039c	echA17	lipid metabolism	lipid metabolism	0	4	4	0.0	3399800.5	765	False	False	0	False	NonReactive-Unq
NC_000962.3	3400191	3401058	-	CDS	Rv3040c	Rv3040c	conserved hypotheticals	conserved hypotheticals	0	4	4	0.0	3400624.5	867	False	False	0	False	NonReactive-Unq
NC_000962.3	3401054	3401918	-	CDS	Rv3041c	Rv3041c	cell wall and cell processes	cell wall and cell processes	0	4	4	0.0	3401486.0	864	False	False	0	False	NonReactive-Unq
NC_000962.3	3401932	3403162	-	CDS	Rv3042c	serB2	intermediary metabolism and respiration	intermediary metabolism and respiration	0	6	6	0.0	3402547.0	1230	False	False	0	False	NonReactive-Unq
NC_000962.3	3403199	3404921	-	CDS	Rv3043c	ctaD	intermediary metabolism and respiration	intermediary metabolism and respiration	0	9	9	0.0	3404060.0	1722	False	False	0	False	NonReactive-Unq
NC_000962.3	3405135	3406215	+	CDS	Rv3044	fecB	cell wall and cell processes	cell wall and cell processes	0	5	5	0.0	3405675.0	1080	False	False	0	False	NonReactive-Unq
NC_000962.3	3406284	3407325	+	CDS	Rv3045	adhC	intermediary metabolism and respiration	intermediary metabolism and respiration	0	5	5	0.0	3406804.5	1041	False	False	0	False	NonReactive-Unq
NC_000962.3	3407313	3407688	-	CDS	Rv3046c	Rv3046c	conserved hypotheticals	conserved hypotheticals	0	2	2	0.0	3407500.5	375	False	False	0	False	NonReactive-Unq
NC_000962.3	3408021	3408306	-	CDS	Rv3047c	Rv3047c	conserved hypotheticals	conserved hypotheticals	0	2	2	0.0	3408163.5	285	False	False	0	False	NonReactive-Unq
NC_000962.3	3408403	3409378	-	CDS	Rv3048c	nrdF2	information pathways	information pathways	0	5	5	0.0	3408890.5	975	False	False	0	False	NonReactive-Unq
NC_000962.3	3409508	3411083	-	CDS	Rv3049c	Rv3049c	intermediary metabolism and respiration	intermediary metabolism and respiration	0	8	8	0.0	3410295.5	1575	False	False	0	False	NonReactive-Unq
NC_000962.3	3411216	3411957	-	CDS	Rv3050c	Rv3050c	regulatory proteins	regulatory proteins	0	4	4	0.0	3411586.5	741	False	False	0	False	NonReactive-Unq
NC_000962.3	3412084	3414166	-	CDS	Rv3051c	nrdE	information pathways	information pathways	0	9	9	0.0	3413125.0	2082	False	False	0	False	NonReactive-Unq
NC_000962.3	3414231	3414684	-	CDS	Rv3052c	nrdI	information pathways	information pathways	0	2	2	0.0	3414457.5	453	False	False	0	False	NonReactive-Unq
NC_000962.3	3414718	3414958	-	CDS	Rv3053c	nrdH	information pathways	information pathways	0	2	2	0.0	3414838.0	240	False	False	0	False	NonReactive-Unq
NC_000962.3	3415434	3415989	-	CDS	Rv3054c	Rv3054c	conserved hypotheticals	conserved hypotheticals	0	3	3	0.0	3415711.5	555	False	False	0	False	NonReactive-Unq
NC_000962.3	3416080	3416695	+	CDS	Rv3055	Rv3055	regulatory proteins	regulatory proteins	0	2	2	0.0	3416387.5	615	False	False	0	False	NonReactive-Unq
NC_000962.3	3416704	3417745	+	CDS	Rv3056	dinP	information pathways	information pathways	0	5	5	0.0	3417224.5	1041	False	False	0	False	NonReactive-Unq
NC_000962.3	3417798	3418662	-	CDS	Rv3057c	Rv3057c	intermediary metabolism and respiration	intermediary metabolism and respiration	0	4	4	0.0	3418230.0	864	False	False	0	False	NonReactive-Unq
NC_000962.3	3418725	3419376	-	CDS	Rv3058c	Rv3058c	regulatory proteins	regulatory proteins	0	3	3	0.0	3419050.5	651	False	False	0	False	NonReactive-Unq
NC_000962.3	3419491	3420970	+	CDS	Rv3059	cyp136	intermediary metabolism and respiration	intermediary metabolism and respiration	0	6	6	0.0	3420230.5	1479	False	False	0	False	NonReactive-Unq
NC_000962.3	3421740	3423213	-	CDS	Rv3060c	Rv3060c	regulatory proteins	regulatory proteins	0	7	7	0.0	3422476.5	1473	False	False	0	False	NonReactive-Unq
NC_000962.3	3423261	3425427	-	CDS	Rv3061c	fadE22	lipid metabolism	lipid metabolism	0	10	10	0.0	3424344.0	2166	False	False	0	False	NonReactive-Unq
NC_000962.3	3425583	3427107	+	CDS	Rv3062	ligB	information pathways	information pathways	0	8	8	0.0	3426345.0	1524	False	False	0	False	NonReactive-Unq
NC_000962.3	3427242	3429519	+	CDS	Rv3063	cstA	virulence, detoxification, adaptation	virulence, detoxification, adaptation	1	9	10	0.1	3428380.5	2277	True	False	0	False	NonReactive-Unq
NC_000962.3	3429824	3430250	-	CDS	Rv3064c	Rv3064c	cell wall and cell processes	cell wall and cell processes	0	2	2	0.0	3430037.0	426	False	False	0	False	NonReactive-Unq
NC_000962.3	3430386	3430710	+	CDS	Rv3065	mmr	cell wall and cell processes	cell wall and cell processes	0	2	2	0.0	3430548.0	324	False	False	0	False	NonReactive-Unq
NC_000962.3	3430706	3431315	+	CDS	Rv3066	Rv3066	regulatory proteins	regulatory proteins	0	3	3	0.0	3431010.5	609	False	False	0	False	NonReactive-Unq
NC_000962.3	3431427	3431838	+	CDS	Rv3067	Rv3067	conserved hypotheticals	conserved hypotheticals	0	2	2	0.0	3431632.5	411	False	False	0	False	NonReactive-Unq
NC_000962.3	3431978	3433622	-	CDS	Rv3068c	pgmA	intermediary metabolism and respiration	intermediary metabolism and respiration	0	8	8	0.0	3432800.0	1644	False	False	0	False	NonReactive-Unq
NC_000962.3	3433691	3434090	+	CDS	Rv3069	Rv3069	cell wall and cell processes	cell wall and cell processes	0	3	3	0.0	3433890.5	399	False	False	0	False	NonReactive-Unq
NC_000962.3	3434086	3434467	+	CDS	Rv3070	Rv3070	cell wall and cell processes	cell wall and cell processes	0	2	2	0.0	3434276.5	381	False	False	0	False	NonReactive-Unq
NC_000962.3	3434463	3435573	+	CDS	Rv3071	Rv3071	conserved hypotheticals	conserved hypotheticals	1	5	6	0.16666666666666666	3435018.0	1110	True	False	0	False	NonReactive-Unq
NC_000962.3	3435797	3436322	-	CDS	Rv3072c	Rv3072c	conserved hypotheticals	conserved hypotheticals	0	3	3	0.0	3436059.5	525	False	False	0	False	NonReactive-Unq
NC_000962.3	3436328	3436685	-	CDS	Rv3073c	Rv3073c	conserved hypotheticals	conserved hypotheticals	0	2	2	0.0	3436506.5	357	False	False	0	False	NonReactive-Unq
NC_000962.3	3436778	3438053	+	CDS	Rv3074	Rv3074	conserved hypotheticals	conserved hypotheticals	0	5	5	0.0	3437415.5	1275	False	False	0	False	NonReactive-Unq
NC_000962.3	3438049	3438973	-	CDS	Rv3075c	Rv3075c	conserved hypotheticals	conserved hypotheticals	0	5	5	0.0	3438511.0	924	False	False	0	False	NonReactive-Unq
NC_000962.3	3439071	3439548	+	CDS	Rv3076	Rv3076	conserved hypotheticals	conserved hypotheticals	0	1	1	0.0	3439309.5	477	False	False	0	False	NonReactive-Unq
NC_000962.3	3439540	3441352	+	CDS	Rv3077	Rv3077	intermediary metabolism and respiration	intermediary metabolism and respiration	0	9	9	0.0	3440446.0	1812	False	False	0	False	NonReactive-Unq
NC_000962.3	3441352	3441754	+	CDS	Rv3078	hab	intermediary metabolism and respiration	intermediary metabolism and respiration	0	2	2	0.0	3441553.0	402	False	False	0	False	NonReactive-Unq
NC_000962.3	3441769	3442597	-	CDS	Rv3079c	Rv3079c	conserved hypotheticals	conserved hypotheticals	0	4	4	0.0	3442183.0	828	False	False	0	False	NonReactive-Unq
NC_000962.3	3442655	3445988	-	CDS	Rv3080c	pknK	regulatory proteins	regulatory proteins	0	10	10	0.0	3444321.5	3333	False	False	0	False	NonReactive-Unq
NC_000962.3	3446039	3447278	+	CDS	Rv3081	Rv3081	conserved hypotheticals	conserved hypotheticals	0	5	5	0.0	3446658.5	1239	False	False	0	False	NonReactive-Unq
NC_000962.3	3447403	3448426	-	CDS	Rv3082c	virS	virulence, detoxification, adaptation	virulence, detoxification, adaptation	0	5	5	0.0	3447914.5	1023	False	False	0	False	NonReactive-Unq
NC_000962.3	3448503	3449991	+	CDS	Rv3083	Rv3083	intermediary metabolism and respiration	intermediary metabolism and respiration	0	7	7	0.0	3449247.0	1488	False	False	0	False	NonReactive-Unq
NC_000962.3	3449996	3450923	+	CDS	Rv3084	lipR	intermediary metabolism and respiration	intermediary metabolism and respiration	0	5	5	0.0	3450459.5	927	False	False	0	False	NonReactive-Unq
NC_000962.3	3450919	3451750	+	CDS	Rv3085	Rv3085	intermediary metabolism and respiration	intermediary metabolism and respiration	0	4	4	0.0	3451334.5	831	False	False	0	False	NonReactive-Unq
NC_000962.3	3451780	3452887	+	CDS	Rv3086	adhD	intermediary metabolism and respiration	intermediary metabolism and respiration	0	5	5	0.0	3452333.5	1107	False	False	0	False	NonReactive-Unq
NC_000962.3	3452924	3454343	+	CDS	Rv3087	Rv3087	lipid metabolism	lipid metabolism	0	7	7	0.0	3453633.5	1419	False	False	0	False	NonReactive-Unq
NC_000962.3	3454339	3455764	+	CDS	Rv3088	tgs4	lipid metabolism	lipid metabolism	0	7	7	0.0	3455051.5	1425	False	False	0	False	NonReactive-Unq
NC_000962.3	3455760	3457272	+	CDS	Rv3089	fadD13	lipid metabolism	lipid metabolism	0	8	8	0.0	3456516.0	1512	False	False	0	False	NonReactive-Unq
NC_000962.3	3458210	3459098	+	CDS	Rv3090	Rv3090	conserved hypotheticals	conserved hypotheticals	0	4	4	0.0	3458654.0	888	False	False	0	False	NonReactive-Unq
NC_000962.3	3459115	3460807	+	CDS	Rv3091	Rv3091	conserved hypotheticals	conserved hypotheticals	0	8	8	0.0	3459961.0	1692	False	False	0	False	NonReactive-Unq
NC_000962.3	3460813	3461734	-	CDS	Rv3092c	Rv3092c	cell wall and cell processes	cell wall and cell processes	0	5	5	0.0	3461273.5	921	False	False	0	False	NonReactive-Unq
NC_000962.3	3461759	3462764	-	CDS	Rv3093c	Rv3093c	intermediary metabolism and respiration	intermediary metabolism and respiration	0	5	5	0.0	3462261.5	1005	False	False	0	False	NonReactive-Unq
NC_000962.3	3462760	3463891	-	CDS	Rv3094c	Rv3094c	conserved hypotheticals	conserved hypotheticals	0	6	6	0.0	3463325.5	1131	False	False	0	False	NonReactive-Unq
NC_000962.3	3463972	3464449	+	CDS	Rv3095	Rv3095	regulatory proteins	regulatory proteins	0	2	2	0.0	3464210.5	477	False	False	0	False	NonReactive-Unq
NC_000962.3	3464546	3465686	+	CDS	Rv3096	Rv3096	conserved hypotheticals	conserved hypotheticals	0	6	6	0.0	3465116.0	1140	False	False	0	False	NonReactive-Unq
NC_000962.3	3465777	3467091	-	CDS	Rv3097c	lipY	PE/PPE	PE/PPE	0	7	7	0.0	3466434.0	1314	False	False	0	False	NonReactive-Unq
NC_000962.3	3467209	3467662	-	CDS	Rv3098c	Rv3098c	conserved hypotheticals	conserved hypotheticals	0	1	1	0.0	3467435.5	453	False	False	0	False	NonReactive-Unq
NC_000962.3	3468412	3469264	-	CDS	Rv3099c	Rv3099c	conserved hypotheticals	conserved hypotheticals	0	4	4	0.0	3468838.0	852	False	False	0	False	NonReactive-Unq
NC_000962.3	3469300	3469783	-	CDS	Rv3100c	smpB	virulence, detoxification, adaptation	virulence, detoxification, adaptation	0	2	2	0.0	3469541.5	483	False	False	0	False	NonReactive-Unq
NC_000962.3	3469785	3470679	-	CDS	Rv3101c	ftsX	cell wall and cell processes	cell wall and cell processes	0	4	4	0.0	3470232.0	894	False	False	0	False	NonReactive-Unq
NC_000962.3	3470679	3471369	-	CDS	Rv3102c	ftsE	cell wall and cell processes	cell wall and cell processes	0	3	3	0.0	3471024.0	690	False	False	0	False	NonReactive-Unq
NC_000962.3	3471412	3471850	-	CDS	Rv3103c	Rv3103c	conserved hypotheticals	conserved hypotheticals	0	2	2	0.0	3471631.0	438	False	False	0	False	NonReactive-Unq
NC_000962.3	3471851	3472778	-	CDS	Rv3104c	Rv3104c	cell wall and cell processes	cell wall and cell processes	0	5	5	0.0	3472314.5	927	False	False	0	False	NonReactive-Unq
NC_000962.3	3472767	3473904	-	CDS	Rv3105c	prfB	information pathways	information pathways	0	6	6	0.0	3473335.5	1137	False	False	0	False	NonReactive-Unq
NC_000962.3	3474006	3475377	+	CDS	Rv3106	fprA	intermediary metabolism and respiration	intermediary metabolism and respiration	0	7	7	0.0	3474691.5	1371	False	False	0	False	NonReactive-Unq
NC_000962.3	3475377	3476961	-	CDS	Rv3107c	agpS	lipid metabolism	lipid metabolism	0	8	8	0.0	3476169.0	1584	False	False	0	False	NonReactive-Unq
NC_000962.3	3477059	3477500	+	CDS	Rv3108	Rv3108	conserved hypotheticals	conserved hypotheticals	0	2	2	0.0	3477279.5	441	False	False	0	False	NonReactive-Unq
NC_000962.3	3477648	3478728	+	CDS	Rv3109	moaA1	intermediary metabolism and respiration	intermediary metabolism and respiration	0	5	5	0.0	3478188.0	1080	False	False	0	False	NonReactive-Unq
NC_000962.3	3478778	3479174	+	CDS	Rv3110	moaB1	intermediary metabolism and respiration	intermediary metabolism and respiration	0	2	2	0.0	3478976.0	396	False	False	0	False	NonReactive-Unq
NC_000962.3	3479170	3479683	+	CDS	Rv3111	moaC1	intermediary metabolism and respiration	intermediary metabolism and respiration	0	3	3	0.0	3479426.5	513	False	False	0	False	NonReactive-Unq
NC_000962.3	3479699	3479951	+	CDS	Rv3112	moaD1	intermediary metabolism and respiration	intermediary metabolism and respiration	0	2	2	0.0	3479825.0	252	False	False	0	False	NonReactive-Unq
NC_000962.3	3480073	3480742	+	CDS	Rv3113	Rv3113	intermediary metabolism and respiration	intermediary metabolism and respiration	0	3	3	0.0	3480407.5	669	False	False	0	False	NonReactive-Unq
NC_000962.3	3480758	3481289	+	CDS	Rv3114	Rv3114	conserved hypotheticals	conserved hypotheticals	0	3	3	0.0	3481023.5	531	False	False	0	False	NonReactive-Unq
NC_000962.3	3481450	3482698	+	CDS	Rv3115	Rv3115	insertion seqs and phages	insertion seqs and phages	3	5	8	0.375	3482074.0	1248	True	True	1	True	Antigen-HHR
NC_000962.3	3482775	3483945	+	CDS	Rv3116	moeB2	intermediary metabolism and respiration	intermediary metabolism and respiration	0	6	6	0.0	3483360.0	1170	False	False	0	False	NonReactive-Unq
NC_000962.3	3483973	3484807	+	CDS	Rv3117	cysA3	intermediary metabolism and respiration	intermediary metabolism and respiration	0	4	4	0.0	3484390.0	834	False	False	1	True	NonReactive-HHR
NC_000962.3	3484808	3485111	+	CDS	Rv3118	sseC1	intermediary metabolism and respiration	intermediary metabolism and respiration	0	2	2	0.0	3484959.5	303	False	False	1	True	NonReactive-HHR
NC_000962.3	3485131	3485575	+	CDS	Rv3119	moaE1	intermediary metabolism and respiration	intermediary metabolism and respiration	0	2	2	0.0	3485353.0	444	False	False	0	False	NonReactive-Unq
NC_000962.3	3485571	3486174	+	CDS	Rv3120	Rv3120	conserved hypotheticals	conserved hypotheticals	0	3	3	0.0	3485872.5	603	False	False	0	False	NonReactive-Unq
NC_000962.3	3486508	3487711	+	CDS	Rv3121	cyp141	intermediary metabolism and respiration	intermediary metabolism and respiration	0	6	6	0.0	3487109.5	1203	False	False	0	False	NonReactive-Unq
NC_000962.3	3488088	3488559	+	CDS	Rv3122	Rv3122	conserved hypotheticals	conserved hypotheticals	0	2	2	0.0	3488323.5	471	False	False	0	False	NonReactive-Unq
NC_000962.3	3488568	3489063	+	CDS	Rv3123	Rv3123	conserved hypotheticals	conserved hypotheticals	0	2	2	0.0	3488815.5	495	False	False	0	False	NonReactive-Unq
NC_000962.3	3489505	3490375	+	CDS	Rv3124	moaR1	regulatory proteins	regulatory proteins	0	4	4	0.0	3489940.0	870	False	False	0	False	NonReactive-Unq
NC_000962.3	3490475	3491651	-	CDS	Rv3125c	PPE49	PE/PPE	PE/PPE	2	4	6	0.3333333333333333	3491063.0	1176	True	True	0	False	Antigen-Unq
NC_000962.3	3491807	3492122	-	CDS	Rv3126c	Rv3126c	conserved hypotheticals	conserved hypotheticals	0	2	2	0.0	3491964.5	315	False	False	0	False	NonReactive-Unq
NC_000962.3	3492146	3493181	+	CDS	Rv3127	Rv3127	conserved hypotheticals	conserved hypotheticals	0	5	5	0.0	3492663.5	1035	False	False	0	False	NonReactive-Unq
NC_000962.3	3494974	3496366	-	CDS	Rv3130c	tgs1	lipid metabolism	lipid metabolism	0	7	7	0.0	3495670.0	1392	False	False	0	False	NonReactive-Unq
NC_000962.3	3496550	3497549	+	CDS	Rv3131	Rv3131	conserved hypotheticals	conserved hypotheticals	0	5	5	0.0	3497049.5	999	False	False	0	False	NonReactive-Unq
NC_000962.3	3497528	3499265	-	CDS	Rv3132c	devS	regulatory proteins	regulatory proteins	0	10	10	0.0	3498396.5	1737	False	False	0	False	NonReactive-Unq
NC_000962.3	3499261	3499915	-	CDS	Rv3133c	devR	regulatory proteins	regulatory proteins	0	3	3	0.0	3499588.0	654	False	False	0	False	NonReactive-Unq
NC_000962.3	3499942	3500749	-	CDS	Rv3134c	Rv3134c	virulence, detoxification, adaptation	virulence, detoxification, adaptation	0	2	2	0.0	3500345.5	807	False	False	0	False	NonReactive-Unq
NC_000962.3	3501333	3501732	+	CDS	Rv3135	PPE50	PE/PPE	PE/PPE	1	3	4	0.25	3501532.5	399	True	False	0	False	NonReactive-Unq
NC_000962.3	3501793	3502936	+	CDS	Rv3136	PPE51	PE/PPE	PE/PPE	2	2	4	0.5	3502364.5	1143	True	True	0	False	Antigen-Unq
NC_000962.3	3503392	3504175	+	CDS	Rv3137	Rv3137	intermediary metabolism and respiration	intermediary metabolism and respiration	0	4	4	0.0	3503783.5	783	False	False	0	False	NonReactive-Unq
NC_000962.3	3504194	3505283	+	CDS	Rv3138	pflA	intermediary metabolism and respiration	intermediary metabolism and respiration	0	5	5	0.0	3504738.5	1089	False	False	0	False	NonReactive-Unq
NC_000962.3	3505362	3506769	+	CDS	Rv3139	fadE24	lipid metabolism	lipid metabolism	0	7	7	0.0	3506065.5	1407	False	False	0	False	NonReactive-Unq
NC_000962.3	3506789	3507995	+	CDS	Rv3140	fadE23	lipid metabolism	lipid metabolism	0	6	6	0.0	3507392.0	1206	False	False	0	False	NonReactive-Unq
NC_000962.3	3508094	3509066	+	CDS	Rv3141	fadB4	lipid metabolism	lipid metabolism	0	5	5	0.0	3508580.0	972	False	False	0	False	NonReactive-Unq
NC_000962.3	3509117	3509546	-	CDS	Rv3142c	Rv3142c	conserved hypotheticals	conserved hypotheticals	0	2	2	0.0	3509331.5	429	False	False	0	False	NonReactive-Unq
NC_000962.3	3509653	3510055	+	CDS	Rv3143	Rv3143	regulatory proteins	regulatory proteins	0	2	2	0.0	3509854.0	402	False	False	0	False	NonReactive-Unq
NC_000962.3	3510087	3511317	-	CDS	Rv3144c	PPE52	PE/PPE	PE/PPE	0	6	6	0.0	3510702.0	1230	False	False	0	False	NonReactive-Unq
NC_000962.3	3511681	3512068	+	CDS	Rv3145	nuoA	intermediary metabolism and respiration	intermediary metabolism and respiration	0	2	2	0.0	3511874.5	387	False	False	0	False	NonReactive-Unq
NC_000962.3	3512076	3512631	+	CDS	Rv3146	nuoB	intermediary metabolism and respiration	intermediary metabolism and respiration	0	5	5	0.0	3512353.5	555	False	False	0	False	NonReactive-Unq
NC_000962.3	3513337	3514660	+	CDS	Rv3148	nuoD	intermediary metabolism and respiration	intermediary metabolism and respiration	1	6	7	0.14285714285714285	3513998.5	1323	True	False	0	False	NonReactive-Unq
NC_000962.3	3514656	3515415	+	CDS	Rv3149	nuoE	intermediary metabolism and respiration	intermediary metabolism and respiration	0	4	4	0.0	3515035.5	759	False	False	0	False	NonReactive-Unq
NC_000962.3	3515411	3516749	+	CDS	Rv3150	nuoF	intermediary metabolism and respiration	intermediary metabolism and respiration	0	7	7	0.0	3516080.0	1338	False	False	0	False	NonReactive-Unq
NC_000962.3	3516745	3519166	+	CDS	Rv3151	nuoG	intermediary metabolism and respiration	intermediary metabolism and respiration	0	10	10	0.0	3517955.5	2421	False	False	0	False	NonReactive-Unq
NC_000962.3	3519281	3520514	+	CDS	Rv3152	nuoH	intermediary metabolism and respiration	intermediary metabolism and respiration	0	6	6	0.0	3519897.5	1233	False	False	0	False	NonReactive-Unq
NC_000962.3	3520506	3521142	+	CDS	Rv3153	nuoI	intermediary metabolism and respiration	intermediary metabolism and respiration	0	3	3	0.0	3520824.0	636	False	False	0	False	NonReactive-Unq
NC_000962.3	3521138	3521927	+	CDS	Rv3154	nuoJ	intermediary metabolism and respiration	intermediary metabolism and respiration	0	4	4	0.0	3521532.5	789	False	False	0	False	NonReactive-Unq
NC_000962.3	3521923	3522223	+	CDS	Rv3155	nuoK	intermediary metabolism and respiration	intermediary metabolism and respiration	0	3	3	0.0	3522073.0	300	False	False	0	False	NonReactive-Unq
NC_000962.3	3522233	3524135	+	CDS	Rv3156	nuoL	intermediary metabolism and respiration	intermediary metabolism and respiration	0	7	7	0.0	3523184.0	1902	False	False	0	False	NonReactive-Unq
NC_000962.3	3524131	3525793	+	CDS	Rv3157	nuoM	intermediary metabolism and respiration	intermediary metabolism and respiration	0	8	8	0.0	3524962.0	1662	False	False	0	False	NonReactive-Unq
NC_000962.3	3525789	3527385	+	CDS	Rv3158	nuoN	intermediary metabolism and respiration	intermediary metabolism and respiration	0	8	8	0.0	3526587.0	1596	False	False	0	False	NonReactive-Unq
NC_000962.3	3527390	3529163	-	CDS	Rv3159c	PPE53	PE/PPE	PE/PPE	0	9	9	0.0	3528276.5	1773	False	False	1	True	NonReactive-HHR
NC_000962.3	3529337	3529979	-	CDS	Rv3160c	Rv3160c	regulatory proteins	regulatory proteins	0	3	3	0.0	3529658.0	642	False	False	0	False	NonReactive-Unq
NC_000962.3	3529989	3531138	-	CDS	Rv3161c	Rv3161c	intermediary metabolism and respiration	intermediary metabolism and respiration	0	6	6	0.0	3530563.5	1149	False	False	0	False	NonReactive-Unq
NC_000962.3	3531207	3531645	-	CDS	Rv3162c	Rv3162c	cell wall and cell processes	cell wall and cell processes	0	2	2	0.0	3531426.0	438	False	False	0	False	NonReactive-Unq
NC_000962.3	3531641	3532913	-	CDS	Rv3163c	Rv3163c	cell wall and cell processes	cell wall and cell processes	0	6	6	0.0	3532277.0	1272	False	False	0	False	NonReactive-Unq
NC_000962.3	3532942	3533905	-	CDS	Rv3164c	moxR3	regulatory proteins	regulatory proteins	0	5	5	0.0	3533423.5	963	False	False	0	False	NonReactive-Unq
NC_000962.3	3533912	3534395	-	CDS	Rv3165c	Rv3165c	conserved hypotheticals	conserved hypotheticals	0	2	2	0.0	3534153.5	483	False	False	0	False	NonReactive-Unq
NC_000962.3	3534391	3535351	-	CDS	Rv3166c	Rv3166c	conserved hypotheticals	conserved hypotheticals	0	5	5	0.0	3534871.0	960	False	False	0	False	NonReactive-Unq
NC_000962.3	3535430	3536057	-	CDS	Rv3167c	Rv3167c	regulatory proteins	regulatory proteins	0	3	3	0.0	3535743.5	627	False	False	0	False	NonReactive-Unq
NC_000962.3	3536101	3537238	+	CDS	Rv3168	Rv3168	virulence, detoxification, adaptation	virulence, detoxification, adaptation	0	6	6	0.0	3536669.5	1137	False	False	0	False	NonReactive-Unq
NC_000962.3	3537237	3538362	+	CDS	Rv3169	Rv3169	conserved hypotheticals	conserved hypotheticals	0	6	6	0.0	3537799.5	1125	False	False	0	False	NonReactive-Unq
NC_000962.3	3538504	3539851	+	CDS	Rv3170	aofH	intermediary metabolism and respiration	intermediary metabolism and respiration	0	7	7	0.0	3539177.5	1347	False	False	0	False	NonReactive-Unq
NC_000962.3	3539845	3540745	-	CDS	Rv3171c	hpx	virulence, detoxification, adaptation	virulence, detoxification, adaptation	0	4	4	0.0	3540295.0	900	False	False	0	False	NonReactive-Unq
NC_000962.3	3540881	3541364	-	CDS	Rv3172c	Rv3172c	conserved hypotheticals	conserved hypotheticals	0	2	2	0.0	3541122.5	483	False	False	0	False	NonReactive-Unq
NC_000962.3	3541442	3542045	-	CDS	Rv3173c	Rv3173c	regulatory proteins	regulatory proteins	0	3	3	0.0	3541743.5	603	False	False	0	False	NonReactive-Unq
NC_000962.3	3542137	3542845	+	CDS	Rv3174	Rv3174	intermediary metabolism and respiration	intermediary metabolism and respiration	0	4	4	0.0	3542491.0	708	False	False	0	False	NonReactive-Unq
NC_000962.3	3542859	3544347	+	CDS	Rv3175	Rv3175	intermediary metabolism and respiration	intermediary metabolism and respiration	0	7	7	0.0	3543603.0	1488	False	False	0	False	NonReactive-Unq
NC_000962.3	3544343	3545300	-	CDS	Rv3176c	mesT	virulence, detoxification, adaptation	virulence, detoxification, adaptation	0	5	5	0.0	3544821.5	957	False	False	0	False	NonReactive-Unq
NC_000962.3	3545446	3546307	+	CDS	Rv3177	Rv3177	virulence, detoxification, adaptation	virulence, detoxification, adaptation	0	4	4	0.0	3545876.5	861	False	False	0	False	NonReactive-Unq
NC_000962.3	3546437	3546797	+	CDS	Rv3178	Rv3178	conserved hypotheticals	conserved hypotheticals	0	1	1	0.0	3546617.0	360	False	False	0	False	NonReactive-Unq
NC_000962.3	3547617	3548907	+	CDS	Rv3179	Rv3179	conserved hypotheticals	conserved hypotheticals	0	6	6	0.0	3548262.0	1290	False	False	0	False	NonReactive-Unq
NC_000962.3	3549253	3549688	-	CDS	Rv3180c	Rv3180c	conserved hypotheticals	conserved hypotheticals	0	2	2	0.0	3549470.5	435	False	False	0	False	NonReactive-Unq
NC_000962.3	3549690	3550143	-	CDS	Rv3181c	Rv3181c	conserved hypotheticals	conserved hypotheticals	0	2	2	0.0	3549916.5	453	False	False	0	False	NonReactive-Unq
NC_000962.3	3550373	3550718	+	CDS	Rv3182	Rv3182	conserved hypotheticals	conserved hypotheticals	1	1	2	0.5	3550545.5	345	True	False	0	False	NonReactive-Unq
NC_000962.3	3550714	3551044	+	CDS	Rv3183	Rv3183	regulatory proteins	regulatory proteins	0	2	2	0.0	3550879.0	330	False	False	0	False	NonReactive-Unq
NC_000962.3	3554297	3554645	+	CDS	Rv3188	Rv3188	conserved hypotheticals	conserved hypotheticals	0	2	2	0.0	3554471.0	348	False	False	0	False	NonReactive-Unq
NC_000962.3	3554641	3555262	+	CDS	Rv3189	Rv3189	conserved hypotheticals	conserved hypotheticals	0	3	3	0.0	3554951.5	621	False	False	0	False	NonReactive-Unq
NC_000962.3	3555421	3556687	-	CDS	Rv3190c	Rv3190c	conserved hypotheticals	conserved hypotheticals	0	6	6	0.0	3556054.0	1266	False	False	0	False	NonReactive-Unq
NC_000962.3	3557310	3558345	-	CDS	Rv3191c	Rv3191c	insertion seqs and phages	insertion seqs and phages	0	5	5	0.0	3557827.5	1035	False	False	0	False	NonReactive-Unq
NC_000962.3	3559562	3560024	+	CDS	Rv3192	Rv3192	conserved hypotheticals	conserved hypotheticals	0	2	2	0.0	3559793.0	462	False	False	0	False	NonReactive-Unq
NC_000962.3	3560193	3563172	-	CDS	Rv3193c	Rv3193c	cell wall and cell processes	cell wall and cell processes	0	10	10	0.0	3561682.5	2979	False	False	0	False	NonReactive-Unq
NC_000962.3	3563263	3564286	-	CDS	Rv3194c	Rv3194c	cell wall and cell processes	cell wall and cell processes	0	5	5	0.0	3563774.5	1023	False	False	0	False	NonReactive-Unq
NC_000962.3	3564363	3565782	+	CDS	Rv3195	Rv3195	conserved hypotheticals	conserved hypotheticals	0	7	7	0.0	3565072.5	1419	False	False	0	False	NonReactive-Unq
NC_000962.3	3565787	3566687	+	CDS	Rv3196	Rv3196	conserved hypotheticals	conserved hypotheticals	0	4	4	0.0	3566237.0	900	False	False	0	False	NonReactive-Unq
NC_000962.3	3566695	3566896	-	CDS	Rv3196A	Rv3196A	conserved hypotheticals	conserved hypotheticals	0	2	2	0.0	3566795.5	201	False	False	0	False	NonReactive-Unq
NC_000962.3	3567023	3568367	+	CDS	Rv3197	Rv3197	cell wall and cell processes	cell wall and cell processes	0	7	7	0.0	3567695.0	1344	False	False	0	False	NonReactive-Unq
NC_000962.3	3568400	3568679	-	CDS	Rv3197A	whiB7	regulatory proteins	regulatory proteins	0	2	2	0.0	3568539.5	279	False	False	0	False	NonReactive-Unq
NC_000962.3	3569108	3571211	-	CDS	Rv3198c	uvrD2	information pathways	information pathways	0	10	10	0.0	3570159.5	2103	False	False	0	False	NonReactive-Unq
NC_000962.3	3571334	3571589	+	CDS	Rv3198A	Rv3198A	intermediary metabolism and respiration	intermediary metabolism and respiration	0	2	2	0.0	3571461.5	255	False	False	0	False	NonReactive-Unq
NC_000962.3	3571601	3572543	-	CDS	Rv3199c	nudC	intermediary metabolism and respiration	intermediary metabolism and respiration	0	5	5	0.0	3572072.0	942	False	False	0	False	NonReactive-Unq
NC_000962.3	3572601	3573669	-	CDS	Rv3200c	Rv3200c	cell wall and cell processes	cell wall and cell processes	0	5	5	0.0	3573135.0	1068	False	False	0	False	NonReactive-Unq
NC_000962.3	3573730	3577036	-	CDS	Rv3201c	Rv3201c	information pathways	information pathways	0	10	10	0.0	3575383.0	3306	False	False	0	False	NonReactive-Unq
NC_000962.3	3577032	3580200	-	CDS	Rv3202c	Rv3202c	information pathways	information pathways	0	10	10	0.0	3578616.0	3168	False	False	0	False	NonReactive-Unq
NC_000962.3	3580637	3581312	+	CDS	Rv3203	lipV	intermediary metabolism and respiration	intermediary metabolism and respiration	0	2	2	0.0	3580974.5	675	False	False	0	False	NonReactive-Unq
NC_000962.3	3581314	3581620	+	CDS	Rv3204	Rv3204	information pathways	information pathways	0	2	2	0.0	3581467.0	306	False	False	0	False	NonReactive-Unq
NC_000962.3	3581626	3582505	-	CDS	Rv3205c	Rv3205c	conserved hypotheticals	conserved hypotheticals	0	4	4	0.0	3582065.5	879	False	False	0	False	NonReactive-Unq
NC_000962.3	3582531	3583710	-	CDS	Rv3206c	moeB1	intermediary metabolism and respiration	intermediary metabolism and respiration	0	6	6	0.0	3583120.5	1179	False	False	0	False	NonReactive-Unq
NC_000962.3	3583800	3584658	-	CDS	Rv3207c	Rv3207c	conserved hypotheticals	conserved hypotheticals	0	3	3	0.0	3584229.0	858	False	False	0	False	NonReactive-Unq
NC_000962.3	3585003	3585690	+	CDS	Rv3208	Rv3208	regulatory proteins	regulatory proteins	0	3	3	0.0	3585346.5	687	False	False	0	False	NonReactive-Unq
NC_000962.3	3586273	3586834	+	CDS	Rv3209	Rv3209	conserved hypotheticals	conserved hypotheticals	0	2	2	0.0	3586553.5	561	False	False	0	False	NonReactive-Unq
NC_000962.3	3586843	3587539	-	CDS	Rv3210c	Rv3210c	conserved hypotheticals	conserved hypotheticals	0	3	3	0.0	3587191.0	696	False	False	0	False	NonReactive-Unq
NC_000962.3	3587797	3589381	+	CDS	Rv3211	rhlE	information pathways	information pathways	0	8	8	0.0	3588589.0	1584	False	False	0	False	NonReactive-Unq
NC_000962.3	3589393	3590617	+	CDS	Rv3212	Rv3212	conserved hypotheticals	conserved hypotheticals	0	6	6	0.0	3590005.0	1224	False	False	0	False	NonReactive-Unq
NC_000962.3	3590691	3591492	-	CDS	Rv3213c	Rv3213c	cell wall and cell processes	cell wall and cell processes	0	4	4	0.0	3591091.5	801	False	False	0	False	NonReactive-Unq
NC_000962.3	3591645	3592257	+	CDS	Rv3214	gpm2	intermediary metabolism and respiration	intermediary metabolism and respiration	0	3	3	0.0	3591951.0	612	False	False	0	False	NonReactive-Unq
NC_000962.3	3592253	3593372	+	CDS	Rv3215	entC	intermediary metabolism and respiration	intermediary metabolism and respiration	0	6	6	0.0	3592812.5	1119	False	False	0	False	NonReactive-Unq
NC_000962.3	3593803	3594235	-	CDS	Rv3217c	Rv3217c	cell wall and cell processes	cell wall and cell processes	0	2	2	0.0	3594019.0	432	False	False	0	False	NonReactive-Unq
NC_000962.3	3594467	3595433	+	CDS	Rv3218	Rv3218	conserved hypotheticals	conserved hypotheticals	0	5	5	0.0	3594950.0	966	False	False	0	False	NonReactive-Unq
NC_000962.3	3595712	3595967	+	CDS	Rv3219	whiB1	regulatory proteins	regulatory proteins	0	2	2	0.0	3595839.5	255	False	False	0	False	NonReactive-Unq
NC_000962.3	3596028	3597534	-	CDS	Rv3220c	Rv3220c	regulatory proteins	regulatory proteins	0	7	7	0.0	3596781.0	1506	False	False	0	False	NonReactive-Unq
NC_000962.3	3597550	3597766	-	CDS	Rv3221c	TB7.3	lipid metabolism	lipid metabolism	0	2	2	0.0	3597658.0	216	False	False	0	False	NonReactive-Unq
NC_000962.3	3598050	3598356	-	CDS	Rv3221A	rshA	information pathways	information pathways	0	2	2	0.0	3598203.0	306	False	False	0	False	NonReactive-Unq
NC_000962.3	3598352	3598904	-	CDS	Rv3222c	Rv3222c	conserved hypotheticals	conserved hypotheticals	0	3	3	0.0	3598628.0	552	False	False	0	False	NonReactive-Unq
NC_000962.3	3598900	3599551	-	CDS	Rv3223c	sigH	information pathways	information pathways	0	2	2	0.0	3599225.5	651	False	False	0	False	NonReactive-Unq
NC_000962.3	3599850	3600699	+	CDS	Rv3224	Rv3224	intermediary metabolism and respiration	intermediary metabolism and respiration	0	4	4	0.0	3600274.5	849	False	False	0	False	NonReactive-Unq
NC_000962.3	3601015	3602440	-	CDS	Rv3225c	Rv3225c	intermediary metabolism and respiration	intermediary metabolism and respiration	0	7	7	0.0	3601727.5	1425	False	False	0	False	NonReactive-Unq
NC_000962.3	3602563	3603322	-	CDS	Rv3226c	Rv3226c	conserved hypotheticals	conserved hypotheticals	0	4	4	0.0	3602942.5	759	False	False	0	False	NonReactive-Unq
NC_000962.3	3603376	3604729	+	CDS	Rv3227	aroA	intermediary metabolism and respiration	intermediary metabolism and respiration	0	7	7	0.0	3604052.5	1353	False	False	0	False	NonReactive-Unq
NC_000962.3	3604725	3605718	+	CDS	Rv3228	Rv3228	conserved hypotheticals	conserved hypotheticals	0	5	5	0.0	3605221.5	993	False	False	0	False	NonReactive-Unq
NC_000962.3	3605750	3607034	-	CDS	Rv3229c	desA3	lipid metabolism	lipid metabolism	0	5	5	0.0	3606392.0	1284	False	False	0	False	NonReactive-Unq
NC_000962.3	3607111	3608254	-	CDS	Rv3230c	Rv3230c	intermediary metabolism and respiration	intermediary metabolism and respiration	0	6	6	0.0	3607682.5	1143	False	False	0	False	NonReactive-Unq
NC_000962.3	3608363	3608873	-	CDS	Rv3231c	Rv3231c	conserved hypotheticals	conserved hypotheticals	0	3	3	0.0	3608618.0	510	False	False	0	False	NonReactive-Unq
NC_000962.3	3608869	3609757	-	CDS	Rv3232c	ppk2	intermediary metabolism and respiration	intermediary metabolism and respiration	0	4	4	0.0	3609313.0	888	False	False	0	False	NonReactive-Unq
NC_000962.3	3610373	3611189	-	CDS	Rv3234c	tgs3	lipid metabolism	lipid metabolism	0	2	2	0.0	3610781.0	816	False	False	0	False	NonReactive-Unq
NC_000962.3	3611299	3611941	+	CDS	Rv3235	Rv3235	conserved hypotheticals	conserved hypotheticals	0	3	3	0.0	3611620.0	642	False	False	0	False	NonReactive-Unq
NC_000962.3	3611958	3613116	-	CDS	Rv3236c	Rv3236c	cell wall and cell processes	cell wall and cell processes	0	6	6	0.0	3612537.0	1158	False	False	0	False	NonReactive-Unq
NC_000962.3	3613120	3613603	-	CDS	Rv3237c	Rv3237c	conserved hypotheticals	conserved hypotheticals	0	2	2	0.0	3613361.5	483	False	False	0	False	NonReactive-Unq
NC_000962.3	3613663	3614398	-	CDS	Rv3238c	Rv3238c	cell wall and cell processes	cell wall and cell processes	0	4	4	0.0	3614030.5	735	False	False	0	False	NonReactive-Unq
NC_000962.3	3614456	3617603	-	CDS	Rv3239c	Rv3239c	cell wall and cell processes	cell wall and cell processes	0	9	9	0.0	3616029.5	3147	False	False	0	False	NonReactive-Unq
NC_000962.3	3617681	3620531	-	CDS	Rv3240c	secA1	cell wall and cell processes	cell wall and cell processes	0	10	10	0.0	3619106.0	2850	False	False	0	False	NonReactive-Unq
NC_000962.3	3620609	3621254	-	CDS	Rv3241c	Rv3241c	information pathways	information pathways	0	3	3	0.0	3620931.5	645	False	False	0	False	NonReactive-Unq
NC_000962.3	3621569	3622211	-	CDS	Rv3242c	Rv3242c	conserved hypotheticals	conserved hypotheticals	0	3	3	0.0	3621890.0	642	False	False	0	False	NonReactive-Unq
NC_000962.3	3622248	3623091	-	CDS	Rv3243c	Rv3243c	conserved hypotheticals	conserved hypotheticals	0	4	4	0.0	3622669.5	843	False	False	0	False	NonReactive-Unq
NC_000962.3	3623158	3624910	-	CDS	Rv3244c	lpqB	cell wall and cell processes	cell wall and cell processes	0	8	8	0.0	3624034.0	1752	False	False	0	False	NonReactive-Unq
NC_000962.3	3624909	3626613	-	CDS	Rv3245c	mtrB	regulatory proteins	regulatory proteins	0	8	8	0.0	3625761.0	1704	False	False	0	False	NonReactive-Unq
NC_000962.3	3626662	3627349	-	CDS	Rv3246c	mtrA	regulatory proteins	regulatory proteins	0	3	3	0.0	3627005.5	687	False	False	0	False	NonReactive-Unq
NC_000962.3	3627418	3628063	-	CDS	Rv3247c	tmk	intermediary metabolism and respiration	intermediary metabolism and respiration	0	3	3	0.0	3627740.5	645	False	False	0	False	NonReactive-Unq
NC_000962.3	3628159	3629647	-	CDS	Rv3248c	sahH	intermediary metabolism and respiration	intermediary metabolism and respiration	0	7	7	0.0	3628903.0	1488	False	False	0	False	NonReactive-Unq
NC_000962.3	3629751	3630387	-	CDS	Rv3249c	Rv3249c	regulatory proteins	regulatory proteins	0	3	3	0.0	3630069.0	636	False	False	0	False	NonReactive-Unq
NC_000962.3	3630383	3630566	-	CDS	Rv3250c	rubB	intermediary metabolism and respiration	intermediary metabolism and respiration	0	2	2	0.0	3630474.5	183	False	False	0	False	NonReactive-Unq
NC_000962.3	3630570	3630738	-	CDS	Rv3251c	rubA	intermediary metabolism and respiration	intermediary metabolism and respiration	0	2	2	0.0	3630654.0	168	False	False	0	False	NonReactive-Unq
NC_000962.3	3630737	3631988	-	CDS	Rv3252c	alkB	lipid metabolism	lipid metabolism	1	5	6	0.16666666666666666	3631362.5	1251	True	False	0	False	NonReactive-Unq
NC_000962.3	3632096	3633584	-	CDS	Rv3253c	Rv3253c	cell wall and cell processes	cell wall and cell processes	0	7	7	0.0	3632840.0	1488	False	False	0	False	NonReactive-Unq
NC_000962.3	3633674	3635063	+	CDS	Rv3254	Rv3254	conserved hypotheticals	conserved hypotheticals	0	7	7	0.0	3634368.5	1389	False	False	0	False	NonReactive-Unq
NC_000962.3	3635040	3636267	-	CDS	Rv3255c	manA	intermediary metabolism and respiration	intermediary metabolism and respiration	0	6	6	0.0	3635653.5	1227	False	False	0	False	NonReactive-Unq
NC_000962.3	3636274	3637315	-	CDS	Rv3256c	Rv3256c	conserved hypotheticals	conserved hypotheticals	0	5	5	0.0	3636794.5	1041	False	False	0	False	NonReactive-Unq
NC_000962.3	3637311	3638709	-	CDS	Rv3257c	pmmA	intermediary metabolism and respiration	intermediary metabolism and respiration	0	7	7	0.0	3638010.0	1398	False	False	0	False	NonReactive-Unq
NC_000962.3	3638810	3639302	-	CDS	Rv3258c	Rv3258c	conserved hypotheticals	conserved hypotheticals	0	2	2	0.0	3639056.0	492	False	False	0	False	NonReactive-Unq
NC_000962.3	3639424	3639844	+	CDS	Rv3259	Rv3259	conserved hypotheticals	conserved hypotheticals	0	2	2	0.0	3639634.0	420	False	False	0	False	NonReactive-Unq
NC_000962.3	3639871	3640141	-	CDS	Rv3260c	whiB2	regulatory proteins	regulatory proteins	0	1	1	0.0	3640006.0	270	False	False	0	False	NonReactive-Unq
NC_000962.3	3640542	3641538	+	CDS	Rv3261	fbiA	intermediary metabolism and respiration	intermediary metabolism and respiration	1	4	5	0.2	3641040.0	996	True	False	0	False	NonReactive-Unq
NC_000962.3	3641534	3642881	+	CDS	Rv3262	fbiB	intermediary metabolism and respiration	intermediary metabolism and respiration	0	9	9	0.0	3642207.5	1347	False	False	0	False	NonReactive-Unq
NC_000962.3	3643176	3644838	+	CDS	Rv3263	Rv3263	information pathways	information pathways	0	8	8	0.0	3644007.0	1662	False	False	0	False	NonReactive-Unq
NC_000962.3	3644897	3645977	-	CDS	Rv3264c	manB	cell wall and cell processes	cell wall and cell processes	0	5	5	0.0	3645437.0	1080	False	False	0	False	NonReactive-Unq
NC_000962.3	3645978	3646884	-	CDS	Rv3265c	wbbL1	cell wall and cell processes	cell wall and cell processes	0	3	3	0.0	3646431.0	906	False	False	0	False	NonReactive-Unq
NC_000962.3	3646894	3647809	-	CDS	Rv3266c	rmlD	intermediary metabolism and respiration	intermediary metabolism and respiration	0	5	5	0.0	3647351.5	915	False	False	0	False	NonReactive-Unq
NC_000962.3	3647884	3649381	+	CDS	Rv3267	Rv3267	conserved hypotheticals	conserved hypotheticals	0	7	7	0.0	3648632.5	1497	False	False	0	False	NonReactive-Unq
NC_000962.3	3649419	3650109	+	CDS	Rv3268	Rv3268	conserved hypotheticals	conserved hypotheticals	0	1	1	0.0	3649764.0	690	False	False	0	False	NonReactive-Unq
NC_000962.3	3650233	3650515	+	CDS	Rv3269	Rv3269	virulence, detoxification, adaptation	virulence, detoxification, adaptation	0	2	2	0.0	3650374.0	282	False	False	0	False	NonReactive-Unq
NC_000962.3	3650525	3652682	+	CDS	Rv3270	ctpC	cell wall and cell processes	cell wall and cell processes	0	10	10	0.0	3651603.5	2157	False	False	0	False	NonReactive-Unq
NC_000962.3	3652678	3653347	-	CDS	Rv3271c	Rv3271c	cell wall and cell processes	cell wall and cell processes	0	3	3	0.0	3653012.5	669	False	False	0	False	NonReactive-Unq
NC_000962.3	3653447	3654632	+	CDS	Rv3272	Rv3272	conserved hypotheticals	conserved hypotheticals	0	6	6	0.0	3654039.5	1185	False	False	0	False	NonReactive-Unq
NC_000962.3	3654636	3656931	+	CDS	Rv3273	Rv3273	intermediary metabolism and respiration	intermediary metabolism and respiration	0	10	10	0.0	3655783.5	2295	False	False	0	False	NonReactive-Unq
NC_000962.3	3656919	3658089	-	CDS	Rv3274c	fadE25	lipid metabolism	lipid metabolism	0	6	6	0.0	3657504.0	1170	False	False	0	False	NonReactive-Unq
NC_000962.3	3658113	3658638	-	CDS	Rv3275c	purE	intermediary metabolism and respiration	intermediary metabolism and respiration	0	3	3	0.0	3658375.5	525	False	False	0	False	NonReactive-Unq
NC_000962.3	3658634	3659924	-	CDS	Rv3276c	purK	intermediary metabolism and respiration	intermediary metabolism and respiration	0	6	6	0.0	3659279.0	1290	False	False	0	False	NonReactive-Unq
NC_000962.3	3659877	3660696	+	CDS	Rv3277	Rv3277	cell wall and cell processes	cell wall and cell processes	0	4	4	0.0	3660286.5	819	False	False	0	False	NonReactive-Unq
NC_000962.3	3660650	3661169	-	CDS	Rv3278c	Rv3278c	cell wall and cell processes	cell wall and cell processes	0	3	3	0.0	3660909.5	519	False	False	0	False	NonReactive-Unq
NC_000962.3	3661211	3662012	-	CDS	Rv3279c	birA	intermediary metabolism and respiration	intermediary metabolism and respiration	0	4	4	0.0	3661611.5	801	False	False	0	False	NonReactive-Unq
NC_000962.3	3662061	3663708	+	CDS	Rv3280	accD5	lipid metabolism	lipid metabolism	0	8	8	0.0	3662884.5	1647	False	False	0	False	NonReactive-Unq
NC_000962.3	3663688	3664222	+	CDS	Rv3281	accE5	lipid metabolism	lipid metabolism	0	3	3	0.0	3663955.0	534	False	False	0	False	NonReactive-Unq
NC_000962.3	3664218	3664887	+	CDS	Rv3282	Rv3282	conserved hypotheticals	conserved hypotheticals	0	3	3	0.0	3664552.5	669	False	False	0	False	NonReactive-Unq
NC_000962.3	3664927	3665821	+	CDS	Rv3283	sseA	intermediary metabolism and respiration	intermediary metabolism and respiration	0	4	4	0.0	3665374.0	894	False	False	0	False	NonReactive-Unq
NC_000962.3	3665817	3666249	+	CDS	Rv3284	Rv3284	conserved hypotheticals	conserved hypotheticals	0	2	2	0.0	3666033.0	432	False	False	0	False	NonReactive-Unq
NC_000962.3	3666356	3668159	+	CDS	Rv3285	accA3	lipid metabolism	lipid metabolism	0	9	9	0.0	3667257.5	1803	False	False	0	False	NonReactive-Unq
NC_000962.3	3668168	3668954	-	CDS	Rv3286c	sigF	information pathways	information pathways	0	4	4	0.0	3668561.0	786	False	False	0	False	NonReactive-Unq
NC_000962.3	3668950	3669388	-	CDS	Rv3287c	rsbW	information pathways	information pathways	0	2	2	0.0	3669169.0	438	False	False	0	False	NonReactive-Unq
NC_000962.3	3669585	3669999	-	CDS	Rv3288c	usfY	conserved hypotheticals	conserved hypotheticals	0	2	2	0.0	3669792.0	414	False	False	0	False	NonReactive-Unq
NC_000962.3	3670033	3670411	-	CDS	Rv3289c	Rv3289c	cell wall and cell processes	cell wall and cell processes	0	2	2	0.0	3670222.0	378	False	False	0	False	NonReactive-Unq
NC_000962.3	3670444	3671794	-	CDS	Rv3290c	lat	intermediary metabolism and respiration	intermediary metabolism and respiration	0	7	7	0.0	3671119.0	1350	False	False	0	False	NonReactive-Unq
NC_000962.3	3671844	3672297	-	CDS	Rv3291c	lrpA	regulatory proteins	regulatory proteins	0	2	2	0.0	3672070.5	453	False	False	0	False	NonReactive-Unq
NC_000962.3	3672327	3673575	+	CDS	Rv3292	Rv3292	conserved hypotheticals	conserved hypotheticals	0	6	6	0.0	3672951.0	1248	False	False	0	False	NonReactive-Unq
NC_000962.3	3673601	3675086	+	CDS	Rv3293	pcd	intermediary metabolism and respiration	intermediary metabolism and respiration	0	7	7	0.0	3674343.5	1485	False	False	0	False	NonReactive-Unq
NC_000962.3	3675185	3675995	-	CDS	Rv3294c	Rv3294c	conserved hypotheticals	conserved hypotheticals	0	4	4	0.0	3675590.0	810	False	False	0	False	NonReactive-Unq
NC_000962.3	3676065	3676731	+	CDS	Rv3295	Rv3295	regulatory proteins	regulatory proteins	0	3	3	0.0	3676398.0	666	False	False	0	False	NonReactive-Unq
NC_000962.3	3676774	3681316	+	CDS	Rv3296	lhr	information pathways	information pathways	0	10	10	0.0	3679045.0	4542	False	False	0	False	NonReactive-Unq
NC_000962.3	3681319	3682087	+	CDS	Rv3297	nei	information pathways	information pathways	0	4	4	0.0	3681703.0	768	False	False	0	False	NonReactive-Unq
NC_000962.3	3682109	3683024	-	CDS	Rv3298c	lpqC	cell wall and cell processes	cell wall and cell processes	0	5	5	0.0	3682566.5	915	False	False	0	False	NonReactive-Unq
NC_000962.3	3683050	3685963	-	CDS	Rv3299c	atsB	intermediary metabolism and respiration	intermediary metabolism and respiration	0	10	10	0.0	3684506.5	2913	False	False	0	False	NonReactive-Unq
NC_000962.3	3685982	3686900	-	CDS	Rv3300c	Rv3300c	conserved hypotheticals	conserved hypotheticals	0	5	5	0.0	3686441.0	918	False	False	0	False	NonReactive-Unq
NC_000962.3	3686911	3687577	-	CDS	Rv3301c	phoY1	cell wall and cell processes	cell wall and cell processes	0	3	3	0.0	3687244.0	666	False	False	0	False	NonReactive-Unq
NC_000962.3	3687684	3689442	-	CDS	Rv3302c	glpD2	intermediary metabolism and respiration	intermediary metabolism and respiration	0	9	9	0.0	3688563.0	1758	False	False	0	False	NonReactive-Unq
NC_000962.3	3689456	3690938	-	CDS	Rv3303c	lpdA	intermediary metabolism and respiration	intermediary metabolism and respiration	0	6	6	0.0	3690197.0	1482	False	False	0	False	NonReactive-Unq
NC_000962.3	3691140	3691620	+	CDS	Rv3304	Rv3304	conserved hypotheticals	conserved hypotheticals	0	2	2	0.0	3691380.0	480	False	False	0	False	NonReactive-Unq
NC_000962.3	3691638	3692808	-	CDS	Rv3305c	amiA1	intermediary metabolism and respiration	intermediary metabolism and respiration	0	6	6	0.0	3692223.0	1170	False	False	0	False	NonReactive-Unq
NC_000962.3	3692804	3693989	-	CDS	Rv3306c	amiB1	intermediary metabolism and respiration	intermediary metabolism and respiration	0	6	6	0.0	3693396.5	1185	False	False	0	False	NonReactive-Unq
NC_000962.3	3694053	3694860	+	CDS	Rv3307	deoD	intermediary metabolism and respiration	intermediary metabolism and respiration	0	4	4	0.0	3694456.5	807	False	False	0	False	NonReactive-Unq
NC_000962.3	3694863	3696468	+	CDS	Rv3308	pmmB	intermediary metabolism and respiration	intermediary metabolism and respiration	0	8	8	0.0	3695665.5	1605	False	False	0	False	NonReactive-Unq
NC_000962.3	3696469	3697093	-	CDS	Rv3309c	upp	intermediary metabolism and respiration	intermediary metabolism and respiration	0	3	3	0.0	3696781.0	624	False	False	0	False	NonReactive-Unq
NC_000962.3	3697197	3698097	+	CDS	Rv3310	sapM	cell wall and cell processes	cell wall and cell processes	0	4	4	0.0	3697647.0	900	False	False	0	False	NonReactive-Unq
NC_000962.3	3698120	3699383	+	CDS	Rv3311	Rv3311	conserved hypotheticals	conserved hypotheticals	0	3	3	0.0	3698751.5	1263	False	False	0	False	NonReactive-Unq
NC_000962.3	3699403	3700330	-	CDS	Rv3312c	Rv3312c	conserved hypotheticals	conserved hypotheticals	0	5	5	0.0	3699866.5	927	False	False	0	False	NonReactive-Unq
NC_000962.3	3700704	3701016	-	CDS	Rv3312A	Rv3312A	cell wall and cell processes	cell wall and cell processes	0	2	2	0.0	3700860.0	312	False	False	0	False	NonReactive-Unq
NC_000962.3	3701086	3702184	-	CDS	Rv3313c	add	intermediary metabolism and respiration	intermediary metabolism and respiration	0	5	5	0.0	3701635.0	1098	False	False	0	False	NonReactive-Unq
NC_000962.3	3702183	3703467	-	CDS	Rv3314c	deoA	intermediary metabolism and respiration	intermediary metabolism and respiration	0	6	6	0.0	3702825.0	1284	False	False	0	False	NonReactive-Unq
NC_000962.3	3703463	3703865	-	CDS	Rv3315c	cdd	intermediary metabolism and respiration	intermediary metabolism and respiration	0	2	2	0.0	3703664.0	402	False	False	0	False	NonReactive-Unq
NC_000962.3	3704101	3704440	+	CDS	Rv3316	sdhC	intermediary metabolism and respiration	intermediary metabolism and respiration	0	2	2	0.0	3704270.5	339	False	False	0	False	NonReactive-Unq
NC_000962.3	3704436	3704871	+	CDS	Rv3317	sdhD	intermediary metabolism and respiration	intermediary metabolism and respiration	0	2	2	0.0	3704653.5	435	False	False	0	False	NonReactive-Unq
NC_000962.3	3704999	3706772	+	CDS	Rv3318	sdhA	intermediary metabolism and respiration	intermediary metabolism and respiration	0	9	9	0.0	3705885.5	1773	False	False	0	False	NonReactive-Unq
NC_000962.3	3706771	3707563	+	CDS	Rv3319	sdhB	intermediary metabolism and respiration	intermediary metabolism and respiration	0	4	4	0.0	3707167.0	792	False	False	0	False	NonReactive-Unq
NC_000962.3	3707641	3708070	-	CDS	Rv3320c	vapC44	virulence, detoxification, adaptation	virulence, detoxification, adaptation	0	2	2	0.0	3707855.5	429	False	False	0	False	NonReactive-Unq
NC_000962.3	3708073	3708316	-	CDS	Rv3321c	vapB44	virulence, detoxification, adaptation	virulence, detoxification, adaptation	0	2	2	0.0	3708194.5	243	False	False	0	False	NonReactive-Unq
NC_000962.3	3708437	3709052	-	CDS	Rv3322c	Rv3322c	intermediary metabolism and respiration	intermediary metabolism and respiration	0	3	3	0.0	3708744.5	615	False	False	0	False	NonReactive-Unq
NC_000962.3	3709048	3709714	-	CDS	Rv3323c	moaX	intermediary metabolism and respiration	intermediary metabolism and respiration	0	3	3	0.0	3709381.0	666	False	False	0	False	NonReactive-Unq
NC_000962.3	3709714	3710248	-	CDS	Rv3324c	moaC3	intermediary metabolism and respiration	intermediary metabolism and respiration	0	3	3	0.0	3709981.0	534	False	False	0	False	NonReactive-Unq
NC_000962.3	3711748	3713461	+	CDS	Rv3327	Rv3327	insertion seqs and phages	insertion seqs and phages	0	9	9	0.0	3712604.5	1713	False	False	1	True	NonReactive-HHR
NC_000962.3	3713393	3714332	-	CDS	Rv3328c	sigJ	information pathways	information pathways	0	5	5	0.0	3713862.5	939	False	False	0	False	NonReactive-Unq
NC_000962.3	3714391	3715708	+	CDS	Rv3329	Rv3329	intermediary metabolism and respiration	intermediary metabolism and respiration	0	7	7	0.0	3715049.5	1317	False	False	0	False	NonReactive-Unq
NC_000962.3	3715776	3716994	+	CDS	Rv3330	dacB1	cell wall and cell processes	cell wall and cell processes	2	4	6	0.3333333333333333	3716385.0	1218	True	True	0	False	Antigen-Unq
NC_000962.3	3717089	3718598	+	CDS	Rv3331	sugI	cell wall and cell processes	cell wall and cell processes	0	7	7	0.0	3717843.5	1509	False	False	0	False	NonReactive-Unq
NC_000962.3	3718594	3719746	+	CDS	Rv3332	nagA	cell wall and cell processes	cell wall and cell processes	0	6	6	0.0	3719170.0	1152	False	False	0	False	NonReactive-Unq
NC_000962.3	3719936	3720782	-	CDS	Rv3333c	Rv3333c	conserved hypotheticals	conserved hypotheticals	0	4	4	0.0	3720359.0	846	False	False	0	False	NonReactive-Unq
NC_000962.3	3721256	3721697	+	CDS	Rv3334	Rv3334	regulatory proteins	regulatory proteins	0	2	2	0.0	3721476.5	441	False	False	0	False	NonReactive-Unq
NC_000962.3	3721730	3722600	-	CDS	Rv3335c	Rv3335c	cell wall and cell processes	cell wall and cell processes	0	4	4	0.0	3722165.0	870	False	False	0	False	NonReactive-Unq
NC_000962.3	3722620	3723631	-	CDS	Rv3336c	trpS	information pathways	information pathways	0	5	5	0.0	3723125.5	1011	False	False	0	False	NonReactive-Unq
NC_000962.3	3724614	3725844	-	CDS	Rv3339c	icd1	intermediary metabolism and respiration	intermediary metabolism and respiration	0	6	6	0.0	3725229.0	1230	False	False	0	False	NonReactive-Unq
NC_000962.3	3726126	3727476	+	CDS	Rv3340	metC	intermediary metabolism and respiration	intermediary metabolism and respiration	0	7	7	0.0	3726801.0	1350	False	False	0	False	NonReactive-Unq
NC_000962.3	3727487	3728627	+	CDS	Rv3341	metA	intermediary metabolism and respiration	intermediary metabolism and respiration	0	5	5	0.0	3728057.0	1140	False	False	0	False	NonReactive-Unq
NC_000962.3	3728623	3729355	+	CDS	Rv3342	Rv3342	intermediary metabolism and respiration	intermediary metabolism and respiration	0	4	4	0.0	3728989.0	732	False	False	0	False	NonReactive-Unq
NC_000962.3	3729363	3736935	-	CDS	Rv3343c	PPE54	PE/PPE	PE/PPE	0	11	11	0.0	3733149.0	7572	False	False	3	True	NonReactive-HHR
NC_000962.3	3736983	3738438	-	CDS	Rv3344c	PE_PGRS49	PE/PPE	PE/PPE	0	4	4	0.0	3737710.5	1455	False	False	1	True	NonReactive-HHR
NC_000962.3	3738157	3742774	-	CDS	Rv3345c	PE_PGRS50	PE/PPE	PE/PPE	0	8	8	0.0	3740465.5	4617	False	False	1	True	NonReactive-HHR
NC_000962.3	3743197	3743455	-	CDS	Rv3346c	Rv3346c	cell wall and cell processes	cell wall and cell processes	0	2	2	0.0	3743326.0	258	False	False	1	True	NonReactive-HHR
NC_000962.3	3743710	3753184	-	CDS	Rv3347c	PPE55	PE/PPE	PE/PPE	0	11	11	0.0	3748447.0	9474	False	False	1	True	NonReactive-HHR
NC_000962.3	3753764	3754256	+	CDS	Rv3348	Rv3348	insertion seqs and phages	insertion seqs and phages	0	2	2	0.0	3754010.0	492	False	False	1	True	NonReactive-HHR
NC_000962.3	3754292	3755033	-	CDS	Rv3349c	Rv3349c	insertion seqs and phages	insertion seqs and phages	0	3	3	0.0	3754662.5	741	False	False	1	True	NonReactive-HHR
NC_000962.3	3755951	3767102	-	CDS	Rv3350c	PPE56	PE/PPE	PE/PPE	0	11	11	0.0	3761526.5	11151	False	False	1	True	NonReactive-HHR
NC_000962.3	3767345	3768140	-	CDS	Rv3351c	Rv3351c	conserved hypotheticals	conserved hypotheticals	0	4	4	0.0	3767742.5	795	False	False	0	False	NonReactive-Unq
NC_000962.3	3768221	3768593	-	CDS	Rv3352c	Rv3352c	intermediary metabolism and respiration	intermediary metabolism and respiration	0	2	2	0.0	3768407.0	372	False	False	0	False	NonReactive-Unq
NC_000962.3	3768735	3768996	-	CDS	Rv3353c	Rv3353c	conserved hypotheticals	conserved hypotheticals	0	2	2	0.0	3768865.5	261	False	False	0	False	NonReactive-Unq
NC_000962.3	3769110	3769500	+	CDS	Rv3354	Rv3354	conserved hypotheticals	conserved hypotheticals	0	3	3	0.0	3769305.0	390	False	False	0	False	NonReactive-Unq
NC_000962.3	3769513	3769807	-	CDS	Rv3355c	Rv3355c	cell wall and cell processes	cell wall and cell processes	0	2	2	0.0	3769660.0	294	False	False	1	True	NonReactive-HHR
NC_000962.3	3769803	3770649	-	CDS	Rv3356c	folD	intermediary metabolism and respiration	intermediary metabolism and respiration	0	4	4	0.0	3770226.0	846	False	False	1	True	NonReactive-HHR
NC_000962.3	3770772	3771048	+	CDS	Rv3357	relJ	virulence, detoxification, adaptation	virulence, detoxification, adaptation	0	2	2	0.0	3770910.0	276	False	False	0	False	NonReactive-Unq
NC_000962.3	3771044	3771302	+	CDS	Rv3358	relK	virulence, detoxification, adaptation	virulence, detoxification, adaptation	0	2	2	0.0	3771173.0	258	False	False	0	False	NonReactive-Unq
NC_000962.3	3771343	3772534	+	CDS	Rv3359	Rv3359	intermediary metabolism and respiration	intermediary metabolism and respiration	0	6	6	0.0	3771938.5	1191	False	False	0	False	NonReactive-Unq
NC_000962.3	3772650	3773019	+	CDS	Rv3360	Rv3360	conserved hypotheticals	conserved hypotheticals	0	2	2	0.0	3772834.5	369	False	False	0	False	NonReactive-Unq
NC_000962.3	3773015	3773567	-	CDS	Rv3361c	Rv3361c	conserved hypotheticals	conserved hypotheticals	0	3	3	0.0	3773291.0	552	False	False	0	False	NonReactive-Unq
NC_000962.3	3773573	3774155	-	CDS	Rv3362c	Rv3362c	conserved hypotheticals	conserved hypotheticals	0	3	3	0.0	3773864.0	582	False	False	0	False	NonReactive-Unq
NC_000962.3	3774135	3774504	-	CDS	Rv3363c	Rv3363c	conserved hypotheticals	conserved hypotheticals	0	2	2	0.0	3774319.5	369	False	False	0	False	NonReactive-Unq
NC_000962.3	3774481	3774874	-	CDS	Rv3364c	Rv3364c	conserved hypotheticals	conserved hypotheticals	0	2	2	0.0	3774677.5	393	False	False	0	False	NonReactive-Unq
NC_000962.3	3774870	3777501	-	CDS	Rv3365c	Rv3365c	conserved hypotheticals	conserved hypotheticals	1	9	10	0.1	3776185.5	2631	True	False	0	False	NonReactive-Unq
NC_000962.3	3777736	3778201	+	CDS	Rv3366	spoU	information pathways	information pathways	0	3	3	0.0	3777968.5	465	False	False	0	False	NonReactive-Unq
NC_000962.3	3778567	3780334	+	CDS	Rv3367	PE_PGRS51	PE/PPE	PE/PPE	0	9	9	0.0	3779450.5	1767	False	False	0	False	NonReactive-Unq
NC_000962.3	3780334	3780979	-	CDS	Rv3368c	Rv3368c	intermediary metabolism and respiration	intermediary metabolism and respiration	0	2	2	0.0	3780656.5	645	False	False	0	False	NonReactive-Unq
NC_000962.3	3780977	3781412	+	CDS	Rv3369	Rv3369	conserved hypotheticals	conserved hypotheticals	0	2	2	0.0	3781194.5	435	False	False	0	False	NonReactive-Unq
NC_000962.3	3781500	3784740	-	CDS	Rv3370c	dnaE2	information pathways	information pathways	0	10	10	0.0	3783120.0	3240	False	False	0	False	NonReactive-Unq
NC_000962.3	3784931	3786272	+	CDS	Rv3371	Rv3371	lipid metabolism	lipid metabolism	0	7	7	0.0	3785601.5	1341	False	False	0	False	NonReactive-Unq
NC_000962.3	3786313	3787489	+	CDS	Rv3372	otsB2	virulence, detoxification, adaptation	virulence, detoxification, adaptation	0	6	6	0.0	3786901.0	1176	False	False	0	False	NonReactive-Unq
NC_000962.3	3787725	3788367	+	CDS	Rv3373	echA18	lipid metabolism	lipid metabolism	0	3	3	0.0	3788046.0	642	False	False	0	False	NonReactive-Unq
NC_000962.3	3788620	3790048	+	CDS	Rv3375	amiD	intermediary metabolism and respiration	intermediary metabolism and respiration	0	7	7	0.0	3789334.0	1428	False	False	0	False	NonReactive-Unq
NC_000962.3	3790155	3790809	+	CDS	Rv3376	Rv3376	conserved hypotheticals	conserved hypotheticals	0	3	3	0.0	3790482.0	654	False	False	0	False	NonReactive-Unq
NC_000962.3	3790847	3792353	-	CDS	Rv3377c	Rv3377c	intermediary metabolism and respiration	intermediary metabolism and respiration	0	6	6	0.0	3791600.0	1506	False	False	0	False	NonReactive-Unq
NC_000962.3	3792357	3793248	-	CDS	Rv3378c	Rv3378c	intermediary metabolism and respiration	intermediary metabolism and respiration	0	4	4	0.0	3792802.5	891	False	False	0	False	NonReactive-Unq
NC_000962.3	3793256	3794867	-	CDS	Rv3379c	dxs2	intermediary metabolism and respiration	intermediary metabolism and respiration	0	7	7	0.0	3794061.5	1611	False	False	0	False	NonReactive-Unq
NC_000962.3	3796447	3797437	-	CDS	Rv3382c	lytB1	cell wall and cell processes	cell wall and cell processes	0	5	5	0.0	3796942.0	990	False	False	0	False	NonReactive-Unq
NC_000962.3	3797436	3798489	-	CDS	Rv3383c	idsB	lipid metabolism	lipid metabolism	0	5	5	0.0	3797962.5	1053	False	False	0	False	NonReactive-Unq
NC_000962.3	3799242	3799635	-	CDS	Rv3384c	vapC46	virulence, detoxification, adaptation	virulence, detoxification, adaptation	0	2	2	0.0	3799438.5	393	False	False	0	False	NonReactive-Unq
NC_000962.3	3799634	3799943	-	CDS	Rv3385c	vapB46	virulence, detoxification, adaptation	virulence, detoxification, adaptation	0	2	2	0.0	3799788.5	309	False	False	0	False	NonReactive-Unq
NC_000962.3	3800091	3800796	+	CDS	Rv3386	Rv3386	insertion seqs and phages	insertion seqs and phages	0	3	3	0.0	3800443.5	705	False	False	0	False	NonReactive-Unq
NC_000962.3	3800785	3801463	+	CDS	Rv3387	Rv3387	insertion seqs and phages	insertion seqs and phages	0	2	2	0.0	3801124.0	678	False	False	0	False	NonReactive-Unq
NC_000962.3	3801652	3803848	+	CDS	Rv3388	PE_PGRS52	PE/PPE	PE/PPE	0	9	9	0.0	3802750.0	2196	False	False	1	True	NonReactive-HHR
NC_000962.3	3804864	3805575	+	CDS	Rv3390	lpqD	cell wall and cell processes	cell wall and cell processes	0	4	4	0.0	3805219.5	711	False	False	0	False	NonReactive-Unq
NC_000962.3	3805620	3807573	+	CDS	Rv3391	acrA1	lipid metabolism	lipid metabolism	0	10	10	0.0	3806596.5	1953	False	False	0	False	NonReactive-Unq
NC_000962.3	3807573	3808437	-	CDS	Rv3392c	cmaA1	lipid metabolism	lipid metabolism	0	6	6	0.0	3808005.0	864	False	False	0	False	NonReactive-Unq
NC_000962.3	3808460	3809387	+	CDS	Rv3393	iunH	intermediary metabolism and respiration	intermediary metabolism and respiration	0	5	5	0.0	3808923.5	927	False	False	0	False	NonReactive-Unq
NC_000962.3	3809441	3811025	-	CDS	Rv3394c	Rv3394c	conserved hypotheticals	conserved hypotheticals	0	8	8	0.0	3810233.0	1584	False	False	0	False	NonReactive-Unq
NC_000962.3	3811021	3811636	-	CDS	Rv3395c	Rv3395c	conserved hypotheticals	conserved hypotheticals	0	3	3	0.0	3811328.5	615	False	False	0	False	NonReactive-Unq
NC_000962.3	3811718	3812345	+	CDS	Rv3395A	Rv3395A	cell wall and cell processes	cell wall and cell processes	0	3	3	0.0	3812031.5	627	False	False	0	False	NonReactive-Unq
NC_000962.3	3812500	3814078	-	CDS	Rv3396c	guaA	intermediary metabolism and respiration	intermediary metabolism and respiration	0	8	8	0.0	3813289.0	1578	False	False	0	False	NonReactive-Unq
NC_000962.3	3814089	3814998	-	CDS	Rv3397c	phyA	intermediary metabolism and respiration	intermediary metabolism and respiration	0	5	5	0.0	3814543.5	909	False	False	0	False	NonReactive-Unq
NC_000962.3	3815026	3816106	-	CDS	Rv3398c	idsA1	lipid metabolism	lipid metabolism	0	5	5	0.0	3815566.0	1080	False	False	0	False	NonReactive-Unq
NC_000962.3	3816128	3817175	+	CDS	Rv3399	Rv3399	lipid metabolism	lipid metabolism	0	5	5	0.0	3816651.5	1047	False	False	0	False	NonReactive-Unq
NC_000962.3	3817238	3818027	+	CDS	Rv3400	Rv3400	intermediary metabolism and respiration	intermediary metabolism and respiration	0	4	4	0.0	3817632.5	789	False	False	0	False	NonReactive-Unq
NC_000962.3	3818041	3820402	+	CDS	Rv3401	Rv3401	intermediary metabolism and respiration	intermediary metabolism and respiration	0	10	10	0.0	3819221.5	2361	False	False	0	False	NonReactive-Unq
NC_000962.3	3820652	3821891	-	CDS	Rv3402c	Rv3402c	cell wall and cell processes	cell wall and cell processes	0	6	6	0.0	3821271.5	1239	False	False	0	False	NonReactive-Unq
NC_000962.3	3822261	3823863	-	CDS	Rv3403c	Rv3403c	conserved hypotheticals	conserved hypotheticals	0	8	8	0.0	3823062.0	1602	False	False	0	False	NonReactive-Unq
NC_000962.3	3823879	3824584	-	CDS	Rv3404c	Rv3404c	conserved hypotheticals	conserved hypotheticals	0	3	3	0.0	3824231.5	705	False	False	0	False	NonReactive-Unq
NC_000962.3	3824701	3825268	-	CDS	Rv3405c	Rv3405c	regulatory proteins	regulatory proteins	0	3	3	0.0	3824984.5	567	False	False	0	False	NonReactive-Unq
NC_000962.3	3825329	3826217	+	CDS	Rv3406	Rv3406	intermediary metabolism and respiration	intermediary metabolism and respiration	0	4	4	0.0	3825773.0	888	False	False	0	False	NonReactive-Unq
NC_000962.3	3826251	3826551	+	CDS	Rv3407	vapB47	virulence, detoxification, adaptation	virulence, detoxification, adaptation	0	2	2	0.0	3826401.0	300	False	False	0	False	NonReactive-Unq
NC_000962.3	3826547	3826958	+	CDS	Rv3408	vapC47	virulence, detoxification, adaptation	virulence, detoxification, adaptation	0	2	2	0.0	3826752.5	411	False	False	0	False	NonReactive-Unq
NC_000962.3	3826990	3828727	-	CDS	Rv3409c	choD	lipid metabolism	lipid metabolism	0	9	9	0.0	3827858.5	1737	False	False	0	False	NonReactive-Unq
NC_000962.3	3828782	3829910	-	CDS	Rv3410c	guaB3	intermediary metabolism and respiration	intermediary metabolism and respiration	0	6	6	0.0	3829346.0	1128	False	False	0	False	NonReactive-Unq
NC_000962.3	3829929	3831519	-	CDS	Rv3411c	guaB2	intermediary metabolism and respiration	intermediary metabolism and respiration	0	8	8	0.0	3830724.0	1590	False	False	0	False	NonReactive-Unq
NC_000962.3	3831725	3832136	+	CDS	Rv3412	Rv3412	conserved hypotheticals	conserved hypotheticals	0	2	2	0.0	3831930.5	411	False	False	0	False	NonReactive-Unq
NC_000962.3	3832145	3833045	-	CDS	Rv3413c	Rv3413c	conserved hypotheticals	conserved hypotheticals	0	4	4	0.0	3832595.0	900	False	False	0	False	NonReactive-Unq
NC_000962.3	3833037	3833676	-	CDS	Rv3414c	sigD	information pathways	information pathways	0	3	3	0.0	3833356.5	639	False	False	0	False	NonReactive-Unq
NC_000962.3	3833693	3834521	-	CDS	Rv3415c	Rv3415c	conserved hypotheticals	conserved hypotheticals	0	4	4	0.0	3834107.0	828	False	False	0	False	NonReactive-Unq
NC_000962.3	3834891	3835200	+	CDS	Rv3416	whiB3	regulatory proteins	regulatory proteins	0	2	2	0.0	3835045.5	309	False	False	0	False	NonReactive-Unq
NC_000962.3	3835271	3836891	-	CDS	Rv3417c	groEL1	virulence, detoxification, adaptation	virulence, detoxification, adaptation	0	8	8	0.0	3836081.0	1620	False	False	0	False	NonReactive-Unq
NC_000962.3	3836985	3837288	-	CDS	Rv3418c	groES	virulence, detoxification, adaptation	virulence, detoxification, adaptation	0	2	2	0.0	3837136.5	303	False	False	0	False	NonReactive-Unq
NC_000962.3	3837554	3838589	-	CDS	Rv3419c	gcp	intermediary metabolism and respiration	intermediary metabolism and respiration	0	5	5	0.0	3838071.5	1035	False	False	0	False	NonReactive-Unq
NC_000962.3	3838585	3839062	-	CDS	Rv3420c	rimI	information pathways	information pathways	0	2	2	0.0	3838823.5	477	False	False	0	False	NonReactive-Unq
NC_000962.3	3839058	3839694	-	CDS	Rv3421c	Rv3421c	conserved hypotheticals	conserved hypotheticals	0	3	3	0.0	3839376.0	636	False	False	0	False	NonReactive-Unq
NC_000962.3	3839690	3840197	-	CDS	Rv3422c	Rv3422c	conserved hypotheticals	conserved hypotheticals	0	3	3	0.0	3839943.5	507	False	False	0	False	NonReactive-Unq
NC_000962.3	3840193	3841420	-	CDS	Rv3423c	alr	intermediary metabolism and respiration	intermediary metabolism and respiration	0	6	6	0.0	3840806.5	1227	False	False	0	False	NonReactive-Unq
NC_000962.3	3841713	3842076	-	CDS	Rv3424c	Rv3424c	conserved hypotheticals	conserved hypotheticals	0	2	2	0.0	3841894.5	363	False	False	1	True	NonReactive-HHR
NC_000962.3	3842238	3842769	+	CDS	Rv3425	PPE57	PE/PPE	PE/PPE	0	3	3	0.0	3842503.5	531	False	False	1	True	NonReactive-HHR
NC_000962.3	3843035	3843734	+	CDS	Rv3426	PPE58	PE/PPE	PE/PPE	0	3	3	0.0	3843384.5	699	False	False	1	True	NonReactive-HHR
NC_000962.3	3843884	3844640	-	CDS	Rv3427c	Rv3427c	insertion seqs and phages	insertion seqs and phages	0	6	6	0.0	3844262.0	756	False	False	0	False	NonReactive-Unq
NC_000962.3	3844737	3845970	-	CDS	Rv3428c	Rv3428c	insertion seqs and phages	insertion seqs and phages	0	2	2	0.0	3845353.5	1233	False	False	0	False	NonReactive-Unq
NC_000962.3	3847164	3847701	+	CDS	Rv3429	PPE59	PE/PPE	PE/PPE	0	6	6	0.0	3847432.5	537	False	False	1	True	NonReactive-HHR
NC_000962.3	3847641	3848805	-	CDS	Rv3430c	Rv3430c	insertion seqs and phages	insertion seqs and phages	0	6	6	0.0	3848223.0	1164	False	False	1	True	NonReactive-HHR
NC_000962.3	3850371	3851754	-	CDS	Rv3432c	gadB	intermediary metabolism and respiration	intermediary metabolism and respiration	1	6	7	0.14285714285714285	3851062.5	1383	True	False	0	False	NonReactive-Unq
NC_000962.3	3851791	3853213	-	CDS	Rv3433c	Rv3433c	conserved hypotheticals	conserved hypotheticals	0	7	7	0.0	3852502.0	1422	False	False	0	False	NonReactive-Unq
NC_000962.3	3853214	3853928	-	CDS	Rv3434c	Rv3434c	cell wall and cell processes	cell wall and cell processes	0	4	4	0.0	3853571.0	714	False	False	0	False	NonReactive-Unq
NC_000962.3	3853938	3854793	-	CDS	Rv3435c	Rv3435c	cell wall and cell processes	cell wall and cell processes	0	4	4	0.0	3854365.5	855	False	False	0	False	NonReactive-Unq
NC_000962.3	3855014	3856889	-	CDS	Rv3436c	glmS	intermediary metabolism and respiration	intermediary metabolism and respiration	0	9	9	0.0	3855951.5	1875	False	False	0	False	NonReactive-Unq
NC_000962.3	3856910	3857387	+	CDS	Rv3437	Rv3437	cell wall and cell processes	cell wall and cell processes	0	3	3	0.0	3857148.5	477	False	False	0	False	NonReactive-Unq
NC_000962.3	3857396	3858239	+	CDS	Rv3438	Rv3438	conserved hypotheticals	conserved hypotheticals	0	1	1	0.0	3857817.5	843	False	False	0	False	NonReactive-Unq
NC_000962.3	3858258	3859662	-	CDS	Rv3439c	Rv3439c	conserved hypotheticals	conserved hypotheticals	0	7	7	0.0	3858960.0	1404	False	False	0	False	NonReactive-Unq
NC_000962.3	3859664	3859976	-	CDS	Rv3440c	Rv3440c	conserved hypotheticals	conserved hypotheticals	0	2	2	0.0	3859820.0	312	False	False	0	False	NonReactive-Unq
NC_000962.3	3860023	3861370	-	CDS	Rv3441c	mrsA	intermediary metabolism and respiration	intermediary metabolism and respiration	0	7	7	0.0	3860696.5	1347	False	False	0	False	NonReactive-Unq
NC_000962.3	3861494	3861950	-	CDS	Rv3442c	rpsI	information pathways	information pathways	0	2	2	0.0	3861722.0	456	False	False	0	False	NonReactive-Unq
NC_000962.3	3861946	3862390	-	CDS	Rv3443c	rplM	information pathways	information pathways	0	2	2	0.0	3862168.0	444	False	False	0	False	NonReactive-Unq
NC_000962.3	3862623	3862926	-	CDS	Rv3444c	esxT	cell wall and cell processes	esx	0	2	2	0.0	3862774.5	303	False	False	0	False	NonReactive-Unq
NC_000962.3	3862946	3863264	-	CDS	Rv3445c	esxU	cell wall and cell processes	esx	0	2	2	0.0	3863105.0	318	False	False	0	False	NonReactive-Unq
NC_000962.3	3863316	3864531	-	CDS	Rv3446c	Rv3446c	conserved hypotheticals	conserved hypotheticals	0	6	6	0.0	3863923.5	1215	False	False	0	False	NonReactive-Unq
NC_000962.3	3864527	3868238	-	CDS	Rv3447c	eccC4	cell wall and cell processes	cell wall and cell processes	0	10	10	0.0	3866382.5	3711	False	False	0	False	NonReactive-Unq
NC_000962.3	3868351	3869755	+	CDS	Rv3448	eccD4	cell wall and cell processes	cell wall and cell processes	0	7	7	0.0	3869053.0	1404	False	False	0	False	NonReactive-Unq
NC_000962.3	3869751	3871119	+	CDS	Rv3449	mycP4	intermediary metabolism and respiration	intermediary metabolism and respiration	0	7	7	0.0	3870435.0	1368	False	False	0	False	NonReactive-Unq
NC_000962.3	3871083	3872496	-	CDS	Rv3450c	eccB4	cell wall and cell processes	cell wall and cell processes	0	6	6	0.0	3871789.5	1413	False	False	0	False	NonReactive-Unq
NC_000962.3	3872616	3873405	+	CDS	Rv3451	cut3	cell wall and cell processes	cell wall and cell processes	0	4	4	0.0	3873010.5	789	False	False	0	False	NonReactive-Unq
NC_000962.3	3873451	3874132	+	CDS	Rv3452	cut4	cell wall and cell processes	cell wall and cell processes	0	4	4	0.0	3873791.5	681	False	False	0	False	NonReactive-Unq
NC_000962.3	3876051	3876822	-	CDS	Rv3455c	truA	information pathways	information pathways	0	3	3	0.0	3876436.5	771	False	False	0	False	NonReactive-Unq
NC_000962.3	3876889	3877432	-	CDS	Rv3456c	rplQ	information pathways	information pathways	0	3	3	0.0	3877160.5	543	False	False	0	False	NonReactive-Unq
NC_000962.3	3877463	3878507	-	CDS	Rv3457c	rpoA	information pathways	information pathways	0	5	5	0.0	3877985.0	1044	False	False	0	False	NonReactive-Unq
NC_000962.3	3878658	3879264	-	CDS	Rv3458c	rpsD	information pathways	information pathways	1	2	3	0.3333333333333333	3878961.0	606	True	False	0	False	NonReactive-Unq
NC_000962.3	3879272	3879692	-	CDS	Rv3459c	rpsK	information pathways	information pathways	0	2	2	0.0	3879482.0	420	False	False	0	False	NonReactive-Unq
NC_000962.3	3879695	3880070	-	CDS	Rv3460c	rpsM	information pathways	information pathways	0	2	2	0.0	3879882.5	375	False	False	0	False	NonReactive-Unq
NC_000962.3	3880285	3880399	-	CDS	Rv3461c	rpmJ	information pathways	information pathways	0	2	2	0.0	3880342.0	114	False	False	0	False	NonReactive-Unq
NC_000962.3	3880431	3880653	-	CDS	Rv3462c	infA	information pathways	information pathways	0	2	2	0.0	3880542.0	222	False	False	0	False	NonReactive-Unq
NC_000962.3	3880906	3881764	+	CDS	Rv3463	Rv3463	conserved hypotheticals	conserved hypotheticals	0	4	4	0.0	3881335.0	858	False	False	0	False	NonReactive-Unq
NC_000962.3	3881836	3882832	+	CDS	Rv3464	rmlB	intermediary metabolism and respiration	intermediary metabolism and respiration	0	5	5	0.0	3882334.0	996	False	False	0	False	NonReactive-Unq
NC_000962.3	3882833	3883442	+	CDS	Rv3465	rmlC	intermediary metabolism and respiration	intermediary metabolism and respiration	0	3	3	0.0	3883137.5	609	False	False	0	False	NonReactive-Unq
NC_000962.3	3883524	3884193	+	CDS	Rv3466	Rv3466	insertion seqs and phages	REP13E12_Repeat	0	3	3	0.0	3883858.5	669	False	False	1	True	NonReactive-HHR
NC_000962.3	3883963	3884917	+	CDS	Rv3467	Rv3467	insertion seqs and phages	REP13E12_Repeat	0	5	5	0.0	3884440.0	954	False	False	1	True	NonReactive-HHR
NC_000962.3	3884974	3886069	-	CDS	Rv3468c	Rv3468c	intermediary metabolism and respiration	intermediary metabolism and respiration	0	5	5	0.0	3885521.5	1095	False	False	0	False	NonReactive-Unq
NC_000962.3	3886072	3887083	-	CDS	Rv3469c	mhpE	intermediary metabolism and respiration	intermediary metabolism and respiration	0	5	5	0.0	3886577.5	1011	False	False	0	False	NonReactive-Unq
NC_000962.3	3887143	3888802	-	CDS	Rv3470c	ilvB2	intermediary metabolism and respiration	intermediary metabolism and respiration	0	8	8	0.0	3887972.5	1659	False	False	0	False	NonReactive-Unq
NC_000962.3	3888807	3889341	-	CDS	Rv3471c	Rv3471c	conserved hypotheticals	conserved hypotheticals	0	3	3	0.0	3889074.0	534	False	False	0	False	NonReactive-Unq
NC_000962.3	3889361	3889868	+	CDS	Rv3472	Rv3472	conserved hypotheticals	conserved hypotheticals	0	3	3	0.0	3889614.5	507	False	False	0	False	NonReactive-Unq
NC_000962.3	3889947	3890733	-	CDS	Rv3473c	bpoA	virulence, detoxification, adaptation	virulence, detoxification, adaptation	0	3	3	0.0	3890340.0	786	False	False	0	False	NonReactive-Unq
NC_000962.3	3894092	3894389	+	CDS	Rv3477	PE31	PE/PPE	PE/PPE	0	3	3	0.0	3894240.5	297	False	False	1	True	NonReactive-HHR
NC_000962.3	3894425	3895607	+	CDS	Rv3478	PPE60	PE/PPE	PE/PPE	5	15	20	0.25	3895016.0	1182	True	True	1	True	Antigen-HHR
NC_000962.3	3895819	3898885	+	CDS	Rv3479	Rv3479	cell wall and cell processes	cell wall and cell processes	0	7	7	0.0	3897352.0	3066	False	False	0	False	NonReactive-Unq
NC_000962.3	3898908	3900402	-	CDS	Rv3480c	Rv3480c	lipid metabolism	lipid metabolism	0	7	7	0.0	3899655.0	1494	False	False	0	False	NonReactive-Unq
NC_000962.3	3900492	3901182	-	CDS	Rv3481c	Rv3481c	cell wall and cell processes	cell wall and cell processes	0	3	3	0.0	3900837.0	690	False	False	0	False	NonReactive-Unq
NC_000962.3	3901323	3902106	-	CDS	Rv3482c	Rv3482c	cell wall and cell processes	cell wall and cell processes	0	4	4	0.0	3901714.5	783	False	False	0	False	NonReactive-Unq
NC_000962.3	3902149	3902812	-	CDS	Rv3483c	Rv3483c	cell wall and cell processes	cell wall and cell processes	0	3	3	0.0	3902480.5	663	False	False	0	False	NonReactive-Unq
NC_000962.3	3903077	3904616	+	CDS	Rv3484	cpsA	conserved hypotheticals	conserved hypotheticals	0	8	8	0.0	3903846.5	1539	False	False	0	False	NonReactive-Unq
NC_000962.3	3904621	3905566	-	CDS	Rv3485c	Rv3485c	intermediary metabolism and respiration	intermediary metabolism and respiration	0	5	5	0.0	3905093.5	945	False	False	0	False	NonReactive-Unq
NC_000962.3	3905771	3906221	+	CDS	Rv3486	Rv3486	conserved hypotheticals	conserved hypotheticals	0	2	2	0.0	3905996.0	450	False	False	0	False	NonReactive-Unq
NC_000962.3	3906173	3907007	-	CDS	Rv3487c	lipF	intermediary metabolism and respiration	intermediary metabolism and respiration	0	3	3	0.0	3906590.0	834	False	False	0	False	NonReactive-Unq
NC_000962.3	3907666	3907990	+	CDS	Rv3488	Rv3488	conserved hypotheticals	conserved hypotheticals	0	2	2	0.0	3907828.0	324	False	False	0	False	NonReactive-Unq
NC_000962.3	3908071	3908236	+	CDS	Rv3489	Rv3489	conserved hypotheticals	conserved hypotheticals	0	2	2	0.0	3908153.5	165	False	False	0	False	NonReactive-Unq
NC_000962.3	3908235	3909738	+	CDS	Rv3490	otsA	virulence, detoxification, adaptation	virulence, detoxification, adaptation	0	7	7	0.0	3908986.5	1503	False	False	0	False	NonReactive-Unq
NC_000962.3	3909889	3910468	+	CDS	Rv3491	Rv3491	conserved hypotheticals	conserved hypotheticals	0	3	3	0.0	3910178.5	579	False	False	0	False	NonReactive-Unq
NC_000962.3	3910464	3910947	-	CDS	Rv3492c	Rv3492c	conserved hypotheticals	conserved hypotheticals	0	3	3	0.0	3910705.5	483	False	False	0	False	NonReactive-Unq
NC_000962.3	3910946	3911675	-	CDS	Rv3493c	Rv3493c	conserved hypotheticals	conserved hypotheticals	1	3	4	0.25	3911310.5	729	True	False	0	False	NonReactive-Unq
NC_000962.3	3911674	3913369	-	CDS	Rv3494c	mce4F	virulence, detoxification, adaptation	virulence, detoxification, adaptation	0	8	8	0.0	3912521.5	1695	False	False	0	False	NonReactive-Unq
NC_000962.3	3913379	3914534	-	CDS	Rv3495c	lprN	cell wall and cell processes	cell wall and cell processes	0	6	6	0.0	3913956.5	1155	False	False	0	False	NonReactive-Unq
NC_000962.3	3914530	3915886	-	CDS	Rv3496c	mce4D	virulence, detoxification, adaptation	virulence, detoxification, adaptation	0	7	7	0.0	3915208.0	1356	False	False	0	False	NonReactive-Unq
NC_000962.3	3915882	3916956	-	CDS	Rv3497c	mce4C	virulence, detoxification, adaptation	virulence, detoxification, adaptation	0	5	5	0.0	3916419.0	1074	False	False	0	False	NonReactive-Unq
NC_000962.3	3916945	3917998	-	CDS	Rv3498c	mce4B	virulence, detoxification, adaptation	virulence, detoxification, adaptation	0	5	5	0.0	3917471.5	1053	False	False	0	False	NonReactive-Unq
NC_000962.3	3917997	3919200	-	CDS	Rv3499c	mce4A	virulence, detoxification, adaptation	virulence, detoxification, adaptation	0	6	6	0.0	3918598.5	1203	False	False	0	False	NonReactive-Unq
NC_000962.3	3919219	3920062	-	CDS	Rv3500c	yrbE4B	virulence, detoxification, adaptation	virulence, detoxification, adaptation	0	4	4	0.0	3919640.5	843	False	False	0	False	NonReactive-Unq
NC_000962.3	3920096	3920861	-	CDS	Rv3501c	yrbE4A	virulence, detoxification, adaptation	virulence, detoxification, adaptation	0	4	4	0.0	3920478.5	765	False	False	0	False	NonReactive-Unq
NC_000962.3	3921086	3922040	-	CDS	Rv3502c	Rv3502c	intermediary metabolism and respiration	intermediary metabolism and respiration	0	5	5	0.0	3921563.0	954	False	False	0	False	NonReactive-Unq
NC_000962.3	3922064	3922256	-	CDS	Rv3503c	fdxD	intermediary metabolism and respiration	intermediary metabolism and respiration	0	2	2	0.0	3922160.0	192	False	False	0	False	NonReactive-Unq
NC_000962.3	3922470	3923673	+	CDS	Rv3504	fadE26	lipid metabolism	lipid metabolism	0	6	6	0.0	3923071.5	1203	False	False	0	False	NonReactive-Unq
NC_000962.3	3923697	3924819	+	CDS	Rv3505	fadE27	lipid metabolism	lipid metabolism	0	5	5	0.0	3924258.0	1122	False	False	0	False	NonReactive-Unq
NC_000962.3	3924889	3926398	+	CDS	Rv3506	fadD17	lipid metabolism	lipid metabolism	0	7	7	0.0	3925643.5	1509	False	False	0	False	NonReactive-Unq
NC_000962.3	3926568	3930714	+	CDS	Rv3507	PE_PGRS53	PE/PPE	PE/PPE	0	10	10	0.0	3928641.0	4146	False	False	0	False	NonReactive-Unq
NC_000962.3	3931004	3936710	+	CDS	Rv3508	PE_PGRS54	PE/PPE	PE/PPE	0	14	14	0.0	3933857.0	5706	False	False	1	True	NonReactive-HHR
NC_000962.3	3936876	3938424	-	CDS	Rv3509c	ilvX	intermediary metabolism and respiration	intermediary metabolism and respiration	0	8	8	0.0	3937650.0	1548	False	False	0	False	NonReactive-Unq
NC_000962.3	3938420	3939257	-	CDS	Rv3510c	Rv3510c	conserved hypotheticals	conserved hypotheticals	0	4	4	0.0	3938838.5	837	False	False	0	False	NonReactive-Unq
NC_000962.3	3939616	3941761	+	CDS	Rv3511	PE_PGRS55	PE/PPE	PE/PPE	0	9	9	0.0	3940688.5	2145	False	False	1	True	NonReactive-HHR
NC_000962.3	3941723	3944963	+	CDS	Rv3512	PE_PGRS56	PE/PPE	PE/PPE	0	3	3	0.0	3943343.0	3240	False	False	1	True	NonReactive-HHR
NC_000962.3	3945091	3945748	-	CDS	Rv3513c	fadD18	lipid metabolism	lipid metabolism	0	3	3	0.0	3945419.5	657	False	False	1	True	NonReactive-HHR
NC_000962.3	3945793	3950263	+	CDS	Rv3514	PE_PGRS57	PE/PPE	PE/PPE	0	11	11	0.0	3948028.0	4470	False	False	1	True	NonReactive-HHR
NC_000962.3	3950823	3952470	-	CDS	Rv3515c	fadD19	lipid metabolism	lipid metabolism	0	10	10	0.0	3951646.5	1647	False	False	1	True	NonReactive-HHR
NC_000962.3	3952543	3953335	+	CDS	Rv3516	echA19	lipid metabolism	lipid metabolism	0	4	4	0.0	3952939.0	792	False	False	0	False	NonReactive-Unq
NC_000962.3	3953430	3954270	+	CDS	Rv3517	Rv3517	conserved hypotheticals	conserved hypotheticals	0	3	3	0.0	3953850.0	840	False	False	0	False	NonReactive-Unq
NC_000962.3	3954324	3955521	-	CDS	Rv3518c	cyp142	intermediary metabolism and respiration	intermediary metabolism and respiration	0	6	6	0.0	3954922.5	1197	False	False	0	False	NonReactive-Unq
NC_000962.3	3955549	3956260	+	CDS	Rv3519	Rv3519	conserved hypotheticals	conserved hypotheticals	0	4	4	0.0	3955904.5	711	False	False	0	False	NonReactive-Unq
NC_000962.3	3956324	3957368	-	CDS	Rv3520c	Rv3520c	intermediary metabolism and respiration	intermediary metabolism and respiration	0	5	5	0.0	3956846.0	1044	False	False	0	False	NonReactive-Unq
NC_000962.3	3957520	3958432	+	CDS	Rv3521	Rv3521	conserved hypotheticals	conserved hypotheticals	0	5	5	0.0	3957976.0	912	False	False	0	False	NonReactive-Unq
NC_000962.3	3958447	3959512	+	CDS	Rv3522	ltp4	lipid metabolism	lipid metabolism	1	4	5	0.2	3958979.5	1065	True	False	0	False	NonReactive-Unq
NC_000962.3	3959528	3960713	+	CDS	Rv3523	ltp3	lipid metabolism	lipid metabolism	0	6	6	0.0	3960120.5	1185	False	False	0	False	NonReactive-Unq
NC_000962.3	3960754	3961786	+	CDS	Rv3524	Rv3524	cell wall and cell processes	cell wall and cell processes	0	5	5	0.0	3961270.0	1032	False	False	0	False	NonReactive-Unq
NC_000962.3	3961799	3962324	-	CDS	Rv3525c	Rv3525c	intermediary metabolism and respiration	intermediary metabolism and respiration	0	2	2	0.0	3962061.5	525	False	False	0	False	NonReactive-Unq
NC_000962.3	3962438	3963599	+	CDS	Rv3526	kshA	intermediary metabolism and respiration	intermediary metabolism and respiration	0	6	6	0.0	3963018.5	1161	False	False	0	False	NonReactive-Unq
NC_000962.3	3963604	3964054	+	CDS	Rv3527	Rv3527	conserved hypotheticals	conserved hypotheticals	0	2	2	0.0	3963829.0	450	False	False	0	False	NonReactive-Unq
NC_000962.3	3964478	3965192	-	CDS	Rv3528c	Rv3528c	conserved hypotheticals	conserved hypotheticals	0	4	4	0.0	3964835.0	714	False	False	0	False	NonReactive-Unq
NC_000962.3	3965883	3967038	-	CDS	Rv3529c	Rv3529c	conserved hypotheticals	conserved hypotheticals	0	6	6	0.0	3966460.5	1155	False	False	0	False	NonReactive-Unq
NC_000962.3	3967037	3967820	-	CDS	Rv3530c	Rv3530c	intermediary metabolism and respiration	intermediary metabolism and respiration	0	4	4	0.0	3967428.5	783	False	False	0	False	NonReactive-Unq
NC_000962.3	3967816	3968944	-	CDS	Rv3531c	Rv3531c	conserved hypotheticals	conserved hypotheticals	0	6	6	0.0	3968380.0	1128	False	False	0	False	NonReactive-Unq
NC_000962.3	3969342	3970563	+	CDS	Rv3532	PPE61	PE/PPE	PE/PPE	0	6	6	0.0	3969952.5	1221	False	False	0	False	NonReactive-Unq
NC_000962.3	3970704	3972453	-	CDS	Rv3533c	PPE62	PE/PPE	PE/PPE	0	8	8	0.0	3971578.5	1749	False	False	0	False	NonReactive-Unq
NC_000962.3	3972551	3973592	-	CDS	Rv3534c	hsaF	intermediary metabolism and respiration	intermediary metabolism and respiration	0	5	5	0.0	3973071.5	1041	False	False	0	False	NonReactive-Unq
NC_000962.3	3973588	3974500	-	CDS	Rv3535c	hsaG	intermediary metabolism and respiration	intermediary metabolism and respiration	0	5	5	0.0	3974044.0	912	False	False	0	False	NonReactive-Unq
NC_000962.3	3974510	3975296	-	CDS	Rv3536c	hsaE	intermediary metabolism and respiration	intermediary metabolism and respiration	0	3	3	0.0	3974903.0	786	False	False	0	False	NonReactive-Unq
NC_000962.3	3975368	3977060	+	CDS	Rv3537	kstD	intermediary metabolism and respiration	intermediary metabolism and respiration	0	8	8	0.0	3976214.0	1692	False	False	0	False	NonReactive-Unq
NC_000962.3	3977061	3977922	+	CDS	Rv3538	Rv3538	intermediary metabolism and respiration	intermediary metabolism and respiration	0	4	4	0.0	3977491.5	861	False	False	0	False	NonReactive-Unq
NC_000962.3	3978058	3979498	+	CDS	Rv3539	PPE63	PE/PPE	PE/PPE	0	7	7	0.0	3978778.0	1440	False	False	0	False	NonReactive-Unq
NC_000962.3	3979498	3980659	-	CDS	Rv3540c	ltp2	lipid metabolism	lipid metabolism	0	6	6	0.0	3980078.5	1161	False	False	0	False	NonReactive-Unq
NC_000962.3	3980658	3981048	-	CDS	Rv3541c	Rv3541c	conserved hypotheticals	conserved hypotheticals	0	2	2	0.0	3980853.0	390	False	False	0	False	NonReactive-Unq
NC_000962.3	3981044	3981980	-	CDS	Rv3542c	Rv3542c	conserved hypotheticals	conserved hypotheticals	0	5	5	0.0	3981512.0	936	False	False	0	False	NonReactive-Unq
NC_000962.3	3981976	3983140	-	CDS	Rv3543c	fadE29	lipid metabolism	lipid metabolism	0	6	6	0.0	3982558.0	1164	False	False	0	False	NonReactive-Unq
NC_000962.3	3983124	3984144	-	CDS	Rv3544c	fadE28	lipid metabolism	lipid metabolism	0	5	5	0.0	3983634.0	1020	False	False	0	False	NonReactive-Unq
NC_000962.3	3984143	3985445	-	CDS	Rv3545c	cyp125	intermediary metabolism and respiration	intermediary metabolism and respiration	0	6	6	0.0	3984794.0	1302	False	False	0	False	NonReactive-Unq
NC_000962.3	3985556	3986732	+	CDS	Rv3546	fadA5	lipid metabolism	lipid metabolism	0	6	6	0.0	3986144.0	1176	False	False	0	False	NonReactive-Unq
NC_000962.3	3986843	3987299	+	CDS	Rv3547	ddn	intermediary metabolism and respiration	intermediary metabolism and respiration	0	2	2	0.0	3987071.0	456	False	False	0	False	NonReactive-Unq
NC_000962.3	3987381	3988296	-	CDS	Rv3548c	Rv3548c	intermediary metabolism and respiration	intermediary metabolism and respiration	0	5	5	0.0	3987838.5	915	False	False	0	False	NonReactive-Unq
NC_000962.3	3988318	3989098	-	CDS	Rv3549c	Rv3549c	intermediary metabolism and respiration	intermediary metabolism and respiration	0	4	4	0.0	3988708.0	780	False	False	0	False	NonReactive-Unq
NC_000962.3	3989152	3989896	+	CDS	Rv3550	echA20	lipid metabolism	lipid metabolism	0	3	3	0.0	3989524.0	744	False	False	0	False	NonReactive-Unq
NC_000962.3	3989895	3990774	+	CDS	Rv3551	Rv3551	intermediary metabolism and respiration	intermediary metabolism and respiration	0	4	4	0.0	3990334.5	879	False	False	0	False	NonReactive-Unq
NC_000962.3	3990770	3991523	+	CDS	Rv3552	Rv3552	intermediary metabolism and respiration	intermediary metabolism and respiration	0	4	4	0.0	3991146.5	753	False	False	0	False	NonReactive-Unq
NC_000962.3	3991620	3992688	+	CDS	Rv3553	Rv3553	intermediary metabolism and respiration	intermediary metabolism and respiration	0	5	5	0.0	3992154.0	1068	False	False	0	False	NonReactive-Unq
NC_000962.3	3992684	3994742	+	CDS	Rv3554	fdxB	intermediary metabolism and respiration	intermediary metabolism and respiration	0	10	10	0.0	3993713.0	2058	False	False	0	False	NonReactive-Unq
NC_000962.3	3994829	3995699	-	CDS	Rv3555c	Rv3555c	conserved hypotheticals	conserved hypotheticals	0	3	3	0.0	3995264.0	870	False	False	0	False	NonReactive-Unq
NC_000962.3	3995803	3996964	-	CDS	Rv3556c	fadA6	lipid metabolism	lipid metabolism	0	6	6	0.0	3996383.5	1161	False	False	0	False	NonReactive-Unq
NC_000962.3	3997028	3997631	-	CDS	Rv3557c	Rv3557c	regulatory proteins	regulatory proteins	1	2	3	0.3333333333333333	3997329.5	603	True	False	0	False	NonReactive-Unq
NC_000962.3	3997979	3999638	+	CDS	Rv3558	PPE64	PE/PPE	PE/PPE	0	9	9	0.0	3998808.5	1659	False	False	0	False	NonReactive-Unq
NC_000962.3	3999646	4000435	-	CDS	Rv3559c	Rv3559c	intermediary metabolism and respiration	intermediary metabolism and respiration	0	4	4	0.0	4000040.5	789	False	False	0	False	NonReactive-Unq
NC_000962.3	4000431	4001589	-	CDS	Rv3560c	fadE30	lipid metabolism	lipid metabolism	0	6	6	0.0	4001010.0	1158	False	False	0	False	NonReactive-Unq
NC_000962.3	4001636	4003160	+	CDS	Rv3561	fadD3	lipid metabolism	lipid metabolism	0	8	8	0.0	4002398.0	1524	False	False	0	False	NonReactive-Unq
NC_000962.3	4003160	4004294	+	CDS	Rv3562	fadE31	lipid metabolism	lipid metabolism	0	6	6	0.0	4003727.0	1134	False	False	0	False	NonReactive-Unq
NC_000962.3	4004290	4005250	+	CDS	Rv3563	fadE32	lipid metabolism	lipid metabolism	0	5	5	0.0	4004770.0	960	False	False	0	False	NonReactive-Unq
NC_000962.3	4005246	4006203	+	CDS	Rv3564	fadE33	lipid metabolism	lipid metabolism	0	5	5	0.0	4005724.5	957	False	False	0	False	NonReactive-Unq
NC_000962.3	4006199	4007366	+	CDS	Rv3565	aspB	intermediary metabolism and respiration	intermediary metabolism and respiration	0	6	6	0.0	4006782.5	1167	False	False	0	False	NonReactive-Unq
NC_000962.3	4007330	4008182	-	CDS	Rv3566c	nat	intermediary metabolism and respiration	intermediary metabolism and respiration	0	3	3	0.0	4007756.0	852	False	False	0	False	NonReactive-Unq
NC_000962.3	4008166	4008433	-	CDS	Rv3566A	Rv3566A	conserved hypotheticals	conserved hypotheticals	0	2	2	0.0	4008299.5	267	False	False	0	False	NonReactive-Unq
NC_000962.3	4008718	4009282	-	CDS	Rv3567c	hsaB	intermediary metabolism and respiration	intermediary metabolism and respiration	0	3	3	0.0	4009000.0	564	False	False	0	False	NonReactive-Unq
NC_000962.3	4009296	4010199	-	CDS	Rv3568c	hsaC	intermediary metabolism and respiration	intermediary metabolism and respiration	0	4	4	0.0	4009747.5	903	False	False	0	False	NonReactive-Unq
NC_000962.3	4010195	4011071	-	CDS	Rv3569c	hsaD	intermediary metabolism and respiration	intermediary metabolism and respiration	0	4	4	0.0	4010633.0	876	False	False	0	False	NonReactive-Unq
NC_000962.3	4011085	4012270	-	CDS	Rv3570c	hsaA	intermediary metabolism and respiration	intermediary metabolism and respiration	0	6	6	0.0	4011677.5	1185	False	False	0	False	NonReactive-Unq
NC_000962.3	4012416	4013493	+	CDS	Rv3571	kshB	intermediary metabolism and respiration	intermediary metabolism and respiration	0	5	5	0.0	4012954.5	1077	False	False	0	False	NonReactive-Unq
NC_000962.3	4013510	4014041	+	CDS	Rv3572	Rv3572	conserved hypotheticals	conserved hypotheticals	0	3	3	0.0	4013775.5	531	False	False	0	False	NonReactive-Unq
NC_000962.3	4014076	4016212	-	CDS	Rv3573c	fadE34	lipid metabolism	lipid metabolism	0	10	10	0.0	4015144.0	2136	False	False	0	False	NonReactive-Unq
NC_000962.3	4016483	4017083	+	CDS	Rv3574	kstR	regulatory proteins	regulatory proteins	0	2	2	0.0	4016783.0	600	False	False	0	False	NonReactive-Unq
NC_000962.3	4017088	4018168	-	CDS	Rv3575c	Rv3575c	regulatory proteins	regulatory proteins	0	5	5	0.0	4017628.0	1080	False	False	0	False	NonReactive-Unq
NC_000962.3	4018357	4019071	+	CDS	Rv3576	lppH	cell wall and cell processes	cell wall and cell processes	0	4	4	0.0	4018714.0	714	False	False	0	False	NonReactive-Unq
NC_000962.3	4019261	4020128	+	CDS	Rv3577	Rv3577	conserved hypotheticals	conserved hypotheticals	0	4	4	0.0	4019694.5	867	False	False	0	False	NonReactive-Unq
NC_000962.3	4020141	4021383	+	CDS	Rv3578	arsB2	cell wall and cell processes	cell wall and cell processes	0	5	5	0.0	4020762.0	1242	False	False	0	False	NonReactive-Unq
NC_000962.3	4021424	4022393	-	CDS	Rv3579c	Rv3579c	intermediary metabolism and respiration	intermediary metabolism and respiration	0	5	5	0.0	4021908.5	969	False	False	0	False	NonReactive-Unq
NC_000962.3	4022393	4023803	-	CDS	Rv3580c	cysS1	information pathways	information pathways	0	7	7	0.0	4023098.0	1410	False	False	0	False	NonReactive-Unq
NC_000962.3	4023867	4024347	-	CDS	Rv3581c	ispF	intermediary metabolism and respiration	intermediary metabolism and respiration	0	2	2	0.0	4024107.0	480	False	False	0	False	NonReactive-Unq
NC_000962.3	4024343	4025039	-	CDS	Rv3582c	ispD	intermediary metabolism and respiration	intermediary metabolism and respiration	0	3	3	0.0	4024691.0	696	False	False	0	False	NonReactive-Unq
NC_000962.3	4025055	4025544	-	CDS	Rv3583c	Rv3583c	regulatory proteins	regulatory proteins	0	2	2	0.0	4025299.5	489	False	False	0	False	NonReactive-Unq
NC_000962.3	4025829	4026378	+	CDS	Rv3584	lpqE	cell wall and cell processes	cell wall and cell processes	0	2	2	0.0	4026103.5	549	False	False	0	False	NonReactive-Unq
NC_000962.3	4026443	4027886	+	CDS	Rv3585	radA	information pathways	information pathways	0	7	7	0.0	4027164.5	1443	False	False	0	False	NonReactive-Unq
NC_000962.3	4027890	4028967	+	CDS	Rv3586	Rv3586	conserved hypotheticals	conserved hypotheticals	0	5	5	0.0	4028428.5	1077	False	False	0	False	NonReactive-Unq
NC_000962.3	4028967	4029762	-	CDS	Rv3587c	Rv3587c	cell wall and cell processes	cell wall and cell processes	0	3	3	0.0	4029364.5	795	False	False	0	False	NonReactive-Unq
NC_000962.3	4029870	4030494	-	CDS	Rv3588c	canB	intermediary metabolism and respiration	intermediary metabolism and respiration	0	3	3	0.0	4030182.0	624	False	False	0	False	NonReactive-Unq
NC_000962.3	4030492	4031407	+	CDS	Rv3589	mutY	information pathways	information pathways	0	2	2	0.0	4030949.5	915	False	False	0	False	NonReactive-Unq
NC_000962.3	4031403	4033158	-	CDS	Rv3590c	PE_PGRS58	PE/PPE	PE/PPE	0	9	9	0.0	4032280.5	1755	False	False	0	False	NonReactive-Unq
NC_000962.3	4033268	4034042	-	CDS	Rv3591c	Rv3591c	intermediary metabolism and respiration	intermediary metabolism and respiration	0	4	4	0.0	4033655.0	774	False	False	0	False	NonReactive-Unq
NC_000962.3	4034056	4034374	+	CDS	Rv3592	mhuD	intermediary metabolism and respiration	intermediary metabolism and respiration	0	2	2	0.0	4034215.0	318	False	False	0	False	NonReactive-Unq
NC_000962.3	4034351	4035710	+	CDS	Rv3593	lpqF	cell wall and cell processes	cell wall and cell processes	0	7	7	0.0	4035030.5	1359	False	False	0	False	NonReactive-Unq
NC_000962.3	4035856	4036684	+	CDS	Rv3594	Rv3594	conserved hypotheticals	conserved hypotheticals	0	4	4	0.0	4036270.0	828	False	False	0	False	NonReactive-Unq
NC_000962.3	4036730	4038050	-	CDS	Rv3595c	PE_PGRS59	PE/PPE	PE/PPE	0	7	7	0.0	4037390.0	1320	False	False	0	False	NonReactive-Unq
NC_000962.3	4038157	4040704	-	CDS	Rv3596c	clpC1	intermediary metabolism and respiration	intermediary metabolism and respiration	0	10	10	0.0	4039430.5	2547	False	False	0	False	NonReactive-Unq
NC_000962.3	4040980	4041319	-	CDS	Rv3597c	lsr2	information pathways	information pathways	0	2	2	0.0	4041149.5	339	False	False	0	False	NonReactive-Unq
NC_000962.3	4041422	4042940	-	CDS	Rv3598c	lysS	information pathways	information pathways	0	8	8	0.0	4042181.0	1518	False	False	0	False	NonReactive-Unq
NC_000962.3	4043040	4043859	-	CDS	Rv3600c	Rv3600c	conserved hypotheticals	conserved hypotheticals	0	4	4	0.0	4043449.5	819	False	False	0	False	NonReactive-Unq
NC_000962.3	4043861	4044281	-	CDS	Rv3601c	panD	intermediary metabolism and respiration	intermediary metabolism and respiration	0	2	2	0.0	4044071.0	420	False	False	0	False	NonReactive-Unq
NC_000962.3	4044280	4045210	-	CDS	Rv3602c	panC	intermediary metabolism and respiration	intermediary metabolism and respiration	0	3	3	0.0	4044745.0	930	False	False	0	False	NonReactive-Unq
NC_000962.3	4045206	4046118	-	CDS	Rv3603c	Rv3603c	conserved hypotheticals	conserved hypotheticals	0	5	5	0.0	4045662.0	912	False	False	0	False	NonReactive-Unq
NC_000962.3	4046302	4047496	-	CDS	Rv3604c	Rv3604c	cell wall and cell processes	cell wall and cell processes	0	5	5	0.0	4046899.0	1194	False	False	0	False	NonReactive-Unq
NC_000962.3	4047704	4048181	-	CDS	Rv3605c	Rv3605c	cell wall and cell processes	cell wall and cell processes	0	2	2	0.0	4047942.5	477	False	False	0	False	NonReactive-Unq
NC_000962.3	4048180	4048747	-	CDS	Rv3606c	folK	intermediary metabolism and respiration	intermediary metabolism and respiration	0	3	3	0.0	4048463.5	567	False	False	0	False	NonReactive-Unq
NC_000962.3	4048743	4049145	-	CDS	Rv3607c	folB	intermediary metabolism and respiration	intermediary metabolism and respiration	0	2	2	0.0	4048944.0	402	False	False	0	False	NonReactive-Unq
NC_000962.3	4049137	4049980	-	CDS	Rv3608c	folP1	intermediary metabolism and respiration	intermediary metabolism and respiration	0	4	4	0.0	4049558.5	843	False	False	0	False	NonReactive-Unq
NC_000962.3	4049976	4050585	-	CDS	Rv3609c	folE	intermediary metabolism and respiration	intermediary metabolism and respiration	0	3	3	0.0	4050280.5	609	False	False	0	False	NonReactive-Unq
NC_000962.3	4050600	4052883	-	CDS	Rv3610c	ftsH	cell wall and cell processes	cell wall and cell processes	0	10	10	0.0	4051741.5	2283	False	False	0	False	NonReactive-Unq
NC_000962.3	4053517	4053847	-	CDS	Rv3612c	Rv3612c	conserved hypotheticals	conserved hypotheticals	0	2	2	0.0	4053682.0	330	False	False	2	True	NonReactive-HHR
NC_000962.3	4053880	4054042	-	CDS	Rv3613c	Rv3613c	conserved hypotheticals	conserved hypotheticals	0	2	2	0.0	4053961.0	162	False	False	1	True	NonReactive-HHR
NC_000962.3	4054141	4054696	-	CDS	Rv3614c	espD	cell wall and cell processes	cell wall and cell processes	0	4	4	0.0	4054418.5	555	False	False	0	False	NonReactive-Unq
NC_000962.3	4054811	4055123	-	CDS	Rv3615c	espC	cell wall and cell processes	cell wall and cell processes	2	0	2	1.0	4054967.0	312	True	True	0	False	Antigen-Unq
NC_000962.3	4055196	4056375	-	CDS	Rv3616c	espA	cell wall and cell processes	cell wall and cell processes	0	6	6	0.0	4055785.5	1179	False	False	0	False	NonReactive-Unq
NC_000962.3	4057732	4058701	+	CDS	Rv3617	ephA	virulence, detoxification, adaptation	virulence, detoxification, adaptation	0	5	5	0.0	4058216.5	969	False	False	0	False	NonReactive-Unq
NC_000962.3	4058697	4059885	+	CDS	Rv3618	Rv3618	intermediary metabolism and respiration	intermediary metabolism and respiration	0	6	6	0.0	4059291.0	1188	False	False	0	False	NonReactive-Unq
NC_000962.3	4059983	4060268	-	CDS	Rv3619c	esxV	cell wall and cell processes	esx	10	9	19	0.5263157894736842	4060125.5	285	True	True	1	True	Antigen-HHR
NC_000962.3	4060294	4060591	-	CDS	Rv3620c	esxW	cell wall and cell processes	esx	12	7	19	0.631578947368421	4060442.5	297	True	True	1	True	Antigen-HHR
NC_000962.3	4060647	4061889	-	CDS	Rv3621c	PPE65	PE/PPE	PE/PPE	0	6	6	0.0	4061268.0	1242	False	False	0	False	NonReactive-Unq
NC_000962.3	4061898	4062198	-	CDS	Rv3622c	PE32	PE/PPE	PE/PPE	0	2	2	0.0	4062048.0	300	False	False	0	False	NonReactive-Unq
NC_000962.3	4062526	4063249	+	CDS	Rv3623	lpqG	cell wall and cell processes	cell wall and cell processes	0	3	3	0.0	4062887.5	723	False	False	0	False	NonReactive-Unq
NC_000962.3	4063253	4063904	-	CDS	Rv3624c	hpt	intermediary metabolism and respiration	intermediary metabolism and respiration	0	3	3	0.0	4063578.5	651	False	False	0	False	NonReactive-Unq
NC_000962.3	4063900	4064872	-	CDS	Rv3625c	mesJ	cell wall and cell processes	cell wall and cell processes	0	5	5	0.0	4064386.0	972	False	False	0	False	NonReactive-Unq
NC_000962.3	4064850	4065903	-	CDS	Rv3626c	Rv3626c	conserved hypotheticals	conserved hypotheticals	0	5	5	0.0	4065376.5	1053	False	False	0	False	NonReactive-Unq
NC_000962.3	4065899	4067285	-	CDS	Rv3627c	Rv3627c	conserved hypotheticals	conserved hypotheticals	0	7	7	0.0	4066592.0	1386	False	False	0	False	NonReactive-Unq
NC_000962.3	4067422	4067911	+	CDS	Rv3628	ppa	intermediary metabolism and respiration	intermediary metabolism and respiration	0	2	2	0.0	4067666.5	489	False	False	0	False	NonReactive-Unq
NC_000962.3	4067956	4069054	-	CDS	Rv3629c	Rv3629c	cell wall and cell processes	cell wall and cell processes	0	5	5	0.0	4068505.0	1098	False	False	0	False	NonReactive-Unq
NC_000962.3	4069174	4070470	+	CDS	Rv3630	Rv3630	cell wall and cell processes	cell wall and cell processes	0	5	5	0.0	4069822.0	1296	False	False	1	True	NonReactive-HHR
NC_000962.3	4070513	4071239	+	CDS	Rv3631	Rv3631	intermediary metabolism and respiration	intermediary metabolism and respiration	0	4	4	0.0	4070876.0	726	False	False	0	False	NonReactive-Unq
NC_000962.3	4071235	4071580	+	CDS	Rv3632	Rv3632	cell wall and cell processes	cell wall and cell processes	0	3	3	0.0	4071407.5	345	False	False	0	False	NonReactive-Unq
NC_000962.3	4071790	4072666	+	CDS	Rv3633	Rv3633	conserved hypotheticals	conserved hypotheticals	0	4	4	0.0	4072228.0	876	False	False	0	False	NonReactive-Unq
NC_000962.3	4072666	4073611	-	CDS	Rv3634c	galE1	intermediary metabolism and respiration	intermediary metabolism and respiration	0	5	5	0.0	4073138.5	945	False	False	0	False	NonReactive-Unq
NC_000962.3	4073633	4075409	+	CDS	Rv3635	Rv3635	cell wall and cell processes	cell wall and cell processes	2	7	9	0.2222222222222222	4074521.0	1776	True	True	0	False	Antigen-Unq
NC_000962.3	4076983	4077730	+	CDS	Rv3638	Rv3638	insertion seqs and phages	insertion seqs and phages	0	4	4	0.0	4077356.5	747	False	False	0	False	NonReactive-Unq
NC_000962.3	4077883	4078450	-	CDS	Rv3639c	Rv3639c	conserved hypotheticals	conserved hypotheticals	0	3	3	0.0	4078166.5	567	False	False	1	True	NonReactive-HHR
NC_000962.3	4078519	4079749	-	CDS	Rv3640c	Rv3640c	insertion seqs and phages	insertion seqs and phages	0	6	6	0.0	4079134.0	1230	False	False	0	False	NonReactive-Unq
NC_000962.3	4079924	4080560	-	CDS	Rv3641c	fic	cell wall and cell processes	cell wall and cell processes	0	3	3	0.0	4080242.0	636	False	False	0	False	NonReactive-Unq
NC_000962.3	4080570	4080765	-	CDS	Rv3642c	Rv3642c	conserved hypotheticals	conserved hypotheticals	0	2	2	0.0	4080667.5	195	False	False	0	False	NonReactive-Unq
NC_000962.3	4081159	4081351	+	CDS	Rv3643	Rv3643	conserved hypotheticals	conserved hypotheticals	0	2	2	0.0	4081255.0	192	False	False	0	False	NonReactive-Unq
NC_000962.3	4081515	4082721	-	CDS	Rv3644c	Rv3644c	information pathways	information pathways	0	6	6	0.0	4082118.0	1206	False	False	0	False	NonReactive-Unq
NC_000962.3	4082806	4084456	+	CDS	Rv3645	Rv3645	cell wall and cell processes	cell wall and cell processes	1	7	8	0.125	4083631.0	1650	True	False	0	False	NonReactive-Unq
NC_000962.3	4084452	4087257	-	CDS	Rv3646c	topA	information pathways	information pathways	1	9	10	0.1	4085854.5	2805	True	False	0	False	NonReactive-Unq
NC_000962.3	4087609	4088188	-	CDS	Rv3647c	Rv3647c	conserved hypotheticals	conserved hypotheticals	0	3	3	0.0	4087898.5	579	False	False	0	False	NonReactive-Unq
NC_000962.3	4088327	4088531	-	CDS	Rv3648c	cspA	virulence, detoxification, adaptation	virulence, detoxification, adaptation	0	1	1	0.0	4088429.0	204	False	False	0	False	NonReactive-Unq
NC_000962.3	4088780	4091096	+	CDS	Rv3649	Rv3649	information pathways	information pathways	0	10	10	0.0	4089938.0	2316	False	False	0	False	NonReactive-Unq
NC_000962.3	4091232	4091517	+	CDS	Rv3650	PE33	PE/PPE	PE/PPE	0	4	4	0.0	4091374.5	285	False	False	0	False	NonReactive-Unq
NC_000962.3	4091840	4092878	+	CDS	Rv3651	Rv3651	conserved hypotheticals	conserved hypotheticals	0	5	5	0.0	4092359.0	1038	False	False	0	False	NonReactive-Unq
NC_000962.3	4093631	4093946	+	CDS	Rv3652	PE_PGRS60	PE/PPE	PE/PPE	0	2	2	0.0	4093788.5	315	False	False	0	False	NonReactive-Unq
NC_000962.3	4093939	4094527	+	CDS	Rv3653	PE_PGRS61	PE/PPE	PE/PPE	0	2	2	0.0	4094233.0	588	False	False	0	False	NonReactive-Unq
NC_000962.3	4094659	4094914	-	CDS	Rv3654c	Rv3654c	conserved hypotheticals	conserved hypotheticals	0	2	2	0.0	4094786.5	255	False	False	0	False	NonReactive-Unq
NC_000962.3	4094922	4095300	-	CDS	Rv3655c	Rv3655c	conserved hypotheticals	conserved hypotheticals	0	2	2	0.0	4095111.0	378	False	False	0	False	NonReactive-Unq
NC_000962.3	4095323	4095530	-	CDS	Rv3656c	Rv3656c	conserved hypotheticals	conserved hypotheticals	0	3	3	0.0	4095426.5	207	False	False	0	False	NonReactive-Unq
NC_000962.3	4095539	4096115	-	CDS	Rv3657c	Rv3657c	cell wall and cell processes	cell wall and cell processes	0	2	2	0.0	4095827.0	576	False	False	0	False	NonReactive-Unq
NC_000962.3	4096138	4096939	-	CDS	Rv3658c	Rv3658c	cell wall and cell processes	cell wall and cell processes	0	4	4	0.0	4096538.5	801	False	False	0	False	NonReactive-Unq
NC_000962.3	4096935	4097994	-	CDS	Rv3659c	Rv3659c	conserved hypotheticals	conserved hypotheticals	0	5	5	0.0	4097464.5	1059	False	False	0	False	NonReactive-Unq
NC_000962.3	4098095	4099148	-	CDS	Rv3660c	Rv3660c	virulence, detoxification, adaptation	virulence, detoxification, adaptation	0	5	5	0.0	4098621.5	1053	False	False	0	False	NonReactive-Unq
NC_000962.3	4099646	4100510	+	CDS	Rv3661	Rv3661	virulence, detoxification, adaptation	virulence, detoxification, adaptation	0	2	2	0.0	4100078.0	864	False	False	0	False	NonReactive-Unq
NC_000962.3	4101264	4102035	-	CDS	Rv3662c	Rv3662c	conserved hypotheticals	conserved hypotheticals	0	4	4	0.0	4101649.5	771	False	False	0	False	NonReactive-Unq
NC_000962.3	4102031	4103678	-	CDS	Rv3663c	dppD	cell wall and cell processes	cell wall and cell processes	0	8	8	0.0	4102854.5	1647	False	False	0	False	NonReactive-Unq
NC_000962.3	4103674	4104475	-	CDS	Rv3664c	dppC	cell wall and cell processes	cell wall and cell processes	0	3	3	0.0	4104074.5	801	False	False	0	False	NonReactive-Unq
NC_000962.3	4104530	4105457	-	CDS	Rv3665c	dppB	cell wall and cell processes	cell wall and cell processes	0	5	5	0.0	4104993.5	927	False	False	0	False	NonReactive-Unq
NC_000962.3	4105458	4107084	-	CDS	Rv3666c	dppA	cell wall and cell processes	cell wall and cell processes	0	8	8	0.0	4106271.0	1626	False	False	0	False	NonReactive-Unq
NC_000962.3	4107791	4109747	+	CDS	Rv3667	acs	lipid metabolism	lipid metabolism	0	10	10	0.0	4108769.0	1956	False	False	0	False	NonReactive-Unq
NC_000962.3	4109782	4110481	-	CDS	Rv3668c	Rv3668c	intermediary metabolism and respiration	intermediary metabolism and respiration	0	3	3	0.0	4110131.5	699	False	False	0	False	NonReactive-Unq
NC_000962.3	4110826	4111345	+	CDS	Rv3669	Rv3669	cell wall and cell processes	cell wall and cell processes	0	3	3	0.0	4111085.5	519	False	False	0	False	NonReactive-Unq
NC_000962.3	4111345	4112329	+	CDS	Rv3670	ephE	virulence, detoxification, adaptation	virulence, detoxification, adaptation	0	5	5	0.0	4111837.0	984	False	False	0	False	NonReactive-Unq
NC_000962.3	4112321	4113515	-	CDS	Rv3671c	Rv3671c	intermediary metabolism and respiration	intermediary metabolism and respiration	0	6	6	0.0	4112918.0	1194	False	False	0	False	NonReactive-Unq
NC_000962.3	4113520	4114342	-	CDS	Rv3672c	Rv3672c	conserved hypotheticals	conserved hypotheticals	0	4	4	0.0	4113931.0	822	False	False	0	False	NonReactive-Unq
NC_000962.3	4114473	4115157	-	CDS	Rv3673c	Rv3673c	intermediary metabolism and respiration	intermediary metabolism and respiration	0	4	4	0.0	4114815.0	684	False	False	0	False	NonReactive-Unq
NC_000962.3	4115156	4115894	-	CDS	Rv3674c	nth	information pathways	information pathways	0	4	4	0.0	4115525.0	738	False	False	0	False	NonReactive-Unq
NC_000962.3	4116001	4116379	+	CDS	Rv3675	Rv3675	cell wall and cell processes	cell wall and cell processes	0	2	2	0.0	4116190.0	378	False	False	0	False	NonReactive-Unq
NC_000962.3	4116477	4117152	+	CDS	Rv3676	crp	regulatory proteins	regulatory proteins	0	3	3	0.0	4116814.5	675	False	False	0	False	NonReactive-Unq
NC_000962.3	4117257	4118052	-	CDS	Rv3677c	Rv3677c	intermediary metabolism and respiration	intermediary metabolism and respiration	0	4	4	0.0	4117654.5	795	False	False	0	False	NonReactive-Unq
NC_000962.3	4118058	4118514	-	CDS	Rv3678c	Rv3678c	conserved hypotheticals	conserved hypotheticals	0	2	2	0.0	4118286.0	456	False	False	0	False	NonReactive-Unq
NC_000962.3	4118529	4118691	-	CDS	Rv3678A	Rv3678A	conserved hypotheticals	conserved hypotheticals	0	2	2	0.0	4118610.0	162	False	False	0	False	NonReactive-Unq
NC_000962.3	4118775	4119798	+	CDS	Rv3679	Rv3679	cell wall and cell processes	cell wall and cell processes	0	5	5	0.0	4119286.5	1023	False	False	0	False	NonReactive-Unq
NC_000962.3	4119794	4120955	+	CDS	Rv3680	Rv3680	cell wall and cell processes	cell wall and cell processes	0	6	6	0.0	4120374.5	1161	False	False	0	False	NonReactive-Unq
NC_000962.3	4121197	4121554	-	CDS	Rv3681c	whiB4	regulatory proteins	regulatory proteins	0	2	2	0.0	4121375.5	357	False	False	0	False	NonReactive-Unq
NC_000962.3	4121915	4124348	+	CDS	Rv3682	ponA2	cell wall and cell processes	cell wall and cell processes	0	10	10	0.0	4123131.5	2433	False	False	0	False	NonReactive-Unq
NC_000962.3	4124416	4125376	+	CDS	Rv3683	Rv3683	conserved hypotheticals	conserved hypotheticals	0	5	5	0.0	4124896.0	960	False	False	0	False	NonReactive-Unq
NC_000962.3	4125438	4126479	+	CDS	Rv3684	Rv3684	intermediary metabolism and respiration	intermediary metabolism and respiration	0	4	4	0.0	4125958.5	1041	False	False	0	False	NonReactive-Unq
NC_000962.3	4127294	4128725	-	CDS	Rv3685c	cyp137	intermediary metabolism and respiration	intermediary metabolism and respiration	0	7	7	0.0	4128009.5	1431	False	False	0	False	NonReactive-Unq
NC_000962.3	4128750	4129083	-	CDS	Rv3686c	Rv3686c	conserved hypotheticals	conserved hypotheticals	0	1	1	0.0	4128916.5	333	False	False	0	False	NonReactive-Unq
NC_000962.3	4129322	4129691	-	CDS	Rv3687c	rsfB	information pathways	information pathways	0	2	2	0.0	4129506.5	369	False	False	0	False	NonReactive-Unq
NC_000962.3	4129892	4130357	-	CDS	Rv3688c	Rv3688c	conserved hypotheticals	conserved hypotheticals	0	2	2	0.0	4130124.5	465	False	False	0	False	NonReactive-Unq
NC_000962.3	4130356	4131712	+	CDS	Rv3689	Rv3689	cell wall and cell processes	cell wall and cell processes	0	7	7	0.0	4131034.0	1356	False	False	0	False	NonReactive-Unq
NC_000962.3	4131738	4132392	+	CDS	Rv3690	Rv3690	cell wall and cell processes	cell wall and cell processes	0	3	3	0.0	4132065.0	654	False	False	0	False	NonReactive-Unq
NC_000962.3	4132517	4133519	+	CDS	Rv3691	Rv3691	conserved hypotheticals	conserved hypotheticals	0	4	4	0.0	4133018.0	1002	False	False	0	False	NonReactive-Unq
NC_000962.3	4133515	4134592	+	CDS	Rv3692	moxR2	regulatory proteins	regulatory proteins	0	5	5	0.0	4134053.5	1077	False	False	0	False	NonReactive-Unq
NC_000962.3	4134725	4136048	+	CDS	Rv3693	Rv3693	cell wall and cell processes	cell wall and cell processes	0	7	7	0.0	4135386.5	1323	False	False	1	True	NonReactive-HHR
NC_000962.3	4136121	4137114	-	CDS	Rv3694c	Rv3694c	cell wall and cell processes	cell wall and cell processes	0	4	4	0.0	4136617.5	993	False	False	0	False	NonReactive-Unq
NC_000962.3	4137205	4138138	+	CDS	Rv3695	Rv3695	cell wall and cell processes	cell wall and cell processes	0	5	5	0.0	4137671.5	933	False	False	0	False	NonReactive-Unq
NC_000962.3	4138201	4139755	-	CDS	Rv3696c	glpK	intermediary metabolism and respiration	intermediary metabolism and respiration	0	8	8	0.0	4138978.0	1554	False	False	0	False	NonReactive-Unq
NC_000962.3	4139804	4140242	-	CDS	Rv3697c	vapC48	virulence, detoxification, adaptation	virulence, detoxification, adaptation	0	2	2	0.0	4140023.0	438	False	False	0	False	NonReactive-Unq
NC_000962.3	4140492	4142022	+	CDS	Rv3698	Rv3698	conserved hypotheticals	conserved hypotheticals	0	8	8	0.0	4141257.0	1530	False	False	0	False	NonReactive-Unq
NC_000962.3	4142043	4142745	+	CDS	Rv3699	Rv3699	conserved hypotheticals	conserved hypotheticals	0	3	3	0.0	4142394.0	702	False	False	0	False	NonReactive-Unq
NC_000962.3	4142747	4143920	-	CDS	Rv3700c	Rv3700c	intermediary metabolism and respiration	intermediary metabolism and respiration	0	6	6	0.0	4143333.5	1173	False	False	0	False	NonReactive-Unq
NC_000962.3	4143950	4144916	-	CDS	Rv3701c	Rv3701c	conserved hypotheticals	conserved hypotheticals	0	5	5	0.0	4144433.0	966	False	False	0	False	NonReactive-Unq
NC_000962.3	4144912	4145614	-	CDS	Rv3702c	Rv3702c	conserved hypotheticals	conserved hypotheticals	0	3	3	0.0	4145263.0	702	False	False	0	False	NonReactive-Unq
NC_000962.3	4145613	4146891	-	CDS	Rv3703c	Rv3703c	conserved hypotheticals	conserved hypotheticals	0	6	6	0.0	4146252.0	1278	False	False	0	False	NonReactive-Unq
NC_000962.3	4146887	4148186	-	CDS	Rv3704c	gshA	intermediary metabolism and respiration	intermediary metabolism and respiration	0	6	6	0.0	4147536.5	1299	False	False	0	False	NonReactive-Unq
NC_000962.3	4148317	4148962	-	CDS	Rv3705c	Rv3705c	conserved hypotheticals	conserved hypotheticals	0	3	3	0.0	4148639.5	645	False	False	0	False	NonReactive-Unq
NC_000962.3	4149090	4149480	-	CDS	Rv3705A	Rv3705A	conserved hypotheticals	conserved hypotheticals	0	2	2	0.0	4149285.0	390	False	False	0	False	NonReactive-Unq
NC_000962.3	4149590	4149911	-	CDS	Rv3706c	Rv3706c	conserved hypotheticals	conserved hypotheticals	0	2	2	0.0	4149750.5	321	False	False	0	False	NonReactive-Unq
NC_000962.3	4150029	4151040	-	CDS	Rv3707c	Rv3707c	conserved hypotheticals	conserved hypotheticals	0	4	4	0.0	4150534.5	1011	False	False	0	False	NonReactive-Unq
NC_000962.3	4151179	4152217	-	CDS	Rv3708c	asd	intermediary metabolism and respiration	intermediary metabolism and respiration	0	5	5	0.0	4151698.0	1038	False	False	0	False	NonReactive-Unq
NC_000962.3	4152217	4153483	-	CDS	Rv3709c	ask	intermediary metabolism and respiration	intermediary metabolism and respiration	0	6	6	0.0	4152850.0	1266	False	False	0	False	NonReactive-Unq
NC_000962.3	4153739	4155674	+	CDS	Rv3710	leuA	intermediary metabolism and respiration	intermediary metabolism and respiration	0	9	9	0.0	4154706.5	1935	False	False	0	False	NonReactive-Unq
NC_000962.3	4155739	4156729	-	CDS	Rv3711c	dnaQ	information pathways	information pathways	0	5	5	0.0	4156234.0	990	False	False	0	False	NonReactive-Unq
NC_000962.3	4156980	4158222	+	CDS	Rv3712	Rv3712	intermediary metabolism and respiration	intermediary metabolism and respiration	0	6	6	0.0	4157601.0	1242	False	False	0	False	NonReactive-Unq
NC_000962.3	4158226	4158922	+	CDS	Rv3713	cobQ2	intermediary metabolism and respiration	intermediary metabolism and respiration	0	3	3	0.0	4158574.0	696	False	False	0	False	NonReactive-Unq
NC_000962.3	4158930	4159821	-	CDS	Rv3714c	Rv3714c	conserved hypotheticals	conserved hypotheticals	0	3	3	0.0	4159375.5	891	False	False	0	False	NonReactive-Unq
NC_000962.3	4159888	4160500	-	CDS	Rv3715c	recR	information pathways	information pathways	0	3	3	0.0	4160194.0	612	False	False	0	False	NonReactive-Unq
NC_000962.3	4160511	4160913	-	CDS	Rv3716c	Rv3716c	conserved hypotheticals	conserved hypotheticals	0	2	2	0.0	4160712.0	402	False	False	0	False	NonReactive-Unq
NC_000962.3	4161047	4161773	+	CDS	Rv3717	Rv3717	conserved hypotheticals	conserved hypotheticals	0	3	3	0.0	4161410.0	726	False	False	0	False	NonReactive-Unq
NC_000962.3	4161814	4162258	-	CDS	Rv3718c	Rv3718c	conserved hypotheticals	conserved hypotheticals	0	2	2	0.0	4162036.0	444	False	False	0	False	NonReactive-Unq
NC_000962.3	4162305	4163718	+	CDS	Rv3719	Rv3719	conserved hypotheticals	conserved hypotheticals	0	7	7	0.0	4163011.5	1413	False	False	0	False	NonReactive-Unq
NC_000962.3	4163735	4164998	+	CDS	Rv3720	Rv3720	lipid metabolism	lipid metabolism	0	6	6	0.0	4164366.5	1263	False	False	0	False	NonReactive-Unq
NC_000962.3	4164994	4166731	-	CDS	Rv3721c	dnaZX	information pathways	information pathways	0	9	9	0.0	4165862.5	1737	False	False	0	False	NonReactive-Unq
NC_000962.3	4166820	4168128	-	CDS	Rv3722c	Rv3722c	conserved hypotheticals	conserved hypotheticals	0	6	6	0.0	4167474.0	1308	False	False	0	False	NonReactive-Unq
NC_000962.3	4168535	4169300	+	CDS	Rv3723	Rv3723	cell wall and cell processes	cell wall and cell processes	0	4	4	0.0	4168917.5	765	False	False	0	False	NonReactive-Unq
NC_000962.3	4170213	4171143	+	CDS	Rv3725	Rv3725	intermediary metabolism and respiration	intermediary metabolism and respiration	0	5	5	0.0	4170678.0	930	False	False	0	False	NonReactive-Unq
NC_000962.3	4171420	4172614	+	CDS	Rv3726	Rv3726	intermediary metabolism and respiration	intermediary metabolism and respiration	0	6	6	0.0	4172017.0	1194	False	False	0	False	NonReactive-Unq
NC_000962.3	4172954	4174763	+	CDS	Rv3727	Rv3727	intermediary metabolism and respiration	intermediary metabolism and respiration	0	9	9	0.0	4173858.5	1809	False	False	0	False	NonReactive-Unq
NC_000962.3	4174872	4178070	+	CDS	Rv3728	Rv3728	cell wall and cell processes	cell wall and cell processes	0	10	10	0.0	4176471.0	3198	False	False	0	False	NonReactive-Unq
NC_000962.3	4178284	4180615	+	CDS	Rv3729	Rv3729	intermediary metabolism and respiration	intermediary metabolism and respiration	0	10	10	0.0	4179449.5	2331	False	False	0	False	NonReactive-Unq
NC_000962.3	4180679	4181720	-	CDS	Rv3730c	Rv3730c	conserved hypotheticals	conserved hypotheticals	0	4	4	0.0	4181199.5	1041	False	False	0	False	NonReactive-Unq
NC_000962.3	4181757	4182834	+	CDS	Rv3731	ligC	information pathways	information pathways	0	5	5	0.0	4182295.5	1077	False	False	0	False	NonReactive-Unq
NC_000962.3	4182933	4183992	+	CDS	Rv3732	Rv3732	conserved hypotheticals	conserved hypotheticals	0	5	5	0.0	4183462.5	1059	False	False	0	False	NonReactive-Unq
NC_000962.3	4184011	4184512	-	CDS	Rv3733c	Rv3733c	conserved hypotheticals	conserved hypotheticals	0	2	2	0.0	4184261.5	501	False	False	0	False	NonReactive-Unq
NC_000962.3	4184525	4185890	-	CDS	Rv3734c	tgs2	lipid metabolism	lipid metabolism	0	7	7	0.0	4185207.5	1365	False	False	0	False	NonReactive-Unq
NC_000962.3	4186088	4186577	+	CDS	Rv3735	Rv3735	conserved hypotheticals	conserved hypotheticals	0	2	2	0.0	4186332.5	489	False	False	0	False	NonReactive-Unq
NC_000962.3	4186633	4187695	+	CDS	Rv3736	Rv3736	regulatory proteins	regulatory proteins	0	5	5	0.0	4187164.0	1062	False	False	0	False	NonReactive-Unq
NC_000962.3	4187698	4189288	+	CDS	Rv3737	Rv3737	cell wall and cell processes	cell wall and cell processes	0	8	8	0.0	4188493.0	1590	False	False	0	False	NonReactive-Unq
NC_000962.3	4189284	4190232	-	CDS	Rv3738c	PPE66	PE/PPE	PE/PPE	0	5	5	0.0	4189758.0	948	False	False	0	False	NonReactive-Unq
NC_000962.3	4190283	4190517	-	CDS	Rv3739c	PPE67	PE/PPE	PE/PPE	0	2	2	0.0	4190400.0	234	False	False	0	False	NonReactive-Unq
NC_000962.3	4190832	4192179	-	CDS	Rv3740c	Rv3740c	lipid metabolism	lipid metabolism	0	6	6	0.0	4191505.5	1347	False	False	0	False	NonReactive-Unq
NC_000962.3	4192178	4192853	-	CDS	Rv3741c	Rv3741c	intermediary metabolism and respiration	intermediary metabolism and respiration	0	3	3	0.0	4192515.5	675	False	False	0	False	NonReactive-Unq
NC_000962.3	4192849	4193245	-	CDS	Rv3742c	Rv3742c	intermediary metabolism and respiration	intermediary metabolism and respiration	0	2	2	0.0	4193047.0	396	False	False	0	False	NonReactive-Unq
NC_000962.3	4193390	4195373	-	CDS	Rv3743c	ctpJ	cell wall and cell processes	cell wall and cell processes	0	10	10	0.0	4194381.5	1983	False	False	0	False	NonReactive-Unq
NC_000962.3	4195439	4195802	+	CDS	Rv3744	nmtR	regulatory proteins	regulatory proteins	0	2	2	0.0	4195620.5	363	False	False	0	False	NonReactive-Unq
NC_000962.3	4195885	4196098	-	CDS	Rv3745c	Rv3745c	conserved hypotheticals	conserved hypotheticals	0	2	2	0.0	4195991.5	213	False	False	0	False	NonReactive-Unq
NC_000962.3	4196170	4196506	-	CDS	Rv3746c	PE34	PE/PPE	PE/PPE	0	2	2	0.0	4196338.0	336	False	False	0	False	NonReactive-Unq
NC_000962.3	4196723	4197107	+	CDS	Rv3747	Rv3747	conserved hypotheticals	conserved hypotheticals	0	2	2	0.0	4196915.0	384	False	False	0	False	NonReactive-Unq
NC_000962.3	4197235	4197595	+	CDS	Rv3748	Rv3748	conserved hypotheticals	conserved hypotheticals	0	1	1	0.0	4197415.0	360	False	False	0	False	NonReactive-Unq
NC_000962.3	4197627	4198137	-	CDS	Rv3749c	Rv3749c	conserved hypotheticals	conserved hypotheticals	0	3	3	0.0	4197882.0	510	False	False	0	False	NonReactive-Unq
NC_000962.3	4198204	4198597	-	CDS	Rv3750c	Rv3750c	insertion seqs and phages	insertion seqs and phages	0	2	2	0.0	4198400.5	393	False	False	0	False	NonReactive-Unq
NC_000962.3	4199246	4199705	-	CDS	Rv3752c	Rv3752c	intermediary metabolism and respiration	intermediary metabolism and respiration	0	2	2	0.0	4199475.5	459	False	False	0	False	NonReactive-Unq
NC_000962.3	4199720	4200221	-	CDS	Rv3753c	Rv3753c	conserved hypotheticals	conserved hypotheticals	0	2	2	0.0	4199970.5	501	False	False	0	False	NonReactive-Unq
NC_000962.3	4200420	4201326	+	CDS	Rv3754	tyrA	intermediary metabolism and respiration	intermediary metabolism and respiration	0	4	4	0.0	4200873.0	906	False	False	0	False	NonReactive-Unq
NC_000962.3	4201288	4201888	-	CDS	Rv3755c	Rv3755c	conserved hypotheticals	conserved hypotheticals	0	3	3	0.0	4201588.0	600	False	False	0	False	NonReactive-Unq
NC_000962.3	4201893	4202613	-	CDS	Rv3756c	proZ	virulence, detoxification, adaptation	virulence, detoxification, adaptation	0	4	4	0.0	4202253.0	720	False	False	0	False	NonReactive-Unq
NC_000962.3	4202609	4203299	-	CDS	Rv3757c	proW	virulence, detoxification, adaptation	virulence, detoxification, adaptation	0	3	3	0.0	4202954.0	690	False	False	0	False	NonReactive-Unq
NC_000962.3	4203286	4204417	-	CDS	Rv3758c	proV	virulence, detoxification, adaptation	virulence, detoxification, adaptation	0	5	5	0.0	4203851.5	1131	False	False	0	False	NonReactive-Unq
NC_000962.3	4204425	4205373	-	CDS	Rv3759c	proX	virulence, detoxification, adaptation	virulence, detoxification, adaptation	0	4	4	0.0	4204899.0	948	False	False	0	False	NonReactive-Unq
NC_000962.3	4205537	4205840	+	CDS	Rv3760	Rv3760	cell wall and cell processes	cell wall and cell processes	0	2	2	0.0	4205688.5	303	False	False	0	False	NonReactive-Unq
NC_000962.3	4205861	4206917	-	CDS	Rv3761c	fadE36	lipid metabolism	lipid metabolism	0	5	5	0.0	4206389.0	1056	False	False	0	False	NonReactive-Unq
NC_000962.3	4206995	4208876	-	CDS	Rv3762c	Rv3762c	intermediary metabolism and respiration	intermediary metabolism and respiration	0	9	9	0.0	4207935.5	1881	False	False	0	False	NonReactive-Unq
NC_000962.3	4209046	4209526	+	CDS	Rv3763	lpqH	cell wall and cell processes	cell wall and cell processes	1	2	3	0.3333333333333333	4209286.0	480	True	False	0	False	NonReactive-Unq
NC_000962.3	4209581	4211009	-	CDS	Rv3764c	tcrY	regulatory proteins	regulatory proteins	0	6	6	0.0	4210295.0	1428	False	False	0	False	NonReactive-Unq
NC_000962.3	4211079	4211784	-	CDS	Rv3765c	tcrX	regulatory proteins	regulatory proteins	0	2	2	0.0	4211431.5	705	False	False	0	False	NonReactive-Unq
NC_000962.3	4212292	4212982	+	CDS	Rv3766	Rv3766	conserved hypotheticals	conserved hypotheticals	0	2	2	0.0	4212637.0	690	False	False	0	False	NonReactive-Unq
NC_000962.3	4212995	4213940	-	CDS	Rv3767c	Rv3767c	lipid metabolism	lipid metabolism	0	4	4	0.0	4213467.5	945	False	False	0	False	NonReactive-Unq
NC_000962.3	4214069	4214429	+	CDS	Rv3768	Rv3768	conserved hypotheticals	conserved hypotheticals	0	2	2	0.0	4214249.0	360	False	False	0	False	NonReactive-Unq
NC_000962.3	4214614	4214887	+	CDS	Rv3769	Rv3769	conserved hypotheticals	conserved hypotheticals	0	1	1	0.0	4214750.5	273	False	False	0	False	NonReactive-Unq
NC_000962.3	4215199	4215775	-	CDS	Rv3770c	Rv3770c	conserved hypotheticals	conserved hypotheticals	0	3	3	0.0	4215487.0	576	False	False	0	False	NonReactive-Unq
NC_000962.3	4216403	4216730	-	CDS	Rv3771c	Rv3771c	conserved hypotheticals	conserved hypotheticals	0	2	2	0.0	4216566.5	327	False	False	0	False	NonReactive-Unq
NC_000962.3	4217133	4218195	+	CDS	Rv3772	hisC2	intermediary metabolism and respiration	intermediary metabolism and respiration	0	5	5	0.0	4217664.0	1062	False	False	0	False	NonReactive-Unq
NC_000962.3	4218240	4218825	-	CDS	Rv3773c	Rv3773c	conserved hypotheticals	conserved hypotheticals	0	3	3	0.0	4218532.5	585	False	False	0	False	NonReactive-Unq
NC_000962.3	4218848	4219673	+	CDS	Rv3774	echA21	lipid metabolism	lipid metabolism	0	4	4	0.0	4219260.5	825	False	False	0	False	NonReactive-Unq
NC_000962.3	4219684	4220932	+	CDS	Rv3775	lipE	intermediary metabolism and respiration	intermediary metabolism and respiration	0	6	6	0.0	4220308.0	1248	False	False	0	False	NonReactive-Unq
NC_000962.3	4221088	4222648	+	CDS	Rv3776	Rv3776	conserved hypotheticals	conserved hypotheticals	0	7	7	0.0	4221868.0	1560	False	False	1	True	NonReactive-HHR
NC_000962.3	4222693	4223680	+	CDS	Rv3777	Rv3777	intermediary metabolism and respiration	intermediary metabolism and respiration	0	5	5	0.0	4223186.5	987	False	False	0	False	NonReactive-Unq
NC_000962.3	4223698	4224895	-	CDS	Rv3778c	Rv3778c	intermediary metabolism and respiration	intermediary metabolism and respiration	0	6	6	0.0	4224296.5	1197	False	False	0	False	NonReactive-Unq
NC_000962.3	4224984	4226985	+	CDS	Rv3779	Rv3779	cell wall and cell processes	cell wall and cell processes	0	10	10	0.0	4225984.5	2001	False	False	0	False	NonReactive-Unq
NC_000962.3	4226988	4227525	+	CDS	Rv3780	Rv3780	conserved hypotheticals	conserved hypotheticals	0	3	3	0.0	4227256.5	537	False	False	0	False	NonReactive-Unq
NC_000962.3	4227528	4228350	+	CDS	Rv3781	rfbE	cell wall and cell processes	cell wall and cell processes	0	4	4	0.0	4227939.0	822	False	False	0	False	NonReactive-Unq
NC_000962.3	4228346	4229261	+	CDS	Rv3782	glfT1	cell wall and cell processes	cell wall and cell processes	2	3	5	0.4	4228803.5	915	True	True	0	False	Antigen-Unq
NC_000962.3	4229257	4230100	+	CDS	Rv3783	rfbD	cell wall and cell processes	cell wall and cell processes	0	4	4	0.0	4229678.5	843	False	False	0	False	NonReactive-Unq
NC_000962.3	4230255	4231236	+	CDS	Rv3784	Rv3784	intermediary metabolism and respiration	intermediary metabolism and respiration	1	4	5	0.2	4230745.5	981	True	False	0	False	NonReactive-Unq
NC_000962.3	4231319	4232393	+	CDS	Rv3785	Rv3785	conserved hypotheticals	conserved hypotheticals	0	3	3	0.0	4231856.0	1074	False	False	0	False	NonReactive-Unq
NC_000962.3	4232373	4233597	-	CDS	Rv3786c	Rv3786c	conserved hypotheticals	conserved hypotheticals	0	6	6	0.0	4232985.0	1224	False	False	0	False	NonReactive-Unq
NC_000962.3	4233609	4234536	-	CDS	Rv3787c	Rv3787c	conserved hypotheticals	conserved hypotheticals	0	5	5	0.0	4234072.5	927	False	False	0	False	NonReactive-Unq
NC_000962.3	4234779	4235265	+	CDS	Rv3788	Rv3788	conserved hypotheticals	conserved hypotheticals	0	2	2	0.0	4235022.0	486	False	False	0	False	NonReactive-Unq
NC_000962.3	4235373	4235739	+	CDS	Rv3789	Rv3789	cell wall and cell processes	cell wall and cell processes	0	2	2	0.0	4235556.0	366	False	False	0	False	NonReactive-Unq
NC_000962.3	4235778	4237164	+	CDS	Rv3790	dprE1	lipid metabolism	lipid metabolism	0	7	7	0.0	4236471.0	1386	False	False	0	False	NonReactive-Unq
NC_000962.3	4237164	4237929	+	CDS	Rv3791	dprE2	lipid metabolism	lipid metabolism	0	4	4	0.0	4237546.5	765	False	False	0	False	NonReactive-Unq
NC_000962.3	4237931	4239863	+	CDS	Rv3792	aftA	cell wall and cell processes	cell wall and cell processes	0	10	10	0.0	4238897.0	1932	False	False	0	False	NonReactive-Unq
NC_000962.3	4239862	4243147	+	CDS	Rv3793	embC	cell wall and cell processes	cell wall and cell processes	0	10	10	0.0	4241504.5	3285	False	False	0	False	NonReactive-Unq
NC_000962.3	4243232	4246517	+	CDS	Rv3794	embA	cell wall and cell processes	cell wall and cell processes	1	9	10	0.1	4244874.5	3285	True	False	0	False	NonReactive-Unq
NC_000962.3	4246513	4249810	+	CDS	Rv3795	embB	cell wall and cell processes	cell wall and cell processes	0	10	10	0.0	4248161.5	3297	False	False	0	False	NonReactive-Unq
NC_000962.3	4249877	4251005	+	CDS	Rv3796	Rv3796	conserved hypotheticals	conserved hypotheticals	2	4	6	0.3333333333333333	4250441.0	1128	True	True	0	False	Antigen-Unq
NC_000962.3	4251084	4252866	+	CDS	Rv3797	fadE35	lipid metabolism	lipid metabolism	0	9	9	0.0	4251975.0	1782	False	False	1	True	NonReactive-HHR
NC_000962.3	4252992	4254327	+	CDS	Rv3798	Rv3798	insertion seqs and phages	insertion seqs and phages	0	7	7	0.0	4253659.5	1335	False	False	1	True	NonReactive-HHR
NC_000962.3	4254379	4255948	-	CDS	Rv3799c	accD4	lipid metabolism	lipid metabolism	0	8	8	0.0	4255163.5	1569	False	False	0	False	NonReactive-Unq
NC_000962.3	4255944	4261146	-	CDS	Rv3800c	pks13	lipid metabolism	lipid metabolism	0	10	10	0.0	4258545.0	5202	False	False	0	False	NonReactive-Unq
NC_000962.3	4261152	4263066	-	CDS	Rv3801c	fadD32	lipid metabolism	lipid metabolism	0	10	10	0.0	4262109.0	1914	False	False	0	False	NonReactive-Unq
NC_000962.3	4263354	4264365	-	CDS	Rv3802c	Rv3802c	cell wall and cell processes	cell wall and cell processes	0	5	5	0.0	4263859.5	1011	False	False	0	False	NonReactive-Unq
NC_000962.3	4264562	4265462	-	CDS	Rv3803c	fbpD	lipid metabolism	lipid metabolism	0	4	4	0.0	4265012.0	900	False	False	0	False	NonReactive-Unq
NC_000962.3	4265641	4266658	-	CDS	Rv3804c	fbpA	lipid metabolism	lipid metabolism	13	65	78	0.16666666666666666	4266149.5	1017	True	True	0	False	Antigen-Unq
NC_000962.3	4266952	4268836	-	CDS	Rv3805c	aftB	cell wall and cell processes	cell wall and cell processes	0	9	9	0.0	4267894.0	1884	False	False	0	False	NonReactive-Unq
NC_000962.3	4268924	4269833	-	CDS	Rv3806c	ubiA	cell wall and cell processes	cell wall and cell processes	0	5	5	0.0	4269378.5	909	False	False	0	False	NonReactive-Unq
NC_000962.3	4269839	4270337	-	CDS	Rv3807c	Rv3807c	cell wall and cell processes	cell wall and cell processes	0	2	2	0.0	4270088.0	498	False	False	0	False	NonReactive-Unq
NC_000962.3	4270365	4272279	-	CDS	Rv3808c	glfT2	cell wall and cell processes	cell wall and cell processes	0	10	10	0.0	4271322.0	1914	False	False	0	False	NonReactive-Unq
NC_000962.3	4272275	4273475	-	CDS	Rv3809c	glf	cell wall and cell processes	cell wall and cell processes	0	6	6	0.0	4272875.0	1200	False	False	0	False	NonReactive-Unq
NC_000962.3	4273738	4274593	+	CDS	Rv3810	pirG	cell wall and cell processes	cell wall and cell processes	0	4	4	0.0	4274165.5	855	False	False	0	False	NonReactive-Unq
NC_000962.3	4274797	4276417	+	CDS	Rv3811	Rv3811	conserved hypotheticals	conserved hypotheticals	0	7	7	0.0	4275607.0	1620	False	False	0	False	NonReactive-Unq
NC_000962.3	4276570	4278085	+	CDS	Rv3812	PE_PGRS62	PE/PPE	PE/PPE	0	8	8	0.0	4277327.5	1515	False	False	0	False	NonReactive-Unq
NC_000962.3	4278393	4279215	-	CDS	Rv3813c	Rv3813c	conserved hypotheticals	conserved hypotheticals	0	4	4	0.0	4278804.0	822	False	False	0	False	NonReactive-Unq
NC_000962.3	4279229	4280015	-	CDS	Rv3814c	Rv3814c	intermediary metabolism and respiration	intermediary metabolism and respiration	0	4	4	0.0	4279622.0	786	False	False	0	False	NonReactive-Unq
NC_000962.3	4280032	4280788	-	CDS	Rv3815c	Rv3815c	intermediary metabolism and respiration	intermediary metabolism and respiration	0	4	4	0.0	4280410.0	756	False	False	0	False	NonReactive-Unq
NC_000962.3	4280791	4281571	-	CDS	Rv3816c	Rv3816c	intermediary metabolism and respiration	intermediary metabolism and respiration	0	4	4	0.0	4281181.0	780	False	False	0	False	NonReactive-Unq
NC_000962.3	4281646	4282402	+	CDS	Rv3817	Rv3817	intermediary metabolism and respiration	intermediary metabolism and respiration	0	4	4	0.0	4282024.0	756	False	False	0	False	NonReactive-Unq
NC_000962.3	4282448	4283999	+	CDS	Rv3818	Rv3818	conserved hypotheticals	conserved hypotheticals	2	6	8	0.25	4283223.5	1551	True	True	0	False	Antigen-Unq
NC_000962.3	4283995	4284331	+	CDS	Rv3819	Rv3819	conserved hypotheticals	conserved hypotheticals	0	2	2	0.0	4284163.0	336	False	False	0	False	NonReactive-Unq
NC_000962.3	4284418	4285825	-	CDS	Rv3820c	papA2	lipid metabolism	lipid metabolism	0	7	7	0.0	4285121.5	1407	False	False	0	False	NonReactive-Unq
NC_000962.3	4285972	4286686	+	CDS	Rv3821	Rv3821	cell wall and cell processes	cell wall and cell processes	0	4	4	0.0	4286329.0	714	False	False	0	False	NonReactive-Unq
NC_000962.3	4286720	4287935	+	CDS	Rv3822	Rv3822	conserved hypotheticals	conserved hypotheticals	0	6	6	0.0	4287327.5	1215	False	False	0	False	NonReactive-Unq
NC_000962.3	4288259	4291529	-	CDS	Rv3823c	mmpL8	cell wall and cell processes	cell wall and cell processes	0	10	10	0.0	4289894.0	3270	False	False	0	False	NonReactive-Unq
NC_000962.3	4291638	4293174	-	CDS	Rv3824c	papA1	lipid metabolism	lipid metabolism	0	8	8	0.0	4292406.0	1536	False	False	0	False	NonReactive-Unq
NC_000962.3	4293224	4299605	-	CDS	Rv3825c	pks2	lipid metabolism	lipid metabolism	0	10	10	0.0	4296414.5	6381	False	False	1	True	NonReactive-HHR
NC_000962.3	4299811	4301566	+	CDS	Rv3826	fadD23	lipid metabolism	lipid metabolism	0	9	9	0.0	4300688.5	1755	False	False	1	True	NonReactive-HHR
NC_000962.3	4301562	4302789	-	CDS	Rv3827c	Rv3827c	insertion seqs and phages	insertion seqs and phages	0	6	6	0.0	4302175.5	1227	False	False	1	True	NonReactive-HHR
NC_000962.3	4302785	4303397	-	CDS	Rv3828c	Rv3828c	insertion seqs and phages	insertion seqs and phages	0	3	3	0.0	4303091.0	612	False	False	1	True	NonReactive-HHR
NC_000962.3	4303397	4305008	-	CDS	Rv3829c	Rv3829c	intermediary metabolism and respiration	intermediary metabolism and respiration	0	4	4	0.0	4304202.5	1611	False	False	1	True	NonReactive-HHR
NC_000962.3	4305055	4305685	-	CDS	Rv3830c	Rv3830c	regulatory proteins	regulatory proteins	0	3	3	0.0	4305370.0	630	False	False	0	False	NonReactive-Unq
NC_000962.3	4305756	4306239	+	CDS	Rv3831	Rv3831	conserved hypotheticals	conserved hypotheticals	0	2	2	0.0	4305997.5	483	False	False	0	False	NonReactive-Unq
NC_000962.3	4306235	4306811	-	CDS	Rv3832c	Rv3832c	conserved hypotheticals	conserved hypotheticals	0	3	3	0.0	4306523.0	576	False	False	0	False	NonReactive-Unq
NC_000962.3	4306866	4307658	+	CDS	Rv3833	Rv3833	regulatory proteins	regulatory proteins	0	4	4	0.0	4307262.0	792	False	False	0	False	NonReactive-Unq
NC_000962.3	4307654	4308914	-	CDS	Rv3834c	serS	information pathways	information pathways	0	6	6	0.0	4308284.0	1260	False	False	0	False	NonReactive-Unq
NC_000962.3	4309046	4310396	+	CDS	Rv3835	Rv3835	cell wall and cell processes	cell wall and cell processes	0	7	7	0.0	4309721.0	1350	False	False	0	False	NonReactive-Unq
NC_000962.3	4310400	4310814	+	CDS	Rv3836	Rv3836	conserved hypotheticals	conserved hypotheticals	0	2	2	0.0	4310607.0	414	False	False	0	False	NonReactive-Unq
NC_000962.3	4311008	4311707	-	CDS	Rv3837c	Rv3837c	intermediary metabolism and respiration	intermediary metabolism and respiration	0	3	3	0.0	4311357.5	699	False	False	0	False	NonReactive-Unq
NC_000962.3	4311703	4312669	-	CDS	Rv3838c	pheA	intermediary metabolism and respiration	intermediary metabolism and respiration	0	5	5	0.0	4312186.0	966	False	False	0	False	NonReactive-Unq
NC_000962.3	4312764	4313541	+	CDS	Rv3839	Rv3839	conserved hypotheticals	conserved hypotheticals	0	4	4	0.0	4313152.5	777	False	False	0	False	NonReactive-Unq
NC_000962.3	4313566	4313980	+	CDS	Rv3840	Rv3840	regulatory proteins	regulatory proteins	0	2	2	0.0	4313773.0	414	False	False	0	False	NonReactive-Unq
NC_000962.3	4314177	4314723	+	CDS	Rv3841	bfrB	intermediary metabolism and respiration	intermediary metabolism and respiration	0	3	3	0.0	4314450.0	546	False	False	0	False	NonReactive-Unq
NC_000962.3	4314737	4315562	-	CDS	Rv3842c	glpQ1	intermediary metabolism and respiration	intermediary metabolism and respiration	0	4	4	0.0	4315149.5	825	False	False	0	False	NonReactive-Unq
NC_000962.3	4315567	4316596	-	CDS	Rv3843c	Rv3843c	cell wall and cell processes	cell wall and cell processes	0	5	5	0.0	4316081.5	1029	False	False	0	False	NonReactive-Unq
NC_000962.3	4318774	4319266	+	CDS	Rv3844	Rv3844	insertion seqs and phages	insertion seqs and phages	0	2	2	0.0	4319020.0	492	False	False	1	True	NonReactive-HHR
NC_000962.3	4319280	4319640	+	CDS	Rv3845	Rv3845	conserved hypotheticals	conserved hypotheticals	0	2	2	0.0	4319460.0	360	False	False	1	True	NonReactive-HHR
NC_000962.3	4320703	4321327	+	CDS	Rv3846	sodA	virulence, detoxification, adaptation	virulence, detoxification, adaptation	0	3	3	0.0	4321015.0	624	False	False	0	False	NonReactive-Unq
NC_000962.3	4321537	4322071	+	CDS	Rv3847	Rv3847	conserved hypotheticals	conserved hypotheticals	0	3	3	0.0	4321804.0	534	False	False	0	False	NonReactive-Unq
NC_000962.3	4322325	4323234	+	CDS	Rv3848	Rv3848	cell wall and cell processes	cell wall and cell processes	0	5	5	0.0	4322779.5	909	False	False	0	False	NonReactive-Unq
NC_000962.3	4323498	4323897	+	CDS	Rv3849	espR	regulatory proteins	regulatory proteins	0	2	2	0.0	4323697.5	399	False	False	0	False	NonReactive-Unq
NC_000962.3	4324014	4324671	+	CDS	Rv3850	Rv3850	conserved hypotheticals	conserved hypotheticals	0	3	3	0.0	4324342.5	657	False	False	0	False	NonReactive-Unq
NC_000962.3	4324682	4324967	+	CDS	Rv3851	Rv3851	cell wall and cell processes	cell wall and cell processes	0	3	3	0.0	4324824.5	285	False	False	0	False	NonReactive-Unq
NC_000962.3	4325073	4325478	+	CDS	Rv3852	hns	information pathways	information pathways	0	2	2	0.0	4325275.5	405	False	False	0	False	NonReactive-Unq
NC_000962.3	4325494	4325968	+	CDS	Rv3853	rraA	regulatory proteins	regulatory proteins	0	2	2	0.0	4325731.0	474	False	False	0	False	NonReactive-Unq
NC_000962.3	4326003	4327473	-	CDS	Rv3854c	ethA	intermediary metabolism and respiration	intermediary metabolism and respiration	0	7	7	0.0	4326738.0	1470	False	False	0	False	NonReactive-Unq
NC_000962.3	4327548	4328199	+	CDS	Rv3855	ethR	regulatory proteins	regulatory proteins	0	3	3	0.0	4327873.5	651	False	False	0	False	NonReactive-Unq
NC_000962.3	4328400	4329408	-	CDS	Rv3856c	Rv3856c	conserved hypotheticals	conserved hypotheticals	0	5	5	0.0	4328904.0	1008	False	False	0	False	NonReactive-Unq
NC_000962.3	4329416	4329614	-	CDS	Rv3857c	Rv3857c	cell wall and cell processes	cell wall and cell processes	0	2	2	0.0	4329515.0	198	False	False	0	False	NonReactive-Unq
NC_000962.3	4330038	4331505	-	CDS	Rv3858c	gltD	intermediary metabolism and respiration	intermediary metabolism and respiration	0	7	7	0.0	4330771.5	1467	False	False	0	False	NonReactive-Unq
NC_000962.3	4331497	4336081	-	CDS	Rv3859c	gltB	intermediary metabolism and respiration	intermediary metabolism and respiration	0	10	10	0.0	4333789.0	4584	False	False	0	False	NonReactive-Unq
NC_000962.3	4336776	4337949	+	CDS	Rv3860	Rv3860	conserved hypotheticals	conserved hypotheticals	0	6	6	0.0	4337362.5	1173	False	False	0	False	NonReactive-Unq
NC_000962.3	4337945	4338272	+	CDS	Rv3861	Rv3861	conserved hypotheticals	conserved hypotheticals	0	2	2	0.0	4338108.5	327	False	False	0	False	NonReactive-Unq
NC_000962.3	4338170	4338521	-	CDS	Rv3862c	whiB6	regulatory proteins	regulatory proteins	0	2	2	0.0	4338345.5	351	False	False	0	False	NonReactive-Unq
NC_000962.3	4338848	4340027	+	CDS	Rv3863	Rv3863	conserved hypotheticals	conserved hypotheticals	0	6	6	0.0	4339437.5	1179	False	False	0	False	NonReactive-Unq
NC_000962.3	4340269	4341478	+	CDS	Rv3864	espE	cell wall and cell processes	cell wall and cell processes	0	5	5	0.0	4340873.5	1209	False	False	0	False	NonReactive-Unq
NC_000962.3	4341565	4341877	+	CDS	Rv3865	espF	cell wall and cell processes	cell wall and cell processes	0	2	2	0.0	4341721.0	312	False	False	0	False	NonReactive-Unq
NC_000962.3	4341879	4342731	+	CDS	Rv3866	espG1	cell wall and cell processes	cell wall and cell processes	0	4	4	0.0	4342305.0	852	False	False	0	False	NonReactive-Unq
NC_000962.3	4342769	4343321	+	CDS	Rv3867	espH	cell wall and cell processes	cell wall and cell processes	0	3	3	0.0	4343045.0	552	False	False	0	False	NonReactive-Unq
NC_000962.3	4343313	4345035	+	CDS	Rv3868	eccA1	cell wall and cell processes	cell wall and cell processes	0	9	9	0.0	4344174.0	1722	False	False	0	False	NonReactive-Unq
NC_000962.3	4345038	4346481	+	CDS	Rv3869	eccB1	cell wall and cell processes	cell wall and cell processes	0	7	7	0.0	4345759.5	1443	False	False	0	False	NonReactive-Unq
NC_000962.3	4346480	4348724	+	CDS	Rv3870	eccCa1	cell wall and cell processes	cell wall and cell processes	0	10	10	0.0	4347602.0	2244	False	False	0	False	NonReactive-Unq
NC_000962.3	4348826	4350602	+	CDS	Rv3871	eccCb1	cell wall and cell processes	cell wall and cell processes	0	9	9	0.0	4349714.0	1776	False	False	0	False	NonReactive-Unq
NC_000962.3	4350744	4351044	+	CDS	Rv3872	PE35	PE/PPE	PE/PPE	0	1	1	0.0	4350894.0	300	False	False	0	False	NonReactive-Unq
NC_000962.3	4351074	4352181	+	CDS	Rv3873	PPE68	PE/PPE	PE/PPE	5	6	11	0.45454545454545453	4351627.5	1107	True	True	0	False	Antigen-Unq
NC_000962.3	4352273	4352576	+	CDS	Rv3874	esxB	cell wall and cell processes	esx	21	2	23	0.9130434782608695	4352424.5	303	True	True	0	False	Antigen-Unq
NC_000962.3	4352608	4352896	+	CDS	Rv3875	esxA	cell wall and cell processes	esx	19	3	22	0.8636363636363636	4352752.0	288	True	True	0	False	Antigen-Unq
NC_000962.3	4353009	4355010	+	CDS	Rv3876	espI	cell wall and cell processes	cell wall and cell processes	1	9	10	0.1	4354009.5	2001	True	False	0	False	NonReactive-Unq
NC_000962.3	4355006	4356542	+	CDS	Rv3877	eccD1	cell wall and cell processes	cell wall and cell processes	0	8	8	0.0	4355774.0	1536	False	False	0	False	NonReactive-Unq
NC_000962.3	4356692	4357535	+	CDS	Rv3878	espJ	cell wall and cell processes	cell wall and cell processes	0	4	4	0.0	4357113.5	843	False	False	0	False	NonReactive-Unq
NC_000962.3	4357592	4359782	-	CDS	Rv3879c	espK	cell wall and cell processes	cell wall and cell processes	0	10	10	0.0	4358687.0	2190	False	False	0	False	NonReactive-Unq
NC_000962.3	4360198	4360546	-	CDS	Rv3880c	espL	cell wall and cell processes	cell wall and cell processes	0	2	2	0.0	4360372.0	348	False	False	0	False	NonReactive-Unq
NC_000962.3	4360542	4361925	-	CDS	Rv3881c	espB	cell wall and cell processes	cell wall and cell processes	0	7	7	0.0	4361233.5	1383	False	False	0	False	NonReactive-Unq
NC_000962.3	4362031	4363420	-	CDS	Rv3882c	eccE1	cell wall and cell processes	cell wall and cell processes	0	7	7	0.0	4362725.5	1389	False	False	0	False	NonReactive-Unq
NC_000962.3	4363416	4364757	-	CDS	Rv3883c	mycP1	intermediary metabolism and respiration	intermediary metabolism and respiration	0	6	6	0.0	4364086.5	1341	False	False	0	False	NonReactive-Unq
NC_000962.3	4364978	4366838	-	CDS	Rv3884c	eccA2	cell wall and cell processes	cell wall and cell processes	0	9	9	0.0	4365908.0	1860	False	False	0	False	NonReactive-Unq
NC_000962.3	4366907	4368521	-	CDS	Rv3885c	eccE2	cell wall and cell processes	cell wall and cell processes	0	8	8	0.0	4367714.0	1614	False	False	0	False	NonReactive-Unq
NC_000962.3	4368517	4370170	-	CDS	Rv3886c	mycP2	intermediary metabolism and respiration	intermediary metabolism and respiration	0	8	8	0.0	4369343.5	1653	False	False	0	False	NonReactive-Unq
NC_000962.3	4370154	4371684	-	CDS	Rv3887c	eccD2	cell wall and cell processes	cell wall and cell processes	1	7	8	0.125	4370919.0	1530	True	False	0	False	NonReactive-Unq
NC_000962.3	4371680	4372706	-	CDS	Rv3888c	Rv3888c	cell wall and cell processes	cell wall and cell processes	0	5	5	0.0	4372193.0	1026	False	False	0	False	NonReactive-Unq
NC_000962.3	4372799	4373630	-	CDS	Rv3889c	espG2	cell wall and cell processes	cell wall and cell processes	0	4	4	0.0	4373214.5	831	False	False	0	False	NonReactive-Unq
NC_000962.3	4373725	4374013	-	CDS	Rv3890c	esxC	cell wall and cell processes	esx	0	2	2	0.0	4373869.0	288	False	False	0	False	NonReactive-Unq
NC_000962.3	4374048	4374372	-	CDS	Rv3891c	esxD	cell wall and cell processes	esx	0	2	2	0.0	4374210.0	324	False	False	0	False	NonReactive-Unq
NC_000962.3	4374483	4375683	-	CDS	Rv3892c	PPE69	PE/PPE	PE/PPE	0	6	6	0.0	4375083.0	1200	False	False	0	False	NonReactive-Unq
NC_000962.3	4375761	4375995	-	CDS	Rv3893c	PE36	PE/PPE	PE/PPE	0	2	2	0.0	4375878.0	234	False	False	0	False	NonReactive-Unq
NC_000962.3	4376261	4380452	-	CDS	Rv3894c	eccC2	cell wall and cell processes	cell wall and cell processes	0	10	10	0.0	4378356.5	4191	False	False	0	False	NonReactive-Unq
NC_000962.3	4380452	4381940	-	CDS	Rv3895c	eccB2	cell wall and cell processes	cell wall and cell processes	0	7	7	0.0	4381196.0	1488	False	False	0	False	NonReactive-Unq
NC_000962.3	4381942	4382851	-	CDS	Rv3896c	Rv3896c	conserved hypotheticals	conserved hypotheticals	0	5	5	0.0	4382396.5	909	False	False	0	False	NonReactive-Unq
NC_000962.3	4383007	4383640	-	CDS	Rv3897c	Rv3897c	conserved hypotheticals	conserved hypotheticals	0	3	3	0.0	4383323.5	633	False	False	1	True	NonReactive-HHR
NC_000962.3	4383652	4383985	-	CDS	Rv3898c	Rv3898c	conserved hypotheticals	conserved hypotheticals	0	2	2	0.0	4383818.5	333	False	False	1	True	NonReactive-HHR
NC_000962.3	4384146	4385379	-	CDS	Rv3899c	Rv3899c	conserved hypotheticals	conserved hypotheticals	0	6	6	0.0	4384762.5	1233	False	False	0	False	NonReactive-Unq
NC_000962.3	4385372	4386308	-	CDS	Rv3900c	Rv3900c	conserved hypotheticals	conserved hypotheticals	0	5	5	0.0	4385840.0	936	False	False	0	False	NonReactive-Unq
NC_000962.3	4386364	4386814	-	CDS	Rv3901c	Rv3901c	cell wall and cell processes	cell wall and cell processes	0	1	1	0.0	4386589.0	450	False	False	0	False	NonReactive-Unq
NC_000962.3	4387364	4387895	-	CDS	Rv3902c	Rv3902c	conserved hypotheticals	conserved hypotheticals	0	3	3	0.0	4387629.5	531	False	False	0	False	NonReactive-Unq
NC_000962.3	4387891	4390432	-	CDS	Rv3903c	Rv3903c	conserved hypotheticals	conserved hypotheticals	0	10	10	0.0	4389161.5	2541	False	False	0	False	NonReactive-Unq
NC_000962.3	4390436	4390709	-	CDS	Rv3904c	esxE	cell wall and cell processes	esx	0	1	1	0.0	4390572.5	273	False	False	0	False	NonReactive-Unq
NC_000962.3	4390719	4391031	-	CDS	Rv3905c	esxF	cell wall and cell processes	esx	0	2	2	0.0	4390875.0	312	False	False	0	False	NonReactive-Unq
NC_000962.3	4391096	4391606	-	CDS	Rv3906c	Rv3906c	conserved hypotheticals	conserved hypotheticals	0	3	3	0.0	4391351.0	510	False	False	0	False	NonReactive-Unq
NC_000962.3	4391630	4393073	-	CDS	Rv3907c	pcnA	information pathways	information pathways	0	6	6	0.0	4392351.5	1443	False	False	0	False	NonReactive-Unq
NC_000962.3	4393448	4394195	+	CDS	Rv3908	mutT4	information pathways	information pathways	0	4	4	0.0	4393821.5	747	False	False	0	False	NonReactive-Unq
NC_000962.3	4394191	4396600	+	CDS	Rv3909	Rv3909	conserved hypotheticals	conserved hypotheticals	0	10	10	0.0	4395395.5	2409	False	False	0	False	NonReactive-Unq
NC_000962.3	4396596	4400151	+	CDS	Rv3910	Rv3910	cell wall and cell processes	cell wall and cell processes	1	9	10	0.1	4398373.5	3555	True	False	0	False	NonReactive-Unq
NC_000962.3	4400185	4400854	+	CDS	Rv3911	sigM	information pathways	information pathways	0	3	3	0.0	4400519.5	669	False	False	0	False	NonReactive-Unq
NC_000962.3	4400869	4401634	+	CDS	Rv3912	Rv3912	conserved hypotheticals	conserved hypotheticals	0	4	4	0.0	4401251.5	765	False	False	0	False	NonReactive-Unq
NC_000962.3	4401727	4402735	+	CDS	Rv3913	trxB2	intermediary metabolism and respiration	intermediary metabolism and respiration	0	5	5	0.0	4402231.0	1008	False	False	0	False	NonReactive-Unq
NC_000962.3	4402731	4403082	+	CDS	Rv3914	trxC	intermediary metabolism and respiration	intermediary metabolism and respiration	0	2	2	0.0	4402906.5	351	False	False	0	False	NonReactive-Unq
NC_000962.3	4403191	4404412	+	CDS	Rv3915	Rv3915	intermediary metabolism and respiration	intermediary metabolism and respiration	0	6	6	0.0	4403801.5	1221	False	False	0	False	NonReactive-Unq
NC_000962.3	4404432	4405167	-	CDS	Rv3916c	Rv3916c	conserved hypotheticals	conserved hypotheticals	0	4	4	0.0	4404799.5	735	False	False	0	False	NonReactive-Unq
NC_000962.3	4405456	4406491	-	CDS	Rv3917c	parB	cell wall and cell processes	cell wall and cell processes	0	5	5	0.0	4405973.5	1035	False	False	0	False	NonReactive-Unq
NC_000962.3	4406487	4407531	-	CDS	Rv3918c	parA	cell wall and cell processes	cell wall and cell processes	0	5	5	0.0	4407009.0	1044	False	False	0	False	NonReactive-Unq
NC_000962.3	4407527	4408202	-	CDS	Rv3919c	gid	cell wall and cell processes	cell wall and cell processes	0	3	3	0.0	4407864.5	675	False	False	0	False	NonReactive-Unq
NC_000962.3	4408333	4408897	-	CDS	Rv3920c	Rv3920c	conserved hypotheticals	conserved hypotheticals	0	3	3	0.0	4408615.0	564	False	False	0	False	NonReactive-Unq
NC_000962.3	4408968	4410069	-	CDS	Rv3921c	Rv3921c	cell wall and cell processes	cell wall and cell processes	0	5	5	0.0	4409518.5	1101	False	False	0	False	NonReactive-Unq
NC_000962.3	4410052	4410415	-	CDS	Rv3922c	Rv3922c	virulence, detoxification, adaptation	virulence, detoxification, adaptation	0	2	2	0.0	4410233.5	363	False	False	0	False	NonReactive-Unq
NC_000962.3	4410411	4410789	-	CDS	Rv3923c	rnpA	information pathways	information pathways	0	1	1	0.0	4410600.0	378	False	False	0	False	NonReactive-Unq
NC_000962.3	4410785	4410929	-	CDS	Rv3924c	rpmH	information pathways	information pathways	0	2	2	0.0	4410857.0	144	False	False	0	False	NonReactive-Unq
