drug,genome_index,confidence,mutation
STM,4407851,1) Assoc w R,gid_p.Arg118fs
PZA,2288805,1) Assoc w R,pncA_p.Ala146Val
PZA,2289219,1) Assoc w R,pncA_p.Asp8Gly
PZA,2288826,1) Assoc w R,pncA_p.Val139Ala
PZA,2289150,1) Assoc w R,pncA_p.Ile31Ser
PZA,2289090,1) Assoc w R,pncA_p.His51Arg
PZA,2288839,1) Assoc w R,pncA_p.Thr135Pro
PZA,2289031,1) Assoc w R,pncA_p.His71Tyr
PZA,2288844,1) Assoc w R,pncA_p.Ile133Thr
PZA,2289038,1) Assoc w R,pncA_p.Trp68Cys
PZA,2289231,1) Assoc w R,pncA_p.Leu4Ser
PZA,2289072,1) Assoc w R,pncA_p.His57Arg
PZA,2289096,1) Assoc w R,pncA_p.Asp49Gly
PZA,2289202,1) Assoc w R,pncA_p.Cys14Arg
PZA,2289222,1) Assoc w R,pncA_p.Val7Gly
PZA,2288952,1) Assoc w R,pncA_p.Gly97Asp
PZA,2289016,1) Assoc w R,pncA_p.Thr76Pro
PZA,2289091,1) Assoc w R,pncA_p.His51Asp
PZA,2289213,1) Assoc w R,pncA_p.Gln10Pro
PZA,2288820,1) Assoc w R,pncA_p.Gln141Pro
PZA,2289252,1) Assoc w R,pncA_c.-11A>G
PZA,2288955,1) Assoc w R,pncA_p.Lys96Thr
PZA,2288953,1) Assoc w R,pncA_p.Gly97Ser
PZA,2289040,1) Assoc w R,pncA_p.Trp68Arg
PZA,2289040,1) Assoc w R,pncA_p.Trp68Gly
PZA,2289223,1) Assoc w R,pncA_p.Val7Leu
PZA,2289252,1) Assoc w R,pncA_c.-11A>C
PZA,2288790,1) Assoc w R,pncA_p.Leu151Ser
PZA,2288953,1) Assoc w R,pncA_p.Gly97Cys
PZA,2289030,1) Assoc w R,pncA_p.His71Arg
PZA,2289043,1) Assoc w R,pncA_p.Ser67Pro
PZA,2289225,1) Assoc w R,pncA_p.Ile6Thr
PZA,2289081,1) Assoc w R,pncA_p.Pro54Leu
PZA,2288841,1) Assoc w R,pncA_p.Ala134Val
PZA,2288709,1) Assoc w R,pncA_p.Glu173fs
PZA,2289103,1) Assoc w R,pncA_p.Thr47Ala
PZA,2288933,1) Assoc w R,pncA_p.Tyr103*
PZA,2289213,1) Assoc w R,pncA_p.Gln10Arg
PZA,2289067,1) Assoc w R,pncA_p.Ser59Pro
PZA,2289073,1) Assoc w R,pncA_p.His57Asp
KAN,2715344,1) Assoc w R,eis_c.-12C>T
STM,1472362,1) Assoc w R,rrs_n.517C>T
RIF,"761139,761140",1) Assoc w R,rpoB_p.His445Cys
RIF,761100,1) Assoc w R,rpoB_p.Gln432Lys
RIF,761101,1) Assoc w R,rpoB_p.Gln432Pro
RIF,761128,1) Assoc w R,rpoB_p.Ser441Leu
RIF,761101,1) Assoc w R,rpoB_p.Gln432Leu
RIF,"761139,761140",1) Assoc w R,rpoB_p.His445Ser
RIF,"761127,761128",1) Assoc w R,rpoB_p.Ser441Gln
RIF,"761109,761110",1) Assoc w R,rpoB_p.Asp435Phe
RIF,761102,1) Assoc w R,rpoB_p.Phe433dup
EMB,4247469,1) Assoc w R,embB_p.Tyr319Cys
EMB,4247729,1) Assoc w R,embB_p.Gly406Cys
EMB,4247495,1) Assoc w R,embB_p.Asp328Tyr
EMB,4248002,1) Assoc w R,embB_p.Gln497Lys
EMB,4247429,1) Assoc w R,embB_p.Met306Leu
EMB,4247729,1) Assoc w R,embB_p.Gly406Ser
EMB,4247730,1) Assoc w R,embB_p.Gly406Asp
RIF,761134,1) Assoc w R,rpoB_p.Thr444dup
RIF,761139,1) Assoc w R,rpoB_p.His445Asn
RIF,761277,1) Assoc w R,rpoB_p.Ile491Phe
RIF,760314,1) Assoc w R,rpoB_p.Val170Phe
STM,1472359,1) Assoc w R,rrs_n.514A>C
STM,1472723,1) Assoc w R,rrs_n.878G>A
CAP,1918647,1) Assoc w R,tlyA_p.Asn236Lys
CAP,1918160,1) Assoc w R,tlyA_p.Leu74Pro
RIF,"761154,761155",1) Assoc w R,rpoB_p.Ser450Leu
RIF,761110,1) Assoc w R,rpoB_p.Asp435Val
RIF,761139,1) Assoc w R,rpoB_p.His445Tyr
RIF,761139,1) Assoc w R,rpoB_p.His445Asp
RIF,761109,1) Assoc w R,rpoB_p.Asp435Tyr
RIF,761155,1) Assoc w R,rpoB_p.Ser450Trp
PZA,2289220,1) Assoc w R,pncA_p.Asp8Asn
RIF,761140,1) Assoc w R,rpoB_p.His445Leu
RIF,"761155,761156",1) Assoc w R,rpoB_p.Ser450Phe
RIF,761095,1) Assoc w R,rpoB_p.Leu430Pro
RIF,761140,1) Assoc w R,rpoB_p.His445Arg
STM,"781686,781687",1) Assoc w R,rpsL_p.Lys43Arg
PZA,2288850,1) Assoc w R,pncA_p.Val131fs
PZA,2288847,1) Assoc w R,pncA_p.Asp129_Val131del
PZA,2288814,1) Assoc w R,pncA_p.Ala143Gly
PZA,2288830,1) Assoc w R,pncA_p.Cys138Arg
PZA,2289206,1) Assoc w R,pncA_p.Asp12Glu
PZA,2288928,1) Assoc w R,pncA_p.Gly105Val
PZA,2288853,1) Assoc w R,pncA_p.Glu127_Asp129del
PZA,2289030,1) Assoc w R,pncA_p.His71Pro
PZA,2289240,1) Assoc w R,pncA_p.Met1?
PZA,2288821,1) Assoc w R,pncA_p.Gln141*
PZA,2288859,1) Assoc w R,pncA_p.Val128Gly
PZA,2288853,1) Assoc w R,pncA_p.Val130Gly
PZA,2288826,1) Assoc w R,pncA_p.Val139Gly
PZA,2288935,1) Assoc w R,pncA_p.Tyr103His
PZA,2288775,1) Assoc w R,pncA_p.Thr153fs
PZA,2289171,1) Assoc w R,pncA_p.Gly24Asp
PZA,2289231,1) Assoc w R,pncA_p.Leu4Trp
PZA,2288869,1) Assoc w R,pncA_p.Val125Phe
PZA,2288962,1) Assoc w R,pncA_p.Phe94Leu
PZA,2289036,1) Assoc w R,pncA_p.Pro69Leu
PZA,2288817,1) Assoc w R,pncA_p.Thr142Met
PZA,2288806,1) Assoc w R,pncA_p.Ala146Thr
PZA,2288973,1) Assoc w R,pncA_p.Ile90Ser
PZA,2288719,1) Assoc w R,pncA_p.Met175Val
PZA,2288934,1) Assoc w R,pncA_p.Tyr103Cys
PZA,2288766,1) Assoc w R,pncA_p.Leu159Arg
PZA,2289057,1) Assoc w R,pncA_p.Pro62Leu
PZA,2288703,1) Assoc w R,pncA_p.Val180Gly
PZA,2288938,1) Assoc w R,pncA_p.Ala102Pro
PZA,2289207,1) Assoc w R,pncA_p.Asp12Gly
PZA,2288847,1) Assoc w R,pncA_p.Gly132Ala
PZA,2289089,1) Assoc w R,pncA_p.His51Gln
PZA,2288778,1) Assoc w R,pncA_p.Val155Gly
PZA,2289054,1) Assoc w R,pncA_p.Asp63Ala
PZA,2288956,1) Assoc w R,pncA_p.Lys96Glu
EMB,4247469,1) Assoc w R,embB_p.Tyr319Ser
PZA,2288752,1) Assoc w R,pncA_p.Ser164Pro
PZA,2288713,1) Assoc w R,pncA_p.Thr177Pro
INH,1674048,1) Assoc w R,inhA_c.-154G>A
PZA,2288727,1) Assoc w R,pncA_p.Leu172Pro
INH,1673425,1) Assoc w R,inhA_c.-777C>T
ETH,1673425,1) Assoc w R,inhA_c.-777C>T
PZA,2288848,1) Assoc w R,pncA_p.Gly132Ser
PZA,2288961,1) Assoc w R,pncA_p.Phe94Cys
PZA,2289207,1) Assoc w R,pncA_p.Asp12Ala
PZA,2288782,1) Assoc w R,pncA_p.Arg154Gly
PZA,2288988,1) Assoc w R,pncA_p.Leu85Pro
ETH,4327363,1) Assoc w R,ethA_p.Lys37fs
ETH,4327472,1) Assoc w R,ethA_p.Met1?
STM,4407979,1) Assoc w R,gid_p.Pro75Arg
STM,4407802,1) Assoc w R,gid_p.Ala134Glu
STM,4407997,1) Assoc w R,gid_p.Gly69Asp
STM,781822,1) Assoc w R,rpsL_p.Lys88Met
STM,4407830,1) Assoc w R,gid_p.Gln125*
STM,4408100,1) Assoc w R,gid_p.Leu35fs
STM,781822,1) Assoc w R,rpsL_p.Lys88Arg
ETH,4326855,1) Assoc w R,ethA_p.Arg207Gly
PZA,2288764,1) Assoc w R,pncA_p.Thr160Pro
PZA,2289142,1) Assoc w R,pncA_p.Tyr34Asp
PZA,2289245,1) Assoc w R,pncA_c.-5delG
PZA,2288777,1) Assoc w R,pncA_p.Leu156fs
PZA,2288955,1) Assoc w R,pncA_p.Lys96Arg
PZA,2289222,1) Assoc w R,pncA_p.Val7Ala
PZA,2288885,1) Assoc w R,pncA_p.Trp119Cys
PZA,2288878,1) Assoc w R,pncA_p.Gln122*
PZA,2288988,1) Assoc w R,pncA_p.Leu85Arg
PZA,2289096,1) Assoc w R,pncA_p.Asp49Ala
PZA,2288924,1) Assoc w R,pncA_p.Phe106fs
PZA,2289162,1) Assoc w R,pncA_p.Leu27Pro
PZA,2288883,1) Assoc w R,pncA_p.Leu120Pro
PZA,2289073,1) Assoc w R,pncA_p.His57Tyr
PZA,2288953,1) Assoc w R,pncA_p.Gly97Arg
PZA,2288852,1) Assoc w R,pncA_p.Asp129fs
PZA,2288697,1) Assoc w R,pncA_p.Leu182Ser
PZA,2289070,1) Assoc w R,pncA_p.Phe58Leu
PZA,2288818,1) Assoc w R,pncA_p.Thr142Ala
EMB,4247730,1) Assoc w R,embB_p.Gly406Ala
RIF,761161,1) Assoc w R,rpoB_p.Leu452Pro
EMB,4243221,1) Assoc w R,embA_c.-12C>T
INH,2155168,1) Assoc w R,katG_p.Ser315Asn
INH,2155168,1) Assoc w R,katG_p.Ser315Thr
KAN,2715339,1) Assoc w R,eis_c.-8delC
LZD,801268,1) Assoc w R,rplC_p.Cys154Arg
KAN,2715342,1) Assoc w R,eis_c.-10G>A
KAN,2715369,1) Assoc w R,eis_c.-37G>T
CAP,1473247,1) Assoc w R,rrs_n.1402C>T
KAN,1473329,1) Assoc w R,rrs_n.1484G>T
INH,2155129,1) Assoc w R,katG_p.Trp328Leu
CAP,1473329,1) Assoc w R,rrs_n.1484G>T
EMB,4247574,1) Assoc w R,embB_p.Asp354Ala
MXF,7563,1) Assoc w R,gyrA_p.Gly88Cys
LEV,7582,1) Assoc w R,gyrA_p.Asp94Gly
MXF,7582,1) Assoc w R,gyrA_p.Asp94Gly
LEV,7570,1) Assoc w R,gyrA_p.Ala90Val
MXF,7570,1) Assoc w R,gyrA_p.Ala90Val
LEV,7582,1) Assoc w R,gyrA_p.Asp94Ala
MXF,7582,1) Assoc w R,gyrA_p.Asp94Ala
LEV,7581,1) Assoc w R,gyrA_p.Asp94Asn
MXF,7581,1) Assoc w R,gyrA_p.Asp94Asn
LEV,7572,1) Assoc w R,gyrA_p.Ser91Pro
MXF,7572,1) Assoc w R,gyrA_p.Ser91Pro
LEV,7581,1) Assoc w R,gyrA_p.Asp94Tyr
MXF,7581,1) Assoc w R,gyrA_p.Asp94Tyr
LEV,7581,1) Assoc w R,gyrA_p.Asp94His
MXF,7581,1) Assoc w R,gyrA_p.Asp94His
LEV,7563,1) Assoc w R,gyrA_p.Gly88Cys
MXF,6742,1) Assoc w R,gyrB_p.Glu501Asp
KAN,2715346,1) Assoc w R,eis_c.-14C>T
PZA,2288704,1) Assoc w R,pncA_p.Val180Phe
AMI,2715346,1) Assoc w R,eis_c.-14C>T
KAN,1473246,1) Assoc w R,rrs_n.1401A>G
CAP,1473246,1) Assoc w R,rrs_n.1401A>G
AMI,1473246,1) Assoc w R,rrs_n.1401A>G
EMB,4247429,1) Assoc w R,embB_p.Met306Val
EMB,4247431,1) Assoc w R,embB_p.Met306Ile
EMB,4248003,1) Assoc w R,embB_p.Gln497Arg
STM,4407812,2) Assoc w R - Interim,gid_p.Gly129fs
STM,4407764,2) Assoc w R - Interim,gid_p.Lys147fs
STM,4407761,2) Assoc w R - Interim,gid_p.Trp148fs
STM,4407753,2) Assoc w R - Interim,gid_p.Ser149fs
STM,4407727,2) Assoc w R - Interim,gid_p.Met159fs
STM,4407684,2) Assoc w R - Interim,gid_p.His174fs
STM,4407677,2) Assoc w R - Interim,gid_p.Arg176fs
STM,4408161,2) Assoc w R - Interim,gid_p.Pro14fs
STM,4407798,2) Assoc w R - Interim,gid_p.Val135fs
STM,4408160,2) Assoc w R - Interim,gid_p.Arg15fs
STM,4407849,2) Assoc w R - Interim,gid_p.Ile114fs
RIF,761121,2) Assoc w R - Interim,rpoB_p.Pro439Ser
STM,4407865,2) Assoc w R - Interim,gid_p.Glu113fs
STM,4407880,2) Assoc w R - Interim,gid_p.Leu108fs
STM,4407654,2) Assoc w R - Interim,gid_p.Val184fs
STM,4407888,2) Assoc w R - Interim,gid_p.Val105fs
STM,4407893,2) Assoc w R - Interim,gid_p.Met104fs
STM,4407898,2) Assoc w R - Interim,gid_p.Val89_Arg102delinsGly
STM,4407910,2) Assoc w R - Interim,gid_p.Arg96fs
STM,4407910,2) Assoc w R - Interim,gid_p.Thr98fs
STM,4407918,2) Assoc w R - Interim,gid_p.Leu95fs
STM,4407935,2) Assoc w R - Interim,gid_p.Leu90fs
STM,4408143,2) Assoc w R - Interim,gid_p.Arg21fs
STM,4407686,2) Assoc w R - Interim,gid_p.Glu173*
STM,4408115,2) Assoc w R - Interim,gid_p.Gly30fs
STM,4408137,2) Assoc w R - Interim,gid_p.Tyr22*
STM,4408094,2) Assoc w R - Interim,gid_p.Gly37*
STM,4408121,2) Assoc w R - Interim,gid_p.Gly28*
STM,4407803,2) Assoc w R - Interim,gid_p.Ala134fs
STM,4407841,2) Assoc w R - Interim,gid_p.Glu121fs
STM,4407843,2) Assoc w R - Interim,gid_p.Ala119_Glu120insAspGluIleValArgGlyArgAla
STM,4407845,2) Assoc w R - Interim,gid_p.Glu120fs
STM,4407566,2) Assoc w R - Interim,gid_p.Arg213*
STM,4407716,2) Assoc w R - Interim,gid_p.Lys163*
STM,4407773,2) Assoc w R - Interim,gid_p.Lys144*
STM,4407908,2) Assoc w R - Interim,gid_p.Glu99*
STM,4408107,2) Assoc w R - Interim,gid_p.Glu32fs
STM,4408134,2) Assoc w R - Interim,gid_p.Gly17fs
STM,4407944,2) Assoc w R - Interim,gid_p.Gln87fs
STM,4407590,2) Assoc w R - Interim,gid_p.Ala205fs
STM,4407598,2) Assoc w R - Interim,gid_p.Val202fs
STM,4407627,2) Assoc w R - Interim,gid_p.Gly192fs
STM,4407945,2) Assoc w R - Interim,gid_p.Leu86fs
STM,4407988,2) Assoc w R - Interim,gid_p.Asp67_Gly71del
STM,4407955,2) Assoc w R - Interim,gid_p.Arg83fs
STM,4407846,2) Assoc w R - Interim,gid_p.Ala119fs
STM,4407929,2) Assoc w R - Interim,gid_p.Glu92*
STM,4407896,2) Assoc w R - Interim,gid_p.Glu103*
STM,4407975,2) Assoc w R - Interim,gid_p.Gly76fs
STM,4408009,2) Assoc w R - Interim,gid_p.Val65fs
STM,4407824,2) Assoc w R - Interim,gid_p.Gln127*
STM,4407796,2) Assoc w R - Interim,gid_p.Ser136*
STM,4407992,2) Assoc w R - Interim,gid_p.Gly71*
STM,4407695,2) Assoc w R - Interim,gid_p.Glu170*
INH,2154211,2) Assoc w R - Interim,katG_p.Leu634fs
INH,2156093,2) Assoc w R - Interim,katG_p.Pro6fs
INH,2156093,2) Assoc w R - Interim,katG_p.Ile8fs
STM,4407982,2) Assoc w R - Interim,gid_p.Leu74*
STM,4408022,2) Assoc w R - Interim,gid_p.Glu60fs
STM,4408069,2) Assoc w R - Interim,gid_p.Trp45*
STM,4407831,2) Assoc w R - Interim,gid_p.Val124fs
STM,4407952,2) Assoc w R - Interim,gid_p.Arg83dup
STM,4407640,2) Assoc w R - Interim,gid_p.Val188fs
STM,4407983,2) Assoc w R - Interim,gid_p.Gly71fs
STM,4408015,2) Assoc w R - Interim,gid_p.Asp63fs
STM,4408037,2) Assoc w R - Interim,gid_p.Ile55dup
STM,4408066,2) Assoc w R - Interim,gid_p.Leu44_Asp46delinsHis
STM,4408066,2) Assoc w R - Interim,gid_p.Asp46fs
STM,4408082,2) Assoc w R - Interim,gid_p.Val41fs
STM,4408087,2) Assoc w R - Interim,gid_p.Gly37fs
STM,4408150,2) Assoc w R - Interim,gid_p.Ala19fs
STM,4407899,2) Assoc w R - Interim,gid_p.Arg102*
STM,4407618,2) Assoc w R - Interim,gid_p.Tyr195*
STM,4407587,2) Assoc w R - Interim,gid_p.Arg206*
STM,4407695,2) Assoc w R - Interim,gid_p.Asp169_Glu170insLysGlyGluArgAlaHisAsp
STM,4407954,2) Assoc w R - Interim,gid_p.Val77fs
STM,4407760,2) Assoc w R - Interim,gid_p.Trp148*
STM,4408126,2) Assoc w R - Interim,gid_p.Leu26*
STM,4408025,2) Assoc w R - Interim,gid_p.Glu60*
STM,4408087,2) Assoc w R - Interim,gid_p.Arg39fs
STM,4408007,2) Assoc w R - Interim,gid_p.Val66fs
INH,2155850,2) Assoc w R - Interim,katG_p.Gln88*
INH,2154701,2) Assoc w R - Interim,katG_p.Gln471*
INH,2156006,2) Assoc w R - Interim,katG_p.Gln36*
INH,2155058,2) Assoc w R - Interim,katG_p.Gln352*
INH,2155733,2) Assoc w R - Interim,katG_p.Gln127*
INH,2154350,2) Assoc w R - Interim,katG_p.Glu588*
INH,2156013,2) Assoc w R - Interim,katG_p.Gly34fs
INH,2155126,2) Assoc w R - Interim,katG_p.Asp329fs
INH,2155137,2) Assoc w R - Interim,katG_p.Pro325fs
INH,2155155,2) Assoc w R - Interim,katG_p.Val319fs
INH,2156023,2) Assoc w R - Interim,katG_p.Pro29_Val30delinsLeu
INH,2156024,2) Assoc w R - Interim,katG_p.Val30fs
INH,2155245,2) Assoc w R - Interim,katG_p.Pro288_Glu289del
INH,2155276,2) Assoc w R - Interim,katG_p.Gly279fs
INH,2156040,2) Assoc w R - Interim,katG_p.His25fs
INH,2155478,2) Assoc w R - Interim,katG_p.Gly212fs
INH,2155509,2) Assoc w R - Interim,katG_p.Ala202fs
INH,2155515,2) Assoc w R - Interim,katG_p.Gly199fs
INH,2156053,2) Assoc w R - Interim,katG_p.Cys20fs
INH,2156058,2) Assoc w R - Interim,katG_p.Asn18fs
INH,2155575,2) Assoc w R - Interim,katG_p.Lys179fs
INH,2155582,2) Assoc w R - Interim,katG_p.Leu173fs
INH,2154860,2) Assoc w R - Interim,katG_p.Arg418*
INH,2155626,2) Assoc w R - Interim,katG_p.Asp163fs
INH,2155588,2) Assoc w R - Interim,katG_p.Ser175*
INH,2155629,2) Assoc w R - Interim,katG_p.Trp161*
INH,2155505,2) Assoc w R - Interim,katG_p.Thr203fs
INH,2154106,2) Assoc w R - Interim,katG_p.Trp668_Glu669insGly
INH,2154135,2) Assoc w R - Interim,katG_p.Asp656fs
INH,2154179,2) Assoc w R - Interim,katG_p.Leu641_Gly644del
INH,2154435,2) Assoc w R - Interim,katG_p.Ala558_Ala559del
INH,2154500,2) Assoc w R - Interim,katG_p.Val538fs
INH,2154509,2) Assoc w R - Interim,katG_p.Asn535fs
EMB,4246734,2) Assoc w R - Interim,embB_p.Leu74Arg
RIF,761086,2) Assoc w R - Interim,rpoB_p.Thr427Asn
RIF,"761085,761086",2) Assoc w R - Interim,rpoB_p.Thr427Gly
RIF,"761112,761114",2) Assoc w R - Interim,rpoB_p.Gln436Asn
RIF,761122,2) Assoc w R - Interim,rpoB_p.Pro439Leu
RIF,761115,2) Assoc w R - Interim,rpoB_p.Asn437Tyr
RIF,761106,2) Assoc w R - Interim,rpoB_p.Met434Leu
INH,2154571,2) Assoc w R - Interim,katG_p.Asp513_Leu514insHis
RIF,761161,2) Assoc w R - Interim,rpoB_p.Leu452Gln
INH,2156066,2) Assoc w R - Interim,katG_p.Ala16fs
INH,2156028,2) Assoc w R - Interim,katG_p.Tyr28*
INH,2155647,2) Assoc w R - Interim,katG_p.Tyr155*
INH,2154045,2) Assoc w R - Interim,katG_p.Trp689*
INH,2155149,2) Assoc w R - Interim,katG_p.Trp321*
INH,2155501,2) Assoc w R - Interim,katG_p.Trp204*
INH,2155519,2) Assoc w R - Interim,katG_p.Trp198*
INH,2154100,2) Assoc w R - Interim,katG_p.Ser671*
INH,2155664,2) Assoc w R - Interim,katG_p.Pro150fs
INH,2155740,2) Assoc w R - Interim,katG_p.Gly124del
STM,4407598,2) Assoc w R - Interim,gid_p.Ala200fs
STM,4407627,2) Assoc w R - Interim,gid_p.Ala193fs
STM,4407649,2) Assoc w R - Interim,gid_p.Asp185fs
STM,4407657,2) Assoc w R - Interim,gid_p.Ala183fs
STM,4407700,2) Assoc w R - Interim,gid_p.His168fs
STM,4407731,2) Assoc w R - Interim,gid_p.Arg158fs
STM,4407784,2) Assoc w R - Interim,gid_p.Ala140fs
STM,4407849,2) Assoc w R - Interim,gid_p.Val110fs
STM,4407876,2) Assoc w R - Interim,gid_p.Gly109fs
STM,4407882,2) Assoc w R - Interim,gid_p.Asp107fs
STM,4407906,2) Assoc w R - Interim,gid_p.Phe100fs
STM,4407914,2) Assoc w R - Interim,gid_p.Arg97fs
STM,4407957,2) Assoc w R - Interim,gid_p.Ala82fs
STM,4408035,2) Assoc w R - Interim,gid_p.Gly56dup
STM,4408061,2) Assoc w R - Interim,gid_p.His48fs
STM,4407587,2) Assoc w R - Interim,gid_p.Arg206fs
INH,2155720,2) Assoc w R - Interim,katG_p.Pro131fs
STM,4407543,2) Assoc w R - Interim,gid_p.Ser220fs
INH,2155740,2) Assoc w R - Interim,katG_p.Gly121del
INH,2155819,2) Assoc w R - Interim,katG_p.Tyr95fs
INH,2155851,2) Assoc w R - Interim,katG_p.Ile80fs
INH,2153926,2) Assoc w R - Interim,katG_p.Asp729fs
INH,2154025,2) Assoc w R - Interim,katG_p.Leu696fs
INH,2154028,2) Assoc w R - Interim,katG_p.Asp695fs
INH,2155908,2) Assoc w R - Interim,katG_p.Glu67del
INH,2154109,2) Assoc w R - Interim,katG_p.Trp668fs
INH,2154157,2) Assoc w R - Interim,katG_p.Ser652fs
INH,2154163,2) Assoc w R - Interim,katG_p.Ser650fs
INH,2154192,2) Assoc w R - Interim,katG_p.Pro642fs
STM,4408047,2) Assoc w R - Interim,gid_p.Cys52*
STM,4407713,2) Assoc w R - Interim,gid_p.Gly164fs
STM,4407747,2) Assoc w R - Interim,gid_p.Leu152fs
STM,4407789,2) Assoc w R - Interim,gid_p.Ala138fs
STM,4407944,2) Assoc w R - Interim,gid_p.Gln87*
STM,4407967,2) Assoc w R - Interim,gid_p.Leu79*
STM,4408110,2) Assoc w R - Interim,gid_p.Val31fs
STM,4408125,2) Assoc w R - Interim,gid_p.Leu26fs
RIF,761092,2) Assoc w R - Interim,rpoB_p.Gln429Pro
STM,781821,2) Assoc w R - Interim,rpsL_p.Lys88Gln
STM,4407898,2) Assoc w R - Interim,gid_p.Arg102fs
RIF,761158,2) Assoc w R - Interim,rpoB_p.Ala451Val
RIF,761114,2) Assoc w R - Interim,rpoB_p.Asn438del
RIF,761149,2) Assoc w R - Interim,rpoB_p.Arg448Gln
RIF,761097,2) Assoc w R - Interim,rpoB_p.Ser431Gly
RIF,761093,2) Assoc w R - Interim,rpoB_p.Gln429His
RIF,761110,2) Assoc w R - Interim,rpoB_p.Asp435Ala
RIF,761111,2) Assoc w R - Interim,rpoB_p.Asp435Glu
RIF,761140,2) Assoc w R - Interim,rpoB_p.His445Pro
RIF,761088,2) Assoc w R - Interim,rpoB_p.Ser428Arg
RIF,"761139,761140",2) Assoc w R - Interim,rpoB_p.His445Gly
RIF,"761154,761155",2) Assoc w R - Interim,rpoB_p.Ser450Met
RIF,761098,2) Assoc w R - Interim,rpoB_p.Ser431_Gln432insHis
RIF,761086,2) Assoc w R - Interim,rpoB_p.Thr427Ile
RIF,761106,2) Assoc w R - Interim,rpoB_p.Met434Val
RIF,761094,2) Assoc w R - Interim,rpoB_p.Ser431_Gln432insArg
RIF,761100,2) Assoc w R - Interim,rpoB_p.Gln432_Asp435delinsHis
RIF,761109,2) Assoc w R - Interim,rpoB_p.Asp435His
RIF,"761139,761140",2) Assoc w R - Interim,rpoB_p.His445Thr
RIF,761115,2) Assoc w R - Interim,rpoB_p.Asn437His
RIF,761102,2) Assoc w R - Interim,rpoB_p.Gln432His
RIF,761142,2) Assoc w R - Interim,rpoB_p.Lys446Gln
RIF,761092,2) Assoc w R - Interim,rpoB_p.Gln429Leu
RIF,761086,2) Assoc w R - Interim,rpoB_p.Thr427Ser
RIF,"761154,761155",2) Assoc w R - Interim,rpoB_p.Ser450Gly
RIF,761154,2) Assoc w R - Interim,rpoB_p.Ser450Ala
DLM,3986989,2) Assoc w R - Interim,ddn_p.Leu49Pro
RIF,761127,2) Assoc w R - Interim,rpoB_p.Ser441Ala
RIF,761098,2) Assoc w R - Interim,rpoB_p.Ser431Thr
RIF,761089,2) Assoc w R - Interim,rpoB_p.Ser428Ile
KAN,1473247,2) Assoc w R - Interim,rrs_n.1402C>T
RIF,761088,2) Assoc w R - Interim,rpoB_p.Ser428Gly
AMI,1473247,2) Assoc w R - Interim,rrs_n.1402C>T
RIF,761113,2) Assoc w R - Interim,rpoB_p.Gln436Pro
RIF,"761154,761155",2) Assoc w R - Interim,rpoB_p.Ser450Gln
RIF,"761100,761102",2) Assoc w R - Interim,rpoB_p.Gln432Asn
RIF,761100,2) Assoc w R - Interim,rpoB_p.Gln432Glu
RIF,761110,2) Assoc w R - Interim,rpoB_p.Asp435Gly
RIF,761095,2) Assoc w R - Interim,rpoB_p.Leu430Arg
RIF,761141,2) Assoc w R - Interim,rpoB_p.His445Gln
RIF,761108,2) Assoc w R - Interim,rpoB_p.Met434Ile
RIF,761115,2) Assoc w R - Interim,rpoB_p.Asn437Asp
RIF,761151,2) Assoc w R - Interim,rpoB_p.Leu449Met
AMI,1473329,2) Assoc w R - Interim,rrs_n.1484G>T
RIF,761137,2) Assoc w R - Interim,rpoB_p.Thr444Ser
RIF,761089,2) Assoc w R - Interim,rpoB_p.Ser428Thr
RIF,761097,2) Assoc w R - Interim,rpoB_p.Ser431Arg
RIF,761094,2) Assoc w R - Interim,rpoB_p.Gln436del
RIF,761094,2) Assoc w R - Interim,rpoB_p.Gln432del
RIF,761094,2) Assoc w R - Interim,rpoB_p.Met434_Asp435del
RIF,761094,2) Assoc w R - Interim,rpoB_p.Ser431_Phe433del
RIF,761094,2) Assoc w R - Interim,rpoB_p.Phe433_Asp435del
RIF,761098,2) Assoc w R - Interim,rpoB_p.Gln432_Phe433del
RIF,761094,2) Assoc w R - Interim,rpoB_p.Asp435_Pro439del
RIF,761106,2) Assoc w R - Interim,rpoB_p.Met434_Asn437delinsIle
RIF,761137,2) Assoc w R - Interim,rpoB_p.His445_Lys446del
RIF,761150,2) Assoc w R - Interim,rpoB_p.Ser450_Leu452del
RIF,761131,2) Assoc w R - Interim,rpoB_p.Gly442Glu
RIF,"761139,761140",2) Assoc w R - Interim,rpoB_p.His445Phe
RIF,761142,2) Assoc w R - Interim,rpoB_p.Lys446Glu
RIF,761143,2) Assoc w R - Interim,rpoB_p.Lys446Thr
RIF,761160,2) Assoc w R - Interim,rpoB_p.Leu452Val
RIF,761116,2) Assoc w R - Interim,rpoB_p.Asn437Ile
RIF,761108,2) Assoc w R - Interim,rpoB_p.Asp435del
RIF,761094,2) Assoc w R - Interim,rpoB_p.Ser431_Met434del
RIF,761085,2) Assoc w R - Interim,rpoB_p.Thr427_Gln429delinsLys
RIF,761098,2) Assoc w R - Interim,rpoB_p.Phe433_Gln436del
RIF,761109,2) Assoc w R - Interim,rpoB_p.Gln436_Asn437del
RIF,761158,2) Assoc w R - Interim,rpoB_p.Ala451Gly
RIF,"761109,761110",2) Assoc w R - Interim,rpoB_p.Asp435Leu
RIF,761143,2) Assoc w R - Interim,rpoB_p.Lys446Arg
RIF,"761148,761149",2) Assoc w R - Interim,rpoB_p.Arg448Lys
RIF,"761127,761128",2) Assoc w R - Interim,rpoB_p.Ser441Val
RIF,"761155,761156",2) Assoc w R - Interim,rpoB_p.Ser450Tyr
RIF,761137,2) Assoc w R - Interim,rpoB_p.Thr444Ile
RIF,761135,2) Assoc w R - Interim,rpoB_p.Leu443Phe
RIF,761116,2) Assoc w R - Interim,rpoB_p.Asn437Ser
RIF,"761154,761155",2) Assoc w R - Interim,rpoB_p.Ser450Val
RIF,761085,2) Assoc w R - Interim,rpoB_p.Thr427Ala
RIF,761082,2) Assoc w R - Interim,rpoB_p.Thr427_Ser428del
RIF,761083,2) Assoc w R - Interim,rpoB_p.Thr427_Gln429del
RIF,761084,2) Assoc w R - Interim,rpoB_p.Thr427_Leu430del
RIF,"761127,761128",2) Assoc w R - Interim,rpoB_p.Ser441Met
RIF,761109,2) Assoc w R - Interim,rpoB_p.Asp435_Gln436delinsGlu
RIF,"761155,761156",2) Assoc w R - Interim,rpoB_p.Ser450Cys
INH,2154778,2) Assoc w R - Interim,katG_p.Val445fs
INH,2154783,2) Assoc w R - Interim,katG_p.Ala444fs
INH,2154819,2) Assoc w R - Interim,katG_p.Lys433fs
INH,2154915,2) Assoc w R - Interim,katG_p.His400fs
INH,2154934,2) Assoc w R - Interim,katG_p.Ile393fs
INH,2154955,2) Assoc w R - Interim,katG_p.Val386fs
INH,2155051,2) Assoc w R - Interim,katG_p.Tyr353_Thr354insAsn
INH,2155094,2) Assoc w R - Interim,katG_p.Tyr339fs
INH,2155109,2) Assoc w R - Interim,katG_p.Ile335fs
INH,2154671,2) Assoc w R - Interim,katG_p.Ala480del
INH,2154772,2) Assoc w R - Interim,katG_p.His447fs
INH,2154109,2) Assoc w R - Interim,katG_p.Trp668*
INH,2154598,2) Assoc w R - Interim,katG_p.Trp505*
INH,2154682,2) Assoc w R - Interim,katG_p.Trp477*
INH,2154799,2) Assoc w R - Interim,katG_p.Trp438*
INH,2154761,2) Assoc w R - Interim,katG_p.His447_Val450del
INH,2154746,2) Assoc w R - Interim,katG_p.Ile455fs
STM,4407985,2) Assoc w R - Interim,gid_p.Gly73Ala
STM,4407952,2) Assoc w R - Interim,gid_p.Pro84Leu
INH,2154246,2) Assoc w R - Interim,katG_p.Pro622fs
INH,2154342,2) Assoc w R - Interim,katG_p.Lys590fs
INH,2154359,2) Assoc w R - Interim,katG_p.Ala585fs
INH,2154405,2) Assoc w R - Interim,katG_p.Pro569fs
INH,2154412,2) Assoc w R - Interim,katG_p.Phe567fs
INH,2155976,2) Assoc w R - Interim,katG_p.Lys46fs
INH,2154423,2) Assoc w R - Interim,katG_p.Ile563fs
INH,2154441,2) Assoc w R - Interim,katG_p.Lys557fs
INH,2154460,2) Assoc w R - Interim,katG_p.Ala551fs
INH,2154536,2) Assoc w R - Interim,katG_p.Leu521fs
RIF,761160,2) Assoc w R - Interim,rpoB_p.Leu452Met
INH,2154559,2) Assoc w R - Interim,katG_p.Val517fs
INH,2154574,2) Assoc w R - Interim,katG_p.Asp513fs
INH,2155960,2) Assoc w R - Interim,katG_p.Gln50_Asn51insThr
INH,2154625,2) Assoc w R - Interim,katG_p.Arg496fs
INH,2154630,2) Assoc w R - Interim,katG_p.Gly494fs
INH,2154671,2) Assoc w R - Interim,katG_p.Ala480_Ser481insLeuValSerThrAlaTrpAlaAlaAla
INH,2154435,2) Assoc w R - Interim,katG_p.Ala559fs
INH,2154877,2) Assoc w R - Interim,katG_p.Trp412*
CAP,1918003,2) Assoc w R - Interim,tlyA_p.Gln22*
CAP,1917991,2) Assoc w R - Interim,tlyA_p.Arg18*
CAP,1918136,2) Assoc w R - Interim,tlyA_p.His68fs
CAP,1918211,2) Assoc w R - Interim,tlyA_p.Ser92fs
CAP,1918265,2) Assoc w R - Interim,tlyA_p.Ala110fs
CAP,1918328,2) Assoc w R - Interim,tlyA_p.Arg133fs
CAP,1918508,2) Assoc w R - Interim,tlyA_p.Gln191fs
CAP,1918524,2) Assoc w R - Interim,tlyA_p.Val197fs
CAP,1918579,2) Assoc w R - Interim,tlyA_p.Ala215fs
CAP,1918653,2) Assoc w R - Interim,tlyA_p.Tyr239fs
CAP,1918288,2) Assoc w R - Interim,tlyA_p.Gln117*
CAP,1918135,2) Assoc w R - Interim,tlyA_p.Gly66*
CAP,1918415,2) Assoc w R - Interim,tlyA_p.Ser159*
INH,2155740,2) Assoc w R - Interim,katG_p.Gly124fs
INH,2154106,2) Assoc w R - Interim,katG_p.Glu669fs
INH,2155666,2) Assoc w R - Interim,katG_p.Trp149*
RIF,761082,2) Assoc w R - Interim,rpoB_p.Gly426Ser
RIF,761097,2) Assoc w R - Interim,rpoB_p.Gln432_Met434del
RIF,761080,2) Assoc w R - Interim,rpoB_p.Gly426_Thr427del
CAP,1918062,2) Assoc w R - Interim,tlyA_p.Ala43fs
CAP,1918038,2) Assoc w R - Interim,tlyA_p.Ile34fs
CAP,1918570,2) Assoc w R - Interim,tlyA_p.Arg213fs
INH,2155059,2) Assoc w R - Interim,katG_p.Trp351*
INH,2154679,2) Assoc w R - Interim,katG_p.Ala478fs
INH,2154823,2) Assoc w R - Interim,katG_p.Pro429del
INH,2154827,2) Assoc w R - Interim,katG_p.Pro429fs
INH,2154967,2) Assoc w R - Interim,katG_p.Leu382fs
INH,2155087,2) Assoc w R - Interim,katG_p.Glu342fs
CAP,1918634,2) Assoc w R - Interim,tlyA_p.Gly232Asp
CAP,1918529,2) Assoc w R - Interim,tlyA_p.Val198fs
CAP,1918634,2) Assoc w R - Interim,tlyA_p.Pro233fs
CAP,1918248,2) Assoc w R - Interim,tlyA_p.Ala105fs
CAP,1918074,2) Assoc w R - Interim,tlyA_p.Val46fs
CAP,1918163,2) Assoc w R - Interim,tlyA_p.Ala76fs
CAP,1918252,2) Assoc w R - Interim,tlyA_p.Ala106fs
CAP,1918328,2) Assoc w R - Interim,tlyA_p.Leu131fs
CAP,1918334,2) Assoc w R - Interim,tlyA_p.Thr134fs
CAP,1918368,2) Assoc w R - Interim,tlyA_p.Ile144fs
INH,2154537,2) Assoc w R - Interim,katG_p.Gln525fs
ETH,4326884,2) Assoc w R - Interim,ethA_p.Ser197*
PZA,2288852,2) Assoc w R - Interim,pncA_p.Asp126_Val130del
ETH,4326763,2) Assoc w R - Interim,ethA_p.Ala237dup
ETH,4326753,2) Assoc w R - Interim,ethA_p.Lys241fs
ETH,4326734,2) Assoc w R - Interim,ethA_p.Gln246fs
ETH,4326734,2) Assoc w R - Interim,ethA_p.Ala247fs
ETH,4326718,2) Assoc w R - Interim,ethA_p.Ala252fs
ETH,4326716,2) Assoc w R - Interim,ethA_p.Cys253fs
ETH,4326703,2) Assoc w R - Interim,ethA_p.Pro257fs
ETH,4326703,2) Assoc w R - Interim,ethA_p.Arg258fs
ETH,4326699,2) Assoc w R - Interim,ethA_p.Arg259fs
ETH,4326667,2) Assoc w R - Interim,ethA_p.Gln269fs
ETH,4326648,2) Assoc w R - Interim,ethA_p.Tyr276fs
ETH,4326634,2) Assoc w R - Interim,ethA_p.Lys280fs
ETH,4326632,2) Assoc w R - Interim,ethA_p.His281fs
ETH,4326628,2) Assoc w R - Interim,ethA_p.Phe282fs
ETH,4326624,2) Assoc w R - Interim,ethA_p.Gly283fs
ETH,4326615,2) Assoc w R - Interim,ethA_p.Asn287fs
ETH,4326766,2) Assoc w R - Interim,ethA_p.Met233_Thr236delinsIle
ETH,4326770,2) Assoc w R - Interim,ethA_p.Tyr235fs
ETH,4326787,2) Assoc w R - Interim,ethA_p.Pro230fs
ETH,4326791,2) Assoc w R - Interim,ethA_p.Trp228fs
ETH,4327025,2) Assoc w R - Interim,ethA_p.Arg150fs
ETH,4326996,2) Assoc w R - Interim,ethA_p.Pro160fs
ETH,4326992,2) Assoc w R - Interim,ethA_p.Pro160del
ETH,4327425,2) Assoc w R - Interim,ethA_p.Ile9fs
ETH,4326972,2) Assoc w R - Interim,ethA_p.Trp167fs
ETH,4326933,2) Assoc w R - Interim,ethA_p.Ile181fs
ETH,4326609,2) Assoc w R - Interim,ethA_p.Trp289fs
ETH,4326919,2) Assoc w R - Interim,ethA_p.Thr186fs
ETH,4327416,2) Assoc w R - Interim,ethA_p.Ser18fs
PZA,2289099,2) Assoc w R - Interim,pncA_p.Lys48Thr
ETH,4326889,2) Assoc w R - Interim,ethA_p.Asp196fs
ETH,4326843,2) Assoc w R - Interim,ethA_p.Thr210fs
ETH,4326815,2) Assoc w R - Interim,ethA_p.Asp219fs
ETH,4326802,2) Assoc w R - Interim,ethA_p.Glu223fs
ETH,4326801,2) Assoc w R - Interim,ethA_p.Leu225fs
ETH,4326903,2) Assoc w R - Interim,ethA_p.Val191fs
ETH,4327036,2) Assoc w R - Interim,ethA_p.Tyr147fs
ETH,4326588,2) Assoc w R - Interim,ethA_p.Leu295fs
ETH,4327269,2) Assoc w R - Interim,ethA_p.Trp69fs
ETH,4327158,2) Assoc w R - Interim,ethA_p.Phe100fs
ETH,4327088,2) Assoc w R - Interim,ethA_p.Ala128fs
ETH,4326779,2) Assoc w R - Interim,ethA_p.Thr232fs
ETH,4326731,2) Assoc w R - Interim,ethA_p.Ala248fs
ETH,4327384,2) Assoc w R - Interim,ethA_p.Lys30fs
ETH,4327081,2) Assoc w R - Interim,ethA_p.Cys131*
ETH,4326592,2) Assoc w R - Interim,ethA_p.Cys294*
ETH,4326435,2) Assoc w R - Interim,ethA_p.Gln347*
ETH,4326213,2) Assoc w R - Interim,ethA_p.Arg421*
ETH,4326250,2) Assoc w R - Interim,ethA_p.Tyr408*
ETH,4326160,2) Assoc w R - Interim,ethA_p.Tyr438*
ETH,4326091,2) Assoc w R - Interim,ethA_p.Tyr461*
ETH,4327222,2) Assoc w R - Interim,ethA_p.Tyr84*
ETH,4326964,2) Assoc w R - Interim,ethA_p.Asp170fs
ETH,4326008,2) Assoc w R - Interim,ethA_p.Val489fs
ETH,4326166,2) Assoc w R - Interim,ethA_p.Pro436fs
ETH,4326231,2) Assoc w R - Interim,ethA_p.Asp415fs
ETH,4327361,2) Assoc w R - Interim,ethA_p.Ser31fs
ETH,4326547,2) Assoc w R - Interim,ethA_p.Lys309fs
ETH,4326536,2) Assoc w R - Interim,ethA_p.Val313fs
ETH,4326534,2) Assoc w R - Interim,ethA_p.Thr314fs
ETH,4326515,2) Assoc w R - Interim,ethA_p.Glu311fs
ETH,4326500,2) Assoc w R - Interim,ethA_p.Ile325fs
ETH,4326294,2) Assoc w R - Interim,ethA_p.Lys394*
ETH,4327218,2) Assoc w R - Interim,ethA_p.Lys86*
ETH,4326858,2) Assoc w R - Interim,ethA_p.Gln206*
ETH,4326831,2) Assoc w R - Interim,ethA_p.Gln215*
ETH,4326714,2) Assoc w R - Interim,ethA_p.Gln254*
ETH,4327257,2) Assoc w R - Interim,ethA_p.Gln73*
ETH,4326639,2) Assoc w R - Interim,ethA_p.Arg279*
ETH,4326791,2) Assoc w R - Interim,ethA_p.Trp228*
ETH,4326841,2) Assoc w R - Interim,ethA_p.Tyr211*
ETH,4326646,2) Assoc w R - Interim,ethA_p.Tyr276*
ETH,4327294,2) Assoc w R - Interim,ethA_p.Tyr60*
ETH,4327361,2) Assoc w R - Interim,ethA_p.Tyr32fs
ETH,4327404,2) Assoc w R - Interim,ethA_p.Gln24*
ETH,4327081,2) Assoc w R - Interim,ethA_p.Cys131fs
ETH,4327085,2) Assoc w R - Interim,ethA_p.Thr130fs
ETH,4326316,2) Assoc w R - Interim,ethA_p.Tyr386*
ETH,4326444,2) Assoc w R - Interim,ethA_p.Leu344fs
ETH,4326426,2) Assoc w R - Interim,ethA_p.Gly350fs
ETH,4326762,2) Assoc w R - Interim,ethA_p.Val238fs
ETH,4326663,2) Assoc w R - Interim,ethA_p.Gln271*
ETH,4326166,2) Assoc w R - Interim,ethA_p.Gly437fs
ETH,4326439,2) Assoc w R - Interim,ethA_p.Asn345fs
ETH,4327321,2) Assoc w R - Interim,ethA_p.Leu47fs
ETH,4326724,2) Assoc w R - Interim,ethA_p.Tyr250*
ETH,4326455,2) Assoc w R - Interim,ethA_p.Ile339del
ETH,4326455,2) Assoc w R - Interim,ethA_p.Ile339dup
ETH,4326418,2) Assoc w R - Interim,ethA_p.Thr353fs
ETH,4326413,2) Assoc w R - Interim,ethA_p.Ala354fs
ETH,4326412,2) Assoc w R - Interim,ethA_p.Thr355fs
ETH,4327340,2) Assoc w R - Interim,ethA_p.Trp45*
ETH,4327054,2) Assoc w R - Interim,ethA_p.Tyr140*
ETH,4326361,2) Assoc w R - Interim,ethA_p.Met372fs
ETH,4326321,2) Assoc w R - Interim,ethA_p.Gly385fs
ETH,4326066,2) Assoc w R - Interim,ethA_p.Arg470fs
ETH,4327278,2) Assoc w R - Interim,ethA_p.Phe64fs
ETH,4327205,2) Assoc w R - Interim,ethA_p.Ala90fs
ETH,4326401,2) Assoc w R - Interim,ethA_p.Asp357del
ETH,4326906,2) Assoc w R - Interim,ethA_p.Leu190fs
ETH,4326730,2) Assoc w R - Interim,ethA_p.Ala248dup
ETH,4326729,2) Assoc w R - Interim,ethA_p.Val249fs
ETH,4326661,2) Assoc w R - Interim,ethA_p.Gln271fs
ETH,4326480,2) Assoc w R - Interim,ethA_p.Glu332*
ETH,4327411,2) Assoc w R - Interim,ethA_p.Trp21*
ETH,4326368,2) Assoc w R - Interim,ethA_p.Tyr369fs
ETH,4326082,2) Assoc w R - Interim,ethA_p.Asp464fs
ETH,4327334,2) Assoc w R - Interim,ethA_p.Asp46fs
ETH,4326038,2) Assoc w R - Interim,ethA_p.Arg479fs
ETH,4327278,2) Assoc w R - Interim,ethA_p.Thr61fs
ETH,4327256,2) Assoc w R - Interim,ethA_p.Gln73fs
ETH,4327247,2) Assoc w R - Interim,ethA_p.Ala76fs
ETH,4327231,2) Assoc w R - Interim,ethA_p.Leu82fs
ETH,4327218,2) Assoc w R - Interim,ethA_p.Val85del
ETH,4327193,2) Assoc w R - Interim,ethA_p.Ile94fs
ETH,4327158,2) Assoc w R - Interim,ethA_p.Ser106fs
ETH,4327441,2) Assoc w R - Interim,ethA_p.Gly11fs
ETH,4327107,2) Assoc w R - Interim,ethA_p.Gln121fs
ETH,4327107,2) Assoc w R - Interim,ethA_p.His119fs
ETH,4327098,2) Assoc w R - Interim,ethA_p.Leu126fs
ETH,4327088,2) Assoc w R - Interim,ethA_p.Leu129fs
ETH,4327205,2) Assoc w R - Interim,ethA_p.Glu83fs
ETH,4326092,2) Assoc w R - Interim,ethA_p.Asn458fs
ETH,4326124,2) Assoc w R - Interim,ethA_p.Ser451fs
ETH,4327361,2) Assoc w R - Interim,ethA_p.Tyr32dup
ETH,4326324,2) Assoc w R - Interim,ethA_p.Val384fs
ETH,4326314,2) Assoc w R - Interim,ethA_p.Thr387fs
ETH,4326305,2) Assoc w R - Interim,ethA_p.Ser390fs
ETH,4326298,2) Assoc w R - Interim,ethA_p.Leu393fs
ETH,4327356,2) Assoc w R - Interim,ethA_p.Glu39fs
ETH,4326288,2) Assoc w R - Interim,ethA_p.Asp396fs
ETH,4326249,2) Assoc w R - Interim,ethA_p.Leu405fs
ETH,4326243,2) Assoc w R - Interim,ethA_p.Asp410fs
ETH,4326208,2) Assoc w R - Interim,ethA_p.Pro422fs
ETH,4327345,2) Assoc w R - Interim,ethA_p.Gly42fs
ETH,4327345,2) Assoc w R - Interim,ethA_p.Gly43fs
ETH,4327343,2) Assoc w R - Interim,ethA_p.Thr44fs
ETH,4326154,2) Assoc w R - Interim,ethA_p.Leu440fs
ETH,4326132,2) Assoc w R - Interim,ethA_p.Lys448fs
ETH,4326531,2) Assoc w R - Interim,ethA_p.Asp315fs
ETH,4326754,2) Assoc w R - Interim,ethA_p.Trp240*
PZA,2288776,2) Assoc w R - Interim,pncA_p.Val155dup
PZA,2288775,2) Assoc w R - Interim,pncA_p.Arg154fs
PZA,2288771,2) Assoc w R - Interim,pncA_p.Asp158fs
PZA,2288766,2) Assoc w R - Interim,pncA_p.Leu159fs
PZA,2288761,2) Assoc w R - Interim,pncA_p.Ala161fs
PZA,2288755,2) Assoc w R - Interim,pncA_p.Val163fs
PZA,2288751,2) Assoc w R - Interim,pncA_p.Ser164fs
PZA,2288747,2) Assoc w R - Interim,pncA_p.Ala165del
PZA,2288726,2) Assoc w R - Interim,pncA_p.Leu172fs
PZA,2288718,2) Assoc w R - Interim,pncA_p.Met175fs
PZA,2288713,2) Assoc w R - Interim,pncA_p.Thr177fs
PZA,2288709,2) Assoc w R - Interim,pncA_p.Ala178fs
PZA,2288777,2) Assoc w R - Interim,pncA_p.Leu151fs
PZA,2288777,2) Assoc w R - Interim,pncA_p.Val155fs
PZA,2288848,2) Assoc w R - Interim,pncA_p.Gly132fs
PZA,2288844,2) Assoc w R - Interim,pncA_p.Val130fs
PZA,2288842,2) Assoc w R - Interim,pncA_p.Ile133fs
PZA,2288836,2) Assoc w R - Interim,pncA_p.Asp136fs
PZA,2288835,2) Assoc w R - Interim,pncA_p.Gly132_Thr135del
PZA,2288833,2) Assoc w R - Interim,pncA_p.His137fs
PZA,2288703,2) Assoc w R - Interim,pncA_p.Ala178_Ser179del
PZA,2289199,2) Assoc w R - Interim,pncA_p.Glu15fs
PZA,2288794,2) Assoc w R - Interim,pncA_p.Gly150fs
PZA,2289197,2) Assoc w R - Interim,pncA_p.Asp12fs
PZA,2288813,2) Assoc w R - Interim,pncA_p.Glu144fs
PZA,2288851,2) Assoc w R - Interim,pncA_p.Val128fs
PZA,2289183,2) Assoc w R - Interim,pncA_p.Ser18fs
PZA,2289170,2) Assoc w R - Interim,pncA_p.Gly24fs
PZA,2288728,2) Assoc w R - Interim,pncA_p.Thr160_Ala171del
PZA,2289179,2) Assoc w R - Interim,pncA_p.Val21fs
PZA,2289175,2) Assoc w R - Interim,pncA_p.Gly23fs
PZA,2289161,2) Assoc w R - Interim,pncA_p.Ala28fs
PZA,2289119,2) Assoc w R - Interim,pncA_p.Tyr41*
PZA,2288827,2) Assoc w R - Interim,pncA_p.Val139Leu
MXF,6741,2) Assoc w R - Interim,gyrB_p.Glu501Val
LEV,6741,2) Assoc w R - Interim,gyrB_p.Glu501Val
MXF,6734,2) Assoc w R - Interim,gyrB_p.Asn499Asp
LEV,6734,2) Assoc w R - Interim,gyrB_p.Asn499Asp
MXF,6750,2) Assoc w R - Interim,gyrB_p.Ala504Val
LEV,6750,2) Assoc w R - Interim,gyrB_p.Ala504Val
MXF,7564,2) Assoc w R - Interim,gyrA_p.Gly88Ala
LEV,7564,2) Assoc w R - Interim,gyrA_p.Gly88Ala
MXF,6620,2) Assoc w R - Interim,gyrB_p.Asp461Asn
LEV,6620,2) Assoc w R - Interim,gyrB_p.Asp461Asn
LEV,6742,2) Assoc w R - Interim,gyrB_p.Glu501Asp
PZA,2289194,2) Assoc w R - Interim,pncA_p.Gly17fs
PZA,2289167,2) Assoc w R - Interim,pncA_p.Gly17_Ala25del
PZA,2289166,2) Assoc w R - Interim,pncA_p.Ala26fs
PZA,2289156,2) Assoc w R - Interim,pncA_p.Arg29fs
PZA,2289149,2) Assoc w R - Interim,pncA_p.Ile31fs
PZA,2289200,2) Assoc w R - Interim,pncA_p.Cys14*
PZA,2289199,2) Assoc w R - Interim,pncA_p.Glu15*
PZA,2288701,2) Assoc w R - Interim,pncA_p.Glu181*
PZA,2289050,2) Assoc w R - Interim,pncA_p.Tyr64*
PZA,2289183,2) Assoc w R - Interim,pncA_p.Ala20fs
PZA,2289208,2) Assoc w R - Interim,pncA_p.Asp12Asn
PZA,2289086,2) Assoc w R - Interim,pncA_p.Asp49fs
PZA,2289056,2) Assoc w R - Interim,pncA_p.Asp63fs
PZA,2289046,2) Assoc w R - Interim,pncA_p.Ser65fs
PZA,2289041,2) Assoc w R - Interim,pncA_p.Asp63_Ser67delinsGlu
PZA,2289010,2) Assoc w R - Interim,pncA_p.Gly78fs
PZA,2289010,2) Assoc w R - Interim,pncA_p.Ser74_Pro77del
PZA,2288927,2) Assoc w R - Interim,pncA_p.Ala102_Gly105del
PZA,2288819,2) Assoc w R - Interim,pncA_p.Gln141fs
PZA,2288868,2) Assoc w R - Interim,pncA_p.Val125Gly
PZA,2288851,2) Assoc w R - Interim,pncA_p.Asp126fs
ETH,4327107,2) Assoc w R - Interim,ethA_p.Val118fs
ETH,4327032,2) Assoc w R - Interim,ethA_p.Ser148fs
ETH,4326942,2) Assoc w R - Interim,ethA_p.Ile178fs
ETH,4326938,2) Assoc w R - Interim,ethA_p.Val179fs
ETH,4326890,2) Assoc w R - Interim,ethA_p.Leu194_Ala195delinsPro
ETH,4326854,2) Assoc w R - Interim,ethA_p.Arg207fs
ETH,4326843,2) Assoc w R - Interim,ethA_p.Ser208fs
ETH,4326840,2) Assoc w R - Interim,ethA_p.Tyr211_Ile212insSerProThrTyr
ETH,4326840,2) Assoc w R - Interim,ethA_p.Tyr211_Ile212insProThrTyr
ETH,4326765,2) Assoc w R - Interim,ethA_p.Ala237fs
ETH,4326741,2) Assoc w R - Interim,ethA_p.Arg245fs
ETH,4327107,2) Assoc w R - Interim,ethA_p.Ser122fs
ETH,4327132,2) Assoc w R - Interim,ethA_p.Asn114fs
ETH,4327243,2) Assoc w R - Interim,ethA_p.Asp77fs
ETH,4327464,2) Assoc w R - Interim,ethA_p.Glu3fs
ETH,4326441,2) Assoc w R - Interim,ethA_p.Leu344del
ETH,4326352,2) Assoc w R - Interim,ethA_p.Ser375fs
ETH,4326317,2) Assoc w R - Interim,ethA_p.Tyr386fs
ETH,4326144,2) Assoc w R - Interim,ethA_p.Ser442fs
ETH,4326042,2) Assoc w R - Interim,ethA_p.Leu478fs
ETH,4327321,2) Assoc w R - Interim,ethA_p.Trp45fs
ETH,4327272,2) Assoc w R - Interim,ethA_p.Pro68fs
ETH,4326339,2) Assoc w R - Interim,ethA_p.Asn379fs
ETH,4327389,2) Assoc w R - Interim,ethA_p.Pro28fs
ETH,4326622,2) Assoc w R - Interim,ethA_p.Pro284fs
ETH,4326801,2) Assoc w R - Interim,ethA_p.Glu223_Lys224del
ETH,4326620,2) Assoc w R - Interim,ethA_p.His285fs
ETH,4327267,2) Assoc w R - Interim,ethA_p.Trp69*
ETH,4326895,2) Assoc w R - Interim,ethA_p.Leu194fs
ETH,4326767,2) Assoc w R - Interim,ethA_p.Thr236fs
ETH,4326505,2) Assoc w R - Interim,ethA_p.Thr323dup
PZA,2289205,2) Assoc w R - Interim,pncA_p.Asp12_Phe13insAlaSerGluProProSerGlnLysSer
PZA,2289204,2) Assoc w R - Interim,pncA_p.Phe13fs
PZA,2288852,2) Assoc w R - Interim,pncA_p.Val125fs
ETH,4326982,2) Assoc w R - Interim,ethA_p.Gln165fs
ETH,4326045,2) Assoc w R - Interim,ethA_p.Gly477fs
ETH,4326591,2) Assoc w R - Interim,ethA_p.Cys294fs
ETH,4326587,2) Assoc w R - Interim,ethA_p.Val296fs
ETH,4326577,2) Assoc w R - Interim,ethA_p.Gly299fs
ETH,4326048,2) Assoc w R - Interim,ethA_p.Glu476*
ETH,4326596,2) Assoc w R - Interim,ethA_p.Leu293*
ETH,4327205,2) Assoc w R - Interim,ethA_p.Thr88fs
ETH,4326396,2) Assoc w R - Interim,ethA_p.Gln360*
ETH,4327127,2) Assoc w R - Interim,ethA_p.Trp116*
ETH,4326109,2) Assoc w R - Interim,ethA_p.Trp455*
ETH,4327045,2) Assoc w R - Interim,ethA_p.Tyr143*
ETH,4327198,2) Assoc w R - Interim,ethA_p.Tyr92*
ETH,4326361,2) Assoc w R - Interim,ethA_p.Gly371fs
ETH,4326140,2) Assoc w R - Interim,ethA_p.Glu445fs
ETH,4326077,2) Assoc w R - Interim,ethA_p.Arg466fs
PZA,2288892,2) Assoc w R - Interim,pncA_p.Leu117fs
ETH,4326087,2) Assoc w R - Interim,ethA_p.Arg463fs
PZA,2289221,2) Assoc w R - Interim,pncA_p.Val7fs
ETH,4326981,2) Assoc w R - Interim,ethA_p.Gln165*
ETH,4327148,2) Assoc w R - Interim,ethA_p.Trp109*
ETH,4326669,2) Assoc w R - Interim,ethA_p.Gln269*
ETH,4326738,2) Assoc w R - Interim,ethA_p.Gln246*
ETH,4326922,2) Assoc w R - Interim,ethA_p.Gly184del
ETH,4326876,2) Assoc w R - Interim,ethA_p.Lys200fs
ETH,4326426,2) Assoc w R - Interim,ethA_p.Phe349fs
ETH,4327113,2) Assoc w R - Interim,ethA_p.Gln121*
ETH,4327080,2) Assoc w R - Interim,ethA_p.Glu132*
ETH,4327408,2) Assoc w R - Interim,ethA_p.His22fs
ETH,4326608,2) Assoc w R - Interim,ethA_p.Trp289*
PZA,2289057,2) Assoc w R - Interim,pncA_p.Ser65_Ser66insAspTyrSer
ETH,4326715,2) Assoc w R - Interim,ethA_p.Cys253*
PZA,2288887,2) Assoc w R - Interim,pncA_p.Trp119Gly
PZA,2288935,2) Assoc w R - Interim,pncA_p.Tyr103Asp
PZA,2288934,2) Assoc w R - Interim,pncA_p.Tyr103Ser
PZA,2289140,2) Assoc w R - Interim,pncA_p.Tyr34*
PZA,2288945,2) Assoc w R - Interim,pncA_p.Tyr99*
PZA,2289218,2) Assoc w R - Interim,pncA_p.Asp8Glu
PZA,2288920,2) Assoc w R - Interim,pncA_p.Gly108Arg
PZA,2289100,2) Assoc w R - Interim,pncA_p.Lys48Glu
PZA,2288956,2) Assoc w R - Interim,pncA_p.Lys96Gln
PZA,2289058,2) Assoc w R - Interim,pncA_p.Pro62Ser
PZA,2289054,2) Assoc w R - Interim,pncA_p.Asp63Gly
PZA,2289001,2) Assoc w R - Interim,pncA_p.Phe81Val
ETH,4326604,2) Assoc w R - Interim,ethA_p.Asp290fs
ETH,4326463,2) Assoc w R - Interim,ethA_p.Ile337fs
PZA,2289134,2) Assoc w R - Interim,pncA_p.Glu37fs
PZA,2289126,2) Assoc w R - Interim,pncA_p.Ala39fs
PZA,2289125,2) Assoc w R - Interim,pncA_p.Asp40fs
PZA,2289114,2) Assoc w R - Interim,pncA_p.His42fs
PZA,2289107,2) Assoc w R - Interim,pncA_p.Val45fs
PZA,2289089,2) Assoc w R - Interim,pncA_p.His51fs
PZA,2289076,2) Assoc w R - Interim,pncA_p.Gly55fs
PZA,2289076,2) Assoc w R - Interim,pncA_p.Gly55del
PZA,2289073,2) Assoc w R - Interim,pncA_p.Asp56fs
PZA,2289225,2) Assoc w R - Interim,pncA_p.Ala3_Ile5del
PZA,2289072,2) Assoc w R - Interim,pncA_p.His57fs
PZA,2289072,2) Assoc w R - Interim,pncA_p.Pro54_Asp56del
PZA,2289052,2) Assoc w R - Interim,pncA_p.Tyr64Asp
ETH,4326279,2) Assoc w R - Interim,ethA_p.Val398dup
ETH,1674481,2) Assoc w R - Interim,inhA_p.Ser94Ala
PZA,2288906,2) Assoc w R - Interim,pncA_p.Asn112fs
PZA,2288915,2) Assoc w R - Interim,pncA_p.Ser104_Gly108delinsArg
PZA,2288932,2) Assoc w R - Interim,pncA_p.Tyr103fs
PZA,2288936,2) Assoc w R - Interim,pncA_p.Ala102fs
PZA,2288948,2) Assoc w R - Interim,pncA_p.Lys96fs
PZA,2288951,2) Assoc w R - Interim,pncA_p.Gly97fs
PZA,2288964,2) Assoc w R - Interim,pncA_p.Ala89_Ala92dup
PZA,2288981,2) Assoc w R - Interim,pncA_p.Thr87fs
PZA,2288898,2) Assoc w R - Interim,pncA_p.Pro115fs
PZA,2288989,2) Assoc w R - Interim,pncA_p.Leu85fs
PZA,2288992,2) Assoc w R - Interim,pncA_p.Ser84fs
PZA,2288995,2) Assoc w R - Interim,pncA_p.Pro83fs
PZA,2289008,2) Assoc w R - Interim,pncA_p.Ala79fs
PZA,2289219,2) Assoc w R - Interim,pncA_p.Asp8fs
PZA,2289022,2) Assoc w R - Interim,pncA_p.Ser74fs
PZA,2289024,2) Assoc w R - Interim,pncA_p.Val73fs
PZA,2289041,2) Assoc w R - Interim,pncA_p.Gly60_Thr61del
PZA,2289044,2) Assoc w R - Interim,pncA_p.Ser66del
PZA,2289049,2) Assoc w R - Interim,pncA_p.Thr61fs
PZA,2289111,2) Assoc w R - Interim,pncA_p.Val44Gly
ETH,4327480,2) Assoc w R - Interim,ethA_c.-7T>C
ETH,4326231,2) Assoc w R - Interim,ethA_p.Phe414fs
ETH,4326704,2) Assoc w R - Interim,ethA_p.Trp256fs
ETH,4327442,2) Assoc w R - Interim,ethA_p.Gly11Val
ETH,4326399,2) Assoc w R - Interim,ethA_p.Gln359*
ETH,4327211,2) Assoc w R - Interim,ethA_p.Thr88Ile
ETH,4326707,2) Assoc w R - Interim,ethA_p.Trp256*
ETH,4326302,2) Assoc w R - Interim,ethA_p.Trp391*
ETH,4326992,2) Assoc w R - Interim,ethA_p.Arg150_Pro160del
ETH,4327380,2) Assoc w R - Interim,ethA_p.Tyr32Asp
ETH,4327304,2) Assoc w R - Interim,ethA_p.Ser57Tyr
ETH,4327033,2) Assoc w R - Interim,ethA_p.Tyr147*
ETH,4326419,2) Assoc w R - Interim,ethA_p.Ala352fs
ETH,4326452,2) Assoc w R - Interim,ethA_p.Ala341Val
ETH,4326721,2) Assoc w R - Interim,ethA_p.Ser251fs
ETH,4326305,2) Assoc w R - Interim,ethA_p.Ser390Phe
ETH,4326341,2) Assoc w R - Interim,ethA_p.Pro378Leu
ETH,4326278,2) Assoc w R - Interim,ethA_p.Ser399*
PZA,2288703,2) Assoc w R - Interim,pncA_p.Val180Ala
ETH,4327278,2) Assoc w R - Interim,ethA_p.Met59fs
PZA,2289248,2) Assoc w R - Interim,pncA_c.-7T>C
PZA,2288885,2) Assoc w R - Interim,pncA_p.Trp119*
PZA,2289038,2) Assoc w R - Interim,pncA_p.Trp68*
PZA,2289234,2) Assoc w R - Interim,pncA_p.Ala3Glu
PZA,2289205,2) Assoc w R - Interim,pncA_p.Phe13Ile
PZA,2288952,2) Assoc w R - Interim,pncA_p.Gly97Val
PZA,2288997,2) Assoc w R - Interim,pncA_p.His82Arg
PZA,2289058,2) Assoc w R - Interim,pncA_p.Pro62Thr
PZA,2289212,2) Assoc w R - Interim,pncA_p.Gln10His
PZA,2288751,2) Assoc w R - Interim,pncA_p.Ser164*
PZA,2289103,2) Assoc w R - Interim,pncA_p.Thr47Pro
PZA,2288887,2) Assoc w R - Interim,pncA_p.Trp119Arg
PZA,2289105,2) Assoc w R - Interim,pncA_p.Ala46Val
PZA,2289192,2) Assoc w R - Interim,pncA_p.Gly17Asp
PZA,2289186,2) Assoc w R - Interim,pncA_p.Leu19Pro
PZA,2288930,2) Assoc w R - Interim,pncA_p.Ser104Arg
PZA,2288718,2) Assoc w R - Interim,pncA_p.Met175Thr
PZA,2289216,2) Assoc w R - Interim,pncA_p.Val9Gly
PZA,2289180,2) Assoc w R - Interim,pncA_p.Val21Gly
PZA,2288851,2) Assoc w R - Interim,pncA_p.Val131Phe
PZA,2288850,2) Assoc w R - Interim,pncA_p.Val131Gly
PZA,2289203,2) Assoc w R - Interim,pncA_p.Phe13Leu
PZA,2289252,2) Assoc w R - Interim,pncA_c.-11A>T
PZA,2289028,2) Assoc w R - Interim,pncA_p.Cys72Arg
PZA,2288928,2) Assoc w R - Interim,pncA_p.Gly105Asp
PZA,2288757,2) Assoc w R - Interim,pncA_p.Gly162Asp
PZA,2289090,2) Assoc w R - Interim,pncA_p.His51Pro
INH,1673424,2) Assoc w R - Interim,inhA_c.-778A>G
ETH,1673424,2) Assoc w R - Interim,inhA_c.-778A>G
INH,1673432,2) Assoc w R - Interim,inhA_c.-770T>A
ETH,1673432,2) Assoc w R - Interim,inhA_c.-770T>A
INH,1673432,2) Assoc w R - Interim,inhA_c.-770T>C
ETH,1673432,2) Assoc w R - Interim,inhA_c.-770T>C
ETH,1674048,2) Assoc w R - Interim,inhA_c.-154G>A
PZA,2289228,2) Assoc w R - Interim,pncA_p.Ile5Ser
PZA,2288883,2) Assoc w R - Interim,pncA_p.Leu120Gln
PZA,2288697,2) Assoc w R - Interim,pncA_p.Leu182Trp
PZA,2289214,2) Assoc w R - Interim,pncA_p.Gln10*
PZA,2289253,2) Assoc w R - Interim,pncA_c.-12T>C
PZA,2288883,2) Assoc w R - Interim,pncA_p.Leu120Arg
PZA,2289177,2) Assoc w R - Interim,pncA_p.Thr22fs
PZA,2289234,2) Assoc w R - Interim,pncA_p.Ala3fs
PZA,2288730,2) Assoc w R - Interim,pncA_p.Ala171Glu
PZA,2289105,2) Assoc w R - Interim,pncA_p.Ala46Glu
PZA,2289027,2) Assoc w R - Interim,pncA_p.Cys72Tyr
PZA,2289095,2) Assoc w R - Interim,pncA_p.Asp49Glu
PZA,2289097,2) Assoc w R - Interim,pncA_p.Asp49Asn
PZA,2288971,2) Assoc w R - Interim,pncA_p.Glu91*
PZA,2288925,2) Assoc w R - Interim,pncA_p.Phe106Ser
PZA,2288961,2) Assoc w R - Interim,pncA_p.Phe94Ser
PZA,2288847,2) Assoc w R - Interim,pncA_p.Gly132Asp
PZA,2289091,2) Assoc w R - Interim,pncA_p.His51Tyr
PZA,2288973,2) Assoc w R - Interim,pncA_p.Ile90Thr
PZA,2288727,2) Assoc w R - Interim,pncA_p.Leu172Arg
PZA,2289081,2) Assoc w R - Interim,pncA_p.Pro54Gln
PZA,2288931,2) Assoc w R - Interim,pncA_p.Ser104Ile
ETH,4326833,2) Assoc w R - Interim,ethA_p.Ser214fs
PZA,2288817,2) Assoc w R - Interim,pncA_p.Thr142Lys
PZA,2288740,2) Assoc w R - Interim,pncA_p.Thr168Pro
PZA,2289015,2) Assoc w R - Interim,pncA_p.Thr76Ile
PZA,2288792,2) Assoc w R - Interim,pncA_p.Ala152fs
PZA,2288824,2) Assoc w R - Interim,pncA_p.Arg140fs
PZA,2289219,2) Assoc w R - Interim,pncA_p.Asp8Ala
PZA,2288779,2) Assoc w R - Interim,pncA_p.Val155Met
PZA,2288895,2) Assoc w R - Interim,pncA_p.Leu116Pro
PZA,2288954,2) Assoc w R - Interim,pncA_p.Lys96delinsAsnLeuAlaIleSerAsnValIleValAspGlyVal
PZA,2289189,2) Assoc w R - Interim,pncA_p.Ser18*
PZA,2288948,2) Assoc w R - Interim,pncA_p.Ala98fs
PZA,2288886,2) Assoc w R - Interim,pncA_p.Trp119fs
PZA,1407060,3) Uncertain significance,Rv1258c_p.Trp94*
STM,1406593,3) Uncertain significance,Rv1258c_p.Tyr250His
RIF,3066217,3) Uncertain significance,Rv2752c_c.-26A>G
INH,3065347,3) Uncertain significance,Rv2752c_p.Ala282Gly
RIF,3065347,3) Uncertain significance,Rv2752c_p.Ala282Gly
INH,3065324,3) Uncertain significance,Rv2752c_p.Ala290Pro
RIF,3065324,3) Uncertain significance,Rv2752c_p.Ala290Pro
PZA,1406593,3) Uncertain significance,Rv1258c_p.Tyr250His
INH,1406593,3) Uncertain significance,Rv1258c_p.Tyr250His
INH,3065317,3) Uncertain significance,Rv2752c_p.Ala292Asp
RIF,3065317,3) Uncertain significance,Rv2752c_p.Ala292Asp
INH,1406592,3) Uncertain significance,Rv1258c_p.Tyr250Cys
INH,1406904,3) Uncertain significance,Rv1258c_p.Tyr146Cys
INH,1406556,3) Uncertain significance,Rv1258c_p.Trp262*
INH,1407060,3) Uncertain significance,Rv1258c_p.Trp94*
PZA,1406592,3) Uncertain significance,Rv1258c_p.Tyr250Cys
INH,3064808,3) Uncertain significance,Rv2752c_p.Leu462fs
RIF,3064788,3) Uncertain significance,Rv2752c_p.Leu468fs
INH,3065086,3) Uncertain significance,Rv2752c_p.Arg369fs
RIF,3065086,3) Uncertain significance,Rv2752c_p.Arg369fs
INH,3066180,3) Uncertain significance,Rv2752c_p.Asp4fs
RIF,3066180,3) Uncertain significance,Rv2752c_p.Asp4fs
STM,1406681,3) Uncertain significance,Rv1258c_p.Trp220Cys
INH,3064914,3) Uncertain significance,Rv2752c_p.Ala423fs
RIF,3065186,3) Uncertain significance,Rv2752c_p.Leu336fs
INH,3065186,3) Uncertain significance,Rv2752c_p.Leu336fs
INH,3064719,3) Uncertain significance,Rv2752c_p.His491fs
STM,1406367,3) Uncertain significance,Rv1258c_p.Tyr325Cys
INH,3065438,3) Uncertain significance,Rv2752c_p.Ala252Thr
RIF,3065438,3) Uncertain significance,Rv2752c_p.Ala252Thr
INH,3066217,3) Uncertain significance,Rv2752c_c.-26A>G
RIF,3064914,3) Uncertain significance,Rv2752c_p.Ala423fs
INH,3064857,3) Uncertain significance,Rv2752c_p.Lys446fs
RIF,3064857,3) Uncertain significance,Rv2752c_p.Lys446fs
RIF,3064808,3) Uncertain significance,Rv2752c_p.Leu462fs
INH,3064788,3) Uncertain significance,Rv2752c_p.Leu468fs
INH,1406367,3) Uncertain significance,Rv1258c_p.Tyr325Cys
INH,1406681,3) Uncertain significance,Rv1258c_p.Trp220Cys
PZA,1407165,3) Uncertain significance,Rv1258c_p.Thr59Arg
INH,1406817,3) Uncertain significance,Rv1258c_p.Trp175*
INH,1407190,3) Uncertain significance,Rv1258c_p.Thr51Ala
STM,1406172,3) Uncertain significance,Rv1258c_p.Thr390Ser
PZA,1406172,3) Uncertain significance,Rv1258c_p.Thr390Ser
RIF,3064719,3) Uncertain significance,Rv2752c_p.His491fs
INH,1406329,3) Uncertain significance,Rv1258c_p.Thr338Ala
PZA,1406329,3) Uncertain significance,Rv1258c_p.Thr338Ala
STM,1406329,3) Uncertain significance,Rv1258c_p.Thr338Ala
STM,1407190,3) Uncertain significance,Rv1258c_p.Thr51Ala
RIF,3065132,3) Uncertain significance,Rv2752c_p.Ala354Ser
PZA,1406229,3) Uncertain significance,Rv1258c_p.Thr371Ile
STM,1406229,3) Uncertain significance,Rv1258c_p.Thr371Ile
INH,3065132,3) Uncertain significance,Rv2752c_p.Ala354Ser
INH,1406205,3) Uncertain significance,Rv1258c_p.Thr379Lys
PZA,1406205,3) Uncertain significance,Rv1258c_p.Thr379Lys
STM,1406205,3) Uncertain significance,Rv1258c_p.Thr379Lys
INH,1406172,3) Uncertain significance,Rv1258c_p.Thr390Ser
INH,1406229,3) Uncertain significance,Rv1258c_p.Thr371Ile
INH,3065153,3) Uncertain significance,Rv2752c_p.Ala347Thr
INH,1407166,3) Uncertain significance,Rv1258c_p.Thr59Ala
INH,1407165,3) Uncertain significance,Rv1258c_p.Thr59Arg
RIF,3065153,3) Uncertain significance,Rv2752c_p.Ala347Thr
PZA,1407120,3) Uncertain significance,Rv1258c_p.Val74Ala
INH,1407120,3) Uncertain significance,Rv1258c_p.Val74Ala
PZA,1406382,3) Uncertain significance,Rv1258c_p.Val320Ala
INH,1406382,3) Uncertain significance,Rv1258c_p.Val320Ala
STM,1406430,3) Uncertain significance,Rv1258c_p.Val304Ala
PZA,1406430,3) Uncertain significance,Rv1258c_p.Val304Ala
STM,1407166,3) Uncertain significance,Rv1258c_p.Thr59Ala
INH,1406430,3) Uncertain significance,Rv1258c_p.Val304Ala
PZA,1406488,3) Uncertain significance,Rv1258c_p.Val285Ile
INH,1406488,3) Uncertain significance,Rv1258c_p.Val285Ile
STM,1407268,3) Uncertain significance,Rv1258c_p.Val25Ile
INH,1407268,3) Uncertain significance,Rv1258c_p.Val25Ile
INH,1407268,3) Uncertain significance,Rv1258c_p.Val25Phe
PZA,1406715,3) Uncertain significance,Rv1258c_p.Val209Ala
INH,1406715,3) Uncertain significance,Rv1258c_p.Val209Ala
STM,1406488,3) Uncertain significance,Rv1258c_p.Val285Ile
RIF,3065440,3) Uncertain significance,Rv2752c_p.Ala251Val
RIF,3065795,3) Uncertain significance,Rv2752c_p.Gln132fs
RIF,3065476,3) Uncertain significance,Rv2752c_p.Ala239Val
INH,575304,3) Uncertain significance,mshA_c.-44G>C
RIF,3065508,3) Uncertain significance,Rv2752c_p.Gly228fs
INH,3065508,3) Uncertain significance,Rv2752c_p.Gly228fs
RIF,3065555,3) Uncertain significance,Rv2752c_p.Pro213fs
INH,3065555,3) Uncertain significance,Rv2752c_p.Pro213fs
RIF,3065564,3) Uncertain significance,Rv2752c_p.Gly210fs
INH,3065564,3) Uncertain significance,Rv2752c_p.Gly210fs
INH,575774,3) Uncertain significance,mshA_p.His143Asp
RIF,3065598,3) Uncertain significance,Rv2752c_p.Leu199fs
RIF,3065699,3) Uncertain significance,Rv2752c_p.Ile165fs
INH,3065699,3) Uncertain significance,Rv2752c_p.Ile165fs
RIF,3065778,3) Uncertain significance,Rv2752c_p.Phe139fs
INH,3065778,3) Uncertain significance,Rv2752c_p.Phe139fs
INH,3065795,3) Uncertain significance,Rv2752c_p.Gln132fs
INH,3065598,3) Uncertain significance,Rv2752c_p.Leu199fs
RIF,3065829,3) Uncertain significance,Rv2752c_p.Ile121fs
INH,575776,3) Uncertain significance,mshA_p.His143Gln
INH,576617,3) Uncertain significance,mshA_p.His424Asn
INH,3065854,3) Uncertain significance,Rv2752c_p.Ala113Gly
RIF,3065201,3) Uncertain significance,Rv2752c_p.Gly331fs
INH,3065201,3) Uncertain significance,Rv2752c_p.Gly331fs
RIF,3065232,3) Uncertain significance,Rv2752c_p.Arg320_Gly321insMetSerArg
INH,3065232,3) Uncertain significance,Rv2752c_p.Arg320_Gly321insMetSerArg
RIF,3065314,3) Uncertain significance,Rv2752c_p.Ala292del
INH,3065314,3) Uncertain significance,Rv2752c_p.Ala292del
INH,576029,3) Uncertain significance,mshA_p.His228Asn
RIF,3066106,3) Uncertain significance,Rv2752c_p.Arg29fs
INH,3065403,3) Uncertain significance,Rv2752c_p.Gly263fs
RIF,3066198,3) Uncertain significance,Rv2752c_c.-8delG
STM,1406451,3) Uncertain significance,Rv1258c_p.Thr297Ile
INH,576681,3) Uncertain significance,mshA_p.Ile445Ser
INH,3066198,3) Uncertain significance,Rv2752c_c.-8delG
INH,576308,3) Uncertain significance,mshA_p.Ile321Val
INH,575364,3) Uncertain significance,mshA_p.His6Arg
INH,3066106,3) Uncertain significance,Rv2752c_p.Arg29fs
INH,3065829,3) Uncertain significance,Rv2752c_p.Ile121fs
RIF,3065906,3) Uncertain significance,Rv2752c_p.Leu96fs
INH,3065906,3) Uncertain significance,Rv2752c_p.Leu96fs
INH,3064706,3) Uncertain significance,Rv2752c_p.Arg495dup
INH,576533,3) Uncertain significance,mshA_p.Gly396Ser
INH,576522,3) Uncertain significance,mshA_p.Gly392Glu
INH,576305,3) Uncertain significance,mshA_p.Gly320Ser
INH,575433,3) Uncertain significance,mshA_p.Gly29Ala
INH,576222,3) Uncertain significance,mshA_p.Gly292Ala
RIF,3065854,3) Uncertain significance,Rv2752c_p.Ala113Gly
RIF,3064706,3) Uncertain significance,Rv2752c_p.Arg495dup
INH,3065729,3) Uncertain significance,Rv2752c_p.Ala155Thr
INH,3065575,3) Uncertain significance,Rv2752c_p.Ala206Val
RIF,3065575,3) Uncertain significance,Rv2752c_p.Ala206Val
INH,3066133,3) Uncertain significance,Rv2752c_p.Ala20Glu
RIF,3066133,3) Uncertain significance,Rv2752c_p.Ala20Glu
INH,3066133,3) Uncertain significance,Rv2752c_p.Ala20Val
RIF,3066133,3) Uncertain significance,Rv2752c_p.Ala20Val
INH,3065476,3) Uncertain significance,Rv2752c_p.Ala239Val
RIF,3065729,3) Uncertain significance,Rv2752c_p.Ala155Thr
INH,3064682,3) Uncertain significance,Rv2752c_p.Leu504fs
RIF,3064682,3) Uncertain significance,Rv2752c_p.Leu504fs
INH,3064608,3) Uncertain significance,Rv2752c_p.Ile527fs
RIF,3065918,3) Uncertain significance,Rv2752c_p.Leu93fs
INH,3065918,3) Uncertain significance,Rv2752c_p.Leu93fs
RIF,3066167,3) Uncertain significance,Rv2752c_p.Pro8fs
INH,3066167,3) Uncertain significance,Rv2752c_p.Pro8fs
RIF,3066171,3) Uncertain significance,Rv2752c_p.Pro7fs
INH,3066171,3) Uncertain significance,Rv2752c_p.Pro7fs
RIF,3064518,3) Uncertain significance,Rv2752c_p.Val558fs
INH,3064518,3) Uncertain significance,Rv2752c_p.Val558fs
RIF,3066026,3) Uncertain significance,Rv2752c_p.Gly56fs
INH,3066026,3) Uncertain significance,Rv2752c_p.Gly56fs
RIF,3064596,3) Uncertain significance,Rv2752c_p.Val533fs
INH,3064596,3) Uncertain significance,Rv2752c_p.Val533fs
RIF,3064608,3) Uncertain significance,Rv2752c_p.Ile527fs
INH,3065440,3) Uncertain significance,Rv2752c_p.Ala251Val
PZA,1406451,3) Uncertain significance,Rv1258c_p.Thr297Ile
STM,1406820,3) Uncertain significance,Rv1258c_p.Thr173fs
PZA,1406640,3) Uncertain significance,Rv1258c_p.Thr234Ile
INH,2103066,3) Uncertain significance,ndh_c.-24T>C
INH,2102585,3) Uncertain significance,ndh_p.Ser153Asn
INH,2102702,3) Uncertain significance,ndh_p.Ser114Ile
INH,2102703,3) Uncertain significance,ndh_p.Ser114Gly
INH,2102910,3) Uncertain significance,ndh_p.Arg45Ser
INH,1406136,3) Uncertain significance,Rv1258c_p.Glu402Ala
INH,2102006,3) Uncertain significance,ndh_p.Thr346Met
PZA,1406136,3) Uncertain significance,Rv1258c_p.Glu402Ala
INH,2102183,3) Uncertain significance,ndh_p.Arg287Thr
INH,2102240,3) Uncertain significance,ndh_p.Arg268Leu
INH,2102546,3) Uncertain significance,ndh_p.Arg166Gln
INH,2103005,3) Uncertain significance,ndh_p.Arg13His
INH,2101712,3) Uncertain significance,ndh_p.Gln444Arg
INH,2102131,3) Uncertain significance,ndh_p.Gln304His
INH,2101728,3) Uncertain significance,ndh_p.Arg439*
INH,2102676,3) Uncertain significance,ndh_p.Gln123Lys
INH,2101805,3) Uncertain significance,ndh_p.Thr413Asn
INH,2103020,3) Uncertain significance,ndh_p.Thr8Ile
STM,1407179,3) Uncertain significance,Rv1258c_p.Pro54fs
INH,1407179,3) Uncertain significance,Rv1258c_p.Pro54fs
PZA,1407228,3) Uncertain significance,Rv1258c_p.Leu35fs
INH,1407228,3) Uncertain significance,Rv1258c_p.Leu35fs
INH,2101836,3) Uncertain significance,ndh_p.Tyr403His
INH,2102707,3) Uncertain significance,ndh_p.Tyr112*
INH,2103118,3) Uncertain significance,ndh_c.-76T>C
INH,2102720,3) Uncertain significance,ndh_p.Tyr108Cys
INH,2101850,3) Uncertain significance,ndh_p.Val398Ala
INH,2102930,3) Uncertain significance,ndh_p.Val38Ala
INH,2102289,3) Uncertain significance,ndh_p.Val252Ile
INH,2102994,3) Uncertain significance,ndh_p.Val17Ile
INH,2102520,3) Uncertain significance,ndh_p.Val175Ile
INH,2103020,3) Uncertain significance,ndh_p.Thr8Arg
INH,2101792,3) Uncertain significance,ndh_p.Trp417Cys
INH,1407110,3) Uncertain significance,Rv1258c_p.Ala78fs
INH,2101976,3) Uncertain significance,ndh_p.Pro356Leu
INH,2102552,3) Uncertain significance,ndh_p.Pro164Leu
INH,2103136,3) Uncertain significance,ndh_c.-94C>T
INH,2103131,3) Uncertain significance,ndh_c.-89C>T
INH,2103097,3) Uncertain significance,ndh_c.-55C>A
INH,2103080,3) Uncertain significance,ndh_c.-38C>A
INH,2101673,3) Uncertain significance,ndh_p.Ala457Val
INH,2101688,3) Uncertain significance,ndh_p.Ala452Val
INH,2102619,3) Uncertain significance,ndh_p.Asp142Tyr
INH,"2102912,2102911",3) Uncertain significance,ndh_p.Ala44Asp
INH,2102936,3) Uncertain significance,ndh_p.Ala36Val
INH,2101982,3) Uncertain significance,ndh_p.Ala354Gly
INH,2102025,3) Uncertain significance,ndh_p.Ala340Thr
INH,2102070,3) Uncertain significance,ndh_p.Ala325Thr
INH,2102072,3) Uncertain significance,ndh_p.Ala324Val
INH,2103073,3) Uncertain significance,ndh_c.-31A>G
INH,2101698,3) Uncertain significance,ndh_p.Ala449Thr
INH,2102379,3) Uncertain significance,ndh_p.Pro222Ser
INH,2102607,3) Uncertain significance,ndh_p.Glu146Lys
INH,2102642,3) Uncertain significance,ndh_p.Phe134Ser
INH,2102780,3) Uncertain significance,ndh_p.Asn88Ser
INH,2102959,3) Uncertain significance,ndh_p.Asn28Lys
INH,2101933,3) Uncertain significance,ndh_p.Met370Ile
INH,2102809,3) Uncertain significance,ndh_p.Lys78Asn
INH,2102421,3) Uncertain significance,ndh_p.Lys208Glu
INH,2101898,3) Uncertain significance,ndh_p.Ile382Thr
INH,2102235,3) Uncertain significance,ndh_p.Glu270Gln
INH,2102436,3) Uncertain significance,ndh_p.His203Tyr
INH,2103121,3) Uncertain significance,ndh_c.-79G>A
INH,2101878,3) Uncertain significance,ndh_p.Gly389Ser
INH,2102106,3) Uncertain significance,ndh_p.Gly313Trp
INH,2102325,3) Uncertain significance,ndh_p.Gly240Ser
INH,2102634,3) Uncertain significance,ndh_p.Gly137Ser
INH,2101950,3) Uncertain significance,ndh_p.Phe365Val
INH,2103133,3) Uncertain significance,ndh_c.-91G>A
INH,2102958,3) Uncertain significance,ndh_p.Ala29Thr
PZA,1407110,3) Uncertain significance,Rv1258c_p.Ala78fs
INH,1407069,3) Uncertain significance,Rv1258c_p.Leu91fs
INH,1406845,3) Uncertain significance,Rv1258c_p.Ala166Thr
PZA,1406845,3) Uncertain significance,Rv1258c_p.Ala166Thr
STM,1406845,3) Uncertain significance,Rv1258c_p.Ala166Thr
INH,1406808,3) Uncertain significance,Rv1258c_p.Ala178Val
PZA,1406808,3) Uncertain significance,Rv1258c_p.Ala178Val
STM,1406808,3) Uncertain significance,Rv1258c_p.Ala178Val
INH,1406844,3) Uncertain significance,Rv1258c_p.Ala166Gly
INH,1406803,3) Uncertain significance,Rv1258c_p.Ala180Thr
PZA,1406782,3) Uncertain significance,Rv1258c_p.Ala187Thr
INH,1406773,3) Uncertain significance,Rv1258c_p.Ala190Thr
INH,1407285,3) Uncertain significance,Rv1258c_p.Ala19Val
PZA,1407285,3) Uncertain significance,Rv1258c_p.Ala19Val
INH,1406631,3) Uncertain significance,Rv1258c_p.Ala237Gly
STM,1406631,3) Uncertain significance,Rv1258c_p.Ala237Gly
INH,1406782,3) Uncertain significance,Rv1258c_p.Ala187Thr
INH,1406545,3) Uncertain significance,Rv1258c_p.Ala266Thr
INH,1407298,3) Uncertain significance,Rv1258c_p.Ala15Thr
PZA,1406938,3) Uncertain significance,Rv1258c_p.Ala135Thr
INH,1406792,3) Uncertain significance,Rv1258c_p.Leu183fs
STM,1406792,3) Uncertain significance,Rv1258c_p.Leu183fs
INH,1406727,3) Uncertain significance,Rv1258c_p.Lys198_Pro205delinsThr
STM,1406727,3) Uncertain significance,Rv1258c_p.Lys198_Pro205delinsThr
INH,1406448,3) Uncertain significance,Rv1258c_p.Leu298fs
STM,1406448,3) Uncertain significance,Rv1258c_p.Leu298fs
STM,1406938,3) Uncertain significance,Rv1258c_p.Ala135Thr
INH,1407003,3) Uncertain significance,Rv1258c_p.Ala113Glu
INH,1407003,3) Uncertain significance,Rv1258c_p.Ala113Val
PZA,1407003,3) Uncertain significance,Rv1258c_p.Ala113Val
STM,1407003,3) Uncertain significance,Rv1258c_p.Ala113Val
INH,1406973,3) Uncertain significance,Rv1258c_p.Ala123Val
PZA,1406973,3) Uncertain significance,Rv1258c_p.Ala123Val
INH,1406938,3) Uncertain significance,Rv1258c_p.Ala135Thr
STM,1407003,3) Uncertain significance,Rv1258c_p.Ala113Glu
INH,1407079,3) Uncertain significance,Rv1258c_p.Gly88fs
INH,1407255,3) Uncertain significance,Rv1258c_p.Ala29Glu
STM,1407255,3) Uncertain significance,Rv1258c_p.Ala29Glu
INH,1407091,3) Uncertain significance,Rv1258c_p.Ala84Thr
INH,1407106,3) Uncertain significance,Rv1258c_p.Asp79Asn
INH,1406701,3) Uncertain significance,Rv1258c_p.Glu214Lys
PZA,1406701,3) Uncertain significance,Rv1258c_p.Glu214Lys
STM,1406701,3) Uncertain significance,Rv1258c_p.Glu214Lys
INH,1407228,3) Uncertain significance,Rv1258c_p.Glu38Ala
INH,1407199,3) Uncertain significance,Rv1258c_p.Ala48Thr
PZA,1407228,3) Uncertain significance,Rv1258c_p.Glu38Ala
PZA,1406968,3) Uncertain significance,Rv1258c_p.Asp125fs
INH,1406968,3) Uncertain significance,Rv1258c_p.Asp125fs
STM,1407069,3) Uncertain significance,Rv1258c_p.Leu91fs
PZA,1407069,3) Uncertain significance,Rv1258c_p.Leu91fs
INH,1406820,3) Uncertain significance,Rv1258c_p.Thr173fs
PZA,1407255,3) Uncertain significance,Rv1258c_p.Ala29Glu
STM,1407219,3) Uncertain significance,Rv1258c_p.Ala41Gly
INH,1407219,3) Uncertain significance,Rv1258c_p.Ala41Gly
INH,1407255,3) Uncertain significance,Rv1258c_p.Ala29Val
STM,1407255,3) Uncertain significance,Rv1258c_p.Ala29Val
INH,1406323,3) Uncertain significance,Rv1258c_p.Ala340Thr
PZA,1406323,3) Uncertain significance,Rv1258c_p.Ala340Thr
INH,1406241,3) Uncertain significance,Rv1258c_p.Ala367Gly
PZA,1406241,3) Uncertain significance,Rv1258c_p.Ala367Gly
PZA,1407219,3) Uncertain significance,Rv1258c_p.Ala41Gly
STM,1406241,3) Uncertain significance,Rv1258c_p.Ala367Gly
PZA,1406241,3) Uncertain significance,Rv1258c_p.Ala367Val
INH,1406220,3) Uncertain significance,Rv1258c_p.Ala374Val
PZA,1406220,3) Uncertain significance,Rv1258c_p.Ala374Val
INH,1406208,3) Uncertain significance,Rv1258c_p.Ala378Val
PZA,1406208,3) Uncertain significance,Rv1258c_p.Ala378Val
INH,1406116,3) Uncertain significance,Rv1258c_p.Ala409Thr
INH,1406241,3) Uncertain significance,Rv1258c_p.Ala367Val
INH,1406451,3) Uncertain significance,Rv1258c_p.Thr297Ile
INH,2102198,3) Uncertain significance,ndh_p.Ala282Val
INH,2102387,3) Uncertain significance,ndh_p.Ala219Gly
INH,1407318,3) Uncertain significance,Rv1258c_p.Pro8Arg
INH,1407072,3) Uncertain significance,Rv1258c_p.Pro90His
PZA,1407072,3) Uncertain significance,Rv1258c_p.Pro90His
STM,1407072,3) Uncertain significance,Rv1258c_p.Pro90His
INH,1407072,3) Uncertain significance,Rv1258c_p.Pro90Leu
PZA,1407072,3) Uncertain significance,Rv1258c_p.Pro90Leu
PZA,1407181,3) Uncertain significance,Rv1258c_p.Pro54Ser
PZA,1406820,3) Uncertain significance,Rv1258c_p.Thr173fs
INH,1406723,3) Uncertain significance,Rv1258c_p.Gln206His
INH,1406724,3) Uncertain significance,Rv1258c_p.Gln206Leu
PZA,1406724,3) Uncertain significance,Rv1258c_p.Gln206Leu
INH,1406576,3) Uncertain significance,Rv1258c_p.Gln255His
PZA,1406576,3) Uncertain significance,Rv1258c_p.Gln255His
INH,1406356,3) Uncertain significance,Rv1258c_p.Gln329*
INH,1407073,3) Uncertain significance,Rv1258c_p.Pro90Ser
PZA,1406356,3) Uncertain significance,Rv1258c_p.Gln329*
INH,1407181,3) Uncertain significance,Rv1258c_p.Pro54Ser
INH,1406352,3) Uncertain significance,Rv1258c_p.Pro330Gln
INH,1406469,3) Uncertain significance,Rv1258c_p.Met291Arg
PZA,1406469,3) Uncertain significance,Rv1258c_p.Met291Arg
INH,1406433,3) Uncertain significance,Rv1258c_p.Met303Arg
INH,1406396,3) Uncertain significance,Rv1258c_p.Met315Ile
PZA,1406396,3) Uncertain significance,Rv1258c_p.Met315Ile
STM,1406396,3) Uncertain significance,Rv1258c_p.Met315Ile
PZA,1406352,3) Uncertain significance,Rv1258c_p.Pro330Gln
INH,1406397,3) Uncertain significance,Rv1258c_p.Met315Thr
PZA,1406890,3) Uncertain significance,Rv1258c_p.Asn151Asp
INH,1406888,3) Uncertain significance,Rv1258c_p.Asn151Lys
STM,1406888,3) Uncertain significance,Rv1258c_p.Asn151Lys
INH,1406571,3) Uncertain significance,Rv1258c_p.Pro257Leu
PZA,1406571,3) Uncertain significance,Rv1258c_p.Pro257Leu
STM,1406571,3) Uncertain significance,Rv1258c_p.Pro257Leu
INH,1406890,3) Uncertain significance,Rv1258c_p.Asn151Asp
STM,1406616,3) Uncertain significance,Rv1258c_p.Met242Thr
STM,1406356,3) Uncertain significance,Rv1258c_p.Gln329*
PZA,1407212,3) Uncertain significance,Rv1258c_p.Gln43His
PZA,1407330,3) Uncertain significance,Rv1258c_p.Ser4Thr
INH,1406842,3) Uncertain significance,Rv1258c_p.Thr167Ala
PZA,1406842,3) Uncertain significance,Rv1258c_p.Thr167Ala
INH,1406841,3) Uncertain significance,Rv1258c_p.Thr167Met
PZA,1406841,3) Uncertain significance,Rv1258c_p.Thr167Met
INH,1406842,3) Uncertain significance,Rv1258c_p.Thr167Pro
INH,1407330,3) Uncertain significance,Rv1258c_p.Ser4Thr
STM,1406842,3) Uncertain significance,Rv1258c_p.Thr167Pro
PZA,1406823,3) Uncertain significance,Rv1258c_p.Thr173Ile
STM,1406823,3) Uncertain significance,Rv1258c_p.Thr173Ile
INH,1406737,3) Uncertain significance,Rv1258c_p.Thr202Ala
STM,1406737,3) Uncertain significance,Rv1258c_p.Thr202Ala
INH,1406662,3) Uncertain significance,Rv1258c_p.Thr227Ala
INH,1406640,3) Uncertain significance,Rv1258c_p.Thr234Ile
INH,1406823,3) Uncertain significance,Rv1258c_p.Thr173Ile
INH,1407212,3) Uncertain significance,Rv1258c_p.Gln43His
PZA,1407194,3) Uncertain significance,Rv1258c_p.Ser49Arg
STM,1406964,3) Uncertain significance,Rv1258c_p.Ser126Leu
STM,1407212,3) Uncertain significance,Rv1258c_p.Gln43His
INH,1406730,3) Uncertain significance,Rv1258c_p.Arg204Gln
PZA,1406730,3) Uncertain significance,Rv1258c_p.Arg204Gln
INH,1406301,3) Uncertain significance,Rv1258c_p.Arg347Gln
STM,1406301,3) Uncertain significance,Rv1258c_p.Arg347Gln
INH,1406155,3) Uncertain significance,Rv1258c_p.Arg396Trp
INH,1407194,3) Uncertain significance,Rv1258c_p.Ser49Arg
PZA,1406155,3) Uncertain significance,Rv1258c_p.Arg396Trp
INH,1407129,3) Uncertain significance,Rv1258c_p.Arg71His
PZA,1407129,3) Uncertain significance,Rv1258c_p.Arg71His
INH,1407129,3) Uncertain significance,Rv1258c_p.Arg71Leu
INH,1406964,3) Uncertain significance,Rv1258c_p.Ser126*
PZA,1406964,3) Uncertain significance,Rv1258c_p.Ser126*
INH,1406964,3) Uncertain significance,Rv1258c_p.Ser126Leu
STM,1406155,3) Uncertain significance,Rv1258c_p.Arg396Trp
INH,2102366,3) Uncertain significance,ndh_p.Ala226Glu
PZA,1406616,3) Uncertain significance,Rv1258c_p.Met242Thr
PZA,1406961,3) Uncertain significance,Rv1258c_p.Met127Arg
INH,576446,3) Uncertain significance,mshA_p.Thr367Ala
INH,575332,3) Uncertain significance,mshA_c.-16T>G
INH,575630,3) Uncertain significance,mshA_p.Ser95Pro
INH,576269,3) Uncertain significance,mshA_p.Ser308Thr
INH,576672,3) Uncertain significance,mshA_p.Arg442Gln
INH,576584,3) Uncertain significance,mshA_p.Arg413Trp
INH,575645,3) Uncertain significance,mshA_p.Val100Leu
INH,576102,3) Uncertain significance,mshA_p.Arg252Gln
INH,576767,3) Uncertain significance,mshA_p.Pro474Ser
INH,576392,3) Uncertain significance,mshA_p.Pro349Ser
INH,575723,3) Uncertain significance,mshA_p.Pro126Ser
INH,575901,3) Uncertain significance,mshA_p.Asn185Ser
INH,576513,3) Uncertain significance,mshA_p.Leu389Pro
INH,575732,3) Uncertain significance,mshA_p.Leu129Phe
INH,575643,3) Uncertain significance,mshA_p.Pro99Leu
INH,575720,3) Uncertain significance,mshA_p.Leu125Met
INH,575645,3) Uncertain significance,mshA_p.Val100Met
INH,575948,3) Uncertain significance,mshA_p.Val201Leu
INH,2102465,3) Uncertain significance,ndh_p.Ala193Val
INH,2102046,3) Uncertain significance,ndh_p.Pro330_Val332del
INH,2102109,3) Uncertain significance,ndh_p.Pro312fs
INH,2102268,3) Uncertain significance,ndh_p.Val259fs
INH,2103047,3) Uncertain significance,ndh_c.-11_-7delAGCAG
INH,2102632,3) Uncertain significance,ndh_p.Gly137fs
INH,575798,3) Uncertain significance,mshA_p.Val151Met
INH,2102864,3) Uncertain significance,ndh_p.Ala59fs
INH,576744,3) Uncertain significance,mshA_p.Val466Ala
INH,576737,3) Uncertain significance,mshA_p.Val464Leu
INH,576722,3) Uncertain significance,mshA_p.Val459Met
INH,576426,3) Uncertain significance,mshA_p.Val360Ala
INH,576383,3) Uncertain significance,mshA_p.Val346Leu
INH,576194,3) Uncertain significance,mshA_p.Val283Met
INH,576762,3) Uncertain significance,mshA_p.Trp472*
INH,1406616,3) Uncertain significance,Rv1258c_p.Met242Thr
INH,3064960,3) Uncertain significance,Rv2752c_p.Ala411Val
INH,1406722,3) Uncertain significance,Rv1258c_p.Gly207Arg
INH,1407291,3) Uncertain significance,Rv1258c_p.Leu17Pro
PZA,1407291,3) Uncertain significance,Rv1258c_p.Leu17Pro
INH,1406764,3) Uncertain significance,Rv1258c_p.Leu193Phe
INH,1406628,3) Uncertain significance,Rv1258c_p.Leu238Arg
INH,1406455,3) Uncertain significance,Rv1258c_p.Leu296Val
PZA,1406455,3) Uncertain significance,Rv1258c_p.Leu296Val
INH,1406958,3) Uncertain significance,Rv1258c_p.Leu128Arg
STM,1406455,3) Uncertain significance,Rv1258c_p.Leu296Val
INH,1406232,3) Uncertain significance,Rv1258c_p.Leu370Pro
PZA,1406232,3) Uncertain significance,Rv1258c_p.Leu370Pro
STM,1406232,3) Uncertain significance,Rv1258c_p.Leu370Pro
INH,1406152,3) Uncertain significance,Rv1258c_p.Leu397Val
PZA,1406152,3) Uncertain significance,Rv1258c_p.Leu397Val
INH,1406961,3) Uncertain significance,Rv1258c_p.Met127Arg
INH,1406247,3) Uncertain significance,Rv1258c_p.Leu365Ser
INH,1406935,3) Uncertain significance,Rv1258c_p.Gly136Ser
INH,1406877,3) Uncertain significance,Rv1258c_p.Ile155Thr
PZA,1406580,3) Uncertain significance,Rv1258c_p.His254Arg
INH,1406710,3) Uncertain significance,Rv1258c_p.Gly211Arg
STM,1406710,3) Uncertain significance,Rv1258c_p.Gly211Arg
INH,1406697,3) Uncertain significance,Rv1258c_p.Gly215Glu
STM,1406697,3) Uncertain significance,Rv1258c_p.Gly215Glu
INH,1406263,3) Uncertain significance,Rv1258c_p.Gly360Ser
PZA,1406263,3) Uncertain significance,Rv1258c_p.Gly360Ser
STM,1406580,3) Uncertain significance,Rv1258c_p.His254Arg
INH,1406217,3) Uncertain significance,Rv1258c_p.Gly375Ala
INH,1407057,3) Uncertain significance,Rv1258c_p.Gly95Glu
STM,1407057,3) Uncertain significance,Rv1258c_p.Gly95Glu
INH,1407051,3) Uncertain significance,Rv1258c_p.Gly97Asp
PZA,1407051,3) Uncertain significance,Rv1258c_p.Gly97Asp
STM,1407051,3) Uncertain significance,Rv1258c_p.Gly97Asp
INH,1406580,3) Uncertain significance,Rv1258c_p.His254Arg
INH,1407094,3) Uncertain significance,Rv1258c_p.Gly83Arg
RIF,3064960,3) Uncertain significance,Rv2752c_p.Ala411Val
RIF,3065567,3) Uncertain significance,Rv2752c_p.Pro209Ser
RIF,3064886,3) Uncertain significance,Rv2752c_p.Ala436Thr
INH,3065273,3) Uncertain significance,Rv2752c_p.Thr307Pro
RIF,3065273,3) Uncertain significance,Rv2752c_p.Thr307Pro
INH,3064954,3) Uncertain significance,Rv2752c_p.Thr413Ile
RIF,3064954,3) Uncertain significance,Rv2752c_p.Thr413Ile
INH,3064810,3) Uncertain significance,Rv2752c_p.Thr461Ser
RIF,3064810,3) Uncertain significance,Rv2752c_p.Thr461Ser
INH,3064585,3) Uncertain significance,Rv2752c_p.Thr536Met
RIF,3064585,3) Uncertain significance,Rv2752c_p.Thr536Met
INH,3065887,3) Uncertain significance,Rv2752c_p.Val102Ala
RIF,3065887,3) Uncertain significance,Rv2752c_p.Val102Ala
INH,3065495,3) Uncertain significance,Rv2752c_p.Val233Met
RIF,3065495,3) Uncertain significance,Rv2752c_p.Val233Met
RIF,3065531,3) Uncertain significance,Rv2752c_p.Thr221Ala
INH,3065377,3) Uncertain significance,Rv2752c_p.Val272Ala
INH,3064583,3) Uncertain significance,Rv2752c_p.Val537Phe
RIF,3064583,3) Uncertain significance,Rv2752c_p.Val537Phe
INH,3064992,3) Uncertain significance,Rv2752c_p.Trp400*
RIF,3064992,3) Uncertain significance,Rv2752c_p.Trp400*
INH,2726106,3) Uncertain significance,ahpC_c.-87A>G
INH,2726256,3) Uncertain significance,ahpC_p.Asp22Asn
RIF,3065377,3) Uncertain significance,Rv2752c_p.Val272Ala
INH,2726290,3) Uncertain significance,ahpC_p.Asp33Ala
INH,3065531,3) Uncertain significance,Rv2752c_p.Thr221Ala
INH,3064783,3) Uncertain significance,Rv2752c_p.Ser470Leu
INH,3064535,3) Uncertain significance,Rv2752c_p.Pro553Ser
RIF,3064535,3) Uncertain significance,Rv2752c_p.Pro553Ser
INH,3066170,3) Uncertain significance,Rv2752c_p.Pro8Ser
RIF,3066170,3) Uncertain significance,Rv2752c_p.Pro8Ser
INH,3065456,3) Uncertain significance,Rv2752c_p.Gln246*
RIF,3065456,3) Uncertain significance,Rv2752c_p.Gln246*
INH,3064601,3) Uncertain significance,Rv2752c_p.Gln531*
RIF,3064601,3) Uncertain significance,Rv2752c_p.Gln531*
INH,3065462,3) Uncertain significance,Rv2752c_p.Arg244Trp
RIF,3065462,3) Uncertain significance,Rv2752c_p.Arg244Trp
INH,3065390,3) Uncertain significance,Rv2752c_p.Arg268Cys
RIF,3065390,3) Uncertain significance,Rv2752c_p.Arg268Cys
RIF,3064783,3) Uncertain significance,Rv2752c_p.Ser470Leu
INH,3065233,3) Uncertain significance,Rv2752c_p.Arg320His
INH,3065233,3) Uncertain significance,Rv2752c_p.Arg320Leu
RIF,3065233,3) Uncertain significance,Rv2752c_p.Arg320Leu
INH,3065473,3) Uncertain significance,Rv2752c_p.Ser240Cys
RIF,3065473,3) Uncertain significance,Rv2752c_p.Ser240Cys
INH,3065245,3) Uncertain significance,Rv2752c_p.Ser316Leu
RIF,3065245,3) Uncertain significance,Rv2752c_p.Ser316Leu
INH,3065237,3) Uncertain significance,Rv2752c_p.Ser319Pro
RIF,3065237,3) Uncertain significance,Rv2752c_p.Ser319Pro
INH,3065219,3) Uncertain significance,Rv2752c_p.Ser325Arg
RIF,3065219,3) Uncertain significance,Rv2752c_p.Ser325Arg
INH,3064876,3) Uncertain significance,Rv2752c_p.Ser439Phe
RIF,3064876,3) Uncertain significance,Rv2752c_p.Ser439Phe
RIF,3065233,3) Uncertain significance,Rv2752c_p.Arg320His
INH,2726670,3) Uncertain significance,ahpC_p.Glu160Lys
INH,2726206,3) Uncertain significance,ahpC_p.Thr5Ile
INH,2726104,3) Uncertain significance,ahpC_c.-89T>G
PZA,1407326,3) Uncertain significance,Rv1258c_p.Asn5fs
STM,1407326,3) Uncertain significance,Rv1258c_p.Asn5fs
INH,1406615,3) Uncertain significance,Rv1258c_p.Met242fs
INH,1406517,3) Uncertain significance,Rv1258c_p.Ala275Val
PZA,1406517,3) Uncertain significance,Rv1258c_p.Ala275Val
STM,1406517,3) Uncertain significance,Rv1258c_p.Ala275Val
INH,1406161,3) Uncertain significance,Rv1258c_p.Ala394Thr
PZA,1406161,3) Uncertain significance,Rv1258c_p.Ala394Thr
STM,1406161,3) Uncertain significance,Rv1258c_p.Ala394Thr
INH,1406088,3) Uncertain significance,Rv1258c_p.Ala418Asp
PZA,1406088,3) Uncertain significance,Rv1258c_p.Ala418Asp
INH,1407148,3) Uncertain significance,Rv1258c_p.Ala65Thr
INH,1407326,3) Uncertain significance,Rv1258c_p.Asn5fs
PZA,1407148,3) Uncertain significance,Rv1258c_p.Ala65Thr
INH,1406645,3) Uncertain significance,Rv1258c_p.Asp232Glu
INH,1407142,3) Uncertain significance,Rv1258c_p.Asp67Asn
PZA,1407142,3) Uncertain significance,Rv1258c_p.Asp67Asn
STM,1407142,3) Uncertain significance,Rv1258c_p.Asp67Asn
INH,1406980,3) Uncertain significance,Rv1258c_p.Met121Val
PZA,1406980,3) Uncertain significance,Rv1258c_p.Met121Val
STM,1406980,3) Uncertain significance,Rv1258c_p.Met121Val
INH,1406955,3) Uncertain significance,Rv1258c_p.Pro129Arg
PZA,1406955,3) Uncertain significance,Rv1258c_p.Pro129Arg
STM,1406955,3) Uncertain significance,Rv1258c_p.Pro129Arg
INH,1407318,3) Uncertain significance,Rv1258c_p.Pro8Leu
STM,1407318,3) Uncertain significance,Rv1258c_p.Pro8Leu
STM,1407148,3) Uncertain significance,Rv1258c_p.Ala65Thr
INH,2101769,3) Uncertain significance,ndh_p.Arg425Leu
INH,2103035,3) Uncertain significance,ndh_p.Pro3Leu
INH,575828,3) Uncertain significance,mshA_p.Val161Leu
INH,1674199,3) Uncertain significance,inhA_c.-3C>G
INH,1674749,3) Uncertain significance,inhA_p.Gly183Asp
INH,1674748,3) Uncertain significance,inhA_p.Gly183Arg
INH,2155697,3) Uncertain significance,katG_p.Ala139Thr
INH,2154296,3) Uncertain significance,katG_p.Ala606Pro
INH,2155467,3) Uncertain significance,katG_p.Asp215Glu
INH,2155866,3) Uncertain significance,katG_p.Glu82Asp
INH,2156056,3) Uncertain significance,katG_p.Gly19Val
INH,2154512,3) Uncertain significance,katG_p.Gly534Arg
INH,2154224,3) Uncertain significance,katG_p.Gly630Ser
INH,2154503,3) Uncertain significance,katG_p.Lys537Glu
INH,2154319,3) Uncertain significance,katG_p.Leu598Arg
INH,2155862,3) Uncertain significance,katG_p.Met84Leu
INH,"2154797,2154795",3) Uncertain significance,katG_p.Gln439Tyr
INH,"2154539,2154538",3) Uncertain significance,katG_p.Gln525Ser
INH,2154775,3) Uncertain significance,katG_p.Ser446Asn
INH,2156124,3) Uncertain significance,katG_c.-13T>C
INH,2155334,3) Uncertain significance,katG_p.Val260Ile
INH,2154215,3) Uncertain significance,katG_p.Val633Ile
INH,2153897,3) Uncertain significance,katG_p.Val739Met
INH,576372,3) Uncertain significance,mshA_p.Ala342Gly
INH,575663,3) Uncertain significance,mshA_p.Gly106Arg
INH,576759,3) Uncertain significance,mshA_p.His471Pro
INH,575382,3) Uncertain significance,mshA_p.Leu12Ser
INH,575361,3) Uncertain significance,mshA_p.Arg5Pro
INH,575648,3) Uncertain significance,mshA_p.Val101Leu
RIF,3064547,3) Uncertain significance,Rv2752c_p.Pro549Ser
INH,1406331,3) Uncertain significance,Rv1258c_p.Gln337Pro
INH,3064547,3) Uncertain significance,Rv2752c_p.Pro549Ser
INH,3065555,3) Uncertain significance,Rv2752c_p.Pro213Ala
INH,1406620,3) Uncertain significance,Rv1258c_p.Pro241Ser
PZA,1406620,3) Uncertain significance,Rv1258c_p.Pro241Ser
INH,1406599,3) Uncertain significance,Rv1258c_p.Pro248Thr
PZA,1406599,3) Uncertain significance,Rv1258c_p.Pro248Thr
STM,1406599,3) Uncertain significance,Rv1258c_p.Pro248Thr
INH,1406353,3) Uncertain significance,Rv1258c_p.Pro330Ser
PZA,1406353,3) Uncertain significance,Rv1258c_p.Pro330Ser
INH,1407180,3) Uncertain significance,Rv1258c_p.Pro54Leu
PZA,1407180,3) Uncertain significance,Rv1258c_p.Pro54Leu
STM,1407180,3) Uncertain significance,Rv1258c_p.Pro54Leu
INH,1406139,3) Uncertain significance,Rv1258c_p.Arg401His
PZA,1406139,3) Uncertain significance,Rv1258c_p.Arg401His
PZA,1407332,3) Uncertain significance,Rv1258c_p.Asn3Lys
INH,1406791,3) Uncertain significance,Rv1258c_p.Ser184Pro
STM,1406791,3) Uncertain significance,Rv1258c_p.Ser184Pro
INH,1406466,3) Uncertain significance,Rv1258c_p.Ser292Leu
INH,1406472,3) Uncertain significance,Rv1258c_p.Thr290Ile
PZA,1406472,3) Uncertain significance,Rv1258c_p.Thr290Ile
STM,1406472,3) Uncertain significance,Rv1258c_p.Thr290Ile
INH,1406681,3) Uncertain significance,Rv1258c_p.Trp220*
PZA,1406681,3) Uncertain significance,Rv1258c_p.Trp220*
PZA,1406791,3) Uncertain significance,Rv1258c_p.Ser184Pro
INH,1407332,3) Uncertain significance,Rv1258c_p.Asn3Lys
INH,1406652,3) Uncertain significance,Rv1258c_p.Met230Thr
STM,1406461,3) Uncertain significance,Rv1258c_p.Ala294Ser
INH,1406440,3) Uncertain significance,Rv1258c_p.Ala301Thr
PZA,1406440,3) Uncertain significance,Rv1258c_p.Ala301Thr
INH,1406269,3) Uncertain significance,Rv1258c_p.Ala358Thr
PZA,1406269,3) Uncertain significance,Rv1258c_p.Ala358Thr
INH,1406223,3) Uncertain significance,Rv1258c_p.Ala373Val
PZA,1406223,3) Uncertain significance,Rv1258c_p.Ala373Val
STM,1406223,3) Uncertain significance,Rv1258c_p.Ala373Val
INH,1406113,3) Uncertain significance,Rv1258c_p.Asp410Asn
INH,1407229,3) Uncertain significance,Rv1258c_p.Glu38Lys
PZA,1407229,3) Uncertain significance,Rv1258c_p.Glu38Lys
STM,1407229,3) Uncertain significance,Rv1258c_p.Glu38Lys
PZA,1406652,3) Uncertain significance,Rv1258c_p.Met230Thr
INH,1406860,3) Uncertain significance,Rv1258c_p.Gly161Ser
PZA,1406262,3) Uncertain significance,Rv1258c_p.Gly360Asp
STM,1406262,3) Uncertain significance,Rv1258c_p.Gly360Asp
INH,1406218,3) Uncertain significance,Rv1258c_p.Gly375Arg
PZA,1406218,3) Uncertain significance,Rv1258c_p.Gly375Arg
INH,1406493,3) Uncertain significance,Rv1258c_p.Ile283Ser
INH,1406494,3) Uncertain significance,Rv1258c_p.Ile283Val
STM,1406494,3) Uncertain significance,Rv1258c_p.Ile283Val
INH,1407014,3) Uncertain significance,Rv1258c_p.Leu109Phe
PZA,1407014,3) Uncertain significance,Rv1258c_p.Leu109Phe
INH,1406622,3) Uncertain significance,Rv1258c_p.Leu240Pro
PZA,1406622,3) Uncertain significance,Rv1258c_p.Leu240Pro
STM,1406622,3) Uncertain significance,Rv1258c_p.Leu240Pro
INH,1406262,3) Uncertain significance,Rv1258c_p.Gly360Asp
STM,1406681,3) Uncertain significance,Rv1258c_p.Trp220*
INH,3065404,3) Uncertain significance,Rv2752c_p.Gly263Asp
RIF,3065404,3) Uncertain significance,Rv2752c_p.Gly263Asp
INH,3066080,3) Uncertain significance,Rv2752c_p.Gly38Ser
RIF,3066080,3) Uncertain significance,Rv2752c_p.Gly38Ser
INH,3064747,3) Uncertain significance,Rv2752c_p.Gly482Val
RIF,3064747,3) Uncertain significance,Rv2752c_p.Gly482Val
INH,3065081,3) Uncertain significance,Rv2752c_p.His371Asp
RIF,3065081,3) Uncertain significance,Rv2752c_p.His371Asp
INH,3064540,3) Uncertain significance,Rv2752c_p.Ile551Thr
RIF,3064540,3) Uncertain significance,Rv2752c_p.Ile551Thr
INH,3065678,3) Uncertain significance,Rv2752c_p.Lys172Gln
RIF,3065678,3) Uncertain significance,Rv2752c_p.Lys172Gln
RIF,3065045,3) Uncertain significance,Rv2752c_p.Phe383Val
INH,3065638,3) Uncertain significance,Rv2752c_p.Leu185Pro
INH,3066083,3) Uncertain significance,Rv2752c_p.Leu37Val
RIF,3066083,3) Uncertain significance,Rv2752c_p.Leu37Val
INH,3064985,3) Uncertain significance,Rv2752c_p.Leu403Met
RIF,3064985,3) Uncertain significance,Rv2752c_p.Leu403Met
INH,3064984,3) Uncertain significance,Rv2752c_p.Leu403Arg
RIF,3064984,3) Uncertain significance,Rv2752c_p.Leu403Arg
INH,3065915,3) Uncertain significance,Rv2752c_p.Leu93Met
RIF,3065915,3) Uncertain significance,Rv2752c_p.Leu93Met
INH,3064852,3) Uncertain significance,Rv2752c_p.Met447Thr
RIF,3064852,3) Uncertain significance,Rv2752c_p.Met447Thr
INH,3066001,3) Uncertain significance,Rv2752c_p.Met64Arg
RIF,3066001,3) Uncertain significance,Rv2752c_p.Met64Arg
RIF,3065638,3) Uncertain significance,Rv2752c_p.Leu185Pro
INH,3065045,3) Uncertain significance,Rv2752c_p.Phe383Val
RIF,3065479,3) Uncertain significance,Rv2752c_p.Phe238Ser
INH,3065479,3) Uncertain significance,Rv2752c_p.Phe238Ser
INH,3064561,3) Uncertain significance,Rv2752c_p.Thr544fs
RIF,3064561,3) Uncertain significance,Rv2752c_p.Thr544fs
INH,3065865,3) Uncertain significance,Rv2752c_p.Ala110fs
RIF,3065865,3) Uncertain significance,Rv2752c_p.Ala110fs
INH,3065759,3) Uncertain significance,Rv2752c_p.Phe144dup
RIF,3065759,3) Uncertain significance,Rv2752c_p.Phe144dup
INH,3065060,3) Uncertain significance,Rv2752c_p.Ala378Thr
RIF,3065060,3) Uncertain significance,Rv2752c_p.Ala378Thr
INH,3065059,3) Uncertain significance,Rv2752c_p.Ala378Val
RIF,3065059,3) Uncertain significance,Rv2752c_p.Ala378Val
INH,3065926,3) Uncertain significance,Rv2752c_p.Ala89Glu
RIF,3065926,3) Uncertain significance,Rv2752c_p.Ala89Glu
INH,3065737,3) Uncertain significance,Rv2752c_p.Asp152Ala
RIF,3065737,3) Uncertain significance,Rv2752c_p.Asp152Ala
INH,3065642,3) Uncertain significance,Rv2752c_p.Asp184His
RIF,3065642,3) Uncertain significance,Rv2752c_p.Asp184His
INH,3065442,3) Uncertain significance,Rv2752c_p.Asp250Glu
RIF,3065442,3) Uncertain significance,Rv2752c_p.Asp250Glu
INH,3065804,3) Uncertain significance,Rv2752c_p.Glu130Lys
RIF,3065804,3) Uncertain significance,Rv2752c_p.Glu130Lys
INH,3066087,3) Uncertain significance,Rv2752c_p.Glu35Asp
RIF,3066087,3) Uncertain significance,Rv2752c_p.Glu35Asp
INH,3066031,3) Uncertain significance,Rv2752c_p.Glu54Ala
RIF,3066031,3) Uncertain significance,Rv2752c_p.Glu54Ala
INH,3065777,3) Uncertain significance,Rv2752c_p.Phe139Val
RIF,3065777,3) Uncertain significance,Rv2752c_p.Phe139Val
RIF,3065555,3) Uncertain significance,Rv2752c_p.Pro213Ala
PZA,1406331,3) Uncertain significance,Rv1258c_p.Gln337Pro
STM,1406331,3) Uncertain significance,Rv1258c_p.Gln337Pro
INH,1407222,3) Uncertain significance,Rv1258c_p.Ser40Asn
RIF,3065920,3) Uncertain significance,Rv2752c_p.Pro91Leu
INH,3064594,3) Uncertain significance,Rv2752c_p.Val533Ala
RIF,3064594,3) Uncertain significance,Rv2752c_p.Val533Ala
INH,2726113,3) Uncertain significance,ahpC_c.-80A>G
INH,2156142,3) Uncertain significance,katG_c.-31C>T
INH,2153992,3) Uncertain significance,katG_p.Leu707Arg
INH,1406236,3) Uncertain significance,Rv1258c_p.Pro369Thr
PZA,1406236,3) Uncertain significance,Rv1258c_p.Pro369Thr
STM,1406236,3) Uncertain significance,Rv1258c_p.Pro369Thr
INH,3065375,3) Uncertain significance,Rv2752c_p.Ala273Thr
INH,3065920,3) Uncertain significance,Rv2752c_p.Pro91Leu
RIF,3065375,3) Uncertain significance,Rv2752c_p.Ala273Thr
RIF,3065065,3) Uncertain significance,Rv2752c_p.Ala376Gly
INH,3065256,3) Uncertain significance,Rv2752c_p.Met312Ile
RIF,3065256,3) Uncertain significance,Rv2752c_p.Met312Ile
INH,3065473,3) Uncertain significance,Rv2752c_p.Ser240Phe
RIF,3065473,3) Uncertain significance,Rv2752c_p.Ser240Phe
INH,2726114,3) Uncertain significance,ahpC_c.-79C>T
INH,2154145,3) Uncertain significance,katG_p.Asp656Ala
INH,2153960,3) Uncertain significance,katG_p.Pro718Ser
INH,3066103,3) Uncertain significance,Rv2752c_p.Asn30Ser
RIF,3066103,3) Uncertain significance,Rv2752c_p.Asn30Ser
INH,3065540,3) Uncertain significance,Rv2752c_p.Val218Leu
RIF,3065540,3) Uncertain significance,Rv2752c_p.Val218Leu
INH,3065065,3) Uncertain significance,Rv2752c_p.Ala376Gly
INH,3065258,3) Uncertain significance,Rv2752c_p.Met312Val
RIF,3065122,3) Uncertain significance,Rv2752c_p.Lys357Thr
RIF,3064871,3) Uncertain significance,Rv2752c_p.Ala441Ser
INH,1406170,3) Uncertain significance,Rv1258c_p.Gly391Arg
PZA,1406170,3) Uncertain significance,Rv1258c_p.Gly391Arg
STM,1406170,3) Uncertain significance,Rv1258c_p.Gly391Arg
INH,3065845,3) Uncertain significance,Rv2752c_p.Cys116Phe
RIF,3065845,3) Uncertain significance,Rv2752c_p.Cys116Phe
INH,3065500,3) Uncertain significance,Rv2752c_p.Gly231Val
RIF,3065500,3) Uncertain significance,Rv2752c_p.Gly231Val
INH,3064721,3) Uncertain significance,Rv2752c_p.His491Tyr
RIF,3064721,3) Uncertain significance,Rv2752c_p.His491Tyr
INH,3065629,3) Uncertain significance,Rv2752c_p.Met188Lys
RIF,3065629,3) Uncertain significance,Rv2752c_p.Met188Lys
INH,3064864,3) Uncertain significance,Rv2752c_p.Pro443Leu
INH,3065122,3) Uncertain significance,Rv2752c_p.Lys357Thr
RIF,3064864,3) Uncertain significance,Rv2752c_p.Pro443Leu
INH,575436,3) Uncertain significance,mshA_p.Pro30Leu
INH,2102511,3) Uncertain significance,ndh_p.Ala178Ser
INH,1406600,3) Uncertain significance,Rv1258c_p.Lys249fs
PZA,1406600,3) Uncertain significance,Rv1258c_p.Lys249fs
STM,1406600,3) Uncertain significance,Rv1258c_p.Lys249fs
INH,1406145,3) Uncertain significance,Rv1258c_p.Ala399Val
PZA,1406145,3) Uncertain significance,Rv1258c_p.Ala399Val
STM,1406145,3) Uncertain significance,Rv1258c_p.Ala399Val
INH,1407338,3) Uncertain significance,Rv1258c_p.Met1=
PZA,1407338,3) Uncertain significance,Rv1258c_p.Met1=
STM,1407338,3) Uncertain significance,Rv1258c_p.Met1=
INH,3064871,3) Uncertain significance,Rv2752c_p.Ala441Ser
INH,2154743,3) Uncertain significance,katG_p.Ser457Gly
RIF,3065258,3) Uncertain significance,Rv2752c_p.Met312Val
INH,3065891,3) Uncertain significance,Rv2752c_p.Pro101Ala
RIF,3065891,3) Uncertain significance,Rv2752c_p.Pro101Ala
KAN,2714566,3) Uncertain significance,eis_p.Leu256Pro
KAN,2715138,3) Uncertain significance,eis_p.Met65Ile
KAN,2714488,3) Uncertain significance,eis_p.Thr282Ile
KAN,2714147,3) Uncertain significance,eis_p.Val396Phe
KAN,1472142,3) Uncertain significance,rrs_n.297A>C
KAN,1472180,3) Uncertain significance,rrs_n.335A>C
KAN,1473281,3) Uncertain significance,rrs_n.1436C>T
STM,1473281,3) Uncertain significance,rrs_n.1436C>T
KAN,1472108,3) Uncertain significance,rrs_n.263C>T
KAN,1472414,3) Uncertain significance,rrs_n.569C>T
STM,1472414,3) Uncertain significance,rrs_n.569C>T
KAN,1473270,3) Uncertain significance,rrs_n.1425G>A
KAN,2714718,3) Uncertain significance,eis_p.Lys205Asn
KAN,1471837,3) Uncertain significance,rrs_n.-9G>C
KAN,1472828,3) Uncertain significance,rrs_n.983T>C
STM,1472828,3) Uncertain significance,rrs_n.983T>C
KAN,3569039,3) Uncertain significance,whiB7_c.-371_-361delACCGGTTAACC
KAN,3568735,3) Uncertain significance,whiB7_c.-57delT
STM,3568735,3) Uncertain significance,whiB7_c.-57delT
KAN,3568749,3) Uncertain significance,whiB7_c.-71_-70insC
KAN,3568851,3) Uncertain significance,whiB7_c.-172A>G
STM,3568851,3) Uncertain significance,whiB7_c.-172A>G
KAN,3568710,3) Uncertain significance,whiB7_c.-31C>T
STM,3568710,3) Uncertain significance,whiB7_c.-31C>T
KAN,3568713,3) Uncertain significance,whiB7_c.-34C>T
KAN,3569071,3) Uncertain significance,whiB7_c.-392C>T
KAN,1472885,3) Uncertain significance,rrs_n.1040T>C
KAN,2715305,3) Uncertain significance,eis_p.Glu10*
KAN,2715204,3) Uncertain significance,eis_p.Asp43Glu
KAN,2715388,3) Uncertain significance,eis_c.-56C>T
INH,1406179,3) Uncertain significance,Rv1258c_p.Val388Met
STM,1406179,3) Uncertain significance,Rv1258c_p.Val388Met
INH,1406622,3) Uncertain significance,Rv1258c_p.Leu240Arg
PZA,1406622,3) Uncertain significance,Rv1258c_p.Leu240Arg
STM,1406622,3) Uncertain significance,Rv1258c_p.Leu240Arg
INH,1407271,3) Uncertain significance,Rv1258c_p.Gly24Cys
PZA,1407271,3) Uncertain significance,Rv1258c_p.Gly24Cys
STM,1407271,3) Uncertain significance,Rv1258c_p.Gly24Cys
INH,1407273,3) Uncertain significance,Rv1258c_p.Asp23Val
PZA,1407273,3) Uncertain significance,Rv1258c_p.Asp23Val
STM,1407273,3) Uncertain significance,Rv1258c_p.Asp23Val
INH,1406685,3) Uncertain significance,Rv1258c_p.Val219Ala
PZA,1406685,3) Uncertain significance,Rv1258c_p.Val219Ala
STM,1406685,3) Uncertain significance,Rv1258c_p.Val219Ala
INH,1406221,3) Uncertain significance,Rv1258c_p.Ala374Pro
PZA,1406221,3) Uncertain significance,Rv1258c_p.Ala374Pro
STM,1406221,3) Uncertain significance,Rv1258c_p.Ala374Pro
STM,1407079,3) Uncertain significance,Rv1258c_p.Gly88fs
STM,1406613,3) Uncertain significance,Rv1258c_p.Glu243Ala
STM,1406101,3) Uncertain significance,Rv1258c_p.Pro414Ser
KAN,3568646,3) Uncertain significance,whiB7_p.Arg12fs
STM,3568646,3) Uncertain significance,whiB7_p.Arg12fs
KAN,3568747,3) Uncertain significance,whiB7_c.-68C>G
KAN,2714439,3) Uncertain significance,eis_p.Ile298fs
KAN,2715007,3) Uncertain significance,eis_p.Ala109Gly
KAN,2714344,3) Uncertain significance,eis_p.Ala330Val
STM,1406631,3) Uncertain significance,Rv1258c_p.Ala237Val
PZA,1406631,3) Uncertain significance,Rv1258c_p.Ala237Val
INH,1406631,3) Uncertain significance,Rv1258c_p.Ala237Val
STM,1406760,3) Uncertain significance,Rv1258c_p.Glu194fs
RIF,3065866,3) Uncertain significance,Rv2752c_p.Leu109Trp
INH,3065860,3) Uncertain significance,Rv2752c_p.Leu111Arg
RIF,3065860,3) Uncertain significance,Rv2752c_p.Leu111Arg
INH,3065023,3) Uncertain significance,Rv2752c_p.Pro390Leu
RIF,3065023,3) Uncertain significance,Rv2752c_p.Pro390Leu
INH,3064738,3) Uncertain significance,Rv2752c_p.Gln485Pro
RIF,3064738,3) Uncertain significance,Rv2752c_p.Gln485Pro
INH,3065389,3) Uncertain significance,Rv2752c_p.Arg268His
RIF,3065389,3) Uncertain significance,Rv2752c_p.Arg268His
INH,3065381,3) Uncertain significance,Rv2752c_p.Arg271Cys
RIF,3065381,3) Uncertain significance,Rv2752c_p.Arg271Cys
INH,3064799,3) Uncertain significance,Rv2752c_p.Arg465Trp
INH,3065866,3) Uncertain significance,Rv2752c_p.Leu109Trp
RIF,3064799,3) Uncertain significance,Rv2752c_p.Arg465Trp
RIF,3065954,3) Uncertain significance,Rv2752c_p.Thr80Ala
INH,3065756,3) Uncertain significance,Rv2752c_p.Val146Leu
RIF,3065756,3) Uncertain significance,Rv2752c_p.Val146Leu
INH,3065459,3) Uncertain significance,Rv2752c_p.Val245Ile
RIF,3065459,3) Uncertain significance,Rv2752c_p.Val245Ile
INH,3064519,3) Uncertain significance,Rv2752c_p.Val558Gly
RIF,3064519,3) Uncertain significance,Rv2752c_p.Val558Gly
INH,2726109,3) Uncertain significance,ahpC_c.-84T>C
INH,1674622,3) Uncertain significance,inhA_p.Gly141Arg
INH,2156140,3) Uncertain significance,katG_c.-29C>A
INH,2154159,3) Uncertain significance,katG_p.Glu651Asp
INH,2156112,3) Uncertain significance,katG_c.-1T>C
INH,3065954,3) Uncertain significance,Rv2752c_p.Thr80Ala
RIF,3065951,3) Uncertain significance,Rv2752c_p.His81Tyr
INH,3065951,3) Uncertain significance,Rv2752c_p.His81Tyr
RIF,3065950,3) Uncertain significance,Rv2752c_p.His81Arg
PZA,1407222,3) Uncertain significance,Rv1258c_p.Ser40Asn
STM,1407222,3) Uncertain significance,Rv1258c_p.Ser40Asn
INH,1406824,3) Uncertain significance,Rv1258c_p.Thr173Pro
PZA,1406824,3) Uncertain significance,Rv1258c_p.Thr173Pro
STM,1406824,3) Uncertain significance,Rv1258c_p.Thr173Pro
INH,1407150,3) Uncertain significance,Rv1258c_p.Thr64Ser
PZA,1407150,3) Uncertain significance,Rv1258c_p.Thr64Ser
STM,1407150,3) Uncertain significance,Rv1258c_p.Thr64Ser
INH,1406670,3) Uncertain significance,Rv1258c_p.Val224Ala
PZA,1406670,3) Uncertain significance,Rv1258c_p.Val224Ala
STM,1406670,3) Uncertain significance,Rv1258c_p.Val224Ala
INH,1406338,3) Uncertain significance,Rv1258c_p.Val335Met
PZA,1406338,3) Uncertain significance,Rv1258c_p.Val335Met
STM,1406338,3) Uncertain significance,Rv1258c_p.Val335Met
INH,3065705,3) Uncertain significance,Rv2752c_p.Gly163Arg
RIF,3065705,3) Uncertain significance,Rv2752c_p.Gly163Arg
INH,3064952,3) Uncertain significance,Rv2752c_p.Gly414Ser
RIF,3064952,3) Uncertain significance,Rv2752c_p.Gly414Ser
INH,3064874,3) Uncertain significance,Rv2752c_p.Gly440Ser
RIF,3064874,3) Uncertain significance,Rv2752c_p.Gly440Ser
INH,3065786,3) Uncertain significance,Rv2752c_p.His136Asp
RIF,3065786,3) Uncertain significance,Rv2752c_p.His136Asp
INH,3065692,3) Uncertain significance,Rv2752c_p.His167Arg
RIF,3065692,3) Uncertain significance,Rv2752c_p.His167Arg
INH,3065525,3) Uncertain significance,Rv2752c_p.His223Tyr
RIF,3065525,3) Uncertain significance,Rv2752c_p.His223Tyr
INH,3065950,3) Uncertain significance,Rv2752c_p.His81Arg
INH,2156045,3) Uncertain significance,katG_p.Val23Leu
INH,1406461,3) Uncertain significance,Rv1258c_p.Ala294Ser
INH,575924,3) Uncertain significance,mshA_p.Gly193Arg
INH,2101931,3) Uncertain significance,ndh_p.Ala371Val
STM,1407145,3) Uncertain significance,Rv1258c_p.Val66Ile
INH,3066134,3) Uncertain significance,Rv2752c_p.Ala20Pro
RIF,3066134,3) Uncertain significance,Rv2752c_p.Ala20Pro
INH,3064631,3) Uncertain significance,Rv2752c_p.Ala521Ser
RIF,3064631,3) Uncertain significance,Rv2752c_p.Ala521Ser
INH,3065851,3) Uncertain significance,Rv2752c_p.Glu114Gly
RIF,3065851,3) Uncertain significance,Rv2752c_p.Glu114Gly
INH,3065797,3) Uncertain significance,Rv2752c_p.Gln132Pro
RIF,3065797,3) Uncertain significance,Rv2752c_p.Gln132Pro
INH,3065780,3) Uncertain significance,Rv2752c_p.Val138Leu
RIF,3065780,3) Uncertain significance,Rv2752c_p.Val138Leu
PZA,1407145,3) Uncertain significance,Rv1258c_p.Val66Ile
RIF,3065605,3) Uncertain significance,Rv2752c_p.Val196Ala
INH,3065140,3) Uncertain significance,Rv2752c_p.Val351Ala
RIF,3065140,3) Uncertain significance,Rv2752c_p.Val351Ala
INH,2726190,3) Uncertain significance,ahpC_c.-3_-2insT
INH,2154335,3) Uncertain significance,katG_p.Gly593Cys
INH,2155973,3) Uncertain significance,katG_p.Val47Ile
INH,575747,3) Uncertain significance,mshA_p.Ala134Thr
INH,1407190,3) Uncertain significance,Rv1258c_p.Gly42fs
PZA,1407190,3) Uncertain significance,Rv1258c_p.Gly42fs
STM,1407190,3) Uncertain significance,Rv1258c_p.Gly42fs
INH,1406760,3) Uncertain significance,Rv1258c_p.Glu194fs
PZA,1406760,3) Uncertain significance,Rv1258c_p.Glu194fs
INH,3065605,3) Uncertain significance,Rv2752c_p.Val196Ala
INH,1407145,3) Uncertain significance,Rv1258c_p.Val66Ile
INH,1406304,3) Uncertain significance,Rv1258c_p.Gly346Asp
INH,2103058,3) Uncertain significance,ndh_c.-16T>C
INH,2102022,3) Uncertain significance,ndh_p.Lys341Glu
INH,1407102,3) Uncertain significance,Rv1258c_p.Ala80Val
PZA,1407102,3) Uncertain significance,Rv1258c_p.Ala80Val
INH,1406400,3) Uncertain significance,Rv1258c_p.Ile314Thr
PZA,1406400,3) Uncertain significance,Rv1258c_p.Ile314Thr
INH,3064559,3) Uncertain significance,Rv2752c_p.Glu543fs
RIF,3064559,3) Uncertain significance,Rv2752c_p.Glu543fs
INH,3065774,3) Uncertain significance,Rv2752c_p.Glu140fs
RIF,3065774,3) Uncertain significance,Rv2752c_p.Glu140fs
INH,3065734,3) Uncertain significance,Rv2752c_p.Ala153Val
RIF,3065734,3) Uncertain significance,Rv2752c_p.Ala153Val
INH,3065431,3) Uncertain significance,Rv2752c_p.Ala254Val
RIF,3065431,3) Uncertain significance,Rv2752c_p.Ala254Val
INH,3066128,3) Uncertain significance,Rv2752c_p.Gly22Cys
RIF,3066128,3) Uncertain significance,Rv2752c_p.Gly22Cys
INH,3064820,3) Uncertain significance,Rv2752c_p.Gly458Arg
RIF,3064820,3) Uncertain significance,Rv2752c_p.Gly458Arg
INH,3065930,3) Uncertain significance,Rv2752c_p.Gly88Trp
RIF,3065930,3) Uncertain significance,Rv2752c_p.Gly88Trp
INH,3065944,3) Uncertain significance,Rv2752c_p.His83Arg
RIF,3065944,3) Uncertain significance,Rv2752c_p.His83Arg
INH,3065999,3) Uncertain significance,Rv2752c_p.Arg65Ser
RIF,3065999,3) Uncertain significance,Rv2752c_p.Arg65Ser
INH,3065102,3) Uncertain significance,Rv2752c_p.Thr364Pro
RIF,3065102,3) Uncertain significance,Rv2752c_p.Thr364Pro
INH,2156005,3) Uncertain significance,katG_p.Gln36Pro
INH,2103059,3) Uncertain significance,ndh_c.-17G>A
INH,575442,3) Uncertain significance,mshA_p.Gly32Glu
INH,3064886,3) Uncertain significance,Rv2752c_p.Ala436Thr
INH,1406496,3) Uncertain significance,Rv1258c_p.Ala282Gly
INH,1406544,3) Uncertain significance,Rv1258c_p.Ala266Val
RIF,3065665,3) Uncertain significance,Rv2752c_p.Leu176Ser
INH,3065620,3) Uncertain significance,Rv2752c_p.Leu191Pro
RIF,3065620,3) Uncertain significance,Rv2752c_p.Leu191Pro
INH,3065593,3) Uncertain significance,Rv2752c_p.Leu200Arg
RIF,3065593,3) Uncertain significance,Rv2752c_p.Leu200Arg
INH,3065527,3) Uncertain significance,Rv2752c_p.Leu222Pro
RIF,3065527,3) Uncertain significance,Rv2752c_p.Leu222Pro
INH,3065527,3) Uncertain significance,Rv2752c_p.Leu222Gln
RIF,3065527,3) Uncertain significance,Rv2752c_p.Leu222Gln
INH,3065527,3) Uncertain significance,Rv2752c_p.Leu222Arg
INH,3065518,3) Uncertain significance,Rv2752c_p.Leu225Pro
RIF,3065518,3) Uncertain significance,Rv2752c_p.Leu225Pro
INH,3065665,3) Uncertain significance,Rv2752c_p.Leu176Ser
INH,3065365,3) Uncertain significance,Rv2752c_p.Leu276Pro
RIF,3066082,3) Uncertain significance,Rv2752c_p.Leu37Pro
INH,3066070,3) Uncertain significance,Rv2752c_p.Leu41Ser
RIF,3066070,3) Uncertain significance,Rv2752c_p.Leu41Ser
INH,3064926,3) Uncertain significance,Rv2752c_p.Leu422Phe
RIF,3064926,3) Uncertain significance,Rv2752c_p.Leu422Phe
INH,3066049,3) Uncertain significance,Rv2752c_p.Leu48Ser
RIF,3066049,3) Uncertain significance,Rv2752c_p.Leu48Ser
INH,3066010,3) Uncertain significance,Rv2752c_p.Leu61Pro
RIF,3066010,3) Uncertain significance,Rv2752c_p.Leu61Pro
INH,3065962,3) Uncertain significance,Rv2752c_p.Leu77Arg
RIF,3065962,3) Uncertain significance,Rv2752c_p.Leu77Arg
INH,3065914,3) Uncertain significance,Rv2752c_p.Leu93Arg
INH,3066082,3) Uncertain significance,Rv2752c_p.Leu37Pro
INH,3065911,3) Uncertain significance,Rv2752c_p.Leu94Arg
RIF,3066145,3) Uncertain significance,Rv2752c_p.Leu16Trp
RIF,3066144,3) Uncertain significance,Rv2752c_p.Leu16Phe
RIF,3065449,3) Uncertain significance,Rv2752c_p.Ile248Thr
INH,3065446,3) Uncertain significance,Rv2752c_p.Ile249Ser
RIF,3065446,3) Uncertain significance,Rv2752c_p.Ile249Ser
INH,3066064,3) Uncertain significance,Rv2752c_p.Ile43Ser
RIF,3066064,3) Uncertain significance,Rv2752c_p.Ile43Ser
INH,3064834,3) Uncertain significance,Rv2752c_p.Ile453Thr
RIF,3064834,3) Uncertain significance,Rv2752c_p.Ile453Thr
INH,3064814,3) Uncertain significance,Rv2752c_p.Ile460Val
RIF,3064814,3) Uncertain significance,Rv2752c_p.Ile460Val
INH,3064611,3) Uncertain significance,Rv2752c_p.Ile527Met
RIF,3064611,3) Uncertain significance,Rv2752c_p.Ile527Met
INH,3064606,3) Uncertain significance,Rv2752c_p.Ile529Ser
INH,3066145,3) Uncertain significance,Rv2752c_p.Leu16Trp
RIF,3064606,3) Uncertain significance,Rv2752c_p.Ile529Ser
RIF,3064526,3) Uncertain significance,Rv2752c_p.Ile556Val
INH,3065932,3) Uncertain significance,Rv2752c_p.Ile87Thr
RIF,3065932,3) Uncertain significance,Rv2752c_p.Ile87Thr
INH,3065677,3) Uncertain significance,Rv2752c_p.Lys172Thr
RIF,3065677,3) Uncertain significance,Rv2752c_p.Lys172Thr
INH,3064969,3) Uncertain significance,Rv2752c_p.Lys408Arg
RIF,3064969,3) Uncertain significance,Rv2752c_p.Lys408Arg
INH,3064576,3) Uncertain significance,Rv2752c_p.Lys539Thr
RIF,3064576,3) Uncertain significance,Rv2752c_p.Lys539Thr
INH,3066160,3) Uncertain significance,Rv2752c_p.Leu11Arg
RIF,3066160,3) Uncertain significance,Rv2752c_p.Leu11Arg
INH,3066144,3) Uncertain significance,Rv2752c_p.Leu16Phe
INH,3064526,3) Uncertain significance,Rv2752c_p.Ile556Val
RIF,3065911,3) Uncertain significance,Rv2752c_p.Leu94Arg
INH,3065011,3) Uncertain significance,Rv2752c_p.Met394Thr
RIF,3065011,3) Uncertain significance,Rv2752c_p.Met394Thr
INH,3066043,3) Uncertain significance,Rv2752c_p.Pro50Leu
RIF,3066043,3) Uncertain significance,Rv2752c_p.Pro50Leu
INH,3064546,3) Uncertain significance,Rv2752c_p.Pro549Gln
RIF,3064546,3) Uncertain significance,Rv2752c_p.Pro549Gln
INH,3064534,3) Uncertain significance,Rv2752c_p.Pro553Leu
RIF,3064534,3) Uncertain significance,Rv2752c_p.Pro553Leu
INH,3066028,3) Uncertain significance,Rv2752c_p.Pro55Leu
RIF,3066028,3) Uncertain significance,Rv2752c_p.Pro55Leu
INH,3066008,3) Uncertain significance,Rv2752c_p.Pro62Ser
RIF,3066008,3) Uncertain significance,Rv2752c_p.Pro62Ser
INH,3066175,3) Uncertain significance,Rv2752c_p.Pro6Arg
RIF,3066175,3) Uncertain significance,Rv2752c_p.Pro6Arg
RIF,3064735,3) Uncertain significance,Rv2752c_p.Pro486Leu
INH,3066172,3) Uncertain significance,Rv2752c_p.Pro7Gln
INH,3065455,3) Uncertain significance,Rv2752c_p.Gln246Arg
RIF,3065455,3) Uncertain significance,Rv2752c_p.Gln246Arg
INH,3065369,3) Uncertain significance,Rv2752c_p.Gln275*
RIF,3065369,3) Uncertain significance,Rv2752c_p.Gln275*
INH,3065296,3) Uncertain significance,Rv2752c_p.Gln299Arg
RIF,3065296,3) Uncertain significance,Rv2752c_p.Gln299Arg
INH,3065270,3) Uncertain significance,Rv2752c_p.Gln308*
RIF,3065270,3) Uncertain significance,Rv2752c_p.Gln308*
INH,3065270,3) Uncertain significance,Rv2752c_p.Gln308Glu
RIF,3065270,3) Uncertain significance,Rv2752c_p.Gln308Glu
INH,3065269,3) Uncertain significance,Rv2752c_p.Gln308Pro
RIF,3065269,3) Uncertain significance,Rv2752c_p.Gln308Pro
RIF,3066172,3) Uncertain significance,Rv2752c_p.Pro7Gln
INH,3064735,3) Uncertain significance,Rv2752c_p.Pro486Leu
RIF,3064945,3) Uncertain significance,Rv2752c_p.Pro416Leu
INH,3064945,3) Uncertain significance,Rv2752c_p.Pro416Leu
INH,3064851,3) Uncertain significance,Rv2752c_p.Met447Ile
RIF,3064851,3) Uncertain significance,Rv2752c_p.Met447Ile
INH,3066000,3) Uncertain significance,Rv2752c_p.Met64Ile
RIF,3066000,3) Uncertain significance,Rv2752c_p.Met64Ile
INH,3066104,3) Uncertain significance,Rv2752c_p.Asn30Asp
RIF,3066104,3) Uncertain significance,Rv2752c_p.Asn30Asp
INH,3066102,3) Uncertain significance,Rv2752c_p.Asn30Lys
RIF,3066102,3) Uncertain significance,Rv2752c_p.Asn30Lys
INH,3064975,3) Uncertain significance,Rv2752c_p.Asn406Ser
RIF,3064975,3) Uncertain significance,Rv2752c_p.Asn406Ser
INH,3064917,3) Uncertain significance,Rv2752c_p.Asn425Lys
RIF,3064917,3) Uncertain significance,Rv2752c_p.Asn425Lys
INH,3064628,3) Uncertain significance,Rv2752c_p.Asn522Asp
RIF,3064628,3) Uncertain significance,Rv2752c_p.Asn522Asp
INH,3066163,3) Uncertain significance,Rv2752c_p.Pro10Arg
RIF,3066163,3) Uncertain significance,Rv2752c_p.Pro10Arg
INH,3065825,3) Uncertain significance,Rv2752c_p.Pro123Ser
RIF,3065825,3) Uncertain significance,Rv2752c_p.Pro123Ser
INH,3065647,3) Uncertain significance,Rv2752c_p.Pro182Leu
INH,3065636,3) Uncertain significance,Rv2752c_p.Pro186Ser
RIF,3065636,3) Uncertain significance,Rv2752c_p.Pro186Ser
INH,3065567,3) Uncertain significance,Rv2752c_p.Pro209Ser
INH,575325,3) Uncertain significance,mshA_c.-23G>A
INH,3065534,3) Uncertain significance,Rv2752c_p.Pro220Ala
RIF,3065534,3) Uncertain significance,Rv2752c_p.Pro220Ala
INH,3065533,3) Uncertain significance,Rv2752c_p.Pro220Leu
RIF,3065533,3) Uncertain significance,Rv2752c_p.Pro220Leu
INH,3065449,3) Uncertain significance,Rv2752c_p.Ile248Thr
INH,3065093,3) Uncertain significance,Rv2752c_p.Gln367*
RIF,3065491,3) Uncertain significance,Rv2752c_p.Ile234Arg
RIF,3065698,3) Uncertain significance,Rv2752c_p.Ile165Ser
INH,3065573,3) Uncertain significance,Rv2752c_p.Glu207Gln
RIF,3065573,3) Uncertain significance,Rv2752c_p.Glu207Gln
INH,3065541,3) Uncertain significance,Rv2752c_p.Glu217Asp
RIF,3065541,3) Uncertain significance,Rv2752c_p.Glu217Asp
INH,3065542,3) Uncertain significance,Rv2752c_p.Glu217Gly
RIF,3065542,3) Uncertain significance,Rv2752c_p.Glu217Gly
INH,3065263,3) Uncertain significance,Rv2752c_p.Glu310Ala
RIF,3065263,3) Uncertain significance,Rv2752c_p.Glu310Ala
INH,3065053,3) Uncertain significance,Rv2752c_p.Glu380Ala
RIF,3065053,3) Uncertain significance,Rv2752c_p.Glu380Ala
INH,3064921,3) Uncertain significance,Rv2752c_p.Glu424Gly
INH,3064697,3) Uncertain significance,Rv2752c_p.Glu499*
RIF,3065573,3) Uncertain significance,Rv2752c_p.Glu207Lys
RIF,3064697,3) Uncertain significance,Rv2752c_p.Glu499*
INH,3065940,3) Uncertain significance,Rv2752c_p.Glu84Asp
RIF,3065940,3) Uncertain significance,Rv2752c_p.Glu84Asp
INH,3065043,3) Uncertain significance,Rv2752c_p.Phe383Leu
RIF,3065043,3) Uncertain significance,Rv2752c_p.Phe383Leu
INH,3065881,3) Uncertain significance,Rv2752c_p.Gly104Ala
RIF,3065881,3) Uncertain significance,Rv2752c_p.Gly104Ala
INH,3065882,3) Uncertain significance,Rv2752c_p.Gly104Ser
RIF,3065882,3) Uncertain significance,Rv2752c_p.Gly104Ser
INH,3066149,3) Uncertain significance,Rv2752c_p.Gly15Arg
INH,3065711,3) Uncertain significance,Rv2752c_p.Gly161Cys
RIF,3065711,3) Uncertain significance,Rv2752c_p.Gly161Cys
INH,3065654,3) Uncertain significance,Rv2752c_p.Gly180Cys
INH,3064646,3) Uncertain significance,Rv2752c_p.Glu516*
RIF,3065654,3) Uncertain significance,Rv2752c_p.Gly180Cys
INH,3065573,3) Uncertain significance,Rv2752c_p.Glu207Lys
INH,3065938,3) Uncertain significance,Rv2752c_p.Asp85Gly
INH,3064771,3) Uncertain significance,Rv2752c_p.Ala474Val
RIF,3064771,3) Uncertain significance,Rv2752c_p.Ala474Val
INH,3064604,3) Uncertain significance,Rv2752c_p.Ala530Thr
RIF,3064604,3) Uncertain significance,Rv2752c_p.Ala530Thr
INH,3065965,3) Uncertain significance,Rv2752c_p.Ala76Val
RIF,3065965,3) Uncertain significance,Rv2752c_p.Ala76Val
INH,3066208,3) Uncertain significance,Rv2752c_c.-17C>G
INH,3065591,3) Uncertain significance,Rv2752c_p.Cys201Arg
RIF,3065591,3) Uncertain significance,Rv2752c_p.Cys201Arg
INH,3065590,3) Uncertain significance,Rv2752c_p.Cys201Tyr
RIF,3065590,3) Uncertain significance,Rv2752c_p.Cys201Tyr
INH,3066220,3) Uncertain significance,Rv2752c_c.-29C>T
RIF,3065938,3) Uncertain significance,Rv2752c_p.Asp85Gly
RIF,3066220,3) Uncertain significance,Rv2752c_c.-29C>T
RIF,3066058,3) Uncertain significance,Rv2752c_p.Cys45Phe
INH,3065670,3) Uncertain significance,Rv2752c_p.Asp174Glu
INH,3065640,3) Uncertain significance,Rv2752c_p.Asp184Glu
RIF,3065640,3) Uncertain significance,Rv2752c_p.Asp184Glu
INH,3065503,3) Uncertain significance,Rv2752c_p.Asp230Gly
RIF,3065503,3) Uncertain significance,Rv2752c_p.Asp230Gly
INH,3064843,3) Uncertain significance,Rv2752c_p.Asp450Gly
RIF,3064843,3) Uncertain significance,Rv2752c_p.Asp450Gly
INH,3066004,3) Uncertain significance,Rv2752c_p.Asp63Gly
RIF,3066004,3) Uncertain significance,Rv2752c_p.Asp63Gly
INH,3065937,3) Uncertain significance,Rv2752c_p.Asp85Glu
RIF,3065937,3) Uncertain significance,Rv2752c_p.Asp85Glu
INH,3066058,3) Uncertain significance,Rv2752c_p.Cys45Phe
INH,3065632,3) Uncertain significance,Rv2752c_p.Gly187Asp
RIF,3065632,3) Uncertain significance,Rv2752c_p.Gly187Asp
INH,3065564,3) Uncertain significance,Rv2752c_p.Gly210Arg
RIF,3064567,3) Uncertain significance,Rv2752c_p.Gly542Glu
INH,3065947,3) Uncertain significance,Rv2752c_p.Gly82Glu
RIF,3065947,3) Uncertain significance,Rv2752c_p.Gly82Glu
INH,3065748,3) Uncertain significance,Rv2752c_p.His148Gln
RIF,3065748,3) Uncertain significance,Rv2752c_p.His148Gln
INH,3065750,3) Uncertain significance,Rv2752c_p.His148Tyr
RIF,3065750,3) Uncertain significance,Rv2752c_p.His148Tyr
INH,3065524,3) Uncertain significance,Rv2752c_p.His223Arg
RIF,3065524,3) Uncertain significance,Rv2752c_p.His223Arg
INH,3066084,3) Uncertain significance,Rv2752c_p.His36Gln
RIF,3066084,3) Uncertain significance,Rv2752c_p.His36Gln
INH,3065068,3) Uncertain significance,Rv2752c_p.His375Arg
INH,3064567,3) Uncertain significance,Rv2752c_p.Gly542Glu
RIF,3065068,3) Uncertain significance,Rv2752c_p.His375Arg
RIF,3065069,3) Uncertain significance,Rv2752c_p.His375Tyr
INH,3064714,3) Uncertain significance,Rv2752c_p.His493Pro
RIF,3064714,3) Uncertain significance,Rv2752c_p.His493Pro
INH,3065945,3) Uncertain significance,Rv2752c_p.His83Tyr
RIF,3065945,3) Uncertain significance,Rv2752c_p.His83Tyr
INH,3065935,3) Uncertain significance,Rv2752c_p.His86Arg
RIF,3065935,3) Uncertain significance,Rv2752c_p.His86Arg
INH,3065936,3) Uncertain significance,Rv2752c_p.His86Tyr
RIF,3065936,3) Uncertain significance,Rv2752c_p.His86Tyr
INH,3065829,3) Uncertain significance,Rv2752c_p.Ile121Met
RIF,3065829,3) Uncertain significance,Rv2752c_p.Ile121Met
INH,3065698,3) Uncertain significance,Rv2752c_p.Ile165Ser
INH,3065069,3) Uncertain significance,Rv2752c_p.His375Tyr
RIF,3064579,3) Uncertain significance,Rv2752c_p.Gly538Asp
INH,3064579,3) Uncertain significance,Rv2752c_p.Gly538Asp
RIF,3066041,3) Uncertain significance,Rv2752c_p.Gly51Ser
RIF,3065564,3) Uncertain significance,Rv2752c_p.Gly210Arg
INH,3065510,3) Uncertain significance,Rv2752c_p.Gly228Cys
RIF,3065510,3) Uncertain significance,Rv2752c_p.Gly228Cys
INH,3066127,3) Uncertain significance,Rv2752c_p.Gly22Val
RIF,3066127,3) Uncertain significance,Rv2752c_p.Gly22Val
INH,3065425,3) Uncertain significance,Rv2752c_p.Gly256Val
RIF,3065425,3) Uncertain significance,Rv2752c_p.Gly256Val
INH,3066109,3) Uncertain significance,Rv2752c_p.Gly28Val
RIF,3066109,3) Uncertain significance,Rv2752c_p.Gly28Val
INH,"3065231,3065230",3) Uncertain significance,Rv2752c_p.Gly321Thr
INH,3065200,3) Uncertain significance,Rv2752c_p.Gly331Val
RIF,3065200,3) Uncertain significance,Rv2752c_p.Gly331Val
INH,3065165,3) Uncertain significance,Rv2752c_p.Gly343Cys
INH,3065143,3) Uncertain significance,Rv2752c_p.Gly350Glu
RIF,3065143,3) Uncertain significance,Rv2752c_p.Gly350Glu
INH,3065072,3) Uncertain significance,Rv2752c_p.Gly374Ser
INH,3065032,3) Uncertain significance,Rv2752c_p.Gly387Glu
RIF,3065032,3) Uncertain significance,Rv2752c_p.Gly387Glu
INH,3064915,3) Uncertain significance,Rv2752c_p.Gly426Ala
RIF,3064915,3) Uncertain significance,Rv2752c_p.Gly426Ala
INH,3064840,3) Uncertain significance,Rv2752c_p.Gly451Asp
RIF,3064840,3) Uncertain significance,Rv2752c_p.Gly451Asp
INH,3064741,3) Uncertain significance,Rv2752c_p.Gly484Asp
RIF,3064741,3) Uncertain significance,Rv2752c_p.Gly484Asp
INH,3064742,3) Uncertain significance,Rv2752c_p.Gly484Ser
RIF,3064742,3) Uncertain significance,Rv2752c_p.Gly484Ser
INH,3066041,3) Uncertain significance,Rv2752c_p.Gly51Ser
INH,3065491,3) Uncertain significance,Rv2752c_p.Ile234Arg
RIF,3065093,3) Uncertain significance,Rv2752c_p.Gln367*
INH,3064943,3) Uncertain significance,Rv2752c_p.Gln417*
RIF,3064943,3) Uncertain significance,Rv2752c_p.Gln417*
INH,2726673,3) Uncertain significance,ahpC_p.Val161Leu
INH,1674191,3) Uncertain significance,inhA_c.-11C>A
INH,1674292,3) Uncertain significance,inhA_p.Glu31Lys
INH,1674617,3) Uncertain significance,inhA_p.Asn139Ser
INH,2155627,3) Uncertain significance,katG_p.Ala162Val
INH,2154841,3) Uncertain significance,katG_p.Ala424Val
INH,2154685,3) Uncertain significance,katG_p.Ala476Val
INH,2154296,3) Uncertain significance,katG_p.Ala606Thr
INH,2156147,3) Uncertain significance,katG_c.-36C>T
INH,2154467,3) Uncertain significance,katG_p.Cys549Gly
INH,2154581,3) Uncertain significance,katG_p.Asp511Asn
INH,2154575,3) Uncertain significance,katG_p.Asp513Asn
INH,2726664,3) Uncertain significance,ahpC_p.Val158Phe
INH,2154124,3) Uncertain significance,katG_p.Asp663Gly
INH,2155876,3) Uncertain significance,katG_p.Asp79Ala
INH,2154548,3) Uncertain significance,katG_p.Glu522Lys
INH,2155745,3) Uncertain significance,katG_p.Gly123Arg
INH,2155739,3) Uncertain significance,katG_p.Gly125Ser
INH,2155555,3) Uncertain significance,katG_p.Gly186Ala
INH,2155402,3) Uncertain significance,katG_p.Gly237Ala
INH,2155100,3) Uncertain significance,katG_p.Gly338Ser
INH,2154632,3) Uncertain significance,katG_p.Gly494Ser
INH,2154433,3) Uncertain significance,katG_p.Gly560Ala
INH,2155315,3) Uncertain significance,katG_p.Ile266Thr
INH,2155640,3) Uncertain significance,katG_p.Lys158Glu
INH,2154832,3) Uncertain significance,katG_p.Leu427Arg
INH,2155891,3) Uncertain significance,katG_p.Asp74Gly
INH,2154805,3) Uncertain significance,katG_p.Leu436Arg
INH,2726740,3) Uncertain significance,ahpC_p.Pro183Leu
INH,2726306,3) Uncertain significance,ahpC_p.Ile38Met
RIF,3066052,3) Uncertain significance,Rv2752c_p.Val47Ala
INH,3064594,3) Uncertain significance,Rv2752c_p.Val533Gly
RIF,3064594,3) Uncertain significance,Rv2752c_p.Val533Gly
INH,3064570,3) Uncertain significance,Rv2752c_p.Val541Gly
RIF,3064570,3) Uncertain significance,Rv2752c_p.Val541Gly
INH,3064537,3) Uncertain significance,Rv2752c_p.Val552Ala
RIF,3064537,3) Uncertain significance,Rv2752c_p.Val552Ala
INH,3064537,3) Uncertain significance,Rv2752c_p.Val552Gly
RIF,3064537,3) Uncertain significance,Rv2752c_p.Val552Gly
INH,3064529,3) Uncertain significance,Rv2752c_p.Val555Ile
RIF,3064529,3) Uncertain significance,Rv2752c_p.Val555Ile
INH,3064994,3) Uncertain significance,Rv2752c_p.Trp400Arg
INH,2726536,3) Uncertain significance,ahpC_p.Lys115Arg
RIF,3064994,3) Uncertain significance,Rv2752c_p.Trp400Arg
RIF,3065764,3) Uncertain significance,Rv2752c_p.Tyr143Cys
INH,3065715,3) Uncertain significance,Rv2752c_p.Tyr159*
RIF,3065715,3) Uncertain significance,Rv2752c_p.Tyr159*
INH,3065039,3) Uncertain significance,Rv2752c_p.Tyr385Asp
RIF,3065039,3) Uncertain significance,Rv2752c_p.Tyr385Asp
INH,3064558,3) Uncertain significance,Rv2752c_p.Tyr545Cys
RIF,3064558,3) Uncertain significance,Rv2752c_p.Tyr545Cys
INH,2726440,3) Uncertain significance,ahpC_p.Val85fs
INH,2726148,3) Uncertain significance,ahpC_c.-45A>G
INH,2726140,3) Uncertain significance,ahpC_c.-53A>G
INH,2726750,3) Uncertain significance,ahpC_p.Asp186Glu
INH,2726103,3) Uncertain significance,ahpC_c.-90G>C
INH,3065764,3) Uncertain significance,Rv2752c_p.Tyr143Cys
INH,2154571,3) Uncertain significance,katG_p.Leu514Pro
INH,2154286,3) Uncertain significance,katG_p.Met609Thr
INH,2155860,3) Uncertain significance,katG_p.Met84Ile
INH,2101694,3) Uncertain significance,ndh_p.Glu447_Ala449del
INH,2102556,3) Uncertain significance,ndh_p.Ser162fs
INH,2101997,3) Uncertain significance,ndh_p.Ala349Gly
INH,2101982,3) Uncertain significance,ndh_p.Ala354Val
INH,2101737,3) Uncertain significance,ndh_p.Ala436Thr
INH,2102663,3) Uncertain significance,ndh_p.Gly127Asp
INH,2103054,3) Uncertain significance,ndh_c.-12G>A
INH,2102187,3) Uncertain significance,ndh_p.Gly286Ser
INH,2102770,3) Uncertain significance,ndh_p.His91Gln
INH,2102490,3) Uncertain significance,ndh_p.Met185Leu
INH,2101892,3) Uncertain significance,ndh_p.Pro384Arg
INH,2102353,3) Uncertain significance,ndh_p.Gln230His
INH,575684,3) Uncertain significance,mshA_p.Val113Leu
INH,2101954,3) Uncertain significance,ndh_p.Gln363His
INH,2101769,3) Uncertain significance,ndh_p.Arg425His
INH,2102270,3) Uncertain significance,ndh_p.Thr258Ser
INH,2101791,3) Uncertain significance,ndh_p.Thr418Ala
INH,2102268,3) Uncertain significance,ndh_p.Val259Ile
INH,2102819,3) Uncertain significance,ndh_p.Val75Ala
INH,1406899,3) Uncertain significance,Rv1258c_p.Ala148Thr
PZA,1406899,3) Uncertain significance,Rv1258c_p.Ala148Thr
STM,1406899,3) Uncertain significance,Rv1258c_p.Ala148Thr
INH,1406754,3) Uncertain significance,Rv1258c_p.Ala196Gly
PZA,1406754,3) Uncertain significance,Rv1258c_p.Ala196Gly
INH,2103028,3) Uncertain significance,ndh_p.Gln5His
INH,576270,3) Uncertain significance,mshA_p.Ser308Leu
INH,576023,3) Uncertain significance,mshA_p.Ser226Ala
INH,576012,3) Uncertain significance,mshA_p.Arg222Met
INH,2155144,3) Uncertain significance,katG_p.Asn323Ser
INH,2154508,3) Uncertain significance,katG_p.Asn535Thr
INH,2154826,3) Uncertain significance,katG_p.Pro429Arg
INH,2154514,3) Uncertain significance,katG_p.Pro533Leu
INH,2154416,3) Uncertain significance,katG_p.Pro566Ser
INH,2154700,3) Uncertain significance,katG_p.Gln471Leu
INH,2155963,3) Uncertain significance,katG_p.Gln50Pro
INH,2155367,3) Uncertain significance,katG_p.Arg249Ser
INH,2156078,3) Uncertain significance,katG_p.Thr12Ala
INH,2154985,3) Uncertain significance,katG_p.Thr376Met
INH,2154709,3) Uncertain significance,katG_p.Thr468Ile
INH,2154173,3) Uncertain significance,katG_p.Thr647Pro
INH,2154499,3) Uncertain significance,katG_p.Val538Ala
INH,2154356,3) Uncertain significance,katG_p.Val586Met
INH,2154200,3) Uncertain significance,katG_p.Tyr638His
INH,"2154080,2154079",3) Uncertain significance,katG_p.Tyr678Ala
INH,"2154079,2154078",3) Uncertain significance,katG_p.Tyr678Leu
INH,575688,3) Uncertain significance,mshA_p.Ala114Val
INH,576609,3) Uncertain significance,mshA_p.Ala421Val
INH,575322,3) Uncertain significance,mshA_c.-26C>T
INH,576717,3) Uncertain significance,mshA_p.Gly457Val
INH,576746,3) Uncertain significance,mshA_p.Gly467Arg
INH,576557,3) Uncertain significance,mshA_p.His404Asn
INH,576725,3) Uncertain significance,mshA_p.Ile460Val
INH,575478,3) Uncertain significance,mshA_p.Pro44Leu
INH,575843,3) Uncertain significance,mshA_p.Arg166Cys
INH,3066052,3) Uncertain significance,Rv2752c_p.Val47Ala
RIF,3064769,3) Uncertain significance,Rv2752c_p.Val475Leu
INH,3064769,3) Uncertain significance,Rv2752c_p.Val475Leu
RIF,3064823,3) Uncertain significance,Rv2752c_p.Val457Ile
RIF,3064798,3) Uncertain significance,Rv2752c_p.Arg465Leu
INH,3064750,3) Uncertain significance,Rv2752c_p.Arg481His
RIF,3064750,3) Uncertain significance,Rv2752c_p.Arg481His
INH,3064750,3) Uncertain significance,Rv2752c_p.Arg481Leu
RIF,3064750,3) Uncertain significance,Rv2752c_p.Arg481Leu
INH,3064610,3) Uncertain significance,Rv2752c_p.Arg528Trp
RIF,3064610,3) Uncertain significance,Rv2752c_p.Arg528Trp
INH,3065903,3) Uncertain significance,Rv2752c_p.Arg97*
RIF,3065903,3) Uncertain significance,Rv2752c_p.Arg97*
INH,3065902,3) Uncertain significance,Rv2752c_p.Arg97Gln
RIF,3065902,3) Uncertain significance,Rv2752c_p.Arg97Gln
INH,3066154,3) Uncertain significance,Rv2752c_p.Ser13Tyr
INH,3064798,3) Uncertain significance,Rv2752c_p.Arg465Leu
RIF,3066154,3) Uncertain significance,Rv2752c_p.Ser13Tyr
RIF,3065746,3) Uncertain significance,Rv2752c_p.Ser149Phe
INH,3065182,3) Uncertain significance,Rv2752c_p.Ser337Leu
RIF,3065182,3) Uncertain significance,Rv2752c_p.Ser337Leu
INH,3065183,3) Uncertain significance,Rv2752c_p.Ser337Pro
RIF,3065183,3) Uncertain significance,Rv2752c_p.Ser337Pro
INH,3065074,3) Uncertain significance,Rv2752c_p.Ser373Tyr
RIF,3065074,3) Uncertain significance,Rv2752c_p.Ser373Tyr
INH,3064956,3) Uncertain significance,Rv2752c_p.Ser412Arg
RIF,3064956,3) Uncertain significance,Rv2752c_p.Ser412Arg
INH,3064936,3) Uncertain significance,Rv2752c_p.Ser419*
INH,3064910,3) Uncertain significance,Rv2752c_p.Ser428Gly
RIF,3064910,3) Uncertain significance,Rv2752c_p.Ser428Gly
INH,3065746,3) Uncertain significance,Rv2752c_p.Ser149Phe
RIF,3064982,3) Uncertain significance,Rv2752c_p.Arg404Ser
INH,3064982,3) Uncertain significance,Rv2752c_p.Arg404Ser
RIF,3064991,3) Uncertain significance,Rv2752c_p.Arg401Gly
INH,3064738,3) Uncertain significance,Rv2752c_p.Gln485Arg
RIF,3064738,3) Uncertain significance,Rv2752c_p.Gln485Arg
INH,3064601,3) Uncertain significance,Rv2752c_p.Gln531Glu
RIF,3064601,3) Uncertain significance,Rv2752c_p.Gln531Glu
INH,3065651,3) Uncertain significance,Rv2752c_p.Arg181Cys
RIF,3065651,3) Uncertain significance,Rv2752c_p.Arg181Cys
INH,3065513,3) Uncertain significance,Rv2752c_p.Arg227Gly
RIF,3065513,3) Uncertain significance,Rv2752c_p.Arg227Gly
INH,3065461,3) Uncertain significance,Rv2752c_p.Arg244Gln
RIF,3065461,3) Uncertain significance,Rv2752c_p.Arg244Gln
INH,3066107,3) Uncertain significance,Rv2752c_p.Arg29Cys
RIF,3066107,3) Uncertain significance,Rv2752c_p.Arg29Cys
INH,3066107,3) Uncertain significance,Rv2752c_p.Arg29Gly
RIF,3066107,3) Uncertain significance,Rv2752c_p.Arg29Gly
INH,3065242,3) Uncertain significance,Rv2752c_p.Arg317Pro
RIF,3065242,3) Uncertain significance,Rv2752c_p.Arg317Pro
INH,3065233,3) Uncertain significance,Rv2752c_p.Arg320Pro
RIF,3065233,3) Uncertain significance,Rv2752c_p.Arg320Pro
INH,3065111,3) Uncertain significance,Rv2752c_p.Arg361Gly
RIF,3065111,3) Uncertain significance,Rv2752c_p.Arg361Gly
INH,3065109,3) Uncertain significance,Rv2752c_p.Arg361Ser
RIF,3065109,3) Uncertain significance,Rv2752c_p.Arg361Ser
INH,3065087,3) Uncertain significance,Rv2752c_p.Arg369Gly
RIF,3065087,3) Uncertain significance,Rv2752c_p.Arg369Gly
INH,3065027,3) Uncertain significance,Rv2752c_p.Arg389Gly
RIF,3065027,3) Uncertain significance,Rv2752c_p.Arg389Gly
INH,3064991,3) Uncertain significance,Rv2752c_p.Arg401Gly
INH,3064876,3) Uncertain significance,Rv2752c_p.Ser439Cys
PZA,1406544,3) Uncertain significance,Rv1258c_p.Ala266Val
RIF,3064876,3) Uncertain significance,Rv2752c_p.Ser439Cys
RIF,3064877,3) Uncertain significance,Rv2752c_p.Ser439Pro
RIF,3065809,3) Uncertain significance,Rv2752c_p.Val128Gly
INH,3065779,3) Uncertain significance,Rv2752c_p.Val138Ala
RIF,3065779,3) Uncertain significance,Rv2752c_p.Val138Ala
INH,3066189,3) Uncertain significance,Rv2752c_p.Val1?
RIF,3066189,3) Uncertain significance,Rv2752c_p.Val1?
INH,3065561,3) Uncertain significance,Rv2752c_p.Val211Ile
RIF,3065561,3) Uncertain significance,Rv2752c_p.Val211Ile
INH,3065561,3) Uncertain significance,Rv2752c_p.Val211Leu
RIF,3065561,3) Uncertain significance,Rv2752c_p.Val211Leu
INH,3065459,3) Uncertain significance,Rv2752c_p.Val245Leu
RIF,3065459,3) Uncertain significance,Rv2752c_p.Val245Leu
INH,3065416,3) Uncertain significance,Rv2752c_p.Val259Ala
INH,3065809,3) Uncertain significance,Rv2752c_p.Val128Gly
RIF,3065416,3) Uncertain significance,Rv2752c_p.Val259Ala
RIF,3065350,3) Uncertain significance,Rv2752c_p.Val281Glu
INH,3065189,3) Uncertain significance,Rv2752c_p.Val335Met
RIF,3065189,3) Uncertain significance,Rv2752c_p.Val335Met
INH,3065029,3) Uncertain significance,Rv2752c_p.Val388Glu
RIF,3065029,3) Uncertain significance,Rv2752c_p.Val388Glu
INH,3065015,3) Uncertain significance,Rv2752c_p.Val393Met
RIF,3065015,3) Uncertain significance,Rv2752c_p.Val393Met
INH,3065005,3) Uncertain significance,Rv2752c_p.Val396Gly
RIF,3065005,3) Uncertain significance,Rv2752c_p.Val396Gly
INH,3064949,3) Uncertain significance,Rv2752c_p.Val415Ile
RIF,3064949,3) Uncertain significance,Rv2752c_p.Val415Ile
INH,3064823,3) Uncertain significance,Rv2752c_p.Val457Ile
INH,3065350,3) Uncertain significance,Rv2752c_p.Val281Glu
RIF,3065858,3) Uncertain significance,Rv2752c_p.Val112Ile
INH,3065858,3) Uncertain significance,Rv2752c_p.Val112Ile
RIF,3065888,3) Uncertain significance,Rv2752c_p.Val102Ile
INH,3064786,3) Uncertain significance,Rv2752c_p.Ser469Leu
RIF,3064786,3) Uncertain significance,Rv2752c_p.Ser469Leu
INH,3064712,3) Uncertain significance,Rv2752c_p.Ser494Pro
RIF,3064712,3) Uncertain significance,Rv2752c_p.Ser494Pro
INH,3066201,3) Uncertain significance,Rv2752c_c.-10T>C
RIF,3066201,3) Uncertain significance,Rv2752c_c.-10T>C
INH,3065827,3) Uncertain significance,Rv2752c_p.Thr122Ile
RIF,3065827,3) Uncertain significance,Rv2752c_p.Thr122Ile
INH,3065791,3) Uncertain significance,Rv2752c_p.Thr134Ser
RIF,3065791,3) Uncertain significance,Rv2752c_p.Thr134Ser
INH,3065713,3) Uncertain significance,Rv2752c_p.Thr160Ile
RIF,3065713,3) Uncertain significance,Rv2752c_p.Thr160Ile
INH,3065714,3) Uncertain significance,Rv2752c_p.Thr160Pro
RIF,3065714,3) Uncertain significance,Rv2752c_p.Thr160Pro
INH,3065644,3) Uncertain significance,Rv2752c_p.Thr183Ile
RIF,3065644,3) Uncertain significance,Rv2752c_p.Thr183Ile
INH,3065582,3) Uncertain significance,Rv2752c_p.Thr204Ala
RIF,3065582,3) Uncertain significance,Rv2752c_p.Thr204Ala
INH,3064810,3) Uncertain significance,Rv2752c_p.Thr461Ile
RIF,3064810,3) Uncertain significance,Rv2752c_p.Thr461Ile
INH,3064811,3) Uncertain significance,Rv2752c_p.Thr461Pro
RIF,3064811,3) Uncertain significance,Rv2752c_p.Thr461Pro
INH,3064586,3) Uncertain significance,Rv2752c_p.Thr536Ser
RIF,3064586,3) Uncertain significance,Rv2752c_p.Thr536Ser
INH,3065953,3) Uncertain significance,Rv2752c_p.Thr80Ile
RIF,3065953,3) Uncertain significance,Rv2752c_p.Thr80Ile
INH,3065888,3) Uncertain significance,Rv2752c_p.Val102Ile
INH,3064877,3) Uncertain significance,Rv2752c_p.Ser439Pro
INH,575378,3) Uncertain significance,mshA_p.Gly11Arg
INH,2155584,3) Uncertain significance,katG_p.Met176Ile
INH,575600,3) Uncertain significance,mshA_p.Glu85Lys
INH,2103065,3) Uncertain significance,ndh_c.-23G>A
ETH,2102306,3) Uncertain significance,ndh_p.Gly246Ala
INH,2102306,3) Uncertain significance,ndh_p.Gly246Ala
ETH,2102141,3) Uncertain significance,ndh_p.Gly301Asp
INH,2102141,3) Uncertain significance,ndh_p.Gly301Asp
ETH,2103093,3) Uncertain significance,ndh_c.-51G>C
ETH,2103096,3) Uncertain significance,ndh_c.-54G>T
ETH,2103107,3) Uncertain significance,ndh_c.-65G>A
INH,2103107,3) Uncertain significance,ndh_c.-65G>A
ETH,2103112,3) Uncertain significance,ndh_c.-70G>T
ETH,2102984,3) Uncertain significance,ndh_p.Ile20Thr
INH,2102984,3) Uncertain significance,ndh_p.Ile20Thr
ETH,2102238,3) Uncertain significance,ndh_p.Ile269Val
INH,2102238,3) Uncertain significance,ndh_p.Ile269Val
ETH,2102538,3) Uncertain significance,ndh_p.Lys169Glu
INH,2102538,3) Uncertain significance,ndh_p.Lys169Glu
ETH,2102221,3) Uncertain significance,ndh_p.Lys274Asn
ETH,2101665,3) Uncertain significance,ndh_p.Lys460Glu
INH,2101665,3) Uncertain significance,ndh_p.Lys460Glu
ETH,2102534,3) Uncertain significance,ndh_p.Leu170Pro
ETH,2102117,3) Uncertain significance,ndh_p.Leu309Arg
INH,2102117,3) Uncertain significance,ndh_p.Leu309Arg
ETH,2102660,3) Uncertain significance,ndh_p.Asn128Ser
ETH,2102781,3) Uncertain significance,ndh_p.Asn88Asp
INH,2102781,3) Uncertain significance,ndh_p.Asn88Asp
ETH,2103065,3) Uncertain significance,ndh_c.-23G>A
ETH,2102109,3) Uncertain significance,ndh_p.Pro312Ser
INH,2102507,3) Uncertain significance,ndh_p.Gly179Asp
INH,2102679,3) Uncertain significance,ndh_p.Gly122Ser
ETH,2103087,3) Uncertain significance,ndh_c.-45A>G
INH,2103087,3) Uncertain significance,ndh_c.-45A>G
ETH,2102838,3) Uncertain significance,ndh_p.Ala69Ser
INH,2102838,3) Uncertain significance,ndh_p.Ala69Ser
ETH,2103017,3) Uncertain significance,ndh_p.Ala9Glu
ETH,2103043,3) Uncertain significance,ndh_c.-1C>G
ETH,2103076,3) Uncertain significance,ndh_c.-34C>T
INH,2103076,3) Uncertain significance,ndh_c.-34C>T
ETH,2102554,3) Uncertain significance,ndh_p.Asp163Glu
ETH,2102291,3) Uncertain significance,ndh_p.Asp251Ala
ETH,2102764,3) Uncertain significance,ndh_p.Asp93Glu
INH,2102764,3) Uncertain significance,ndh_p.Asp93Glu
ETH,2102549,3) Uncertain significance,ndh_p.Glu165Val
INH,2102549,3) Uncertain significance,ndh_p.Glu165Val
ETH,2102233,3) Uncertain significance,ndh_p.Glu270Asp
INH,2102233,3) Uncertain significance,ndh_p.Glu270Asp
ETH,2102063,3) Uncertain significance,ndh_p.Glu327Ala
INH,2102063,3) Uncertain significance,ndh_p.Glu327Ala
ETH,2101948,3) Uncertain significance,ndh_p.Phe365Leu
INH,2101948,3) Uncertain significance,ndh_p.Phe365Leu
ETH,2101734,3) Uncertain significance,ndh_p.Phe437Val
INH,2101734,3) Uncertain significance,ndh_p.Phe437Val
ETH,2102685,3) Uncertain significance,ndh_p.Gly120Ser
INH,2102685,3) Uncertain significance,ndh_p.Gly120Ser
ETH,2102679,3) Uncertain significance,ndh_p.Gly122Ser
ETH,2102507,3) Uncertain significance,ndh_p.Gly179Asp
INH,2102912,3) Uncertain significance,ndh_p.Ala44Gly
INH,2102109,3) Uncertain significance,ndh_p.Pro312Ser
INH,2102834,3) Uncertain significance,ndh_p.Pro70Leu
INH,2102694,3) Uncertain significance,ndh_p.Val117Ile
ETH,2102517,3) Uncertain significance,ndh_p.Val176Ile
ETH,2102385,3) Uncertain significance,ndh_p.Val220Leu
INH,2102385,3) Uncertain significance,ndh_p.Val220Leu
ETH,2102067,3) Uncertain significance,ndh_p.Val326Met
ETH,2102823,3) Uncertain significance,ndh_p.Val74Leu
ETH,2102747,3) Uncertain significance,ndh_p.Val99Ala
INH,2102747,3) Uncertain significance,ndh_p.Val99Ala
ETH,2101953,3) Uncertain significance,ndh_p.Tyr364Asp
ETH,3449692,3) Uncertain significance,Rv3083_p.Leu397fs
ETH,3449710,3) Uncertain significance,Rv3083_p.Tyr405fs
ETH,3449717,3) Uncertain significance,Rv3083_p.Leu406fs
ETH,3449741,3) Uncertain significance,Rv3083_p.Ala414fs
ETH,3449824,3) Uncertain significance,Rv3083_p.Ser441_Gly442delinsCys
ETH,3449949,3) Uncertain significance,Rv3083_p.His484fs
ETH,3448695,3) Uncertain significance,Rv3083_p.Phe66fs
ETH,3448703,3) Uncertain significance,Rv3083_p.Pro68fs
ETH,3448882,3) Uncertain significance,Rv3083_p.Thr128fs
ETH,3448946,3) Uncertain significance,Rv3083_p.Tyr149fs
ETH,3449140,3) Uncertain significance,Rv3083_p.Ser213fs
ETH,3449140,3) Uncertain significance,Rv3083_p.Ser215fs
ETH,3449345,3) Uncertain significance,Rv3083_p.Asp282fs
ETH,3449440,3) Uncertain significance,Rv3083_p.Ala313Ser
ETH,3449536,3) Uncertain significance,Rv3083_p.Ala345Ser
ETH,3449713,3) Uncertain significance,Rv3083_p.Ala404Thr
ETH,2102694,3) Uncertain significance,ndh_p.Val117Ile
ETH,2102834,3) Uncertain significance,ndh_p.Pro70Leu
INH,2101773,3) Uncertain significance,ndh_p.Thr424Pro
ETH,2102502,3) Uncertain significance,ndh_p.Thr181Ala
ETH,2103015,3) Uncertain significance,ndh_p.Gln10Lys
INH,2103015,3) Uncertain significance,ndh_p.Gln10Lys
ETH,2102168,3) Uncertain significance,ndh_p.Gln292Pro
ETH,2102753,3) Uncertain significance,ndh_p.Gln97Arg
INH,2102753,3) Uncertain significance,ndh_p.Gln97Arg
ETH,2102438,3) Uncertain significance,ndh_p.Arg202Gln
ETH,2102339,3) Uncertain significance,ndh_p.Arg235Gln
ETH,2102192,3) Uncertain significance,ndh_p.Arg284Pro
INH,2102192,3) Uncertain significance,ndh_p.Arg284Pro
ETH,2102910,3) Uncertain significance,ndh_p.Arg45Cys
INH,2102910,3) Uncertain significance,ndh_p.Arg45Cys
ETH,2102701,3) Uncertain significance,ndh_p.Ser114Arg
ETH,2102624,3) Uncertain significance,ndh_p.Ser140Phe
ETH,2102427,3) Uncertain significance,ndh_p.Ser206Pro
INH,2102427,3) Uncertain significance,ndh_p.Ser206Pro
ETH,2102978,3) Uncertain significance,ndh_p.Ser22Phe
ETH,2102231,3) Uncertain significance,ndh_p.Ser271Leu
ETH,2102008,3) Uncertain significance,ndh_p.Ser345Arg
INH,2102008,3) Uncertain significance,ndh_p.Ser345Arg
ETH,2101881,3) Uncertain significance,ndh_p.Ser388Gly
INH,2101881,3) Uncertain significance,ndh_p.Ser388Gly
ETH,2101774,3) Uncertain significance,ndh_p.Ser423Arg
ETH,2101655,3) Uncertain significance,ndh_p.Ser463Asn
ETH,2102523,3) Uncertain significance,ndh_p.Thr174Ala
INH,2102523,3) Uncertain significance,ndh_p.Thr174Ala
ETH,2101773,3) Uncertain significance,ndh_p.Thr424Pro
ETH,3449966,3) Uncertain significance,Rv3083_p.Ala488Val
ETH,2102912,3) Uncertain significance,ndh_p.Ala44Gly
ETH,2101707,3) Uncertain significance,ndh_p.Ala446Pro
ETH,576221,3) Uncertain significance,mshA_p.Gly292Arg
INH,576221,3) Uncertain significance,mshA_p.Gly292Arg
ETH,575346,3) Uncertain significance,mshA_c.-2G>A
INH,575346,3) Uncertain significance,mshA_c.-2G>A
ETH,576261,3) Uncertain significance,mshA_p.Gly305Asp
INH,576261,3) Uncertain significance,mshA_p.Gly305Asp
ETH,576498,3) Uncertain significance,mshA_p.Gly384Val
INH,576498,3) Uncertain significance,mshA_p.Gly384Val
ETH,576579,3) Uncertain significance,mshA_p.Gly411Glu
ETH,576578,3) Uncertain significance,mshA_p.Gly411Arg
INH,576578,3) Uncertain significance,mshA_p.Gly411Arg
ETH,576683,3) Uncertain significance,mshA_p.Gly446Ser
INH,576683,3) Uncertain significance,mshA_p.Gly446Ser
ETH,576747,3) Uncertain significance,mshA_p.Gly467Asp
ETH,576783,3) Uncertain significance,mshA_p.Gly479Asp
INH,576783,3) Uncertain significance,mshA_p.Gly479Asp
ETH,576782,3) Uncertain significance,mshA_p.Gly479Ser
INH,576782,3) Uncertain significance,mshA_p.Gly479Ser
ETH,575594,3) Uncertain significance,mshA_p.Gly83Arg
INH,575594,3) Uncertain significance,mshA_p.Gly83Arg
ETH,576759,3) Uncertain significance,mshA_p.His471Arg
INH,576759,3) Uncertain significance,mshA_p.His471Arg
ETH,576552,3) Uncertain significance,mshA_p.Ile402Thr
ETH,575597,3) Uncertain significance,mshA_p.Ile84Leu
ETH,575940,3) Uncertain significance,mshA_p.Leu198Arg
INH,576125,3) Uncertain significance,mshA_p.Gly260Arg
ETH,576570,3) Uncertain significance,mshA_p.Leu408Ser
ETH,576125,3) Uncertain significance,mshA_p.Gly260Arg
INH,575573,3) Uncertain significance,mshA_p.Ala76Ser
ETH,575320,3) Uncertain significance,mshA_c.-28C>G
INH,575320,3) Uncertain significance,mshA_c.-28C>G
ETH,575319,3) Uncertain significance,mshA_c.-29C>T
INH,575319,3) Uncertain significance,mshA_c.-29C>T
ETH,575314,3) Uncertain significance,mshA_c.-34C>T
INH,575314,3) Uncertain significance,mshA_c.-34C>T
ETH,575709,3) Uncertain significance,mshA_p.Asp121Gly
INH,575709,3) Uncertain significance,mshA_p.Asp121Gly
ETH,575916,3) Uncertain significance,mshA_p.Asp190Gly
INH,575916,3) Uncertain significance,mshA_p.Asp190Gly
ETH,576001,3) Uncertain significance,mshA_p.Asp218Glu
INH,576001,3) Uncertain significance,mshA_p.Asp218Glu
ETH,576189,3) Uncertain significance,mshA_p.Asp281Gly
INH,576189,3) Uncertain significance,mshA_p.Asp281Gly
ETH,576555,3) Uncertain significance,mshA_p.Asp403Gly
ETH,575471,3) Uncertain significance,mshA_p.Asp42Tyr
INH,575471,3) Uncertain significance,mshA_p.Asp42Tyr
ETH,575537,3) Uncertain significance,mshA_p.Asp64Asn
INH,575537,3) Uncertain significance,mshA_p.Asp64Asn
ETH,576007,3) Uncertain significance,mshA_p.Glu220Asp
INH,576007,3) Uncertain significance,mshA_p.Glu220Asp
ETH,576301,3) Uncertain significance,mshA_p.Glu318Asp
INH,576301,3) Uncertain significance,mshA_p.Glu318Asp
ETH,575601,3) Uncertain significance,mshA_p.Glu85Ala
INH,2101707,3) Uncertain significance,ndh_p.Ala446Pro
INH,576570,3) Uncertain significance,mshA_p.Leu408Ser
ETH,575660,3) Uncertain significance,mshA_p.Pro105Ser
INH,576384,3) Uncertain significance,mshA_p.Val346Ala
ETH,576593,3) Uncertain significance,mshA_p.Val416Met
INH,576593,3) Uncertain significance,mshA_p.Val416Met
ETH,575854,3) Uncertain significance,mshA_p.Trp169Cys
INH,575854,3) Uncertain significance,mshA_p.Trp169Cys
ETH,576636,3) Uncertain significance,mshA_p.Trp430Leu
ETH,576398,3) Uncertain significance,mshA_p.Tyr351His
ETH,2102034,3) Uncertain significance,ndh_p.Ile337fs
ETH,2101755,3) Uncertain significance,ndh_p.Thr430fs
ETH,2103027,3) Uncertain significance,ndh_p.Glu6fs
ETH,2102786,3) Uncertain significance,ndh_p.Leu86fs
ETH,2102714,3) Uncertain significance,ndh_p.Thr110fs
ETH,2103084,3) Uncertain significance,ndh_c.-43_-42insCGTAGTAGCTAAC
INH,2103084,3) Uncertain significance,ndh_c.-43_-42insCGTAGTAGCTAAC
ETH,2102139,3) Uncertain significance,ndh_p.Gly301del
INH,2102139,3) Uncertain significance,ndh_p.Gly301del
ETH,2102682,3) Uncertain significance,ndh_p.Ala121Thr
ETH,2102388,3) Uncertain significance,ndh_p.Ala219Thr
ETH,2102387,3) Uncertain significance,ndh_p.Ala219Val
INH,2102387,3) Uncertain significance,ndh_p.Ala219Val
ETH,2102229,3) Uncertain significance,ndh_p.Ala272Thr
INH,2102229,3) Uncertain significance,ndh_p.Ala272Thr
ETH,2102144,3) Uncertain significance,ndh_p.Ala300Asp
INH,2102144,3) Uncertain significance,ndh_p.Ala300Asp
ETH,2101838,3) Uncertain significance,ndh_p.Ala402Val
ETH,576384,3) Uncertain significance,mshA_p.Val346Ala
ETH,576596,3) Uncertain significance,mshA_p.Met417Val
ETH,576320,3) Uncertain significance,mshA_p.Val325Met
ETH,"576224,576225",3) Uncertain significance,mshA_p.Val293Trp
ETH,576093,3) Uncertain significance,mshA_p.Pro249Leu
INH,576093,3) Uncertain significance,mshA_p.Pro249Leu
ETH,576092,3) Uncertain significance,mshA_p.Pro249Ser
ETH,576753,3) Uncertain significance,mshA_p.Pro469Leu
INH,576753,3) Uncertain significance,mshA_p.Pro469Leu
ETH,575960,3) Uncertain significance,mshA_p.Gln205*
INH,575960,3) Uncertain significance,mshA_p.Gln205*
ETH,575849,3) Uncertain significance,mshA_p.Arg168Cys
INH,575849,3) Uncertain significance,mshA_p.Arg168Cys
ETH,576143,3) Uncertain significance,mshA_p.Arg266Cys
ETH,576227,3) Uncertain significance,mshA_p.Arg294Cys
INH,576227,3) Uncertain significance,mshA_p.Arg294Cys
ETH,576318,3) Uncertain significance,mshA_p.Arg324Gln
INH,576318,3) Uncertain significance,mshA_p.Arg324Gln
ETH,576711,3) Uncertain significance,mshA_p.Arg455Leu
INH,576711,3) Uncertain significance,mshA_p.Arg455Leu
ETH,575481,3) Uncertain significance,mshA_p.Arg45Leu
ETH,575376,3) Uncertain significance,mshA_p.Ser10Leu
INH,575376,3) Uncertain significance,mshA_p.Ser10Leu
ETH,575439,3) Uncertain significance,mshA_p.Ser31Phe
INH,575439,3) Uncertain significance,mshA_p.Ser31Phe
ETH,576729,3) Uncertain significance,mshA_p.Ser461*
INH,576729,3) Uncertain significance,mshA_p.Ser461*
ETH,575883,3) Uncertain significance,mshA_p.Thr179Arg
ETH,576509,3) Uncertain significance,mshA_p.Thr388Ala
INH,"576224,576225",3) Uncertain significance,mshA_p.Val293Trp
ETH,575573,3) Uncertain significance,mshA_p.Ala76Ser
ETH,3449969,3) Uncertain significance,Rv3083_p.Ala489Val
ETH,3449395,3) Uncertain significance,Rv3083_p.Cys298Arg
ETH,576356,3) Uncertain significance,mshA_p.Ala337Thr
INH,576356,3) Uncertain significance,mshA_p.Ala337Thr
ETH,575490,3) Uncertain significance,mshA_p.Ala48Val
INH,575490,3) Uncertain significance,mshA_p.Ala48Val
ETH,575717,3) Uncertain significance,mshA_p.Asp124Asn
INH,575717,3) Uncertain significance,mshA_p.Asp124Asn
ETH,575699,3) Uncertain significance,mshA_p.Glu118Lys
INH,575699,3) Uncertain significance,mshA_p.Glu118Lys
ETH,576776,3) Uncertain significance,mshA_p.Gly477Arg
INH,576776,3) Uncertain significance,mshA_p.Gly477Arg
ETH,"575547,575548",3) Uncertain significance,mshA_p.Gly67Ala
ETH,575456,3) Uncertain significance,mshA_p.Asn37Asp
INH,575456,3) Uncertain significance,mshA_p.Asn37Asp
ETH,575553,3) Uncertain significance,mshA_p.Asn69Ser
ETH,575444,3) Uncertain significance,mshA_p.Pro33Ser
INH,575444,3) Uncertain significance,mshA_p.Pro33Ser
ETH,575424,3) Uncertain significance,mshA_p.Arg26His
INH,575424,3) Uncertain significance,mshA_p.Arg26His
ETH,"576401,576402",3) Uncertain significance,mshA_p.Ser352His
ETH,2102346,3) Uncertain significance,ndh_p.Ala233Thr
INH,2102346,3) Uncertain significance,ndh_p.Ala233Thr
ETH,2102290,3) Uncertain significance,ndh_p.Asp251Glu
INH,2102290,3) Uncertain significance,ndh_p.Asp251Glu
INH,575418,3) Uncertain significance,mshA_p.Ala24Val
ETH,2102027,3) Uncertain significance,ndh_p.Gly339Ala
ETH,575418,3) Uncertain significance,mshA_p.Ala24Val
ETH,575910,3) Uncertain significance,mshA_p.Ala189fs
ETH,4326927,3) Uncertain significance,ethA_p.Ser183Gly
ETH,4327310,3) Uncertain significance,ethA_p.Ser55Cys
ETH,4327100,3) Uncertain significance,ethA_p.Thr125Met
ETH,4326116,3) Uncertain significance,ethA_p.Thr453Arg
ETH,4327292,3) Uncertain significance,ethA_p.Thr61Arg
ETH,4326762,3) Uncertain significance,ethA_p.Val238Ile
ETH,4326317,3) Uncertain significance,ethA_p.Tyr386Cys
ETH,4327296,3) Uncertain significance,ethA_p.Tyr60Asn
ETH,4328068,3) Uncertain significance,ethR_p.Ala174Thr
ETH,4328100,3) Uncertain significance,ethR_p.Phe184Leu
ETH,4327731,3) Uncertain significance,ethR_p.Phe61Leu
ETH,4327683,3) Uncertain significance,ethR_p.Ile45Met
ETH,4328122,3) Uncertain significance,ethR_p.Pro192Ala
ETH,4328195,3) Uncertain significance,ethR_p.Arg216His
ETH,4327552,3) Uncertain significance,ethR_p.Thr2Ala
ETH,1674190,3) Uncertain significance,inhA_c.-11_-10insAAGG
INH,1674190,3) Uncertain significance,inhA_c.-11_-10insAAGG
ETH,1674184,3) Uncertain significance,inhA_c.-18C>T
INH,1674184,3) Uncertain significance,inhA_c.-18C>T
ETH,1674466,3) Uncertain significance,inhA_p.Asp89Asn
INH,1674466,3) Uncertain significance,inhA_p.Asp89Asn
ETH,1674827,3) Uncertain significance,inhA_p.Glu209Gly
INH,1674827,3) Uncertain significance,inhA_p.Glu209Gly
ETH,1674809,3) Uncertain significance,inhA_p.Val203Ala
INH,1674809,3) Uncertain significance,inhA_p.Val203Ala
ETH,575932,3) Uncertain significance,mshA_p.Pro197fs
ETH,4327274,3) Uncertain significance,ethA_p.Arg67His
INH,2102027,3) Uncertain significance,ndh_p.Gly339Ala
ETH,2103117,3) Uncertain significance,ndh_c.-75G>A
ETH,3449629,3) Uncertain significance,Rv3083_p.Val376Leu
ETH,3449882,3) Uncertain significance,Rv3083_p.Trp460*
ETH,3449150,3) Uncertain significance,Rv3083_p.Tyr216Cys
ETH,4326234,3) Uncertain significance,ethA_p.Phe414Leu
ETH,4327346,3) Uncertain significance,ethA_p.Gly43Val
ETH,4326620,3) Uncertain significance,ethA_p.His285Pro
ETH,4326694,3) Uncertain significance,ethA_p.Met260Ile
ETH,4327322,3) Uncertain significance,ethA_p.Pro51Leu
ETH,4326069,3) Uncertain significance,ethA_p.Arg469Trp
ETH,4326449,3) Uncertain significance,ethA_p.Thr342Met
ETH,4326973,3) Uncertain significance,ethA_p.Trp167Cys
ETH,4326843,3) Uncertain significance,ethA_p.Tyr211Asp
ETH,4327999,3) Uncertain significance,ethR_p.Ala151Ser
ETH,4328012,3) Uncertain significance,ethR_p.Ala155Val
ETH,4327918,3) Uncertain significance,ethR_p.Gly124Cys
ETH,4327941,3) Uncertain significance,ethR_p.Ser131Arg
ETH,4327994,3) Uncertain significance,ethR_p.Thr149Met
ETH,1674712,3) Uncertain significance,inhA_p.Val171Ile
INH,1674712,3) Uncertain significance,inhA_p.Val171Ile
ETH,576750,3) Uncertain significance,mshA_p.Pro474_Arg475insArgHisTrpThrPro
INH,576750,3) Uncertain significance,mshA_p.Pro474_Arg475insArgHisTrpThrPro
ETH,576719,3) Uncertain significance,mshA_p.Glu458Gln
INH,576719,3) Uncertain significance,mshA_p.Glu458Gln
ETH,575757,3) Uncertain significance,mshA_p.Leu137Pro
ETH,575423,3) Uncertain significance,mshA_p.Arg26Cys
ETH,3449689,3) Uncertain significance,Rv3083_p.Thr396Pro
ETH,2101764,3) Uncertain significance,ndh_p.Gly427Ser
ETH,3449158,3) Uncertain significance,Rv3083_p.Ser219Ala
ETH,3448648,3) Uncertain significance,Rv3083_p.Arg49Cys
ETH,2102711,3) Uncertain significance,ndh_p.Pro111His
INH,2102711,3) Uncertain significance,ndh_p.Pro111His
ETH,2102553,3) Uncertain significance,ndh_p.Pro164Ser
ETH,2102055,3) Uncertain significance,ndh_p.Pro330Ser
INH,2102055,3) Uncertain significance,ndh_p.Pro330Ser
ETH,2103023,3) Uncertain significance,ndh_p.Pro7Leu
INH,2103023,3) Uncertain significance,ndh_p.Pro7Leu
ETH,2102996,3) Uncertain significance,ndh_p.Arg16Gln
INH,2102996,3) Uncertain significance,ndh_p.Arg16Gln
ETH,2102283,3) Uncertain significance,ndh_p.Arg254Cys
INH,2102283,3) Uncertain significance,ndh_p.Arg254Cys
ETH,3449066,3) Uncertain significance,Rv3083_p.Ala189fs
ETH,3449351,3) Uncertain significance,Rv3083_p.Ser284fs
ETH,3449590,3) Uncertain significance,Rv3083_p.Ala363Thr
ETH,3449644,3) Uncertain significance,Rv3083_p.Ala381Thr
ETH,3449396,3) Uncertain significance,Rv3083_p.Cys298Ser
ETH,3449174,3) Uncertain significance,Rv3083_p.Asp224Ala
ETH,3449469,3) Uncertain significance,Rv3083_p.Glu322Asp
ETH,3448627,3) Uncertain significance,Rv3083_p.Gly42Arg
ETH,3449843,3) Uncertain significance,Rv3083_p.Gly447Asp
ETH,3449375,3) Uncertain significance,Rv3083_p.Leu291Arg
ETH,3449771,3) Uncertain significance,Rv3083_p.Pro423Leu
ETH,3449258,3) Uncertain significance,Rv3083_p.Arg252Gln
ETH,3449506,3) Uncertain significance,Rv3083_p.Arg335Trp
ETH,3449840,3) Uncertain significance,Rv3083_p.Arg446His
ETH,3448835,3) Uncertain significance,Rv3083_p.Ser111Ile
ETH,3448759,3) Uncertain significance,Rv3083_p.Ala86Pro
ETH,4326981,3) Uncertain significance,ethA_p.Gln165Glu
ETH,4326356,3) Uncertain significance,ethA_p.Met373Thr
ETH,3448798,3) Uncertain significance,Rv3083_p.His99Tyr
ETH,3448913,3) Uncertain significance,Rv3083_p.Ile137Thr
ETH,3448552,3) Uncertain significance,Rv3083_p.Ile17Val
ETH,3449179,3) Uncertain significance,Rv3083_p.Ile226Val
ETH,3449251,3) Uncertain significance,Rv3083_p.Ile250Val
ETH,3448757,3) Uncertain significance,Rv3083_p.Ile85Thr
ETH,3449260,3) Uncertain significance,Rv3083_p.Lys253*
ETH,3449623,3) Uncertain significance,Rv3083_p.Lys374Glu
ETH,3449625,3) Uncertain significance,Rv3083_p.Lys374Asn
ETH,3449624,3) Uncertain significance,Rv3083_p.Lys374Thr
ETH,3449873,3) Uncertain significance,Rv3083_p.Lys457Thr
ETH,3449916,3) Uncertain significance,Rv3083_p.Lys471Asn
ETH,3448952,3) Uncertain significance,Rv3083_p.Leu150Arg
ETH,3449020,3) Uncertain significance,Rv3083_p.Leu173Val
ETH,3449309,3) Uncertain significance,Rv3083_p.Leu269Pro
ETH,3449491,3) Uncertain significance,Rv3083_p.Leu330Met
ETH,3449632,3) Uncertain significance,Rv3083_p.Leu377Met
ETH,3449636,3) Uncertain significance,Rv3083_p.Leu378Arg
ETH,3449732,3) Uncertain significance,Rv3083_p.Leu410Pro
ETH,3448727,3) Uncertain significance,Rv3083_p.Leu75Pro
ETH,3449130,3) Uncertain significance,Rv3083_p.Met209Ile
ETH,3449129,3) Uncertain significance,Rv3083_p.Met209Thr
ETH,3449352,3) Uncertain significance,Rv3083_p.Met283Ile
ETH,3449550,3) Uncertain significance,Rv3083_p.Asn349Lys
ETH,3449549,3) Uncertain significance,Rv3083_p.Asn349Ser
ETH,3449738,3) Uncertain significance,Rv3083_p.His412Arg
ETH,3449643,3) Uncertain significance,Rv3083_p.Asn380Lys
ETH,3449006,3) Uncertain significance,Rv3083_p.His168Pro
ETH,3448781,3) Uncertain significance,Rv3083_p.Gly93Asp
ETH,3449494,3) Uncertain significance,Rv3083_p.Cys331Arg
ETH,3449722,3) Uncertain significance,Rv3083_p.Cys407Gly
ETH,3449209,3) Uncertain significance,Rv3083_p.Asp236Asn
ETH,3449746,3) Uncertain significance,Rv3083_p.Asp415Asn
ETH,3449909,3) Uncertain significance,Rv3083_p.Asp469Ala
ETH,3448639,3) Uncertain significance,Rv3083_p.Asp46His
ETH,3448670,3) Uncertain significance,Rv3083_p.Asp56Ala
ETH,3448764,3) Uncertain significance,Rv3083_p.Asp87Glu
ETH,3449509,3) Uncertain significance,Rv3083_p.Glu336Gln
ETH,3449609,3) Uncertain significance,Rv3083_p.Glu369Ala
ETH,3448610,3) Uncertain significance,Rv3083_p.Glu36Gly
ETH,3449359,3) Uncertain significance,Rv3083_p.Phe286Val
ETH,3448805,3) Uncertain significance,Rv3083_p.Gly101Asp
ETH,3448804,3) Uncertain significance,Rv3083_p.Gly101Ser
ETH,3448861,3) Uncertain significance,Rv3083_p.Gly120Ser
ETH,3448540,3) Uncertain significance,Rv3083_p.Gly13Ser
ETH,3448924,3) Uncertain significance,Rv3083_p.Gly141Cys
ETH,3448924,3) Uncertain significance,Rv3083_p.Gly141Ser
ETH,3448966,3) Uncertain significance,Rv3083_p.Gly155Ser
ETH,3449504,3) Uncertain significance,Rv3083_p.Gly334Ala
ETH,3449588,3) Uncertain significance,Rv3083_p.Gly362Asp
ETH,3449626,3) Uncertain significance,Rv3083_p.Gly375Ser
ETH,3449711,3) Uncertain significance,Rv3083_p.Gly403Asp
ETH,3449827,3) Uncertain significance,Rv3083_p.Gly442Ser
ETH,3449945,3) Uncertain significance,Rv3083_p.Gly481Ala
ETH,3448998,3) Uncertain significance,Rv3083_p.His165Gln
ETH,4327297,3) Uncertain significance,ethA_p.Met59Ile
ETH,3449105,3) Uncertain significance,Rv3083_p.Pro201Arg
ETH,3449365,3) Uncertain significance,Rv3083_p.Pro288Ser
ETH,3449221,3) Uncertain significance,Rv3083_p.Tyr240His
ETH,3449596,3) Uncertain significance,Rv3083_p.Tyr365His
ETH,3449756,3) Uncertain significance,Rv3083_p.Tyr418Cys
ETH,3448754,3) Uncertain significance,Rv3083_p.Tyr84Cys
ETH,3448753,3) Uncertain significance,Rv3083_p.Tyr84His
ETH,4327019,3) Uncertain significance,ethA_p.Ala152Val
ETH,4327497,3) Uncertain significance,ethA_c.-24A>T
ETH,4327247,3) Uncertain significance,ethA_p.Ala76Asp
ETH,4327516,3) Uncertain significance,ethA_c.-43C>T
ETH,4326953,3) Uncertain significance,ethA_p.Asp174Gly
ETH,4326175,3) Uncertain significance,ethA_p.Glu433Asp
ETH,4327058,3) Uncertain significance,ethA_p.Gly139Asp
ETH,4327503,3) Uncertain significance,ethA_c.-30G>T
ETH,4326363,3) Uncertain significance,ethA_p.Gly371Cys
ETH,4327347,3) Uncertain significance,ethA_p.Gly43Cys
ETH,4326011,3) Uncertain significance,ethA_p.Gly488Val
ETH,4327242,3) Uncertain significance,ethA_p.Gly78Ser
ETH,4327116,3) Uncertain significance,ethA_p.Ile120Val
ETH,4327073,3) Uncertain significance,ethA_p.Leu134Pro
ETH,4326800,3) Uncertain significance,ethA_p.Leu225His
ETH,4326788,3) Uncertain significance,ethA_p.Leu229Pro
ETH,4326353,3) Uncertain significance,ethA_p.Leu374His
ETH,4327471,3) Uncertain significance,ethA_p.Met1=
ETH,4326686,3) Uncertain significance,ethA_p.Met263Thr
ETH,3448936,3) Uncertain significance,Rv3083_p.Tyr145Asp
ETH,3449144,3) Uncertain significance,Rv3083_p.Pro214Arg
ETH,3448801,3) Uncertain significance,Rv3083_p.Tyr100Asp
ETH,3448636,3) Uncertain significance,Rv3083_p.Trp45Arg
ETH,3449648,3) Uncertain significance,Rv3083_p.Pro382Leu
ETH,3449270,3) Uncertain significance,Rv3083_p.Gln256Arg
ETH,3449554,3) Uncertain significance,Rv3083_p.Gln351*
ETH,3449815,3) Uncertain significance,Rv3083_p.Gln438*
ETH,3449847,3) Uncertain significance,Rv3083_p.Gln448His
ETH,3449846,3) Uncertain significance,Rv3083_p.Gln448Pro
ETH,3449846,3) Uncertain significance,Rv3083_p.Gln448Arg
ETH,3449326,3) Uncertain significance,Rv3083_p.Arg275Cys
ETH,3448612,3) Uncertain significance,Rv3083_p.Arg37Gly
ETH,3449726,3) Uncertain significance,Rv3083_p.Arg408Gln
ETH,3449773,3) Uncertain significance,Rv3083_p.Arg424Cys
ETH,3448702,3) Uncertain significance,Rv3083_p.Arg67Ser
ETH,3448916,3) Uncertain significance,Rv3083_p.Ser138Asn
ETH,3449500,3) Uncertain significance,Rv3083_p.Ser333Pro
ETH,3449824,3) Uncertain significance,Rv3083_p.Ser441Pro
ETH,3449126,3) Uncertain significance,Rv3083_p.Thr208Met
ETH,3449758,3) Uncertain significance,Rv3083_p.Thr419Ala
ETH,3449759,3) Uncertain significance,Rv3083_p.Thr419Lys
ETH,3448684,3) Uncertain significance,Rv3083_p.Thr61Ala
ETH,3448856,3) Uncertain significance,Rv3083_p.Val118Gly
ETH,3449189,3) Uncertain significance,Rv3083_p.Val229Ala
ETH,3449188,3) Uncertain significance,Rv3083_p.Val229Ile
ETH,3449344,3) Uncertain significance,Rv3083_p.Val281Met
ETH,3449449,3) Uncertain significance,Rv3083_p.Val316Met
ETH,3449887,3) Uncertain significance,Rv3083_p.Val462Met
ETH,3448709,3) Uncertain significance,Rv3083_p.Trp69*
INH,575423,3) Uncertain significance,mshA_p.Arg26Cys
ETH,576438,3) Uncertain significance,mshA_p.Ala364Val
ETH,576387,3) Uncertain significance,mshA_p.Ala347Val
ETH,1674520,3) Uncertain significance,inhA_p.Pro107Ser
INH,1674520,3) Uncertain significance,inhA_p.Pro107Ser
ETH,1674686,3) Uncertain significance,inhA_p.Thr162Met
ETH,1674352,3) Uncertain significance,inhA_p.Thr51Ala
ETH,4327415,3) Uncertain significance,ethA_p.Ala20Asp
ETH,4327065,3) Uncertain significance,ethA_p.Cys137Gly
ETH,4326570,3) Uncertain significance,ethA_p.Phe302Val
ETH,4326930,3) Uncertain significance,ethA_p.Gly182Cys
ETH,4327544,3) Uncertain significance,ethA_c.-5C>T
ETH,4327169,3) Uncertain significance,ethA_p.His102Pro
ETH,4327118,3) Uncertain significance,ethA_p.His119Pro
ETH,4326987,3) Uncertain significance,ethA_p.His163Asp
ETH,4326461,3) Uncertain significance,ethA_p.Ile338Ser
ETH,4327406,3) Uncertain significance,ethA_p.Leu23Arg
ETH,4326353,3) Uncertain significance,ethA_p.Leu374Arg
ETH,4326284,3) Uncertain significance,ethA_p.Leu397Arg
ETH,4326041,3) Uncertain significance,ethA_p.Leu478Arg
ETH,4327289,3) Uncertain significance,ethA_p.Leu62Pro
ETH,4326359,3) Uncertain significance,ethA_p.Met372Arg
ETH,4326983,3) Uncertain significance,ethA_p.Pro164Leu
ETH,4326785,3) Uncertain significance,ethA_p.Pro230Leu
ETH,4326925,3) Uncertain significance,ethA_p.Ser183Arg
ETH,1674682,3) Uncertain significance,inhA_p.Met161Val
ETH,4326721,3) Uncertain significance,ethA_p.Ser251Arg
INH,1674319,3) Uncertain significance,inhA_p.Gly40Trp
INH,1674189,3) Uncertain significance,inhA_c.-13_-12insACAAGGACGCACATGACAGG
ETH,4326918,3) Uncertain significance,ethA_p.Thr186Pro
ETH,4326908,3) Uncertain significance,ethA_p.Thr189Met
ETH,4326867,3) Uncertain significance,ethA_p.Thr203Pro
ETH,4326378,3) Uncertain significance,ethA_p.Thr366Pro
ETH,4327509,3) Uncertain significance,ethA_c.-36T>C
ETH,4326327,3) Uncertain significance,ethA_p.Thr383Pro
ETH,4326170,3) Uncertain significance,ethA_p.Thr435Ile
ETH,4327343,3) Uncertain significance,ethA_p.Thr44Ile
ETH,4327292,3) Uncertain significance,ethA_p.Thr61Lys
ETH,4327122,3) Uncertain significance,ethA_p.Val118Phe
ETH,4326588,3) Uncertain significance,ethA_p.Val296Met
ETH,4326323,3) Uncertain significance,ethA_p.Val384Gly
ETH,4326224,3) Uncertain significance,ethA_p.Val417Glu
ETH,4326974,3) Uncertain significance,ethA_p.Trp167Ser
ETH,4327413,3) Uncertain significance,ethA_p.Trp21Gly
ETH,4327412,3) Uncertain significance,ethA_p.Trp21Leu
ETH,4327413,3) Uncertain significance,ethA_p.Trp21Arg
ETH,4327340,3) Uncertain significance,ethA_p.Trp45Leu
ETH,4326771,3) Uncertain significance,ethA_p.Tyr235His
ETH,4326617,3) Uncertain significance,ethA_p.Tyr286Cys
ETH,4326369,3) Uncertain significance,ethA_p.Tyr369Asp
ETH,4326330,3) Uncertain significance,ethA_p.Tyr382Asn
ETH,1674191,3) Uncertain significance,inhA_c.-11_-10insAAGGA
INH,1674191,3) Uncertain significance,inhA_c.-11_-10insAAGGA
ETH,1674189,3) Uncertain significance,inhA_c.-13_-12insACAAGGACGCACATGACAGG
ETH,1674319,3) Uncertain significance,inhA_p.Gly40Trp
ETH,4327485,3) Uncertain significance,ethA_c.-12T>C
ETH,4326411,3) Uncertain significance,ethA_p.Thr355Pro
ETH,4326092,3) Uncertain significance,ethA_p.Tyr461Cys
ETH,4327139,3) Uncertain significance,ethA_p.Ala112Gly
ETH,4326126,3) Uncertain significance,ethA_p.Gly450Ser
ETH,4326613,3) Uncertain significance,ethA_p.Asn287Lys
ETH,4327322,3) Uncertain significance,ethA_p.Pro51His
ETH,4327322,3) Uncertain significance,ethA_p.Pro51Arg
ETH,4327280,3) Uncertain significance,ethA_p.Arg65Pro
ETH,4327125,3) Uncertain significance,ethA_p.Thr117Pro
ETH,4326761,3) Uncertain significance,ethA_p.Val238Gly
ETH,4327373,3) Uncertain significance,ethA_p.Ile34Thr
ETH,4326863,3) Uncertain significance,ethA_p.Met204Thr
ETH,4326278,3) Uncertain significance,ethA_p.Ser399Leu
ETH,4327311,3) Uncertain significance,ethA_p.Ser55Ala
ETH,4327161,3) Uncertain significance,ethA_p.Ile105Leu
ETH,4326648,3) Uncertain significance,ethA_p.Tyr276His
ETH,4326155,3) Uncertain significance,ethA_p.Leu440Pro
ETH,4326980,3) Uncertain significance,ethA_p.Gln165Pro
ETH,4327244,3) Uncertain significance,ethA_p.Asp77Gly
ETH,4327501,3) Uncertain significance,ethA_c.-28C>T
ETH,1674685,3) Uncertain significance,inhA_p.Thr162Ser
INH,1674685,3) Uncertain significance,inhA_p.Thr162Ser
ETH,4326432,3) Uncertain significance,ethA_p.Leu348Phe
ETH,4327439,3) Uncertain significance,ethA_p.Ala12Val
ETH,4327416,3) Uncertain significance,ethA_p.Ala20Pro
ETH,4326809,3) Uncertain significance,ethA_p.Ala222Val
ETH,4326317,3) Uncertain significance,ethA_p.Tyr386Ser
ETH,4327470,3) Uncertain significance,ethA_p.Thr2Ala
ETH,4327445,3) Uncertain significance,ethA_p.Val10Gly
ETH,4326350,3) Uncertain significance,ethA_p.Ser375Tyr
ETH,4326270,3) Uncertain significance,ethA_p.Val402Phe
ETH,4327147,3) Uncertain significance,ethA_p.Trp109Cys
ETH,4326609,3) Uncertain significance,ethA_p.Trp289Arg
ETH,4327269,3) Uncertain significance,ethA_p.Trp69Arg
ETH,4326843,3) Uncertain significance,ethA_p.Tyr211His
ETH,4327296,3) Uncertain significance,ethA_p.Tyr60Asp
ETH,1674916,3) Uncertain significance,inhA_p.Ala239Thr
INH,1674916,3) Uncertain significance,inhA_p.Ala239Thr
ETH,1674484,3) Uncertain significance,inhA_p.Ile95Leu
INH,1674484,3) Uncertain significance,inhA_p.Ile95Leu
ETH,4326470,3) Uncertain significance,ethA_p.Ala335Asp
ETH,4327301,3) Uncertain significance,ethA_p.Asp58Ala
ETH,4326630,3) Uncertain significance,ethA_p.Phe282Val
ETH,4326181,3) Uncertain significance,ethA_p.Phe431Leu
ETH,4327058,3) Uncertain significance,ethA_p.Gly139Ala
ETH,4326446,3) Uncertain significance,ethA_p.Gly343Val
ETH,4327193,3) Uncertain significance,ethA_p.Ile94Ser
ETH,4326905,3) Uncertain significance,ethA_p.Leu190Pro
ETH,4327371,3) Uncertain significance,ethA_p.Leu35Val
ETH,4327298,3) Uncertain significance,ethA_p.Met59Thr
ETH,4326135,3) Uncertain significance,ethA_p.Pro447Ser
ETH,4326855,3) Uncertain significance,ethA_p.Arg207Ser
ETH,4327480,3) Uncertain significance,ethA_c.-7T>G
ETH,4326509,3) Uncertain significance,ethA_p.Ala322Val
ETH,4327305,3) Uncertain significance,ethA_p.Ser57Pro
ETH,4327187,3) Uncertain significance,ethA_p.Arg96Lys
ETH,4326207,3) Uncertain significance,ethA_p.Gly423Arg
ETH,4327502,3) Uncertain significance,ethA_c.-49_-30delTGTCGACATCTCGTTGACGG
ETH,4327480,3) Uncertain significance,ethA_c.-13_-8delATAGCG
ETH,4326920,3) Uncertain significance,ethA_p.Ala185Val
ETH,4326914,3) Uncertain significance,ethA_p.Ala187Glu
ETH,4327416,3) Uncertain significance,ethA_p.Ala20Ser
ETH,4327415,3) Uncertain significance,ethA_p.Ala20Val
ETH,4326810,3) Uncertain significance,ethA_p.Ala222Thr
ETH,4326773,3) Uncertain significance,ethA_p.Ala234Asp
ETH,4326563,3) Uncertain significance,ethA_p.Ala304Val
ETH,4327083,3) Uncertain significance,ethA_p.Cys131Arg
ETH,4326716,3) Uncertain significance,ethA_p.Cys253Phe
ETH,4326717,3) Uncertain significance,ethA_p.Cys253Arg
ETH,4326715,3) Uncertain significance,ethA_p.Cys253Trp
ETH,4326592,3) Uncertain significance,ethA_p.Cys294Trp
ETH,4326267,3) Uncertain significance,ethA_p.Cys403Arg
ETH,4326266,3) Uncertain significance,ethA_p.Cys403Tyr
ETH,4327519,3) Uncertain significance,ethA_c.-46C>T
ETH,4327543,3) Uncertain significance,ethA_c.-6G>A
ETH,4326818,3) Uncertain significance,ethA_p.Asp219Gly
ETH,4326143,3) Uncertain significance,ethA_p.Asp444Gly
ETH,4327307,3) Uncertain significance,ethA_p.Asp56Gly
ETH,4327368,3) Uncertain significance,ethA_p.Glu36Lys
ETH,4327368,3) Uncertain significance,ethA_p.Glu36Gln
ETH,4326276,3) Uncertain significance,ethA_p.Glu400Lys
ETH,4326743,3) Uncertain significance,ethA_p.Leu244Pro
ETH,4327076,3) Uncertain significance,ethA_p.Phe133Ser
ETH,4327307,3) Uncertain significance,ethA_p.Asp56Ala
ETH,4326852,3) Uncertain significance,ethA_p.Ser208Pro
ETH,4326301,3) Uncertain significance,ethA_p.Trp391Cys
ETH,4327223,3) Uncertain significance,ethA_p.Tyr84Cys
ETH,4327224,3) Uncertain significance,ethA_p.Tyr84Asp
ETH,1674323,3) Uncertain significance,inhA_p.Phe41Ser
INH,1674323,3) Uncertain significance,inhA_p.Phe41Ser
ETH,1674248,3) Uncertain significance,inhA_p.Ile16Thr
INH,1674248,3) Uncertain significance,inhA_p.Ile16Thr
ETH,1674484,3) Uncertain significance,inhA_p.Ile95Val
INH,1674484,3) Uncertain significance,inhA_p.Ile95Val
ETH,4327484,3) Uncertain significance,ethA_c.-11A>C
ETH,4327418,3) Uncertain significance,ethA_p.Ala19Val
ETH,4327436,3) Uncertain significance,ethA_p.Gly13Glu
ETH,4326899,3) Uncertain significance,ethA_p.Pro192Leu
ETH,4326704,3) Uncertain significance,ethA_p.Pro257Arg
ETH,4327060,3) Uncertain significance,ethA_p.Ser138Arg
ETH,4326975,3) Uncertain significance,ethA_p.Trp167Arg
ETH,4326842,3) Uncertain significance,ethA_p.Tyr211Cys
ETH,4326929,3) Uncertain significance,ethA_p.Gly182Asp
ETH,4326560,3) Uncertain significance,ethA_p.Ile305Ser
ETH,4326593,3) Uncertain significance,ethA_p.Cys294Tyr
ETH,4326705,3) Uncertain significance,ethA_p.Pro257Ser
ETH,4326855,3) Uncertain significance,ethA_p.Arg207Cys
ETH,4326735,3) Uncertain significance,ethA_p.Ala247Pro
ETH,4326851,3) Uncertain significance,ethA_p.Ser208Leu
ETH,4326683,3) Uncertain significance,ethA_p.Phe264Ser
ETH,4327442,3) Uncertain significance,ethA_p.Gly11Asp
ETH,4326257,3) Uncertain significance,ethA_p.Leu406Ser
ETH,4327334,3) Uncertain significance,ethA_p.Leu47Ser
ETH,4326864,3) Uncertain significance,ethA_p.Met204Val
ETH,4326334,3) Uncertain significance,ethA_p.Met380Ile
ETH,4326248,3) Uncertain significance,ethA_p.Met409Thr
ETH,4327298,3) Uncertain significance,ethA_p.Met59Arg
ETH,4326996,3) Uncertain significance,ethA_p.Pro160Ser
ETH,4326785,3) Uncertain significance,ethA_p.Pro230Gln
ETH,4326704,3) Uncertain significance,ethA_p.Pro257Leu
ETH,4326704,3) Uncertain significance,ethA_p.Pro257Gln
ETH,4326705,3) Uncertain significance,ethA_p.Pro257Thr
ETH,4326656,3) Uncertain significance,ethA_p.Pro273Arg
ETH,4326612,3) Uncertain significance,ethA_p.Pro288Ser
ETH,4326209,3) Uncertain significance,ethA_p.Pro422Leu
ETH,4326114,3) Uncertain significance,ethA_p.Pro454Ser
ETH,4326979,3) Uncertain significance,ethA_p.Gln165His
ETH,4326662,3) Uncertain significance,ethA_p.Gln271Pro
ETH,4326566,3) Uncertain significance,ethA_p.Arg303Pro
ETH,4326263,3) Uncertain significance,ethA_p.Arg404Leu
ETH,4326153,3) Uncertain significance,ethA_p.Arg441Cys
ETH,4326152,3) Uncertain significance,ethA_p.Arg441Pro
ETH,4326120,3) Uncertain significance,ethA_p.Arg452Gly
ETH,4326038,3) Uncertain significance,ethA_p.Arg479Pro
ETH,4327313,3) Uncertain significance,ethA_p.Arg54Leu
ETH,4326296,3) Uncertain significance,ethA_p.Leu393Arg
ETH,4327278,3) Uncertain significance,ethA_p.Phe66Leu
ETH,4327370,3) Uncertain significance,ethA_p.Leu35Pro
ETH,4326800,3) Uncertain significance,ethA_p.Leu225Arg
ETH,4327059,3) Uncertain significance,ethA_p.Gly139Ser
ETH,4327437,3) Uncertain significance,ethA_p.Gly13Arg
ETH,4327427,3) Uncertain significance,ethA_p.Gly16Asp
ETH,4326930,3) Uncertain significance,ethA_p.Gly182Ser
ETH,4326650,3) Uncertain significance,ethA_p.Gly275Glu
ETH,4326446,3) Uncertain significance,ethA_p.Gly343Glu
ETH,4326447,3) Uncertain significance,ethA_p.Gly343Arg
ETH,4326362,3) Uncertain significance,ethA_p.Gly371Val
ETH,4327346,3) Uncertain significance,ethA_p.Gly43Asp
ETH,4326126,3) Uncertain significance,ethA_p.Gly450Cys
ETH,4326062,3) Uncertain significance,ethA_p.Gly471Val
ETH,4327286,3) Uncertain significance,ethA_p.Gly63Asp
ETH,4326977,3) Uncertain significance,ethA_p.His166Pro
ETH,4327409,3) Uncertain significance,ethA_p.His22Arg
ETH,4326554,3) Uncertain significance,ethA_p.His307Pro
ETH,4326992,3) Uncertain significance,ethA_p.Ile161Ser
ETH,4326932,3) Uncertain significance,ethA_p.Ile181Ser
ETH,4326838,3) Uncertain significance,ethA_p.Ile212Met
ETH,4326407,3) Uncertain significance,ethA_p.Ile356Thr
ETH,4326056,3) Uncertain significance,ethA_p.Ile473Ser
ETH,4327448,3) Uncertain significance,ethA_p.Ile9Ser
ETH,4327073,3) Uncertain significance,ethA_p.Leu134His
ETH,4326906,3) Uncertain significance,ethA_p.Leu190Phe
ETH,4326893,3) Uncertain significance,ethA_p.Leu194Arg
ETH,4326800,3) Uncertain significance,ethA_p.Leu225Pro
ETH,4327406,3) Uncertain significance,ethA_p.Leu23Pro
INH,576387,3) Uncertain significance,mshA_p.Ala347Val
ETH,4327377,3) Uncertain significance,ethA_p.Ala33Pro
ETH,4326413,3) Uncertain significance,ethA_p.Ala354Gly
ETH,4328116,3) Uncertain significance,ethR_p.Glu190Gln
ETH,4327891,3) Uncertain significance,ethR_p.Gly115Arg
ETH,4327589,3) Uncertain significance,ethR_p.Gly14Val
ETH,4328027,3) Uncertain significance,ethR_p.Gly160Asp
ETH,4328113,3) Uncertain significance,ethR_p.Gly189Arg
ETH,4328113,3) Uncertain significance,ethR_p.Gly189Ser
ETH,4327986,3) Uncertain significance,ethR_p.Ile146Met
ETH,4327673,3) Uncertain significance,ethR_p.Leu42Pro
ETH,4327774,3) Uncertain significance,ethR_p.Leu76Val
ETH,4327974,3) Uncertain significance,ethR_p.Met142Ile
ETH,4327826,3) Uncertain significance,ethR_p.Asn93Ser
ETH,4328036,3) Uncertain significance,ethR_p.Pro163Leu
ETH,4327828,3) Uncertain significance,ethR_p.Pro94Ser
ETH,4327913,3) Uncertain significance,ethR_p.Arg122Gln
ETH,4327595,3) Uncertain significance,ethR_p.Arg16His
ETH,4328194,3) Uncertain significance,ethR_p.Arg216Cys
ETH,4327844,3) Uncertain significance,ethR_p.Arg99His
ETH,4327577,3) Uncertain significance,ethR_p.Ser10Trp
ETH,4328105,3) Uncertain significance,ethR_p.Ser186Leu
ETH,4327967,3) Uncertain significance,ethR_p.Thr140Met
ETH,4328042,3) Uncertain significance,ethR_p.Thr165Ile
ETH,4327643,3) Uncertain significance,ethR_p.Thr32Ser
ETH,4327556,3) Uncertain significance,ethR_p.Thr3Ile
ETH,4327768,3) Uncertain significance,ethR_p.Thr74Ala
ETH,4327874,3) Uncertain significance,ethR_p.Val109Ala
ETH,4328058,3) Uncertain significance,ethR_p.Glu170Asp
ETH,4327907,3) Uncertain significance,ethR_p.Val120Ala
ETH,4328015,3) Uncertain significance,ethR_p.Glu156Ala
ETH,4327777,3) Uncertain significance,ethR_p.Asp77Asn
ETH,4327126,3) Uncertain significance,ethA_p.Trp116Cys
ETH,4326756,3) Uncertain significance,ethA_p.Trp240Arg
ETH,4326708,3) Uncertain significance,ethA_p.Trp256Gly
ETH,4326303,3) Uncertain significance,ethA_p.Trp391Arg
ETH,4326111,3) Uncertain significance,ethA_p.Trp455Arg
ETH,4327268,3) Uncertain significance,ethA_p.Trp69Leu
ETH,4327268,3) Uncertain significance,ethA_p.Trp69Ser
ETH,4327052,3) Uncertain significance,ethA_p.Tyr141Cys
ETH,4326726,3) Uncertain significance,ethA_p.Tyr250Asn
ETH,4326647,3) Uncertain significance,ethA_p.Tyr276Cys
ETH,4327326,3) Uncertain significance,ethA_p.Tyr50His
ETH,4327295,3) Uncertain significance,ethA_p.Tyr60Ser
ETH,4327200,3) Uncertain significance,ethA_p.Tyr92His
ETH,4327865,3) Uncertain significance,ethR_p.Ile107fs
ETH,4327627,3) Uncertain significance,ethR_p.Leu27fs
ETH,4327934,3) Uncertain significance,ethR_p.Ala129Val
ETH,4328029,3) Uncertain significance,ethR_p.Ala161Thr
ETH,4327600,3) Uncertain significance,ethR_p.Ala18Thr
ETH,4327676,3) Uncertain significance,ethR_p.Ala43Asp
ETH,4327675,3) Uncertain significance,ethR_p.Ala43Thr
ETH,4327795,3) Uncertain significance,ethR_p.Ala83Thr
ETH,4327819,3) Uncertain significance,ethR_p.Ala91Thr
ETH,4328021,3) Uncertain significance,ethR_p.Asp158Gly
ETH,4327617,3) Uncertain significance,ethR_p.Asp23Glu
ETH,4327678,3) Uncertain significance,ethR_p.Asp44Tyr
ETH,4327799,3) Uncertain significance,ethR_p.Asp84Ala
ETH,4327454,3) Uncertain significance,ethA_p.Val7Ala
ETH,4327943,3) Uncertain significance,ethR_p.Val132Ala
ETH,1674598,3) Uncertain significance,inhA_p.Ala133Thr
INH,1674305,3) Uncertain significance,inhA_p.Gln35Arg
ETH,1674907,3) Uncertain significance,inhA_p.Thr236Ala
INH,1674907,3) Uncertain significance,inhA_p.Thr236Ala
ETH,1674205,3) Uncertain significance,inhA_p.Thr2Pro
INH,1674205,3) Uncertain significance,inhA_p.Thr2Pro
ETH,1674473,3) Uncertain significance,inhA_p.Val91Ala
INH,1674473,3) Uncertain significance,inhA_p.Val91Ala
ETH,1674745,3) Uncertain significance,inhA_p.Tyr182His
INH,1674745,3) Uncertain significance,inhA_p.Tyr182His
ETH,575564,3) Uncertain significance,mshA_p.Leu73fs
ETH,575655,3) Uncertain significance,mshA_p.Ala104fs
ETH,575913,3) Uncertain significance,mshA_p.Asp190fs
ETH,575920,3) Uncertain significance,mshA_p.Asp192fs
ETH,576060,3) Uncertain significance,mshA_p.His239fs
ETH,576177,3) Uncertain significance,mshA_p.Ala279fs
ETH,575748,3) Uncertain significance,mshA_p.Ala134Val
INH,575748,3) Uncertain significance,mshA_p.Ala134Val
ETH,575876,3) Uncertain significance,mshA_p.Ala177Thr
ETH,576108,3) Uncertain significance,mshA_p.Ala254Gly
ETH,575351,3) Uncertain significance,mshA_p.Ala2Thr
INH,575351,3) Uncertain significance,mshA_p.Ala2Thr
ETH,576372,3) Uncertain significance,mshA_p.Ala342Val
INH,576372,3) Uncertain significance,mshA_p.Ala342Val
ETH,576375,3) Uncertain significance,mshA_p.Ala343Val
INH,576375,3) Uncertain significance,mshA_p.Ala343Val
ETH,1674305,3) Uncertain significance,inhA_p.Gln35Arg
ETH,4327982,3) Uncertain significance,ethR_p.Trp145*
ETH,1674847,3) Uncertain significance,inhA_p.Gln216Glu
ETH,1674894,3) Uncertain significance,inhA_p.Asn231Lys
INH,1674598,3) Uncertain significance,inhA_p.Ala133Thr
ETH,1674769,3) Uncertain significance,inhA_p.Ala190Ser
INH,1674769,3) Uncertain significance,inhA_p.Ala190Ser
ETH,1674802,3) Uncertain significance,inhA_p.Ala201Thr
INH,1674802,3) Uncertain significance,inhA_p.Ala201Thr
ETH,1674265,3) Uncertain significance,inhA_p.Ala22Ser
INH,1674265,3) Uncertain significance,inhA_p.Ala22Ser
ETH,1674904,3) Uncertain significance,inhA_p.Ala235Thr
INH,1674904,3) Uncertain significance,inhA_p.Ala235Thr
ETH,1674451,3) Uncertain significance,inhA_p.Ala84Thr
ETH,1674186,3) Uncertain significance,inhA_c.-16C>G
INH,1674186,3) Uncertain significance,inhA_c.-16C>G
ETH,1674943,3) Uncertain significance,inhA_p.Asp248Asn
ETH,1674356,3) Uncertain significance,inhA_p.Asp52Gly
INH,1674356,3) Uncertain significance,inhA_p.Asp52Gly
ETH,1674440,3) Uncertain significance,inhA_p.Glu80Ala
INH,1674440,3) Uncertain significance,inhA_p.Glu80Ala
ETH,1674835,3) Uncertain significance,inhA_p.Gly212Ser
INH,1674835,3) Uncertain significance,inhA_p.Gly212Ser
ETH,1674862,3) Uncertain significance,inhA_p.Gly221Ser
INH,1674862,3) Uncertain significance,inhA_p.Gly221Ser
ETH,1674428,3) Uncertain significance,inhA_p.Gly76Asp
INH,1674428,3) Uncertain significance,inhA_p.Gly76Asp
ETH,1674448,3) Uncertain significance,inhA_p.Gly83Arg
INH,1674448,3) Uncertain significance,inhA_p.Gly83Arg
INH,1674894,3) Uncertain significance,inhA_p.Asn231Lys
ETH,4326419,3) Uncertain significance,ethA_p.Ala352Glu
ETH,4326009,3) Uncertain significance,ethA_p.Val489Phe
ETH,4326219,3) Uncertain significance,ethA_p.Val419Ile
ETH,4326504,3) Uncertain significance,ethA_p.Gly324Arg
ETH,4326426,3) Uncertain significance,ethA_p.Gly350Cys
ETH,4326422,3) Uncertain significance,ethA_p.Gly351Val
ETH,4326206,3) Uncertain significance,ethA_p.Gly423Val
ETH,4327349,3) Uncertain significance,ethA_p.Gly42Asp
ETH,4327350,3) Uncertain significance,ethA_p.Gly42Ser
ETH,4327346,3) Uncertain significance,ethA_p.Gly43Ala
ETH,4326063,3) Uncertain significance,ethA_p.Gly471Arg
ETH,4326044,3) Uncertain significance,ethA_p.Gly477Asp
ETH,4327523,3) Uncertain significance,ethA_c.-50G>A
ETH,4327530,3) Uncertain significance,ethA_c.-19C>T
ETH,4327286,3) Uncertain significance,ethA_p.Gly63Val
ETH,4327241,3) Uncertain significance,ethA_p.Gly78Asp
ETH,4327197,3) Uncertain significance,ethA_p.Gly93Arg
ETH,4327410,3) Uncertain significance,ethA_p.His22Asp
ETH,4327410,3) Uncertain significance,ethA_p.His22Tyr
ETH,4326631,3) Uncertain significance,ethA_p.His281Gln
ETH,4326553,3) Uncertain significance,ethA_p.His307Gln
ETH,4327464,3) Uncertain significance,ethA_p.His4Asn
ETH,4327115,3) Uncertain significance,ethA_p.Ile120Asn
ETH,4326942,3) Uncertain significance,ethA_p.Ile178Val
ETH,4326460,3) Uncertain significance,ethA_p.Ile338Met
ETH,4326458,3) Uncertain significance,ethA_p.Ile339Ser
ETH,4327372,3) Uncertain significance,ethA_p.Ile34Met
ETH,4326503,3) Uncertain significance,ethA_p.Gly324Ala
ETH,"4326344,4326343",3) Uncertain significance,ethA_p.Ile377Lys
ETH,4326929,3) Uncertain significance,ethA_p.Gly182Ala
ETH,4327483,3) Uncertain significance,ethA_c.-10G>A
ETH,4326308,3) Uncertain significance,ethA_p.Ala389Asp
ETH,4326290,3) Uncertain significance,ethA_p.Ala395Asp
ETH,4326033,3) Uncertain significance,ethA_p.Ala481Thr
ETH,4327254,3) Uncertain significance,ethA_p.Ala74Pro
ETH,4327253,3) Uncertain significance,ethA_p.Ala74Val
ETH,4327502,3) Uncertain significance,ethA_c.-29C>G
ETH,4326267,3) Uncertain significance,ethA_p.Cys403Gly
ETH,4327528,3) Uncertain significance,ethA_c.-21G>A
ETH,4327043,3) Uncertain significance,ethA_p.Asp144Gly
ETH,4326886,3) Uncertain significance,ethA_p.Asp196Glu
ETH,4326817,3) Uncertain significance,ethA_p.Asp219Glu
ETH,4326604,3) Uncertain significance,ethA_p.Asp290Glu
ETH,4326466,3) Uncertain significance,ethA_p.Asp336Glu
ETH,4326246,3) Uncertain significance,ethA_p.Asp410His
ETH,4327338,3) Uncertain significance,ethA_p.Asp46Asn
ETH,4327137,3) Uncertain significance,ethA_p.Glu113Gln
ETH,4326541,3) Uncertain significance,ethA_p.Glu311Asp
ETH,4326048,3) Uncertain significance,ethA_p.Glu476Gln
ETH,4327021,3) Uncertain significance,ethA_p.Phe151Leu
ETH,4326682,3) Uncertain significance,ethA_p.Phe264Leu
ETH,4326628,3) Uncertain significance,ethA_p.Phe282Leu
ETH,4326569,3) Uncertain significance,ethA_p.Phe302Ser
ETH,4326515,3) Uncertain significance,ethA_p.Phe320Ser
ETH,4327283,3) Uncertain significance,ethA_p.Phe64Cys
ETH,4327282,3) Uncertain significance,ethA_p.Phe64Leu
ETH,4327103,3) Uncertain significance,ethA_p.Gly124Asp
ETH,4326198,3) Uncertain significance,ethA_p.Val426Phe
ETH,4327232,3) Uncertain significance,ethA_p.Ile81Thr
ETH,4326875,3) Uncertain significance,ethA_p.Lys200Arg
ETH,4326497,3) Uncertain significance,ethA_p.Arg326Gln
ETH,4326108,3) Uncertain significance,ethA_p.Arg456Cys
ETH,4326078,3) Uncertain significance,ethA_p.Arg466Trp
ETH,4327313,3) Uncertain significance,ethA_p.Arg54His
ETH,4327430,3) Uncertain significance,ethA_p.Ser15Cys
ETH,4326852,3) Uncertain significance,ethA_p.Ser208Ala
ETH,4326489,3) Uncertain significance,ethA_p.Ser329Pro
ETH,4326305,3) Uncertain significance,ethA_p.Ser390Tyr
ETH,4326203,3) Uncertain significance,ethA_p.Ser424Leu
ETH,4326845,3) Uncertain significance,ethA_p.Thr210Asn
ETH,4326780,3) Uncertain significance,ethA_p.Thr232Ala
ETH,4326455,3) Uncertain significance,ethA_p.Thr340Ile
ETH,4326416,3) Uncertain significance,ethA_p.Thr353Met
ETH,4326300,3) Uncertain significance,ethA_p.Thr392Ala
ETH,4327512,3) Uncertain significance,ethA_c.-39T>C
ETH,4327514,3) Uncertain significance,ethA_c.-41T>G
ETH,4327344,3) Uncertain significance,ethA_p.Thr44Pro
ETH,4326117,3) Uncertain significance,ethA_p.Thr453Ser
ETH,4327535,3) Uncertain significance,ethA_c.-14A>G
ETH,4327546,3) Uncertain significance,ethA_c.-3A>G
ETH,4326938,3) Uncertain significance,ethA_p.Val179Gly
ETH,4326746,3) Uncertain significance,ethA_p.Val243Ala
ETH,4326746,3) Uncertain significance,ethA_p.Val243Gly
ETH,4326728,3) Uncertain significance,ethA_p.Val249Ala
ETH,4326546,3) Uncertain significance,ethA_p.Val310Ile
ETH,4326497,3) Uncertain significance,ethA_p.Arg326Leu
ETH,4327182,3) Uncertain significance,ethA_p.Ile98Val
ETH,4326665,3) Uncertain significance,ethA_p.Arg270His
ETH,4326759,3) Uncertain significance,ethA_p.Arg239Trp
ETH,4326293,3) Uncertain significance,ethA_p.Lys394Thr
ETH,4327098,3) Uncertain significance,ethA_p.Leu126Phe
ETH,4326963,3) Uncertain significance,ethA_p.Leu171Phe
ETH,4326860,3) Uncertain significance,ethA_p.Leu205Arg
ETH,4326443,3) Uncertain significance,ethA_p.Leu344Ser
ETH,4326354,3) Uncertain significance,ethA_p.Leu374Phe
ETH,4326296,3) Uncertain significance,ethA_p.Leu393Pro
ETH,4326260,3) Uncertain significance,ethA_p.Leu405Ser
ETH,4327229,3) Uncertain significance,ethA_p.Leu82Arg
ETH,4326775,3) Uncertain significance,ethA_p.Met233Ile
ETH,4326777,3) Uncertain significance,ethA_p.Met233Val
ETH,4326581,3) Uncertain significance,ethA_p.Asn298Thr
ETH,4326338,3) Uncertain significance,ethA_p.Asn379Ser
ETH,4327028,3) Uncertain significance,ethA_p.Pro149Leu
ETH,4326996,3) Uncertain significance,ethA_p.Pro160Thr
ETH,4326983,3) Uncertain significance,ethA_p.Pro164Gln
ETH,4326657,3) Uncertain significance,ethA_p.Pro273Ser
ETH,4326624,3) Uncertain significance,ethA_p.Pro284Ala
ETH,4326168,3) Uncertain significance,ethA_p.Pro436Ala
ETH,4327271,3) Uncertain significance,ethA_p.Pro68Leu
ETH,4326980,3) Uncertain significance,ethA_p.Gln165Arg
ETH,4326661,3) Uncertain significance,ethA_p.Gln271His
ETH,4327131,3) Uncertain significance,ethA_p.Arg115Cys
ETH,4326822,3) Uncertain significance,ethA_p.Arg218Trp
ETH,4326759,3) Uncertain significance,ethA_p.Arg239Gly
ETH,4326693,3) Uncertain significance,ethA_p.Arg261Trp
INH,576326,3) Uncertain significance,mshA_p.Phe327Ile
ETH,576675,3) Uncertain significance,mshA_p.Arg443His
ETH,575357,3) Uncertain significance,mshA_p.Val4Met
INH,2154876,3) Uncertain significance,katG_p.Trp412Cys
INH,2154800,3) Uncertain significance,katG_p.Trp438Gly
INH,2154599,3) Uncertain significance,katG_p.Trp505Arg
INH,2154045,3) Uncertain significance,katG_p.Trp689Cys
INH,2153928,3) Uncertain significance,katG_p.Trp728Cys
INH,2155649,3) Uncertain significance,katG_p.Tyr155Asp
INH,2155103,3) Uncertain significance,katG_p.Tyr337Asp
INH,2154874,3) Uncertain significance,katG_p.Tyr413Cys
INH,2155922,3) Uncertain significance,katG_p.Tyr64His
INH,2155922,3) Uncertain significance,katG_p.Tyr64Asn
INH,2155921,3) Uncertain significance,katG_p.Tyr64Ser
INH,2155819,3) Uncertain significance,katG_p.Tyr98Cys
INH,2726100,3) Uncertain significance,ahpC_c.-93G>C
INH,1674247,3) Uncertain significance,inhA_p.Ile16Val
INH,1674501,3) Uncertain significance,inhA_p.Gln100His
INH,2155784,3) Uncertain significance,katG_p.Ala110Thr
INH,2155681,3) Uncertain significance,katG_p.Ala144Val
INH,2155345,3) Uncertain significance,katG_p.Ala256Gly
INH,2155321,3) Uncertain significance,katG_p.Ala264Val
INH,2154167,3) Uncertain significance,katG_p.Ala649Thr
INH,2154466,3) Uncertain significance,katG_p.Cys549Ser
INH,2155546,3) Uncertain significance,katG_p.Asp189Ala
INH,2156003,3) Uncertain significance,katG_p.Asp37Asn
INH,2154068,3) Uncertain significance,katG_p.Asp682Asn
INH,2153926,3) Uncertain significance,katG_p.Asp729Gly
INH,2155997,3) Uncertain significance,katG_p.Trp39Arg
INH,2155750,3) Uncertain significance,katG_p.Gly121Ala
INH,2155129,3) Uncertain significance,katG_p.Trp328Ser
INH,2155150,3) Uncertain significance,katG_p.Trp321Ser
INH,2155148,3) Uncertain significance,katG_p.Thr322Pro
INH,2155142,3) Uncertain significance,katG_p.Thr324Pro
INH,2155135,3) Uncertain significance,katG_p.Thr326Lys
INH,2155136,3) Uncertain significance,katG_p.Thr326Pro
INH,2154974,3) Uncertain significance,katG_p.Thr380Ala
INH,2154974,3) Uncertain significance,katG_p.Thr380Pro
INH,2154808,3) Uncertain significance,katG_p.Thr435Ile
INH,2154377,3) Uncertain significance,katG_p.Thr579Ser
INH,2154239,3) Uncertain significance,katG_p.Thr625Pro
INH,2155525,3) Uncertain significance,katG_p.Val196Gly
INH,2156110,3) Uncertain significance,katG_p.Val1?
INH,2156111,3) Uncertain significance,katG_p.Val1=
INH,2155423,3) Uncertain significance,katG_p.Val230Ala
INH,2155312,3) Uncertain significance,katG_p.Val267Gly
INH,2154820,3) Uncertain significance,katG_p.Val431Gly
INH,2154787,3) Uncertain significance,katG_p.Val442Ala
INH,2154763,3) Uncertain significance,katG_p.Val450Ala
INH,2154418,3) Uncertain significance,katG_p.Val565Ala
INH,2154371,3) Uncertain significance,katG_p.Val581Met
INH,2153920,3) Uncertain significance,katG_p.Val731Gly
INH,2153921,3) Uncertain significance,katG_p.Val731Met
INH,2155894,3) Uncertain significance,katG_p.Val73Gly
INH,2155667,3) Uncertain significance,katG_p.Trp149Gly
INH,2155214,3) Uncertain significance,katG_p.Trp300Gly
INH,2155213,3) Uncertain significance,katG_p.Trp300Ser
INH,2155130,3) Uncertain significance,katG_p.Trp328Arg
INH,2155148,3) Uncertain significance,katG_p.Thr322Ala
INH,2155750,3) Uncertain significance,katG_p.Gly121Asp
INH,"2155741,2155740",3) Uncertain significance,katG_p.Gly124Ala
INH,2154047,3) Uncertain significance,katG_p.Trp689Gly
INH,2155523,3) Uncertain significance,katG_p.Tyr197Asp
INH,2726601,3) Uncertain significance,ahpC_p.Val138fs
INH,2726506,3) Uncertain significance,ahpC_p.Thr105Met
INH,2726480,3) Uncertain significance,ahpC_p.Trp96Cys
INH,2155532,3) Uncertain significance,katG_p.Asp194Asn
INH,2154908,3) Uncertain significance,katG_p.Glu402Lys
INH,2154434,3) Uncertain significance,katG_p.Gly560Ser
INH,2154932,3) Uncertain significance,katG_p.Thr394Ala
INH,2154341,3) Uncertain significance,katG_p.Ala591Thr
INH,2154875,3) Uncertain significance,katG_p.Tyr413His
INH,2156139,3) Uncertain significance,katG_c.-28G>T
INH,2155480,3) Uncertain significance,katG_p.Ser211Asn
INH,2155051,3) Uncertain significance,katG_p.Thr354Ile
INH,2726293,3) Uncertain significance,ahpC_p.Tyr34Cys
INH,2726419,3) Uncertain significance,ahpC_p.Asp77fs
INH,2726515,3) Uncertain significance,ahpC_p.Pro109fs
INH,2726691,3) Uncertain significance,ahpC_p.Leu168fs
INH,2726227,3) Uncertain significance,ahpC_p.Ala12Val
INH,2726637,3) Uncertain significance,ahpC_p.Ala149Thr
INH,2726643,3) Uncertain significance,ahpC_p.Ala151Ser
INH,2726751,3) Uncertain significance,ahpC_p.Ala187Pro
INH,2726770,3) Uncertain significance,ahpC_p.Ala193Val
INH,2726130,3) Uncertain significance,ahpC_c.-63A>C
INH,2726110,3) Uncertain significance,ahpC_c.-83A>C
INH,2155909,3) Uncertain significance,katG_p.Val68Gly
INH,2154214,3) Uncertain significance,katG_p.Val633Ala
INH,2154044,3) Uncertain significance,katG_p.Thr690Pro
INH,2155645,3) Uncertain significance,katG_p.Gly156Asp
INH,2154716,3) Uncertain significance,katG_p.Gly466Arg
INH,2154631,3) Uncertain significance,katG_p.Gly494Ala
INH,"2154335,2154334",3) Uncertain significance,katG_p.Gly593Ser
INH,2153977,3) Uncertain significance,katG_p.Gly712Val
INH,2155766,3) Uncertain significance,katG_p.His116Tyr
INH,2155805,3) Uncertain significance,katG_p.Ile103Val
INH,2154934,3) Uncertain significance,katG_p.Ile393Ser
INH,2155900,3) Uncertain significance,katG_p.Ile71Ser
INH,2155658,3) Uncertain significance,katG_p.Lys152Gln
INH,2155637,3) Uncertain significance,katG_p.Leu159Phe
INH,2154979,3) Uncertain significance,katG_p.Leu378Pro
INH,2154833,3) Uncertain significance,katG_p.Leu427Phe
INH,2154739,3) Uncertain significance,katG_p.Leu458Arg
INH,"2154386,2154384",3) Uncertain significance,katG_p.Gln576Tyr
INH,2155679,3) Uncertain significance,katG_p.Arg145Cys
INH,2155366,3) Uncertain significance,katG_p.Arg249His
INH,2154670,3) Uncertain significance,katG_p.Ser481Leu
INH,2154013,3) Uncertain significance,katG_p.Ser700Phe
INH,2155375,3) Uncertain significance,katG_p.Val246Gly
INH,2726110,3) Uncertain significance,ahpC_c.-83A>G
INH,2155301,3) Uncertain significance,katG_p.Thr271Ala
INH,2155573,3) Uncertain significance,katG_p.Thr180Met
INH,2155370,3) Uncertain significance,katG_p.Ile248Val
INH,2154115,3) Uncertain significance,katG_p.Ile666Thr
INH,2155873,3) Uncertain significance,katG_p.Ile80Thr
INH,2155685,3) Uncertain significance,katG_p.Lys143Glu
INH,2155685,3) Uncertain significance,katG_p.Lys143Gln
INH,2155684,3) Uncertain significance,katG_p.Lys143Thr
INH,2155657,3) Uncertain significance,katG_p.Lys152Thr
INH,2155514,3) Uncertain significance,katG_p.Lys200Glu
INH,2155291,3) Uncertain significance,katG_p.Lys274Thr
INH,2156032,3) Uncertain significance,katG_p.Lys27Ile
INH,2155182,3) Uncertain significance,katG_p.Lys310Asn
INH,2154737,3) Uncertain significance,katG_p.Lys459Glu
INH,2154650,3) Uncertain significance,katG_p.Lys488Glu
INH,2154648,3) Uncertain significance,katG_p.Lys488Asn
INH,2154565,3) Uncertain significance,katG_p.Lys516Arg
INH,2154314,3) Uncertain significance,katG_p.Lys600Gln
INH,2154056,3) Uncertain significance,katG_p.Lys686Glu
INH,2155717,3) Uncertain significance,katG_p.Leu132Pro
INH,2155717,3) Uncertain significance,katG_p.Leu132Arg
INH,2155621,3) Uncertain significance,katG_p.Leu164Arg
INH,2155453,3) Uncertain significance,katG_p.Leu220Pro
INH,2155318,3) Uncertain significance,katG_p.Leu265Arg
INH,2154961,3) Uncertain significance,katG_p.Leu384Pro
INH,2155969,3) Uncertain significance,katG_p.Leu48Gln
INH,2154280,3) Uncertain significance,katG_p.Leu611Arg
INH,2155804,3) Uncertain significance,katG_p.Ile103Asn
INH,2154232,3) Uncertain significance,katG_p.Leu627Pro
INH,2155822,3) Uncertain significance,katG_p.His97Arg
INH,2155817,3) Uncertain significance,katG_p.Gly99Arg
INH,2155283,3) Uncertain significance,katG_p.Gly277Ser
INH,2155258,3) Uncertain significance,katG_p.Gly285Asp
INH,2155259,3) Uncertain significance,katG_p.Gly285Arg
INH,2155259,3) Uncertain significance,katG_p.Gly285Ser
INH,2156139,3) Uncertain significance,katG_c.-28G>A
INH,2155216,3) Uncertain significance,katG_p.Gly299Ala
INH,2155216,3) Uncertain significance,katG_p.Gly299Asp
INH,2155199,3) Uncertain significance,katG_p.Gly305Ser
INH,2155192,3) Uncertain significance,katG_p.Gly307Val
INH,2156014,3) Uncertain significance,katG_p.Gly33Ala
INH,2156011,3) Uncertain significance,katG_p.Gly34Glu
INH,2154850,3) Uncertain significance,katG_p.Gly421Ala
INH,2154643,3) Uncertain significance,katG_p.Gly490Ala
INH,2154628,3) Uncertain significance,katG_p.Gly495Ala
INH,2154629,3) Uncertain significance,katG_p.Gly495Arg
INH,"2154473,2154472",3) Uncertain significance,katG_p.Gly547Tyr
INH,2154470,3) Uncertain significance,katG_p.Gly548Arg
INH,2154434,3) Uncertain significance,katG_p.Gly560Arg
INH,2154334,3) Uncertain significance,katG_p.Gly593Asp
INH,2154227,3) Uncertain significance,katG_p.Gly629Cys
INH,2154226,3) Uncertain significance,katG_p.Gly629Asp
INH,2154208,3) Uncertain significance,katG_p.Gly635Ala
INH,2154181,3) Uncertain significance,katG_p.Gly644Asp
INH,2154065,3) Uncertain significance,katG_p.Gly683Arg
INH,2156119,3) Uncertain significance,katG_c.-8G>A
INH,2155303,3) Uncertain significance,katG_p.His270Pro
INH,2156112,3) Uncertain significance,katG_c.-1T>G
INH,2154220,3) Uncertain significance,katG_p.Leu631Gln
INH,2154001,3) Uncertain significance,katG_p.Leu704Ser
INH,2155730,3) Uncertain significance,katG_p.Arg128Gly
INH,2155675,3) Uncertain significance,katG_p.Arg146Gln
INH,2155367,3) Uncertain significance,katG_p.Arg249Gly
INH,2155366,3) Uncertain significance,katG_p.Arg249Leu
INH,2155366,3) Uncertain significance,katG_p.Arg249Pro
INH,2155354,3) Uncertain significance,katG_p.Arg253Pro
INH,2154662,3) Uncertain significance,katG_p.Arg484Gly
INH,2154647,3) Uncertain significance,katG_p.Arg489Cys
INH,2154400,3) Uncertain significance,katG_p.Arg571Leu
INH,2154328,3) Uncertain significance,katG_p.Arg595Gln
INH,2154218,3) Uncertain significance,katG_p.Arg632Cys
INH,2154034,3) Uncertain significance,katG_p.Arg693His
INH,2155880,3) Uncertain significance,katG_p.Arg78Gly
INH,2155121,3) Uncertain significance,katG_p.Ser331Gly
INH,2155120,3) Uncertain significance,katG_p.Ser331Ile
INH,2154964,3) Uncertain significance,katG_p.Ser383Trp
INH,2154742,3) Uncertain significance,katG_p.Ser457Ile
INH,2154692,3) Uncertain significance,katG_p.Ser474Pro
INH,2154668,3) Uncertain significance,katG_p.Ser482Pro
INH,2154163,3) Uncertain significance,katG_p.Ser650Phe
INH,2154158,3) Uncertain significance,katG_p.Ser652Pro
INH,2154038,3) Uncertain significance,katG_p.Ser692Arg
INH,2155778,3) Uncertain significance,katG_p.Thr112Pro
INH,2156081,3) Uncertain significance,katG_p.Thr11Ala
INH,2155573,3) Uncertain significance,katG_p.Thr180Lys
INH,2155802,3) Uncertain significance,katG_p.Arg104Trp
INH,2154130,3) Uncertain significance,katG_p.Leu661Arg
INH,2155801,3) Uncertain significance,katG_p.Arg104Pro
INH,"2154539,2154538",3) Uncertain significance,katG_p.Gln525Thr
INH,2153911,3) Uncertain significance,katG_p.Leu734Arg
INH,2155797,3) Uncertain significance,katG_p.Met105Ile
INH,2155799,3) Uncertain significance,katG_p.Met105Leu
KAN,3568731,3) Uncertain significance,whiB7_c.-52C>T
INH,2155437,3) Uncertain significance,katG_p.Met225Ile
INH,2154982,3) Uncertain significance,katG_p.Met377Arg
INH,2154285,3) Uncertain significance,katG_p.Met609Ile
INH,2154240,3) Uncertain significance,katG_p.Met624Ile
INH,2155699,3) Uncertain significance,katG_p.Asn138Ser
INH,2155399,3) Uncertain significance,katG_p.Asn238Thr
INH,2156008,3) Uncertain significance,katG_p.Asn35Thr
INH,2154526,3) Uncertain significance,katG_p.Asn529Thr
INH,2154324,3) Uncertain significance,katG_p.Asn596Lys
INH,2154201,3) Uncertain significance,katG_p.Asn637Lys
INH,2154134,3) Uncertain significance,katG_p.Asn660His
INH,2155814,3) Uncertain significance,katG_p.Pro100Thr
INH,2155721,3) Uncertain significance,katG_p.Pro131Ala
INH,2155417,3) Uncertain significance,katG_p.Pro232Arg
INH,2155249,3) Uncertain significance,katG_p.Pro288Leu
INH,2156108,3) Uncertain significance,katG_p.Pro2Ser
INH,2155139,3) Uncertain significance,katG_p.Pro325Thr
INH,2154415,3) Uncertain significance,katG_p.Pro566Arg
INH,2155943,3) Uncertain significance,katG_p.Pro57Ser
INH,2155057,3) Uncertain significance,katG_p.Gln352Pro
INH,2154796,3) Uncertain significance,katG_p.Gln439Arg
INH,2154076,3) Uncertain significance,katG_p.Gln679Pro
INH,2155295,3) Uncertain significance,katG_p.Gly273Cys
INH,2726157,3) Uncertain significance,ahpC_c.-36C>A
INH,2726131,3) Uncertain significance,ahpC_c.-62C>T
INH,"2155058,2155056",3) Uncertain significance,katG_p.Gln352Tyr
INH,2156006,3) Uncertain significance,katG_p.Gln36Glu
INH,2154810,3) Uncertain significance,katG_p.Gln434His
INH,"2154797,2154796",3) Uncertain significance,katG_p.Gln439Thr
INH,2154730,3) Uncertain significance,katG_p.Gln461Arg
INH,"2154539,2154538",3) Uncertain significance,katG_p.Gln525Ala
INH,"2154077,2154075",3) Uncertain significance,katG_p.Gln679Tyr
INH,2155850,3) Uncertain significance,katG_p.Gln88Glu
INH,2155675,3) Uncertain significance,katG_p.Arg146Leu
INH,2155367,3) Uncertain significance,katG_p.Arg249Cys
INH,2155352,3) Uncertain significance,katG_p.Arg254Ser
INH,2154647,3) Uncertain significance,katG_p.Arg489Ser
INH,2154568,3) Uncertain significance,katG_p.Arg515His
INH,2154556,3) Uncertain significance,katG_p.Arg519His
INH,2154328,3) Uncertain significance,katG_p.Arg595Leu
INH,2153998,3) Uncertain significance,katG_p.Arg705Leu
INH,2153905,3) Uncertain significance,katG_p.Arg736Lys
INH,2153904,3) Uncertain significance,katG_p.Arg736Ser
INH,2153894,3) Uncertain significance,katG_p.Arg740Ser
INH,2155694,3) Uncertain significance,katG_p.Ser140Gly
INH,2156063,3) Uncertain significance,katG_p.Ser17Gly
INH,2155119,3) Uncertain significance,katG_p.Ser331Arg
INH,2154671,3) Uncertain significance,katG_p.Ser481Ala
INH,2154532,3) Uncertain significance,katG_p.Ser527Leu
INH,2154062,3) Uncertain significance,katG_p.Ser684Arg
INH,"2155733,2155732",3) Uncertain significance,katG_p.Gln127Ser
INH,2155852,3) Uncertain significance,katG_p.Ser87Leu
INH,2154098,3) Uncertain significance,katG_p.Pro672Ser
INH,2154298,3) Uncertain significance,katG_p.Pro605Arg
INH,2154967,3) Uncertain significance,katG_p.Leu382Arg
INH,2154919,3) Uncertain significance,katG_p.Leu398Arg
INH,2154802,3) Uncertain significance,katG_p.Leu437Arg
INH,"2154740,2154739",3) Uncertain significance,katG_p.Leu458Ser
INH,"2154266,2154265",3) Uncertain significance,katG_p.Leu616Ser
INH,2154025,3) Uncertain significance,katG_p.Leu696Gln
INH,2153993,3) Uncertain significance,katG_p.Leu707Phe
INH,2153992,3) Uncertain significance,katG_p.Leu707Pro
INH,2155342,3) Uncertain significance,katG_p.Met257Thr
INH,2154852,3) Uncertain significance,katG_p.Met420Ile
INH,"2155406,2155404",3) Uncertain significance,katG_p.Asn236Glu
INH,2155404,3) Uncertain significance,katG_p.Asn236Lys
INH,"2155400,2155398",3) Uncertain significance,katG_p.Asn238Gln
INH,2156009,3) Uncertain significance,katG_p.Asn35His
INH,"2154134,2154133",3) Uncertain significance,katG_p.Asn660Ala
INH,2155721,3) Uncertain significance,katG_p.Pro131Ser
INH,2155256,3) Uncertain significance,katG_p.Pro286Ala
INH,2155073,3) Uncertain significance,katG_p.Pro347Ser
INH,2154847,3) Uncertain significance,katG_p.Pro422His
INH,2154818,3) Uncertain significance,katG_p.Pro432Thr
INH,2154584,3) Uncertain significance,katG_p.Pro510Ala
INH,2154583,3) Uncertain significance,katG_p.Pro510Leu
INH,2155958,3) Uncertain significance,katG_p.Pro52Ser
INH,2154415,3) Uncertain significance,katG_p.Pro566Leu
INH,2154406,3) Uncertain significance,katG_p.Pro569Leu
INH,2154248,3) Uncertain significance,katG_p.Pro622Thr
INH,2155106,3) Uncertain significance,katG_p.Leu336Met
INH,2155777,3) Uncertain significance,katG_p.Thr112Ser
INH,2155141,3) Uncertain significance,katG_p.Thr324Asn
INH,576775,3) Uncertain significance,mshA_p.Gly477del
INH,575840,3) Uncertain significance,mshA_p.Ala165Thr
INH,575913,3) Uncertain significance,mshA_p.Ala189Val
INH,576209,3) Uncertain significance,mshA_p.Ala288Thr
INH,576239,3) Uncertain significance,mshA_p.Ala298Thr
INH,576314,3) Uncertain significance,mshA_p.Ala323Thr
INH,576386,3) Uncertain significance,mshA_p.Ala347Thr
INH,576543,3) Uncertain significance,mshA_p.Ala399Val
INH,576549,3) Uncertain significance,mshA_p.Ala401Gly
INH,575465,3) Uncertain significance,mshA_p.Ala40Ser
INH,575466,3) Uncertain significance,mshA_p.Ala40Val
INH,576576,3) Uncertain significance,mshA_p.Ala410Val
INH,576663,3) Uncertain significance,mshA_p.Ala439Val
INH,575320,3) Uncertain significance,mshA_c.-28C>T
INH,575305,3) Uncertain significance,mshA_c.-43C>T
INH,575339,3) Uncertain significance,mshA_c.-9C>T
INH,575717,3) Uncertain significance,mshA_p.Asp124His
INH,575915,3) Uncertain significance,mshA_p.Asp190Asn
INH,576000,3) Uncertain significance,mshA_p.Asp218Gly
INH,576080,3) Uncertain significance,mshA_p.Asp245His
INH,576080,3) Uncertain significance,mshA_p.Asp245Asn
INH,576275,3) Uncertain significance,mshA_p.Asp310Asn
INH,575778,3) Uncertain significance,mshA_p.Glu144Gly
INH,575412,3) Uncertain significance,mshA_p.Glu22Ala
INH,575411,3) Uncertain significance,mshA_p.Glu22Lys
INH,2155054,3) Uncertain significance,katG_p.Tyr353Cys
INH,2156080,3) Uncertain significance,katG_p.Thr11Ser
INH,"2153929,2153928",3) Uncertain significance,katG_p.Trp728Tyr
INH,2154108,3) Uncertain significance,katG_p.Trp668Cys
INH,"2155082,2155081",3) Uncertain significance,katG_p.Thr344Leu
INH,2155025,3) Uncertain significance,katG_p.Thr363Ala
INH,2154974,3) Uncertain significance,katG_p.Thr380Ser
INH,2154689,3) Uncertain significance,katG_p.Thr475Ala
INH,2154554,3) Uncertain significance,katG_p.Thr520Ala
INH,2154553,3) Uncertain significance,katG_p.Thr520Asn
INH,2154152,3) Uncertain significance,katG_p.Thr654Ala
INH,2154151,3) Uncertain significance,katG_p.Thr654Asn
INH,2154151,3) Uncertain significance,katG_p.Thr654Ser
INH,2154112,3) Uncertain significance,katG_p.Thr667Ile
INH,2155882,3) Uncertain significance,katG_p.Thr77Arg
INH,2156086,3) Uncertain significance,katG_p.Thr9Lys
INH,2155616,3) Uncertain significance,katG_p.Val166Ile
INH,2155526,3) Uncertain significance,katG_p.Val196Ile
INH,2155312,3) Uncertain significance,katG_p.Val267Ala
INH,2155157,3) Uncertain significance,katG_p.Val319Ile
INH,2154956,3) Uncertain significance,katG_p.Val386Met
INH,2154845,3) Uncertain significance,katG_p.Val423Phe
INH,2154779,3) Uncertain significance,katG_p.Val445Ile
INH,2154604,3) Uncertain significance,katG_p.Val503Ala
INH,2154593,3) Uncertain significance,katG_p.Val507Ile
INH,2154053,3) Uncertain significance,katG_p.Val687Met
INH,2153984,3) Uncertain significance,katG_p.Val710Ile
INH,2153951,3) Uncertain significance,katG_p.Val721Leu
INH,"2154877,2154876",3) Uncertain significance,katG_p.Trp412Tyr
INH,"2154046,2154045",3) Uncertain significance,katG_p.Trp689Leu
INH,2726157,3) Uncertain significance,ahpC_c.-36C>T
INH,2155498,3) Uncertain significance,katG_p.Leu205Arg
INH,2154344,3) Uncertain significance,katG_p.Lys590Gln
INH,1674839,3) Uncertain significance,inhA_p.Ala213Val
INH,1674905,3) Uncertain significance,inhA_p.Ala235Val
INH,1674374,3) Uncertain significance,inhA_p.Ala58Val
INH,1674625,3) Uncertain significance,inhA_p.Gly142Ser
INH,1674299,3) Uncertain significance,inhA_p.Gly33Asp
INH,1674409,3) Uncertain significance,inhA_p.His70Asp
INH,1674610,3) Uncertain significance,inhA_p.Ile137Val
INH,1674783,3) Uncertain significance,inhA_p.Ile194Met
INH,1674553,3) Uncertain significance,inhA_p.Lys118Glu
INH,1675005,3) Uncertain significance,inhA_p.Leu268Phe
INH,1674508,3) Uncertain significance,inhA_p.Met103Val
INH,1674666,3) Uncertain significance,inhA_p.Met155Ile
INH,1674842,3) Uncertain significance,inhA_p.Gln214Arg
INH,1674629,3) Uncertain significance,inhA_p.Ser143Cys
INH,1674256,3) Uncertain significance,inhA_p.Ser19Ala
INH,1674257,3) Uncertain significance,inhA_p.Ser19Leu
INH,1674997,3) Uncertain significance,inhA_p.Thr266Ala
INH,1674205,3) Uncertain significance,inhA_p.Thr2Ala
INH,1674766,3) Uncertain significance,inhA_p.Val189Ile
INH,2156068,3) Uncertain significance,katG_p.Ala15Val
INH,2155627,3) Uncertain significance,katG_p.Ala162Gly
INH,2155628,3) Uncertain significance,katG_p.Ala162Thr
INH,2155508,3) Uncertain significance,katG_p.Ala202Ser
INH,2155385,3) Uncertain significance,katG_p.Ala243Thr
INH,2155271,3) Uncertain significance,katG_p.Ala281Thr
INH,1674188,3) Uncertain significance,inhA_c.-14A>G
INH,2155178,3) Uncertain significance,katG_p.Ala312Pro
INH,1674542,3) Uncertain significance,inhA_p.Ala114Gly
INH,2726728,3) Uncertain significance,ahpC_p.Arg179His
INH,2726607,3) Uncertain significance,ahpC_p.Asp139His
INH,2726703,3) Uncertain significance,ahpC_p.Asp171Asn
INH,2726737,3) Uncertain significance,ahpC_p.Asp182Gly
INH,2726313,3) Uncertain significance,ahpC_p.Asp41Asn
INH,2726427,3) Uncertain significance,ahpC_p.Asp79Asn
INH,2726455,3) Uncertain significance,ahpC_p.Asp88Gly
INH,2726514,3) Uncertain significance,ahpC_p.Phe108Val
INH,2726177,3) Uncertain significance,ahpC_c.-16G>A
INH,2726251,3) Uncertain significance,ahpC_p.Gly20Ala
INH,2726253,3) Uncertain significance,ahpC_p.Gly21Ser
INH,2726325,3) Uncertain significance,ahpC_p.Gly45Ser
INH,2726119,3) Uncertain significance,ahpC_c.-74G>T
INH,2726186,3) Uncertain significance,ahpC_c.-7G>A
INH,2726491,3) Uncertain significance,ahpC_p.His100Leu
INH,2726491,3) Uncertain significance,ahpC_p.His100Arg
INH,2726602,3) Uncertain significance,ahpC_p.Ile137Thr
INH,2726732,3) Uncertain significance,ahpC_p.Lys180Asn
INH,2726768,3) Uncertain significance,ahpC_p.Lys192Asn
INH,2726236,3) Uncertain significance,ahpC_p.Leu15Arg
INH,2726764,3) Uncertain significance,ahpC_p.Leu191Arg
INH,2726203,3) Uncertain significance,ahpC_p.Leu4Arg
INH,2726194,3) Uncertain significance,ahpC_p.Met1?
INH,2726377,3) Uncertain significance,ahpC_p.Pro62His
INH,"2726590,2726591",3) Uncertain significance,ahpC_p.Arg133Gln
INH,2726679,3) Uncertain significance,ahpC_p.Arg163*
INH,2726506,3) Uncertain significance,ahpC_p.Thr105Lys
INH,2154055,3) Uncertain significance,katG_p.Lys686Thr
INH,"2154674,2154673",3) Uncertain significance,katG_p.Ala480Gln
INH,2155955,3) Uncertain significance,katG_p.Ala53Thr
INH,2155928,3) Uncertain significance,katG_p.Phe62Leu
INH,2154140,3) Uncertain significance,katG_p.Phe658Leu
INH,2155741,3) Uncertain significance,katG_p.Gly124Asp
INH,2155561,3) Uncertain significance,katG_p.Gly184Asp
INH,2155496,3) Uncertain significance,katG_p.Gly206Arg
INH,"2155403,2155401",3) Uncertain significance,katG_p.Gly237Arg
INH,2155258,3) Uncertain significance,katG_p.Gly285Ala
INH,2155199,3) Uncertain significance,katG_p.Gly305Cys
INH,2155192,3) Uncertain significance,katG_p.Gly307Glu
INH,2156012,3) Uncertain significance,katG_p.Gly34Arg
INH,2156114,3) Uncertain significance,katG_c.-3G>A
INH,2154760,3) Uncertain significance,katG_p.Gly451Asp
INH,"2154404,2154403",3) Uncertain significance,katG_p.Gly570Phe
INH,2154310,3) Uncertain significance,katG_p.Gly601Asp
INH,2154058,3) Uncertain significance,katG_p.Gly685Asp
INH,2154772,3) Uncertain significance,katG_p.His447Arg
INH,2155967,3) Uncertain significance,katG_p.His49Tyr
INH,2154749,3) Uncertain significance,katG_p.Ile455Leu
INH,2154623,3) Uncertain significance,katG_p.Ile497Val
INH,2155874,3) Uncertain significance,katG_p.Ile80Phe
INH,2156090,3) Uncertain significance,katG_p.Ile8Val
INH,2155683,3) Uncertain significance,katG_p.Lys143Asn
INH,2155513,3) Uncertain significance,katG_p.Lys200Arg
INH,2155077,3) Uncertain significance,katG_p.Lys345Asn
INH,2154442,3) Uncertain significance,katG_p.Lys557Arg
INH,2155580,3) Uncertain significance,katG_p.Phe178Val
INH,2154518,3) Uncertain significance,katG_p.Ala532Pro
INH,2154244,3) Uncertain significance,katG_p.Glu623Ala
INH,2154893,3) Uncertain significance,katG_p.Glu407Lys
INH,2154461,3) Uncertain significance,katG_p.Ala551Ser
INH,"2154440,2154439",3) Uncertain significance,katG_p.Ala558Arg
INH,2154436,3) Uncertain significance,katG_p.Ala559Val
INH,2155933,3) Uncertain significance,katG_p.Ala60Gly
INH,2155933,3) Uncertain significance,katG_p.Ala60Val
INH,2155931,3) Uncertain significance,katG_p.Ala61Ser
INH,2153966,3) Uncertain significance,katG_p.Ala716Thr
INH,2153933,3) Uncertain significance,katG_p.Ala727Thr
INH,2156132,3) Uncertain significance,katG_c.-21C>A
INH,2156132,3) Uncertain significance,katG_c.-21C>T
INH,2156113,3) Uncertain significance,katG_c.-2C>T
INH,2155393,3) Uncertain significance,katG_p.Asp240Gly
INH,2155394,3) Uncertain significance,katG_p.Asp240Asn
INH,2155336,3) Uncertain significance,katG_p.Asp259Ala
INH,2155267,3) Uncertain significance,katG_p.Asp282Gly
INH,2154895,3) Uncertain significance,katG_p.Asp406Gly
INH,2154587,3) Uncertain significance,katG_p.Asp509Asn
INH,2154581,3) Uncertain significance,katG_p.Asp511Tyr
INH,2154145,3) Uncertain significance,katG_p.Asp656Gly
INH,2154089,3) Uncertain significance,katG_p.Asp675His
INH,2153927,3) Uncertain significance,katG_p.Asp729Asn
INH,2155898,3) Uncertain significance,katG_p.Asp72Asn
INH,2153909,3) Uncertain significance,katG_p.Asp735Asn
INH,2155087,3) Uncertain significance,katG_p.Glu342Ala
INH,2154907,3) Uncertain significance,katG_p.Glu402Ala
INH,2154543,3) Uncertain significance,katG_p.Glu523Asp
ETH,576516,3) Uncertain significance,mshA_p.Val390Ala
INH,2155307,3) Uncertain significance,katG_p.Gly269Ser
INH,2155495,3) Uncertain significance,katG_p.Gly206Asp
INH,2726418,3) Uncertain significance,ahpC_p.Glu76Lys
INH,2155541,3) Uncertain significance,katG_p.Trp191Arg
INH,2726112,3) Uncertain significance,ahpC_c.-81C>T
INH,2154695,3) Uncertain significance,katG_p.Val473Leu
INH,2155169,3) Uncertain significance,katG_p.Ser315Gly
INH,2155289,3) Uncertain significance,katG_p.Thr275Ala
INH,2155163,3) Uncertain significance,katG_p.Ile317Val
INH,2155732,3) Uncertain significance,katG_p.Gln127Pro
INH,2726119,3) Uncertain significance,ahpC_c.-74G>A
INH,2156117,3) Uncertain significance,katG_c.-6A>G
INH,2155168,3) Uncertain significance,katG_p.Ser315Ile
INH,2155787,3) Uncertain significance,katG_p.Ala109Thr
INH,2154973,3) Uncertain significance,katG_p.Thr380Ile
INH,2726116,3) Uncertain significance,ahpC_c.-77T>G
INH,2155693,3) Uncertain significance,katG_p.Ser140Asn
INH,2155783,3) Uncertain significance,katG_p.Ala110Val
INH,2155274,3) Uncertain significance,katG_p.Pro280Ser
INH,2154016,3) Uncertain significance,katG_p.Gly699Glu
INH,2155700,3) Uncertain significance,katG_p.Asn138His
INH,2155648,3) Uncertain significance,katG_p.Tyr155Ser
INH,2154239,3) Uncertain significance,katG_p.Thr625Ala
INH,2155648,3) Uncertain significance,katG_p.Tyr155Cys
INH,2155541,3) Uncertain significance,katG_p.Trp191Gly
INH,2154674,3) Uncertain significance,katG_p.Ala480Ser
INH,2726117,3) Uncertain significance,ahpC_c.-76T>A
INH,2155259,3) Uncertain significance,katG_p.Gly285Cys
INH,2726139,3) Uncertain significance,ahpC_c.-54C>T
INH,3065988,3) Uncertain significance,Rv2752c_p.Glu68Asp
INH,3066179,3) Uncertain significance,Rv2752c_p.Leu5Val
RIF,3066179,3) Uncertain significance,Rv2752c_p.Leu5Val
INH,3065890,3) Uncertain significance,Rv2752c_p.Pro101Leu
INH,3064700,3) Uncertain significance,Rv2752c_p.Ser498Ala
INH,3065792,3) Uncertain significance,Rv2752c_p.Thr134Ala
RIF,3065792,3) Uncertain significance,Rv2752c_p.Thr134Ala
INH,1407133,3) Uncertain significance,Rv1258c_p.Gly70Arg
STM,1407133,3) Uncertain significance,Rv1258c_p.Gly70Arg
INH,3065587,3) Uncertain significance,Rv2752c_p.Asp202Ala
RIF,3065587,3) Uncertain significance,Rv2752c_p.Asp202Ala
INH,1406615,3) Uncertain significance,Rv1258c_p.Met242Ile
PZA,1406615,3) Uncertain significance,Rv1258c_p.Met242Ile
INH,3064705,3) Uncertain significance,Rv2752c_p.Gly496Ala
RIF,3064705,3) Uncertain significance,Rv2752c_p.Gly496Ala
INH,3066179,3) Uncertain significance,Rv2752c_p.Leu5Phe
RIF,3066179,3) Uncertain significance,Rv2752c_p.Leu5Phe
INH,3065684,3) Uncertain significance,Rv2752c_p.Asp170Asn
RIF,3065684,3) Uncertain significance,Rv2752c_p.Asp170Asn
INH,3065453,3) Uncertain significance,Rv2752c_p.Gln247*
RIF,3065453,3) Uncertain significance,Rv2752c_p.Gln247*
INH,3065419,3) Uncertain significance,Rv2752c_p.Arg258Leu
RIF,3065419,3) Uncertain significance,Rv2752c_p.Arg258Leu
INH,1406242,3) Uncertain significance,Rv1258c_p.Ala367Thr
PZA,1406242,3) Uncertain significance,Rv1258c_p.Ala367Thr
STM,1406242,3) Uncertain significance,Rv1258c_p.Ala367Thr
RIF,3065988,3) Uncertain significance,Rv2752c_p.Glu68Asp
INH,3065228,3) Uncertain significance,Rv2752c_p.Glu322*
INH,2726151,3) Uncertain significance,ahpC_c.-42T>C
INH,2155341,3) Uncertain significance,katG_p.Met257Ile
INH,2156120,3) Uncertain significance,katG_c.-9A>C
INH,2153986,3) Uncertain significance,katG_p.Glu709Ala
INH,2155738,3) Uncertain significance,katG_p.Gly125Asp
INH,2155607,3) Uncertain significance,katG_p.Gly169Ser
INH,2155276,3) Uncertain significance,katG_p.Gly279Asp
INH,2155369,3) Uncertain significance,katG_p.Ile248Thr
INH,2155690,3) Uncertain significance,katG_p.Leu141Ser
INH,2154980,3) Uncertain significance,katG_p.Leu378Met
INH,2154352,3) Uncertain significance,katG_p.Leu587Arg
INH,2154325,3) Uncertain significance,katG_p.Asn596Ser
INH,2155229,3) Uncertain significance,katG_p.Gln295Lys
INH,2155300,3) Uncertain significance,katG_p.Thr271Ile
INH,2154083,3) Uncertain significance,katG_p.Thr677Pro
INH,2154323,3) Uncertain significance,katG_p.Tyr597His
INH,2155786,3) Uncertain significance,katG_p.Ala109Val
INH,2156121,3) Uncertain significance,katG_c.-10A>C
INH,2155546,3) Uncertain significance,katG_p.Asp189Gly
INH,2155751,3) Uncertain significance,katG_p.Gly121Ser
INH,2153936,3) Uncertain significance,katG_p.Ala726Thr
INH,2726763,3) Uncertain significance,ahpC_p.Leu191Phe
INH,2156096,3) Uncertain significance,katG_p.Pro6Ser
INH,2154688,3) Uncertain significance,katG_p.Thr475Ile
INH,2726287,3) Uncertain significance,ahpC_p.Gly32Asp
INH,2154845,3) Uncertain significance,katG_p.Val423Ile
INH,2155612,3) Uncertain significance,katG_p.Phe167Cys
INH,2726103,3) Uncertain significance,ahpC_c.-90G>A
INH,2156146,3) Uncertain significance,katG_c.-35A>G
INH,2154817,3) Uncertain significance,katG_p.Pro432Leu
INH,2156127,3) Uncertain significance,katG_c.-16T>C
INH,2155631,3) Uncertain significance,katG_p.Trp161Arg
INH,2154441,3) Uncertain significance,katG_p.Lys557Asn
INH,2155795,3) Uncertain significance,katG_p.Ala106Val
INH,2155688,3) Uncertain significance,katG_p.Asp142Asn
INH,2154769,3) Uncertain significance,katG_p.Asp448Ala
INH,2155021,3) Uncertain significance,katG_p.Ile364Thr
INH,2155418,3) Uncertain significance,katG_p.Pro232Ala
INH,2154410,3) Uncertain significance,katG_p.Thr568Pro
INH,2154955,3) Uncertain significance,katG_p.Val386Glu
INH,2154023,3) Uncertain significance,katG_p.Val697Leu
INH,2726116,3) Uncertain significance,ahpC_c.-77T>A
INH,2155418,3) Uncertain significance,katG_p.Pro232Ser
INH,2155206,3) Uncertain significance,katG_p.Ser302Arg
INH,2155102,3) Uncertain significance,katG_p.Tyr337Cys
INH,2155381,3) Uncertain significance,katG_p.Ala244Gly
INH,2155700,3) Uncertain significance,katG_p.Asn138Asp
INH,2154730,3) Uncertain significance,katG_p.Gln461Pro
INH,2726286,3) Uncertain significance,ahpC_p.Gly32Ser
INH,3065317,3) Uncertain significance,Rv2752c_p.Ala292Val
RIF,3065178,3) Uncertain significance,Rv2752c_p.Ser338fs
ETH,3449116,3) Uncertain significance,Rv3083_p.Ala205Thr
ETH,3449132,3) Uncertain significance,Rv3083_p.Leu210Arg
ETH,3448937,3) Uncertain significance,Rv3083_p.Tyr145Cys
ETH,4327253,3) Uncertain significance,ethA_p.Ala74Glu
ETH,4327546,3) Uncertain significance,ethA_c.-3A>C
ETH,4327975,3) Uncertain significance,ethR_p.Gln143Lys
ETH,576264,3) Uncertain significance,mshA_p.Leu306Arg
INH,576264,3) Uncertain significance,mshA_p.Leu306Arg
ETH,576585,3) Uncertain significance,mshA_p.Arg413Gln
INH,576585,3) Uncertain significance,mshA_p.Arg413Gln
ETH,3449722,3) Uncertain significance,Rv3083_p.Cys407Arg
ETH,3449797,3) Uncertain significance,Rv3083_p.Asp432Asn
ETH,3449842,3) Uncertain significance,Rv3083_p.Gly447Arg
ETH,3449315,3) Uncertain significance,Rv3083_p.Trp271*
ETH,4326083,3) Uncertain significance,ethA_p.Asp464Gly
ETH,4327864,3) Uncertain significance,ethR_p.Gly106Arg
ETH,2102417,3) Uncertain significance,ndh_p.Ala209Val
ETH,4327376,3) Uncertain significance,ethA_p.Ala33Gly
ETH,3448772,3) Uncertain significance,Rv3083_p.Thr90Met
ETH,"2101956,2101955",3) Uncertain significance,ndh_p.Gln363Ser
INH,"2101956,2101955",3) Uncertain significance,ndh_p.Gln363Ser
ETH,2102903,3) Uncertain significance,ndh_p.Thr47Ser
INH,2102903,3) Uncertain significance,ndh_p.Thr47Ser
ETH,3449616,3) Uncertain significance,Rv3083_p.Met371Ile
ETH,4326993,3) Uncertain significance,ethA_p.Ile161Val
INH,2102193,3) Uncertain significance,ndh_p.Arg284Trp
ETH,4327555,3) Uncertain significance,ethR_p.Thr3Ala
ETH,2102193,3) Uncertain significance,ndh_p.Arg284Trp
ETH,2102582,3) Uncertain significance,ndh_p.Ala154Val
INH,575357,3) Uncertain significance,mshA_p.Val4Met
ETH,2101904,3) Uncertain significance,ndh_p.Ala380Val
INH,2101904,3) Uncertain significance,ndh_p.Ala380Val
ETH,2103018,3) Uncertain significance,ndh_p.Ala9Thr
INH,2103018,3) Uncertain significance,ndh_p.Ala9Thr
ETH,2101844,3) Uncertain significance,ndh_p.His400Arg
ETH,3448620,3) Uncertain significance,Rv3083_p.Arg40fs
ETH,3449207,3) Uncertain significance,Rv3083_p.Pro235Leu
ETH,3449002,3) Uncertain significance,Rv3083_p.Gln167*
ETH,4326236,3) Uncertain significance,ethA_p.Gly413Asp
ETH,4327409,3) Uncertain significance,ethA_p.His22Pro
ETH,4326465,3) Uncertain significance,ethA_p.Ile337Val
ETH,4327448,3) Uncertain significance,ethA_p.Ile9Thr
ETH,4326380,3) Uncertain significance,ethA_p.Thr365Met
ETH,4326093,3) Uncertain significance,ethA_p.Tyr461Asp
ETH,4328030,3) Uncertain significance,ethR_p.Ala161Val
ETH,4327803,3) Uncertain significance,ethR_p.Met85Ile
ETH,1674434,3) Uncertain significance,inhA_p.Val78Ala
ETH,575891,3) Uncertain significance,mshA_p.Ala182Thr
INH,575891,3) Uncertain significance,mshA_p.Ala182Thr
ETH,575909,3) Uncertain significance,mshA_p.Leu188Val
INH,575909,3) Uncertain significance,mshA_p.Leu188Val
ETH,576092,3) Uncertain significance,mshA_p.Pro249Ala
ETH,576347,3) Uncertain significance,mshA_p.Thr334Ala
INH,576347,3) Uncertain significance,mshA_p.Thr334Ala
ETH,2103137,3) Uncertain significance,ndh_c.-95A>G
INH,3065366,3) Uncertain significance,Rv2752c_p.Gln275fs
ETH,1674883,3) Uncertain significance,inhA_p.Ile228Val
ETH,2103088,3) Uncertain significance,ndh_c.-46T>G
PZA,1406253,3) Uncertain significance,Rv1258c_p.Gly363Val
STM,1406253,3) Uncertain significance,Rv1258c_p.Gly363Val
INH,1406503,3) Uncertain significance,Rv1258c_p.Val280Leu
PZA,1406503,3) Uncertain significance,Rv1258c_p.Val280Leu
STM,1406503,3) Uncertain significance,Rv1258c_p.Val280Leu
INH,2726409,3) Uncertain significance,ahpC_p.Asp73His
INH,2726142,3) Uncertain significance,ahpC_c.-51G>A
INH,2726323,3) Uncertain significance,ahpC_p.Pro44Arg
INH,2155109,3) Uncertain significance,katG_p.Ile335Val
INH,2726141,3) Uncertain significance,ahpC_c.-52C>A
INH,2726146,3) Uncertain significance,ahpC_c.-47_-46insT
INH,2726136,3) Uncertain significance,ahpC_c.-57C>T
INH,2726121,3) Uncertain significance,ahpC_c.-72C>T
INH,2102719,3) Uncertain significance,ndh_p.Tyr108fs
INH,2102013,3) Uncertain significance,ndh_p.Ala344Pro
INH,2102369,3) Uncertain significance,ndh_p.Gly225Asp
INH,2102142,3) Uncertain significance,ndh_p.Gly301Ser
INH,2102874,3) Uncertain significance,ndh_p.Gln57*
INH,2102813,3) Uncertain significance,ndh_p.Arg77Pro
INH,2102321,3) Uncertain significance,ndh_p.Val241Ala
INH,1406757,3) Uncertain significance,Rv1258c_p.Gly195Asp
STM,1406757,3) Uncertain significance,Rv1258c_p.Gly195Asp
INH,1406677,3) Uncertain significance,Rv1258c_p.Leu222Val
INH,3065178,3) Uncertain significance,Rv2752c_p.Ser338fs
INH,1406253,3) Uncertain significance,Rv1258c_p.Gly363Val
INH,1674883,3) Uncertain significance,inhA_p.Ile228Val
RIF,3064731,3) Uncertain significance,Rv2752c_p.Leu487Phe
RIF,3065207,3) Uncertain significance,Rv2752c_p.Thr329Pro
INH,2103088,3) Uncertain significance,ndh_c.-46T>G
ETH,4327265,3) Uncertain significance,ethA_p.Thr70Ser
ETH,4327691,3) Uncertain significance,ethR_p.Asp48Gly
ETH,575906,3) Uncertain significance,mshA_p.Ala187Thr
INH,575906,3) Uncertain significance,mshA_p.Ala187Thr
ETH,"4327044,4327042",3) Uncertain significance,ethA_p.Asp144Asn
ETH,4327876,3) Uncertain significance,ethR_p.Phe110Leu
ETH,2102106,3) Uncertain significance,ndh_p.Gly313Arg
ETH,3448745,3) Uncertain significance,Rv3083_p.Ile81Ser
ETH,3449854,3) Uncertain significance,Rv3083_p.Met451Val
ETH,3448894,3) Uncertain significance,Rv3083_p.Tyr131Asp
ETH,3448727,3) Uncertain significance,Rv3083_p.Leu75Arg
ETH,3448522,3) Uncertain significance,Rv3083_p.Val7Phe
ETH,3448598,3) Uncertain significance,Rv3083_p.Ile32Thr
ETH,4328005,3) Uncertain significance,ethR_p.Ile153Val
ETH,3449642,3) Uncertain significance,Rv3083_p.Asn380Ser
ETH,3448783,3) Uncertain significance,Rv3083_p.Val94Ile
ETH,3448567,3) Uncertain significance,Rv3083_p.His22Asp
ETH,2102240,3) Uncertain significance,ndh_p.Arg268His
ETH,4327831,3) Uncertain significance,ethR_p.Ala95Thr
INH,3065711,3) Uncertain significance,Rv2752c_p.Gly161Ser
INH,2726145,3) Uncertain significance,ahpC_c.-48G>A
INH,2726141,3) Uncertain significance,ahpC_c.-52C>T
INH,2102587,3) Uncertain significance,ndh_p.Leu152fs
INH,3065207,3) Uncertain significance,Rv2752c_p.Thr329Pro
INH,3064731,3) Uncertain significance,Rv2752c_p.Leu487Phe
INH,2155310,3) Uncertain significance,katG_p.Gly268Ser
INH,2726117,3) Uncertain significance,ahpC_c.-76T>G
INH,2154857,3) Uncertain significance,katG_p.Asp419Tyr
INH,2156142,3) Uncertain significance,katG_c.-52_-41delCGATCACATCCG
INH,2155787,3) Uncertain significance,katG_p.Ala109Pro
INH,2156121,3) Uncertain significance,katG_c.-10A>G
INH,2155747,3) Uncertain significance,katG_p.Ala122Asp
INH,2155697,3) Uncertain significance,katG_p.Ala139Pro
INH,2155627,3) Uncertain significance,katG_p.Ala162Glu
INH,2155610,3) Uncertain significance,katG_p.Ala168Thr
INH,2155598,3) Uncertain significance,katG_p.Ala172Thr
INH,2155346,3) Uncertain significance,katG_p.Ala256Thr
INH,2155345,3) Uncertain significance,katG_p.Ala256Val
INH,2155325,3) Uncertain significance,katG_p.Ala263Pro
INH,2156138,3) Uncertain significance,katG_c.-27A>G
INH,2155244,3) Uncertain significance,katG_p.Ala290Pro
INH,2155240,3) Uncertain significance,katG_p.Ala291Asp
INH,2154880,3) Uncertain significance,katG_p.Ala411Asp
INH,2154841,3) Uncertain significance,katG_p.Ala424Gly
INH,2154676,3) Uncertain significance,katG_p.Ala479Glu
INH,2154676,3) Uncertain significance,katG_p.Ala479Gly
INH,2154676,3) Uncertain significance,katG_p.Ala479Val
INH,2154637,3) Uncertain significance,katG_p.Ala492Asp
INH,2154490,3) Uncertain significance,katG_p.Ala541Val
INH,2154271,3) Uncertain significance,katG_p.Ala614Glu
INH,2155931,3) Uncertain significance,katG_p.Ala61Pro
INH,2154251,3) Uncertain significance,katG_p.Ala621Thr
INH,2153996,3) Uncertain significance,katG_p.Ala706Thr
INH,2156112,3) Uncertain significance,katG_c.-2_-1insAATGC
INH,2153975,3) Uncertain significance,katG_p.Ala713Pro
INH,1674395,3) Uncertain significance,inhA_p.Val65Ala
INH,1674418,3) Uncertain significance,inhA_p.Ser73Gly
INH,2726152,3) Uncertain significance,ahpC_c.-41C>T
INH,2726141,3) Uncertain significance,ahpC_c.-52C>G
INH,2726120,3) Uncertain significance,ahpC_c.-73C>T
INH,2726410,3) Uncertain significance,ahpC_p.Asp73Gly
INH,2726347,3) Uncertain significance,ahpC_p.Phe52Ser
INH,2726180,3) Uncertain significance,ahpC_c.-13G>T
INH,2726190,3) Uncertain significance,ahpC_c.-3G>C
INH,2726326,3) Uncertain significance,ahpC_p.Gly45Ala
INH,2726766,3) Uncertain significance,ahpC_p.Lys192Gln
INH,2726685,3) Uncertain significance,ahpC_p.Leu165Phe
INH,2726626,3) Uncertain significance,ahpC_p.Gln145Pro
INH,2726151,3) Uncertain significance,ahpC_c.-42T>G
INH,2726118,3) Uncertain significance,ahpC_c.-75T>G
INH,2726107,3) Uncertain significance,ahpC_c.-86T>G
INH,2726674,3) Uncertain significance,ahpC_p.Val161Gly
INH,2726673,3) Uncertain significance,ahpC_p.Val161Ile
INH,2726478,3) Uncertain significance,ahpC_p.Trp96Arg
INH,1674572,3) Uncertain significance,inhA_p.Ala124Val
INH,1674772,3) Uncertain significance,inhA_p.Ala191Thr
INH,1674956,3) Uncertain significance,inhA_p.Ala252Val
INH,1674273,3) Uncertain significance,inhA_p.His24Gln
INH,1674244,3) Uncertain significance,inhA_p.Ile15Leu
INH,1674264,3) Uncertain significance,inhA_p.Ile21Met
INH,1674349,3) Uncertain significance,inhA_p.Ile50Val
INH,1674382,3) Uncertain significance,inhA_p.Leu61Val
INH,1674283,3) Uncertain significance,inhA_p.Val28Leu
INH,2726152,3) Uncertain significance,ahpC_c.-41C>A
INH,2155888,3) Uncertain significance,katG_p.Ala75Val
INH,2155601,3) Uncertain significance,katG_p.Cys171Gly
INH,2154292,3) Uncertain significance,katG_p.Glu607Gly
INH,2154293,3) Uncertain significance,katG_p.Glu607Lys
INH,2154244,3) Uncertain significance,katG_p.Glu623Gly
INH,2153986,3) Uncertain significance,katG_p.Glu709Gly
INH,2153987,3) Uncertain significance,katG_p.Glu709Lys
INH,2155870,3) Uncertain significance,katG_p.Glu81Ala
INH,2155726,3) Uncertain significance,katG_p.Phe129Ser
INH,2155564,3) Uncertain significance,katG_p.Phe183Ser
INH,2154890,3) Uncertain significance,katG_p.Phe408Leu
INH,2154889,3) Uncertain significance,katG_p.Phe408Ser
INH,2154665,3) Uncertain significance,katG_p.Phe483Leu
INH,2154493,3) Uncertain significance,katG_p.Phe540Ser
INH,2154332,3) Uncertain significance,katG_p.Phe594Leu
INH,2154020,3) Uncertain significance,katG_p.Phe698Val
INH,2153942,3) Uncertain significance,katG_p.Phe724Leu
INH,2155753,3) Uncertain significance,katG_p.Gly120Asp
INH,2155754,3) Uncertain significance,katG_p.Gly120Ser
INH,2155750,3) Uncertain significance,katG_p.Gly121Val
INH,2155738,3) Uncertain significance,katG_p.Gly125Ala
INH,2155739,3) Uncertain significance,katG_p.Gly125Cys
INH,2156123,3) Uncertain significance,katG_c.-12G>T
INH,2155606,3) Uncertain significance,katG_p.Gly169Val
INH,2155582,3) Uncertain significance,katG_p.Gly177Val
INH,2155568,3) Uncertain significance,katG_p.Gly182Arg
INH,2155555,3) Uncertain significance,katG_p.Gly186Asp
INH,2154455,3) Uncertain significance,katG_p.Glu553Lys
INH,2155834,3) Uncertain significance,katG_p.Ala93Asp
INH,2154548,3) Uncertain significance,katG_p.Glu522Gln
INH,2154915,3) Uncertain significance,katG_p.Glu399Asp
INH,2156131,3) Uncertain significance,katG_c.-20C>T
INH,2156132,3) Uncertain significance,katG_c.-21C>G
INH,2156145,3) Uncertain significance,katG_c.-34C>T
INH,2155687,3) Uncertain significance,katG_p.Asp142Ala
INH,2155547,3) Uncertain significance,katG_p.Asp189Asn
INH,2155547,3) Uncertain significance,katG_p.Asp189Tyr
INH,2155493,3) Uncertain significance,katG_p.Asp207Asn
INH,2155393,3) Uncertain significance,katG_p.Asp240Ala
INH,2155373,3) Uncertain significance,katG_p.Asp247His
INH,2155335,3) Uncertain significance,katG_p.Asp259Glu
INH,2155336,3) Uncertain significance,katG_p.Asp259Gly
INH,2155180,3) Uncertain significance,katG_p.Asp311Gly
INH,2155126,3) Uncertain significance,katG_p.Asp329Ala
INH,2154970,3) Uncertain significance,katG_p.Asp381Gly
INH,2154971,3) Uncertain significance,katG_p.Asp381His
INH,2154952,3) Uncertain significance,katG_p.Asp387Gly
INH,2154794,3) Uncertain significance,katG_p.Asp440Tyr
INH,2154653,3) Uncertain significance,katG_p.Asp487Asn
INH,2154028,3) Uncertain significance,katG_p.Asp695Ala
INH,2153945,3) Uncertain significance,katG_p.Asp723Asn
INH,2153907,3) Uncertain significance,katG_p.Asp735Glu
INH,2155415,3) Uncertain significance,katG_p.Glu233Lys
INH,2155246,3) Uncertain significance,katG_p.Glu289Ala
INH,2155231,3) Uncertain significance,katG_p.Glu294Gly
INH,2154939,3) Uncertain significance,katG_p.Glu391Asp
INH,2156104,3) Uncertain significance,katG_p.Glu3Val
INH,2155687,3) Uncertain significance,katG_p.Asp142Gly
INH,2726775,3) Uncertain significance,ahpC_p.Ala195Ser
INH,2726104,3) Uncertain significance,ahpC_c.-88_-86delGATinsA
INH,1674298,3) Uncertain significance,inhA_p.Gly33Ser
INH,2156128,3) Uncertain significance,katG_c.-18_-17insG
INH,2155597,3) Uncertain significance,katG_p.Ala172Val
INH,2155448,3) Uncertain significance,katG_p.Ala222Thr
INH,2154977,3) Uncertain significance,katG_p.Ala379Thr
INH,2155625,3) Uncertain significance,katG_p.Asp163Asn
INH,2154856,3) Uncertain significance,katG_p.Asp419Ala
INH,2154857,3) Uncertain significance,katG_p.Asp419His
INH,2154486,3) Uncertain significance,katG_p.Asp542Glu
INH,2154125,3) Uncertain significance,katG_p.Asp663Tyr
INH,2155831,3) Uncertain significance,katG_p.Asp94Ala
INH,2155414,3) Uncertain significance,katG_p.Glu233Gly
INH,2156104,3) Uncertain significance,katG_p.Glu3Gly
INH,2154594,3) Uncertain significance,katG_p.Glu506Asp
INH,2154349,3) Uncertain significance,katG_p.Glu588Gly
INH,2154291,3) Uncertain significance,katG_p.Glu607Asp
INH,2153985,3) Uncertain significance,katG_p.Glu709Asp
INH,2155563,3) Uncertain significance,katG_p.Phe183Leu
INH,2155010,3) Uncertain significance,katG_p.Phe368Leu
INH,2155582,3) Uncertain significance,katG_p.Gly177Ala
INH,2156011,3) Uncertain significance,katG_p.Gly34Ala
INH,2154641,3) Uncertain significance,katG_p.Gly491Ser
INH,2726104,3) Uncertain significance,ahpC_c.-89T>A
INH,2156119,3) Uncertain significance,katG_c.-8G>C
INH,2726116,3) Uncertain significance,ahpC_c.-77T>C
INH,2726515,3) Uncertain significance,ahpC_p.Phe108Ser
INH,2155760,3) Uncertain significance,katG_p.Gly118Ser
INH,2155222,3) Uncertain significance,katG_p.Gly297Val
INH,2155217,3) Uncertain significance,katG_p.Gly299Ser
INH,2155219,3) Uncertain significance,katG_p.Leu298Ser
INH,2155969,3) Uncertain significance,katG_p.Leu48Pro
INH,2154634,3) Uncertain significance,katG_p.Asn493Ser
INH,2155801,3) Uncertain significance,katG_p.Arg104Gln
INH,2155676,3) Uncertain significance,katG_p.Arg146Gly
INH,2154839,3) Uncertain significance,katG_p.Arg425Gly
INH,2154661,3) Uncertain significance,katG_p.Arg484His
INH,2155167,3) Uncertain significance,katG_p.Ser315Arg
INH,2155301,3) Uncertain significance,katG_p.Thr271Pro
INH,2154377,3) Uncertain significance,katG_p.Thr579Ala
INH,2155865,3) Uncertain significance,katG_p.Val83Leu
INH,2155667,3) Uncertain significance,katG_p.Trp149Arg
INH,2726115,3) Uncertain significance,ahpC_c.-78C>A
INH,2155069,3) Uncertain significance,katG_p.Ala348Gly
INH,2154976,3) Uncertain significance,katG_p.Ala379Val
INH,2155841,3) Uncertain significance,katG_p.Trp91Arg
INH,2726114,3) Uncertain significance,ahpC_c.-79C>A
INH,2726100,3) Uncertain significance,ahpC_c.-93G>T
INH,2726100,3) Uncertain significance,ahpC_c.-93_-92insGT
INH,2155822,3) Uncertain significance,katG_p.His97Leu
INH,2155689,3) Uncertain significance,katG_p.Leu141Phe
INH,2155844,3) Uncertain significance,katG_p.Trp90Arg
INH,2726100,3) Uncertain significance,ahpC_c.-93G>A
INH,2726580,3) Uncertain significance,ahpC_p.Val130Met
INH,2154089,3) Uncertain significance,katG_p.Asp675Tyr
INH,2155412,3) Uncertain significance,katG_p.Gly234Arg
INH,2155258,3) Uncertain significance,katG_p.Gly285Val
INH,2155859,3) Uncertain significance,katG_p.Thr85Ala
INH,2155214,3) Uncertain significance,katG_p.Trp300Arg
INH,2726556,3) Uncertain significance,ahpC_p.Ala122Thr
INH,2154272,3) Uncertain significance,katG_p.Ala614Thr
INH,2154352,3) Uncertain significance,katG_p.Leu587Pro
INH,2155734,3) Uncertain significance,katG_p.Met126Ile
INH,"2155229,2155228",3) Uncertain significance,katG_p.Gln295Ala
INH,2154491,3) Uncertain significance,katG_p.Ala541Thr
INH,2154362,3) Uncertain significance,katG_p.Phe584Val
INH,2726153,3) Uncertain significance,ahpC_c.-40G>A
INH,2154629,3) Uncertain significance,katG_p.Gly495Ser
INH,2154814,3) Uncertain significance,katG_p.Lys433Thr
INH,2154428,3) Uncertain significance,katG_p.Asn562His
INH,2726443,3) Uncertain significance,ahpC_p.Val85_Asp88del
INH,2726777,3) Uncertain significance,ahpC_p.Ter196fs
INH,2726117,3) Uncertain significance,ahpC_c.-77delT
INH,2726277,3) Uncertain significance,ahpC_p.Lys29fs
INH,2726105,3) Uncertain significance,ahpC_c.-88_-87insAT
INH,2155430,3) Uncertain significance,katG_p.Ile228Leu
INH,2155212,3) Uncertain significance,katG_p.Trp300Cys
INH,2155665,3) Uncertain significance,katG_p.Trp149Cys
INH,2155636,3) Uncertain significance,katG_p.Leu159Pro
INH,2155114,3) Uncertain significance,katG_p.Leu333Pro
INH,2155984,3) Uncertain significance,katG_p.Leu43Arg
INH,2154301,3) Uncertain significance,katG_p.Leu604Ser
INH,2155387,3) Uncertain significance,katG_p.Met242Thr
INH,2155226,3) Uncertain significance,katG_p.Met296Val
INH,2154242,3) Uncertain significance,katG_p.Met624Val
INH,2154633,3) Uncertain significance,katG_p.Asn493Lys
INH,2154325,3) Uncertain significance,katG_p.Asn596Thr
INH,2155705,3) Uncertain significance,katG_p.Pro136Leu
INH,2155238,3) Uncertain significance,katG_p.Pro292Ala
INH,2156027,3) Uncertain significance,katG_p.Pro29Ser
INH,2155228,3) Uncertain significance,katG_p.Gln295Pro
INH,2154731,3) Uncertain significance,katG_p.Gln461Glu
INH,2154700,3) Uncertain significance,katG_p.Gln471Arg
INH,2154538,3) Uncertain significance,katG_p.Gln525Pro
INH,2155849,3) Uncertain significance,katG_p.Gln88Pro
INH,2155678,3) Uncertain significance,katG_p.Arg145Pro
INH,2154400,3) Uncertain significance,katG_p.Arg571His
INH,2154014,3) Uncertain significance,katG_p.Ser700Pro
INH,2155289,3) Uncertain significance,katG_p.Thr275Pro
INH,2155082,3) Uncertain significance,katG_p.Thr344Pro
INH,2154710,3) Uncertain significance,katG_p.Thr468Pro
INH,2154238,3) Uncertain significance,katG_p.Thr625Lys
STM,3568731,3) Uncertain significance,whiB7_c.-52C>T
LEV,8743,3) Uncertain significance,gyrA_p.Asp481Gly
KAN,3569069,3) Uncertain significance,whiB7_c.-390G>T
RIF,762280,3) Uncertain significance,rpoB_p.Glu825Gly
RIF,762819,3) Uncertain significance,rpoB_p.Phe1005Val
RIF,761448,3) Uncertain significance,rpoB_p.Phe548Leu
RIF,761813,3) Uncertain significance,rpoB_p.Phe669Leu
RIF,759690,3) Uncertain significance,rpoB_c.-117G>A
RIF,759671,3) Uncertain significance,rpoB_c.-136G>C
RIF,759640,3) Uncertain significance,rpoB_c.-167G>A
RIF,759597,3) Uncertain significance,rpoB_c.-210G>A
RIF,759592,3) Uncertain significance,rpoB_c.-215G>A
RIF,759592,3) Uncertain significance,rpoB_c.-215G>T
RIF,759588,3) Uncertain significance,rpoB_c.-219G>C
RIF,760513,3) Uncertain significance,rpoB_p.Gly236Asp
RIF,760839,3) Uncertain significance,rpoB_p.Gly345Ser
RIF,761280,3) Uncertain significance,rpoB_p.Gly492Ser
RIF,761442,3) Uncertain significance,rpoB_p.Gly546Ser
RIF,761485,3) Uncertain significance,rpoB_p.Gly560Ala
RIF,759751,3) Uncertain significance,rpoB_c.-56G>T
RIF,761730,3) Uncertain significance,rpoB_p.Gly642Ser
RIF,761782,3) Uncertain significance,rpoB_p.Gly659Asp
RIF,761884,3) Uncertain significance,rpoB_p.Gly693Val
RIF,762639,3) Uncertain significance,rpoB_p.Gly945Arg
RIF,760089,3) Uncertain significance,rpoB_p.Gly95Arg
RIF,759711,3) Uncertain significance,rpoB_c.-96G>A
RIF,760755,3) Uncertain significance,rpoB_p.His317Tyr
RIF,761404,3) Uncertain significance,rpoB_p.His533Arg
RIF,762220,3) Uncertain significance,rpoB_p.Glu805Ala
RIF,762171,3) Uncertain significance,rpoB_p.Glu789Lys
RIF,762019,3) Uncertain significance,rpoB_p.Glu738Ala
RIF,762016,3) Uncertain significance,rpoB_p.Glu737Gly
RIF,760165,3) Uncertain significance,rpoB_p.Asp120Gly
RIF,760438,3) Uncertain significance,rpoB_p.Asp211Val
RIF,760890,3) Uncertain significance,rpoB_p.Asp362His
RIF,759951,3) Uncertain significance,rpoB_p.Asp49His
RIF,761365,3) Uncertain significance,rpoB_p.Asp520Val
RIF,761434,3) Uncertain significance,rpoB_p.Asp543Gly
RIF,761440,3) Uncertain significance,rpoB_p.Asp545Ala
RIF,761587,3) Uncertain significance,rpoB_p.Asp594Ala
RIF,761915,3) Uncertain significance,rpoB_p.Asp703Glu
RIF,762135,3) Uncertain significance,rpoB_p.Asp777His
RIF,762358,3) Uncertain significance,rpoB_p.Asp851Gly
RIF,762513,3) Uncertain significance,rpoB_p.Asp903Asn
RIF,762610,3) Uncertain significance,rpoB_p.His935Arg
RIF,762784,3) Uncertain significance,rpoB_p.Asp993Gly
RIF,762838,3) Uncertain significance,rpoB_p.Glu1011Ala
RIF,763195,3) Uncertain significance,rpoB_p.Glu1130Val
RIF,763312,3) Uncertain significance,rpoB_p.Glu1169Ala
RIF,760525,3) Uncertain significance,rpoB_p.Glu240Gly
RIF,760765,3) Uncertain significance,rpoB_p.Glu320Gly
RIF,760815,3) Uncertain significance,rpoB_p.Glu337Lys
RIF,761722,3) Uncertain significance,rpoB_p.Glu639Ala
RIF,761721,3) Uncertain significance,rpoB_p.Glu639Gln
RIF,761740,3) Uncertain significance,rpoB_p.Glu645Gly
RIF,761743,3) Uncertain significance,rpoB_p.Glu646Gly
RIF,761969,3) Uncertain significance,rpoB_p.Glu721Asp
RIF,761968,3) Uncertain significance,rpoB_p.Glu721Gly
RIF,762797,3) Uncertain significance,rpoB_p.Asp997Glu
RIF,763250,3) Uncertain significance,rpoB_p.Asp1148Glu
RIF,762057,3) Uncertain significance,rpoB_p.Ile751Val
RIF,760699,3) Uncertain significance,rpoB_p.Lys298Arg
RIF,761850,3) Uncertain significance,rpoB_p.Pro682Thr
RIF,761961,3) Uncertain significance,rpoB_p.Pro719Ser
RIF,762307,3) Uncertain significance,rpoB_p.Pro834Leu
RIF,760071,3) Uncertain significance,rpoB_p.Pro89Ser
RIF,762523,3) Uncertain significance,rpoB_p.Pro906Leu
RIF,762768,3) Uncertain significance,rpoB_p.Pro988Ala
RIF,762768,3) Uncertain significance,rpoB_p.Pro988Ser
RIF,760480,3) Uncertain significance,rpoB_p.Arg225Gln
RIF,760716,3) Uncertain significance,rpoB_p.Arg304Cys
RIF,761302,3) Uncertain significance,rpoB_p.Arg499Gln
RIF,761301,3) Uncertain significance,rpoB_p.Arg499Trp
RIF,761338,3) Uncertain significance,rpoB_p.Arg511Leu
RIF,761400,3) Uncertain significance,rpoB_p.Arg532Cys
RIF,761445,3) Uncertain significance,rpoB_p.Arg547Ser
RIF,761460,3) Uncertain significance,rpoB_p.Arg552Ser
RIF,762007,3) Uncertain significance,rpoB_p.Arg734His
RIF,762661,3) Uncertain significance,rpoB_p.Arg952Lys
RIF,762832,3) Uncertain significance,rpoB_p.Ser1009Thr
RIF,763206,3) Uncertain significance,rpoB_p.Ser1134Arg
RIF,759865,3) Uncertain significance,rpoB_p.Ser20Ile
RIF,759868,3) Uncertain significance,rpoB_p.Ser21Phe
RIF,760521,3) Uncertain significance,rpoB_p.Ser239Arg
RIF,761729,3) Uncertain significance,rpoB_p.Ser641Arg
RIF,760006,3) Uncertain significance,rpoB_p.Ser67Phe
RIF,762757,3) Uncertain significance,rpoB_p.Ser984Leu
RIF,761428,3) Uncertain significance,rpoB_p.Pro541Leu
RIF,761331,3) Uncertain significance,rpoB_p.Pro509Ser
RIF,760878,3) Uncertain significance,rpoB_p.Pro358Ser
RIF,760767,3) Uncertain significance,rpoB_p.Pro321Ser
RIF,760731,3) Uncertain significance,rpoB_p.Lys309Glu
RIF,761938,3) Uncertain significance,rpoB_p.Lys711Arg
RIF,762816,3) Uncertain significance,rpoB_p.Leu1004Ile
RIF,763200,3) Uncertain significance,rpoB_p.Leu1132Val
RIF,760500,3) Uncertain significance,rpoB_p.Leu232Val
RIF,760510,3) Uncertain significance,rpoB_p.Leu235Arg
RIF,760676,3) Uncertain significance,rpoB_p.Leu290Phe
RIF,760746,3) Uncertain significance,rpoB_p.Leu314Val
RIF,760752,3) Uncertain significance,rpoB_p.Leu316Val
RIF,762484,3) Uncertain significance,rpoB_p.Leu893Arg
RIF,762483,3) Uncertain significance,rpoB_p.Leu893Val
RIF,763016,3) Uncertain significance,rpoB_p.Met1070Ile
RIF,763111,3) Uncertain significance,rpoB_p.Lys1102Arg
RIF,763015,3) Uncertain significance,rpoB_p.Met1070Thr
RIF,760268,3) Uncertain significance,rpoB_p.Met154Ile
RIF,760998,3) Uncertain significance,rpoB_p.Met398Val
RIF,761236,3) Uncertain significance,rpoB_p.Met477Arg
RIF,761677,3) Uncertain significance,rpoB_p.Met624Thr
RIF,760295,3) Uncertain significance,rpoB_p.Asn163Lys
RIF,759876,3) Uncertain significance,rpoB_p.Asn24Asp
RIF,760911,3) Uncertain significance,rpoB_p.Asn369Asp
RIF,761824,3) Uncertain significance,rpoB_p.Asn673Thr
RIF,761977,3) Uncertain significance,rpoB_p.Asn724Ser
RIF,762693,3) Uncertain significance,rpoB_p.Asn963Asp
RIF,762847,3) Uncertain significance,rpoB_p.Pro1014Arg
RIF,762846,3) Uncertain significance,rpoB_p.Pro1014Ser
RIF,760263,3) Uncertain significance,rpoB_p.Met153Val
RIF,763243,3) Uncertain significance,rpoB_p.Asp1146Gly
RIF,760130,3) Uncertain significance,rpoB_p.Asp108Glu
RIF,762823,3) Uncertain significance,rpoB_p.Asp1006Gly
RIF,3877592,3) Uncertain significance,rpoA_p.Leu306Met
RIF,3878270,3) Uncertain significance,rpoA_p.Leu80Phe
RIF,3878225,3) Uncertain significance,rpoA_p.Met95Val
RIF,3878401,3) Uncertain significance,rpoA_p.Asn36Ser
RIF,3878146,3) Uncertain significance,rpoA_p.Pro121Leu
RIF,3877795,3) Uncertain significance,rpoA_p.Pro238Leu
RIF,3877796,3) Uncertain significance,rpoA_p.Pro238Ser
RIF,3877760,3) Uncertain significance,rpoA_p.Pro250Ser
RIF,3877570,3) Uncertain significance,rpoA_p.Pro313Leu
RIF,3878234,3) Uncertain significance,rpoA_p.Pro92Ser
RIF,3878494,3) Uncertain significance,rpoA_p.Gln5Arg
RIF,3877840,3) Uncertain significance,rpoA_p.Arg223Gln
RIF,3878345,3) Uncertain significance,rpoA_p.Arg55Ser
RIF,3878216,3) Uncertain significance,rpoA_p.Arg98Gly
RIF,3877555,3) Uncertain significance,rpoA_p.Ser318Leu
RIF,3877516,3) Uncertain significance,rpoA_p.Ser331Trp
RIF,3878351,3) Uncertain significance,rpoA_p.Ser53Gly
RIF,3878263,3) Uncertain significance,rpoA_p.Ser82Asn
RIF,3877867,3) Uncertain significance,rpoA_p.Thr214Met
RIF,3878528,3) Uncertain significance,rpoA_c.-21T>C
RIF,3877513,3) Uncertain significance,rpoA_p.Thr332Ile
RIF,3878485,3) Uncertain significance,rpoA_p.Thr8Ser
RIF,3878176,3) Uncertain significance,rpoA_p.Val111Ala
RIF,3877619,3) Uncertain significance,rpoA_p.Val297Leu
RIF,3878311,3) Uncertain significance,rpoA_p.Val66Ala
RIF,3877762,3) Uncertain significance,rpoA_p.Leu249Arg
RIF,3877609,3) Uncertain significance,rpoA_p.Lys300Met
RIF,3877615,3) Uncertain significance,rpoA_p.Lys298Thr
RIF,3877714,3) Uncertain significance,rpoA_p.Lys265Arg
RIF,3877745,3) Uncertain significance,rpoA_p.Asp255Asn
RIF,3877499,3) Uncertain significance,rpoA_p.Asp337Tyr
RIF,3878198,3) Uncertain significance,rpoA_p.Glu104Lys
RIF,3878034,3) Uncertain significance,rpoA_p.Glu158Asp
RIF,3877957,3) Uncertain significance,rpoA_p.Glu184Gly
RIF,3877918,3) Uncertain significance,rpoA_p.Glu197Ala
RIF,3877919,3) Uncertain significance,rpoA_p.Glu197Lys
RIF,3878200,3) Uncertain significance,rpoA_p.Gly103Ala
RIF,3878201,3) Uncertain significance,rpoA_p.Gly103Ser
RIF,3878186,3) Uncertain significance,rpoA_p.Gly108Ser
RIF,3878143,3) Uncertain significance,rpoA_p.Gly122Asp
RIF,3878522,3) Uncertain significance,rpoA_c.-15G>A
RIF,3878291,3) Uncertain significance,rpoA_p.Val73Ile
RIF,3878029,3) Uncertain significance,rpoA_p.Gly160Glu
RIF,3877850,3) Uncertain significance,rpoA_p.Gly220Ser
RIF,3878536,3) Uncertain significance,rpoA_c.-29G>T
RIF,3877594,3) Uncertain significance,rpoA_p.Gly305Ala
RIF,3877507,3) Uncertain significance,rpoA_p.Gly334Asp
RIF,3878336,3) Uncertain significance,rpoA_p.Gly58Arg
RIF,3878336,3) Uncertain significance,rpoA_p.Gly58Ser
RIF,3877700,3) Uncertain significance,rpoA_p.His270Asn
RIF,3877603,3) Uncertain significance,rpoA_p.His302Arg
RIF,3877604,3) Uncertain significance,rpoA_p.His302Tyr
RIF,3878347,3) Uncertain significance,rpoA_p.Ile54Ser
RIF,3878279,3) Uncertain significance,rpoA_p.Ile77Val
RIF,3877911,3) Uncertain significance,rpoA_p.Lys199Asn
RIF,3877850,3) Uncertain significance,rpoA_p.Gly220Cys
RIF,3878255,3) Uncertain significance,rpoA_p.Val85Leu
RIF,759686,3) Uncertain significance,rpoB_c.-121_-120insT
RIF,759656,3) Uncertain significance,rpoB_c.-151_-150insGT
RIF,762736,3) Uncertain significance,rpoB_p.Ala977Val
RIF,763005,3) Uncertain significance,rpoB_p.Cys1067Gly
RIF,760153,3) Uncertain significance,rpoB_p.Cys116Phe
RIF,759685,3) Uncertain significance,rpoB_c.-122C>A
RIF,759685,3) Uncertain significance,rpoB_c.-122C>T
RIF,759670,3) Uncertain significance,rpoB_c.-137C>T
RIF,759667,3) Uncertain significance,rpoB_c.-140C>T
RIF,759655,3) Uncertain significance,rpoB_c.-152C>T
RIF,759654,3) Uncertain significance,rpoB_c.-153C>G
RIF,759628,3) Uncertain significance,rpoB_c.-179C>T
RIF,759622,3) Uncertain significance,rpoB_c.-185C>A
RIF,759619,3) Uncertain significance,rpoB_c.-188C>T
RIF,762727,3) Uncertain significance,rpoB_p.Ala974Gly
RIF,759612,3) Uncertain significance,rpoB_c.-195C>A
RIF,759608,3) Uncertain significance,rpoB_c.-199C>G
RIF,759598,3) Uncertain significance,rpoB_c.-209C>T
RIF,759591,3) Uncertain significance,rpoB_c.-216C>T
RIF,759580,3) Uncertain significance,rpoB_c.-227C>A
RIF,759574,3) Uncertain significance,rpoB_c.-233C>T
RIF,759550,3) Uncertain significance,rpoB_c.-257C>G
RIF,759756,3) Uncertain significance,rpoB_c.-51C>T
RIF,759753,3) Uncertain significance,rpoB_c.-54C>A
RIF,759747,3) Uncertain significance,rpoB_c.-60C>T
RIF,759734,3) Uncertain significance,rpoB_c.-73C>T
RIF,759723,3) Uncertain significance,rpoB_c.-84C>A
RIF,759713,3) Uncertain significance,rpoB_c.-94C>T
RIF,759608,3) Uncertain significance,rpoB_c.-199C>A
RIF,760098,3) Uncertain significance,rpoB_p.Ser98Ala
RIF,762655,3) Uncertain significance,rpoB_p.Ala950Val
RIF,762607,3) Uncertain significance,rpoB_p.Ala934Val
RIF,759648,3) Uncertain significance,rpoB_c.-159_-158insT
RIF,759642,3) Uncertain significance,rpoB_c.-165_-164insG
RIF,759623,3) Uncertain significance,rpoB_c.-180_-179insCTTGACACCGTGGTCTTAGTC
RIF,759827,3) Uncertain significance,rpoB_p.Pro15_Ser16insSerPro
RIF,759556,3) Uncertain significance,rpoB_c.-250delT
RIF,759543,3) Uncertain significance,rpoB_c.-264_-263insTT
RIF,763323,3) Uncertain significance,rpoB_c.-42_-41insT
RIF,759748,3) Uncertain significance,rpoB_c.-59_-58insT
RIF,759747,3) Uncertain significance,rpoB_c.-59delG
RIF,759701,3) Uncertain significance,rpoB_c.-106A>G
RIF,759697,3) Uncertain significance,rpoB_c.-110A>G
RIF,759891,3) Uncertain significance,rpoB_p.Ala29Thr
RIF,762630,3) Uncertain significance,rpoB_p.Ala942Thr
RIF,759892,3) Uncertain significance,rpoB_p.Ala29Val
RIF,759804,3) Uncertain significance,rpoB_c.-3A>G
RIF,761299,3) Uncertain significance,rpoB_p.Ala498Gly
RIF,761386,3) Uncertain significance,rpoB_p.Ala527Val
RIF,761437,3) Uncertain significance,rpoB_p.Ala544Val
RIF,761689,3) Uncertain significance,rpoB_p.Ala628Gly
RIF,761701,3) Uncertain significance,rpoB_p.Ala632Gly
RIF,761700,3) Uncertain significance,rpoB_p.Ala632Ser
RIF,760009,3) Uncertain significance,rpoB_p.Ala68Val
RIF,762133,3) Uncertain significance,rpoB_p.Ala776Val
RIF,759730,3) Uncertain significance,rpoB_c.-77A>G
RIF,762409,3) Uncertain significance,rpoB_p.Ala868Val
RIF,762510,3) Uncertain significance,rpoB_p.Ala902Pro
RIF,760807,3) Uncertain significance,rpoB_p.Ala334Asp
RIF,3877751,3) Uncertain significance,rpoA_p.Asp253Tyr
RIF,759594,3) Uncertain significance,rpoB_c.-213T>C
RIF,759584,3) Uncertain significance,rpoB_c.-223T>C
RIF,764550,3) Uncertain significance,rpoC_p.Pro394Gln
RIF,764699,3) Uncertain significance,rpoC_p.Pro444Ser
RIF,765171,3) Uncertain significance,rpoC_p.Pro601Gln
RIF,765296,3) Uncertain significance,rpoC_p.Pro643Ser
RIF,765342,3) Uncertain significance,rpoC_p.Pro658Leu
RIF,765414,3) Uncertain significance,rpoC_p.Pro682Leu
RIF,766086,3) Uncertain significance,rpoC_p.Pro906Arg
RIF,766743,3) Uncertain significance,rpoC_p.Gln1125Arg
RIF,763863,3) Uncertain significance,rpoC_p.Gln165Arg
RIF,764154,3) Uncertain significance,rpoC_p.Gln262Arg
RIF,764806,3) Uncertain significance,rpoC_p.Gln479His
RIF,765500,3) Uncertain significance,rpoC_p.Gln711Glu
RIF,765645,3) Uncertain significance,rpoC_p.Gln759Arg
RIF,766245,3) Uncertain significance,rpoC_p.Gln959Arg
RIF,766523,3) Uncertain significance,rpoC_p.Arg1052Gly
RIF,766616,3) Uncertain significance,rpoC_p.Arg1083Gly
RIF,766944,3) Uncertain significance,rpoC_p.Arg1192Leu
RIF,766944,3) Uncertain significance,rpoC_p.Arg1192Gln
RIF,763401,3) Uncertain significance,rpoC_p.Arg11His
RIF,767204,3) Uncertain significance,rpoC_p.Arg1279Ser
RIF,763976,3) Uncertain significance,rpoC_p.Arg203Cys
RIF,763985,3) Uncertain significance,rpoC_p.Arg206Cys
RIF,764001,3) Uncertain significance,rpoC_p.Arg211His
RIF,764109,3) Uncertain significance,rpoC_p.Arg247His
RIF,764214,3) Uncertain significance,rpoC_p.Arg282Gln
RIF,764333,3) Uncertain significance,rpoC_p.Pro322Thr
RIF,767144,3) Uncertain significance,rpoC_p.Pro1259Ser
RIF,767145,3) Uncertain significance,rpoC_p.Pro1259Leu
RIF,766968,3) Uncertain significance,rpoC_p.Pro1200Leu
RIF,764840,3) Uncertain significance,rpoC_p.Ile491Val
RIF,765224,3) Uncertain significance,rpoC_p.Ile619Val
RIF,765305,3) Uncertain significance,rpoC_p.Ile646Val
RIF,765455,3) Uncertain significance,rpoC_p.Ile696Val
RIF,765458,3) Uncertain significance,rpoC_p.Ile697Val
RIF,765602,3) Uncertain significance,rpoC_p.Ile745Leu
RIF,766059,3) Uncertain significance,rpoC_p.Ile897Thr
RIF,766239,3) Uncertain significance,rpoC_p.Ile957Thr
RIF,764053,3) Uncertain significance,rpoC_p.Lys228Asn
RIF,764064,3) Uncertain significance,rpoC_p.Lys232Thr
RIF,765596,3) Uncertain significance,rpoC_p.Lys743Glu
RIF,765852,3) Uncertain significance,rpoC_p.Lys828Arg
RIF,764559,3) Uncertain significance,rpoC_p.Arg397Leu
RIF,766664,3) Uncertain significance,rpoC_p.Leu1099Val
RIF,764510,3) Uncertain significance,rpoC_p.Leu381Val
RIF,765248,3) Uncertain significance,rpoC_p.Leu627Val
RIF,765318,3) Uncertain significance,rpoC_p.Leu650Arg
RIF,766097,3) Uncertain significance,rpoC_p.Leu910Val
RIF,766852,3) Uncertain significance,rpoC_p.Met1161Ile
RIF,766993,3) Uncertain significance,rpoC_p.Met1208Ile
RIF,766991,3) Uncertain significance,rpoC_p.Met1208Val
RIF,763983,3) Uncertain significance,rpoC_p.Met205Arg
RIF,763982,3) Uncertain significance,rpoC_p.Met205Val
RIF,764709,3) Uncertain significance,rpoC_p.Met447Thr
RIF,765568,3) Uncertain significance,rpoC_p.Met733Ile
RIF,766488,3) Uncertain significance,rpoC_p.Pro1040Arg
RIF,766769,3) Uncertain significance,rpoC_p.Leu1134Val
RIF,763469,3) Uncertain significance,rpoC_p.Ile34Val
RIF,764886,3) Uncertain significance,rpoC_p.Arg506Gln
RIF,765291,3) Uncertain significance,rpoC_p.Arg641Gln
RIF,765245,3) Uncertain significance,rpoC_p.Val626Ile
RIF,765254,3) Uncertain significance,rpoC_p.Val629Met
RIF,765420,3) Uncertain significance,rpoC_p.Val684Gly
RIF,765419,3) Uncertain significance,rpoC_p.Val684Ile
RIF,765494,3) Uncertain significance,rpoC_p.Val709Phe
RIF,765635,3) Uncertain significance,rpoC_p.Val756Ile
RIF,765776,3) Uncertain significance,rpoC_p.Val803Leu
RIF,766064,3) Uncertain significance,rpoC_p.Val899Ile
RIF,766157,3) Uncertain significance,rpoC_p.Val930Ile
RIF,766289,3) Uncertain significance,rpoC_p.Val974Met
RIF,764036,3) Uncertain significance,rpoC_p.Trp223Arg
RIF,765204,3) Uncertain significance,rpoC_p.Tyr612Ser
RIF,763551,3) Uncertain significance,rpoC_p.Tyr61Cys
RIF,765480,3) Uncertain significance,rpoC_p.Tyr704Cys
RIF,765614,3) Uncertain significance,rpoC_p.Tyr749His
RIF,3065013,3) Uncertain significance,Rv2752c_p.Met394fs
RIF,3064977,3) Uncertain significance,Rv2752c_p.Ala405fs
RIF,3065756,3) Uncertain significance,Rv2752c_p.Val146fs
RIF,3065590,3) Uncertain significance,Rv2752c_p.Cys201fs
RIF,3065532,3) Uncertain significance,Rv2752c_p.Pro220fs
RIF,3065276,3) Uncertain significance,Rv2752c_p.Leu302_Thr305del
RIF,3065204,3) Uncertain significance,Rv2752c_p.Ala330fs
RIF,765200,3) Uncertain significance,rpoC_p.Val611Phe
RIF,764634,3) Uncertain significance,rpoC_p.Val422Ala
RIF,764307,3) Uncertain significance,rpoC_p.Val313Ala
RIF,764264,3) Uncertain significance,rpoC_p.Val299Ile
RIF,765591,3) Uncertain significance,rpoC_p.Arg741His
RIF,766310,3) Uncertain significance,rpoC_p.Arg981Gly
RIF,766653,3) Uncertain significance,rpoC_p.Ser1095Phe
RIF,767094,3) Uncertain significance,rpoC_p.Ser1242Asn
RIF,"767228,767229",3) Uncertain significance,rpoC_p.Ser1287Gln
RIF,"764292,764293",3) Uncertain significance,rpoC_p.Ser308Phe
RIF,764576,3) Uncertain significance,rpoC_p.Ser403Ala
RIF,764577,3) Uncertain significance,rpoC_p.Ser403Cys
RIF,765210,3) Uncertain significance,rpoC_p.Ser614Leu
RIF,767153,3) Uncertain significance,rpoC_p.Thr1262Ala
RIF,767219,3) Uncertain significance,rpoC_p.Thr1284Ala
RIF,767271,3) Uncertain significance,rpoC_p.Thr1301Ser
RIF,765276,3) Uncertain significance,rpoC_p.Arg636Leu
RIF,763415,3) Uncertain significance,rpoC_p.Thr16Ala
RIF,765902,3) Uncertain significance,rpoC_p.Thr845Pro
RIF,766047,3) Uncertain significance,rpoC_p.Thr893Ile
RIF,766095,3) Uncertain significance,rpoC_p.Thr909Lys
RIF,766242,3) Uncertain significance,rpoC_p.Thr958Asn
RIF,766569,3) Uncertain significance,rpoC_p.Val1067Ala
RIF,766661,3) Uncertain significance,rpoC_p.Val1098Leu
RIF,766757,3) Uncertain significance,rpoC_p.Val1130Met
RIF,766782,3) Uncertain significance,rpoC_p.Val1138Gly
RIF,767184,3) Uncertain significance,rpoC_p.Val1272Ala
RIF,763785,3) Uncertain significance,rpoC_p.Val139Gly
RIF,763784,3) Uncertain significance,rpoC_p.Val139Ile
RIF,764075,3) Uncertain significance,rpoC_p.Val236Ile
RIF,764127,3) Uncertain significance,rpoC_p.Thr253Ile
RIF,764411,3) Uncertain significance,rpoC_p.Ile348Leu
RIF,764177,3) Uncertain significance,rpoC_p.Ile270Val
RIF,763403,3) Uncertain significance,rpoC_p.Ile12Leu
RIF,761497,3) Uncertain significance,rpoB_p.Tyr564Cys
RIF,761757,3) Uncertain significance,rpoB_p.Tyr651His
RIF,763353,3) Uncertain significance,rpoC_c.-16delG
RIF,765247,3) Uncertain significance,rpoC_p.Leu627dup
RIF,766613,3) Uncertain significance,rpoC_p.Gln1084_Arg1085dup
RIF,766799,3) Uncertain significance,rpoC_p.Ala1144Thr
RIF,766920,3) Uncertain significance,rpoC_p.Ala1184Val
RIF,766931,3) Uncertain significance,rpoC_p.Ala1188Ser
RIF,766953,3) Uncertain significance,rpoC_p.Ala1195Val
RIF,766970,3) Uncertain significance,rpoC_p.Ala1201Ser
RIF,766974,3) Uncertain significance,rpoC_p.Ala1202Asp
RIF,767076,3) Uncertain significance,rpoC_p.Ala1236Gly
RIF,763890,3) Uncertain significance,rpoC_p.Ala174Val
RIF,763353,3) Uncertain significance,rpoC_c.-17A>G
RIF,763934,3) Uncertain significance,rpoC_p.Ala189Thr
RIF,764003,3) Uncertain significance,rpoC_p.Ala212Thr
RIF,764711,3) Uncertain significance,rpoC_p.Ala448Ser
RIF,764843,3) Uncertain significance,rpoC_p.Ala492Pro
RIF,764931,3) Uncertain significance,rpoC_p.Ala521Val
RIF,765027,3) Uncertain significance,rpoC_p.Ala553Val
RIF,765231,3) Uncertain significance,rpoC_p.Ala621Val
RIF,765311,3) Uncertain significance,rpoC_p.Ala648Thr
RIF,763364,3) Uncertain significance,rpoC_c.-6A>C
RIF,765498,3) Uncertain significance,rpoC_p.Ala710Val
RIF,765687,3) Uncertain significance,rpoC_p.Ala773Glu
RIF,762643,3) Uncertain significance,rpoB_p.Val946Gly
RIF,762489,3) Uncertain significance,rpoB_p.Val895Phe
RIF,762406,3) Uncertain significance,rpoB_p.Val867Ala
RIF,762399,3) Uncertain significance,rpoB_p.Val865Met
RIF,760846,3) Uncertain significance,rpoB_p.Thr347Ile
RIF,761328,3) Uncertain significance,rpoB_p.Thr508Ala
RIF,761382,3) Uncertain significance,rpoB_p.Thr526Ser
RIF,759960,3) Uncertain significance,rpoB_p.Thr52Ser
RIF,761763,3) Uncertain significance,rpoB_p.Thr653Ala
RIF,761785,3) Uncertain significance,rpoB_p.Thr660Ile
RIF,761785,3) Uncertain significance,rpoB_p.Thr660Asn
RIF,762073,3) Uncertain significance,rpoB_p.Thr756Ile
RIF,763155,3) Uncertain significance,rpoB_p.Val1117Leu
RIF,763192,3) Uncertain significance,rpoB_p.Val1129Ala
RIF,763308,3) Uncertain significance,rpoB_p.Val1168Phe
RIF,760342,3) Uncertain significance,rpoB_p.Val179Ala
RIF,766073,3) Uncertain significance,rpoC_p.Ala902Thr
RIF,760341,3) Uncertain significance,rpoB_p.Val179Met
RIF,760398,3) Uncertain significance,rpoB_p.Val198Met
RIF,760452,3) Uncertain significance,rpoB_p.Val216Ile
RIF,760590,3) Uncertain significance,rpoB_p.Val262Phe
RIF,760735,3) Uncertain significance,rpoB_p.Val310Gly
RIF,760800,3) Uncertain significance,rpoB_p.Val332Ile
RIF,759903,3) Uncertain significance,rpoB_p.Val33Leu
RIF,760857,3) Uncertain significance,rpoB_p.Val351Ile
RIF,759937,3) Uncertain significance,rpoB_p.Val44Ala
RIF,761355,3) Uncertain significance,rpoB_p.Val517Met
RIF,761451,3) Uncertain significance,rpoB_p.Val549Ile
RIF,760035,3) Uncertain significance,rpoB_p.Val77Met
RIF,762327,3) Uncertain significance,rpoB_p.Val841Leu
RIF,760398,3) Uncertain significance,rpoB_p.Val198Leu
RIF,763348,3) Uncertain significance,rpoC_c.-22C>T
RIF,766648,3) Uncertain significance,rpoC_p.Asp1093Glu
RIF,766876,3) Uncertain significance,rpoC_p.Asp1169Glu
RIF,765302,3) Uncertain significance,rpoC_p.Glu645Lys
RIF,765741,3) Uncertain significance,rpoC_p.Glu791Ala
RIF,765894,3) Uncertain significance,rpoC_p.Glu842Ala
RIF,766635,3) Uncertain significance,rpoC_p.Phe1089Ser
RIF,767300,3) Uncertain significance,rpoC_p.Gly1311Ser
RIF,763406,3) Uncertain significance,rpoC_p.Gly13Arg
RIF,763932,3) Uncertain significance,rpoC_p.Gly188Ala
RIF,764226,3) Uncertain significance,rpoC_p.Gly286Glu
RIF,764300,3) Uncertain significance,rpoC_p.Gly311Ser
RIF,764363,3) Uncertain significance,rpoC_p.Gly332Arg
RIF,764600,3) Uncertain significance,rpoC_p.Gly411Ser
RIF,764925,3) Uncertain significance,rpoC_p.Gly519Asp
RIF,763515,3) Uncertain significance,rpoC_p.Glu49Ala
RIF,765159,3) Uncertain significance,rpoC_p.Gly597Asp
RIF,765333,3) Uncertain significance,rpoC_p.Gly655Val
RIF,765407,3) Uncertain significance,rpoC_p.Gly680Arg
RIF,765408,3) Uncertain significance,rpoC_p.Gly680Val
RIF,766307,3) Uncertain significance,rpoC_p.Gly980Arg
RIF,763802,3) Uncertain significance,rpoC_p.His145Tyr
RIF,764942,3) Uncertain significance,rpoC_p.His525Tyr
RIF,765187,3) Uncertain significance,rpoC_p.His606Gln
RIF,765328,3) Uncertain significance,rpoC_p.His653Gln
RIF,766035,3) Uncertain significance,rpoC_p.His889Arg
RIF,766565,3) Uncertain significance,rpoC_p.Ile1066Val
RIF,766608,3) Uncertain significance,rpoC_p.Ile1080Thr
RIF,767178,3) Uncertain significance,rpoC_p.Ile1270Ser
RIF,765324,3) Uncertain significance,rpoC_p.Gly652Asp
RIF,759593,3) Uncertain significance,rpoB_c.-214T>C
RIF,764144,3) Uncertain significance,rpoC_p.Glu259Lys
RIF,763421,3) Uncertain significance,rpoC_p.Glu18Gln
RIF,763944,3) Uncertain significance,rpoC_p.Asp192Gly
RIF,763425,3) Uncertain significance,rpoC_p.Asp19Ala
RIF,764030,3) Uncertain significance,rpoC_p.Asp221Asn
RIF,764180,3) Uncertain significance,rpoC_p.Asp271Asn
RIF,764205,3) Uncertain significance,rpoC_p.Asp279Gly
RIF,764361,3) Uncertain significance,rpoC_p.Asp331Ala
RIF,764754,3) Uncertain significance,rpoC_p.Asp462Gly
RIF,765153,3) Uncertain significance,rpoC_p.Asp595Ala
RIF,765630,3) Uncertain significance,rpoC_p.Asp754Ala
RIF,765754,3) Uncertain significance,rpoC_p.Asp795Glu
RIF,765756,3) Uncertain significance,rpoC_p.Asp796Gly
RIF,766039,3) Uncertain significance,rpoC_p.Asp890Glu
RIF,764027,3) Uncertain significance,rpoC_p.Glu220Lys
RIF,766467,3) Uncertain significance,rpoC_p.Glu1033Ala
RIF,766588,3) Uncertain significance,rpoC_p.Glu1073Asp
RIF,766657,3) Uncertain significance,rpoC_p.Glu1096Asp
RIF,766708,3) Uncertain significance,rpoC_p.Glu1113Asp
RIF,766788,3) Uncertain significance,rpoC_p.Glu1140Gly
RIF,766936,3) Uncertain significance,rpoC_p.Glu1189Asp
RIF,763747,3) Uncertain significance,rpoC_p.Glu126Asp
RIF,767198,3) Uncertain significance,rpoC_p.Glu1277Lys
RIF,763794,3) Uncertain significance,rpoC_p.Glu142Ala
RIF,763794,3) Uncertain significance,rpoC_p.Glu142Gly
RIF,763880,3) Uncertain significance,rpoC_p.Glu171Lys
RIF,763922,3) Uncertain significance,rpoC_p.Glu185Gln
RIF,763423,3) Uncertain significance,rpoC_p.Glu18Asp
RIF,766537,3) Uncertain significance,rpoC_p.Glu1056Asp
RIF,3065854,3) Uncertain significance,Rv2752c_p.Ala113Glu
RIF,3877750,3) Uncertain significance,rpoA_p.Asp253Gly
RIF,3877972,3) Uncertain significance,rpoA_p.Asp179Ala
RIF,759940,3) Uncertain significance,rpoB_p.Pro45Leu
RIF,761002,3) Uncertain significance,rpoB_p.Thr399Ile
RIF,761461,3) Uncertain significance,rpoB_p.Arg552His
RIF,761076,3) Uncertain significance,rpoB_p.Phe424Val
RIF,761292,3) Uncertain significance,rpoB_p.Val496Met
RIF,761455,3) Uncertain significance,rpoB_p.Glu550Gly
RIF,763123,3) Uncertain significance,rpoB_p.Ile1106Thr
RIF,762477,3) Uncertain significance,rpoB_p.Lys891Glu
RIF,761406,3) Uncertain significance,rpoB_p.Val534Met
RIF,762717,3) Uncertain significance,rpoB_p.Phe971Leu
RIF,761973,3) Uncertain significance,rpoB_p.His723Asp
RIF,760309,3) Uncertain significance,rpoB_p.Val168Ala
RIF,761279,3) Uncertain significance,rpoB_p.Ile491Met
RIF,761314,3) Uncertain significance,rpoB_p.Phe503Ser
RIF,761467,3) Uncertain significance,rpoB_p.Leu554Pro
RIF,762423,3) Uncertain significance,rpoB_p.Ile873Phe
RIF,759930,3) Uncertain significance,rpoB_p.Leu42Val
RIF,762286,3) Uncertain significance,rpoB_p.Arg827His
RIF,761496,3) Uncertain significance,rpoB_p.Tyr564His
RIF,761248,3) Uncertain significance,rpoB_p.Glu481Ala
RIF,761277,3) Uncertain significance,rpoB_p.Ile491Val
RIF,761460,3) Uncertain significance,rpoB_p.Arg552Cys
RIF,762427,3) Uncertain significance,rpoB_p.Ser874Tyr
RIF,762286,3) Uncertain significance,rpoB_p.Arg827Leu
RIF,761004,3) Uncertain significance,rpoB_p.Thr400Ala
RIF,761277,3) Uncertain significance,rpoB_p.Ile491Leu
RIF,762089,3) Uncertain significance,rpoB_p.Glu761Asp
RIF,765358,3) Uncertain significance,rpoC_p.Met663Ile
RIF,762285,3) Uncertain significance,rpoB_p.Arg827Cys
RIF,761998,3) Uncertain significance,rpoB_p.Leu731Pro
RIF,763501,3) Uncertain significance,rpoC_p.Asp44Glu
RIF,766500,3) Uncertain significance,rpoC_p.Ala1044Val
RIF,762731,3) Uncertain significance,rpoB_p.Gln975His
RIF,761880,3) Uncertain significance,rpoB_p.Ala692Thr
RIF,761268,3) Uncertain significance,rpoB_p.Ile488Val
RIF,761244,3) Uncertain significance,rpoB_p.Ile480Val
RIF,760663,3) Uncertain significance,rpoB_p.Ala286Val
RIF,761292,3) Uncertain significance,rpoB_p.Val496Leu
RIF,759939,3) Uncertain significance,rpoB_p.Pro45Ser
RIF,761461,3) Uncertain significance,rpoB_p.Arg552Leu
RIF,761293,3) Uncertain significance,rpoB_p.Val496Ala
RIF,759648,3) Uncertain significance,rpoB_c.-159C>T
RIF,759598,3) Uncertain significance,rpoB_c.-209C>G
RIF,766212,3) Uncertain significance,rpoC_p.Glu948Ala
RIF,766613,3) Uncertain significance,rpoC_p.Lys1082Glu
RIF,763958,3) Uncertain significance,rpoC_p.Val197Ile
RIF,759627,3) Uncertain significance,rpoB_c.-180A>C
RIF,766961,3) Uncertain significance,rpoC_p.Gly1198Ser
RIF,766308,3) Uncertain significance,rpoC_p.Gly980Glu
RIF,765369,3) Uncertain significance,rpoC_p.Thr667Met
RIF,762310,3) Uncertain significance,rpoB_p.His835Arg
RIF,761032,3) Uncertain significance,rpoB_p.Gln409Arg
PZA,2167770,3) Uncertain significance,PPE35_p.Ser948Ile
RIF,761528,3) Uncertain significance,rpoB_p.Asp574Glu
RIF,761593,3) Uncertain significance,rpoB_p.Ala596Gly
RIF,762724,3) Uncertain significance,rpoB_p.Gly973Asp
RIF,762300,3) Uncertain significance,rpoB_p.Lys832Glu
RIF,760939,3) Uncertain significance,rpoB_p.Leu378Arg
RIF,761535,3) Uncertain significance,rpoB_p.Pro577Ala
RIF,760566,3) Uncertain significance,rpoB_p.Ser254Pro
RIF,761005,3) Uncertain significance,rpoB_p.Thr400Asn
RIF,761406,3) Uncertain significance,rpoB_p.Val534Leu
RIF,762012,3) Uncertain significance,rpoB_p.Val736Leu
RIF,760600,3) Uncertain significance,rpoB_p.Asp265Gly
RIF,759916,3) Uncertain significance,rpoB_p.Lys37Arg
RIF,759786,3) Uncertain significance,rpoB_c.-21G>C
RIF,760879,3) Uncertain significance,rpoB_p.Pro358Leu
RIF,761315,3) Uncertain significance,rpoB_p.Gly504dup
RIF,761365,3) Uncertain significance,rpoB_p.Asp520Ala
RIF,761172,3) Uncertain significance,rpoB_p.Gly456Ser
RIF,759943,3) Uncertain significance,rpoB_p.Gly46Val
RIF,761245,3) Uncertain significance,rpoB_p.Ile480Thr
RIF,"761277,761278",3) Uncertain significance,rpoB_p.Ile491Tyr
RIF,762201,3) Uncertain significance,rpoB_p.Lys799Gln
RIF,760684,3) Uncertain significance,rpoB_p.Leu293Ser
RIF,762973,3) Uncertain significance,rpoB_p.Gln1056Arg
RIF,760623,3) Uncertain significance,rpoB_p.Arg273Cys
RIF,761550,3) Uncertain significance,rpoB_p.Ser582Ala
RIF,760143,3) Uncertain significance,rpoB_p.Val113Ile
RIF,761185,3) Uncertain significance,rpoB_p.Glu460Gly
RIF,761284,3) Uncertain significance,rpoB_p.Ser493Leu
RIF,760305,3) Uncertain significance,rpoB_p.Arg167Cys
RIF,760425,3) Uncertain significance,rpoB_p.Glu207Lys
RIF,761568,3) Uncertain significance,rpoB_p.Ile588Val
RIF,759940,3) Uncertain significance,rpoB_p.Pro45Arg
RIF,760321,3) Uncertain significance,rpoB_p.Gln172Arg
RIF,761005,3) Uncertain significance,rpoB_p.Thr400Ser
RIF,761557,3) Uncertain significance,rpoB_p.Ala584Asp
RIF,762064,3) Uncertain significance,rpoB_p.Ala753Val
RIF,761518,3) Uncertain significance,rpoB_p.Asp571Ala
RIF,761076,3) Uncertain significance,rpoB_p.Phe424Leu
RIF,760315,3) Uncertain significance,rpoB_p.Val170Ala
RIF,761278,3) Uncertain significance,rpoB_p.Ile491Thr
RIF,759939,3) Uncertain significance,rpoB_p.Pro45Thr
RIF,760461,3) Uncertain significance,rpoB_p.Arg219Cys
RIF,759724,3) Uncertain significance,rpoB_c.-83A>G
RIF,760882,3) Uncertain significance,rpoB_p.Val359Ala
RIF,761582,3) Uncertain significance,rpoB_p.Glu592Asp
RIF,762888,3) Uncertain significance,rpoB_p.His1028Tyr
RIF,762391,3) Uncertain significance,rpoB_p.Leu862Arg
RIF,760281,3) Uncertain significance,rpoB_p.Thr159Pro
RIF,759960,3) Uncertain significance,rpoB_p.Thr52Pro
RIF,761407,3) Uncertain significance,rpoB_p.Val534Ala
RIF,761491,3) Uncertain significance,rpoB_p.Val562Ala
RIF,760729,3) Uncertain significance,rpoB_p.Tyr308Cys
RIF,762564,3) Uncertain significance,rpoB_p.Met920Val
PZA,2170669,3) Uncertain significance,PPE35_c.-57G>A
PZA,2168080,3) Uncertain significance,PPE35_p.Thr845Ala
PZA,2168651,3) Uncertain significance,PPE35_p.Leu654Phe
PZA,3613002,3) Uncertain significance,Rv3236c_p.Ala39Ser
PZA,3612185,3) Uncertain significance,Rv3236c_p.Phe311Ser
PZA,3612263,3) Uncertain significance,Rv3236c_p.Gly285Glu
PZA,3612068,3) Uncertain significance,Rv3236c_p.Gly350Glu
PZA,3612978,3) Uncertain significance,Rv3236c_p.Gly47Cys
PZA,3612935,3) Uncertain significance,Rv3236c_p.Gly61Asp
PZA,3612896,3) Uncertain significance,Rv3236c_p.Gly74Ala
PZA,3612407,3) Uncertain significance,Rv3236c_p.His237Arg
PZA,3612372,3) Uncertain significance,Rv3236c_p.Leu249Phe
PZA,3613094,3) Uncertain significance,Rv3236c_p.Leu8Ser
PZA,3612984,3) Uncertain significance,Rv3236c_p.Asn45His
PZA,3612344,3) Uncertain significance,Rv3236c_p.Arg258Gln
PZA,3612173,3) Uncertain significance,Rv3236c_p.Arg315Gln
PZA,3612865,3) Uncertain significance,Rv3236c_p.Ser84Arg
PZA,3612452,3) Uncertain significance,Rv3236c_p.Val222Ala
PZA,3612825,3) Uncertain significance,Rv3236c_p.Val98Ile
PZA,4038258,3) Uncertain significance,clpC1_p.Ala816Val
PZA,4038495,3) Uncertain significance,clpC1_p.Arg737Leu
PZA,2170629,3) Uncertain significance,PPE35_c.-17C>T
PZA,2170693,3) Uncertain significance,PPE35_c.-81C>T
PZA,2167669,3) Uncertain significance,PPE35_p.Phe982Val
PZA,2167696,3) Uncertain significance,PPE35_p.Ile973Val
PZA,2168145,3) Uncertain significance,PPE35_p.Pro823Leu
PZA,2168011,3) Uncertain significance,PPE35_p.Ser868Arg
PZA,2168364,3) Uncertain significance,PPE35_p.Thr750Met
PZA,3612636,3) Uncertain significance,Rv3236c_p.Ala161Thr
PZA,3612465,3) Uncertain significance,Rv3236c_p.Gln217fs
STM,1407294,3) Uncertain significance,Rv1258c_p.Thr16Met
PZA,1407294,3) Uncertain significance,Rv1258c_p.Thr16Met
PZA,2288916,3) Uncertain significance,pncA_p.Val109Gly
PZA,2288869,3) Uncertain significance,pncA_p.Val125Ile
PZA,2288773,3) Uncertain significance,pncA_p.Val157Leu
PZA,2289109,3) Uncertain significance,pncA_p.Val45Met
PZA,2168591,3) Uncertain significance,PPE35_p.Pro674fs
PZA,2168461,3) Uncertain significance,PPE35_p.Leu716_Pro717del
PZA,2167967,3) Uncertain significance,PPE35_p.Ala883fs
PZA,2167876,3) Uncertain significance,PPE35_p.Gly913fs
PZA,2167825,3) Uncertain significance,PPE35_p.Trp919fs
PZA,2168370,3) Uncertain significance,PPE35_p.Ala748Glu
PZA,2168221,3) Uncertain significance,PPE35_p.Ala798Thr
PZA,2168319,3) Uncertain significance,PPE35_p.Thr765Ile
PZA,2170701,3) Uncertain significance,PPE35_c.-89C>T
PZA,2170677,3) Uncertain significance,PPE35_c.-65G>A
PZA,2167767,3) Uncertain significance,PPE35_p.Gly949Ala
PZA,2168092,3) Uncertain significance,PPE35_p.Ile841Val
PZA,2167764,3) Uncertain significance,PPE35_p.Ile950Thr
PZA,2170724,3) Uncertain significance,PPE35_c.-112T>C
PZA,2168719,3) Uncertain significance,PPE35_p.Thr632Pro
PZA,2168019,3) Uncertain significance,PPE35_p.Thr865Ile
PZA,2167657,3) Uncertain significance,PPE35_p.Thr986Ala
PZA,1406216,3) Uncertain significance,Rv1258c_p.Leu376fs
STM,1406216,3) Uncertain significance,Rv1258c_p.Leu376fs
PZA,1406656,3) Uncertain significance,Rv1258c_p.Gly229Arg
STM,1406656,3) Uncertain significance,Rv1258c_p.Gly229Arg
PZA,2168296,3) Uncertain significance,PPE35_p.Glu773Lys
PZA,2168034,3) Uncertain significance,PPE35_p.Thr860Ile
PZA,3612113,3) Uncertain significance,Rv3236c_p.Glu335fs
PZA,3612943,3) Uncertain significance,Rv3236c_p.Ile58Met
PZA,3612413,3) Uncertain significance,Rv3236c_p.Ser235Leu
PZA,2167792,3) Uncertain significance,PPE35_p.Ser941Ala
PZA,3612099,3) Uncertain significance,Rv3236c_p.Ile340Val
PZA,2168642,3) Uncertain significance,PPE35_p.Phe657Leu
PZA,2167693,3) Uncertain significance,PPE35_p.Gly974Ser
PZA,2168176,3) Uncertain significance,PPE35_p.Gln813Glu
PZA,2168304,3) Uncertain significance,PPE35_p.Thr770Arg
PZA,3612773,3) Uncertain significance,Rv3236c_p.Gly115Asp
PZA,3612910,3) Uncertain significance,Rv3236c_p.Leu69Phe
PZA,3612012,3) Uncertain significance,Rv3236c_p.Leu369Val
PZA,3612143,3) Uncertain significance,Rv3236c_p.Arg325His
PZA,2168261,3) Uncertain significance,PPE35_p.Phe784Leu
PZA,3612333,3) Uncertain significance,Rv3236c_p.Val262Met
PZA,2168565,3) Uncertain significance,PPE35_p.Pro683Leu
PZA,3612390,3) Uncertain significance,Rv3236c_p.Gly243Ser
PZA,3612515,3) Uncertain significance,Rv3236c_p.Arg201His
PZA,4043993,3) Uncertain significance,panD_p.Arg97Trp
PZA,3612037,3) Uncertain significance,Rv3236c_p.Phe360Leu
PZA,3612800,3) Uncertain significance,Rv3236c_p.Val106Ala
PZA,2168190,3) Uncertain significance,PPE35_p.Gly808Ala
PZA,2168205,3) Uncertain significance,PPE35_p.Pro803Gln
PZA,3612804,3) Uncertain significance,Rv3236c_p.Ala105Thr
PZA,2168501,3) Uncertain significance,PPE35_p.Phe704Leu
PZA,4039285,3) Uncertain significance,clpC1_p.Asp474His
RIF,762072,3) Uncertain significance,rpoB_p.Thr756Ala
PZA,4044137,3) Uncertain significance,panD_p.Ile49Val
PZA,3612362,3) Uncertain significance,Rv3236c_p.Thr252Ser
PZA,3612156,3) Uncertain significance,Rv3236c_p.Arg321Cys
PZA,4040728,3) Uncertain significance,clpC1_c.-24G>T
PZA,2168371,3) Uncertain significance,PPE35_p.Ala748Thr
PZA,2167819,3) Uncertain significance,PPE35_p.Gly932Ser
PZA,2168757,3) Uncertain significance,PPE35_p.Gln619Arg
PZA,2168752,3) Uncertain significance,PPE35_p.Ser621Gly
PZA,2168779,3) Uncertain significance,PPE35_p.Thr612Ala
PZA,3612746,3) Uncertain significance,Rv3236c_p.Val124fs
PZA,3612047,3) Uncertain significance,Rv3236c_p.Ala357Val
PZA,3612750,3) Uncertain significance,Rv3236c_p.Gly123Arg
PZA,3612360,3) Uncertain significance,Rv3236c_p.Gly253Arg
PZA,3612137,3) Uncertain significance,Rv3236c_p.Gly327Ala
PZA,3612666,3) Uncertain significance,Rv3236c_p.Val151Met
PZA,3612846,3) Uncertain significance,Rv3236c_p.Pro91Ser
PZA,4038319,3) Uncertain significance,clpC1_p.Pro796Ala
PZA,4043935,3) Uncertain significance,panD_p.Asp116Gly
PZA,2168728,3) Uncertain significance,PPE35_p.Gly629Arg
PZA,2168524,3) Uncertain significance,PPE35_p.Gly697Ser
PZA,2168787,3) Uncertain significance,PPE35_p.Thr609Met
PZA,2168412,3) Uncertain significance,PPE35_p.Phe734Cys
PZA,2167963,3) Uncertain significance,PPE35_p.Gly884Trp
PZA,2168587,3) Uncertain significance,PPE35_p.Ile676Val
PZA,2168812,3) Uncertain significance,PPE35_p.Thr601Ala
PZA,3612768,3) Uncertain significance,Rv3236c_p.Ala117Pro
PZA,3612698,3) Uncertain significance,Rv3236c_p.Leu140Arg
PZA,4038649,3) Uncertain significance,clpC1_p.Gly686Ser
RIF,3877750,3) Uncertain significance,rpoA_p.Asp253Ala
RIF,761490,3) Uncertain significance,rpoB_p.Val562Met
RIF,760728,3) Uncertain significance,rpoB_p.Tyr308Asp
RIF,761167,3) Uncertain significance,rpoB_p.Pro454Arg
RIF,759940,3) Uncertain significance,rpoB_p.Pro45Gln
RIF,761905,3) Uncertain significance,rpoB_p.Pro700Arg
RIF,762306,3) Uncertain significance,rpoB_p.Pro834Thr
RIF,762373,3) Uncertain significance,rpoB_p.Pro856Leu
RIF,763045,3) Uncertain significance,rpoB_p.Gln1080Arg
RIF,760320,3) Uncertain significance,rpoB_p.Gln172Lys
RIF,759862,3) Uncertain significance,rpoB_p.Gln19Arg
RIF,760482,3) Uncertain significance,rpoB_p.Gln226Glu
RIF,759958,3) Uncertain significance,rpoB_p.Gln51Pro
RIF,762744,3) Uncertain significance,rpoB_p.Gln980Lys
RIF,762745,3) Uncertain significance,rpoB_p.Gln980Arg
RIF,760461,3) Uncertain significance,rpoB_p.Arg219Ser
RIF,760476,3) Uncertain significance,rpoB_p.Arg224Cys
RIF,761538,3) Uncertain significance,rpoB_p.Arg578Gly
RIF,761539,3) Uncertain significance,rpoB_p.Arg578His
RIF,761625,3) Uncertain significance,rpoB_p.Arg607Ser
RIF,761799,3) Uncertain significance,rpoB_p.Arg665Trp
RIF,762276,3) Uncertain significance,rpoB_p.Arg824Cys
RIF,762277,3) Uncertain significance,rpoB_p.Arg824Leu
RIF,762285,3) Uncertain significance,rpoB_p.Arg827Ser
RIF,762340,3) Uncertain significance,rpoB_p.Arg845Gln
RIF,762339,3) Uncertain significance,rpoB_p.Arg845Trp
RIF,762418,3) Uncertain significance,rpoB_p.Arg871His
RIF,762418,3) Uncertain significance,rpoB_p.Arg871Leu
RIF,760644,3) Uncertain significance,rpoB_p.Pro280Ser
RIF,760645,3) Uncertain significance,rpoB_p.Pro280Leu
RIF,760030,3) Uncertain significance,rpoB_p.Asn75Thr
RIF,761617,3) Uncertain significance,rpoB_p.Asn604Ser
RIF,761403,3) Uncertain significance,rpoB_p.His533Asn
RIF,761826,3) Uncertain significance,rpoB_p.His674Asn
RIF,762309,3) Uncertain significance,rpoB_p.His835Asp
RIF,762310,3) Uncertain significance,rpoB_p.His835Pro
RIF,762910,3) Uncertain significance,rpoB_p.Ile1035Thr
RIF,762909,3) Uncertain significance,rpoB_p.Ile1035Val
RIF,762942,3) Uncertain significance,rpoB_p.Ile1046Val
RIF,763137,3) Uncertain significance,rpoB_p.Ile1111Val
RIF,760402,3) Uncertain significance,rpoB_p.Ile199Thr
RIF,761270,3) Uncertain significance,rpoB_p.Ile488Met
RIF,761278,3) Uncertain significance,rpoB_p.Ile491Ser
RIF,"761431,761432",3) Uncertain significance,rpoB_p.Ile542Lys
RIF,761505,3) Uncertain significance,rpoB_p.Ser567Pro
RIF,762531,3) Uncertain significance,rpoB_p.Ile909Val
RIF,763090,3) Uncertain significance,rpoB_p.Lys1095Arg
RIF,760135,3) Uncertain significance,rpoB_p.Lys110Arg
RIF,760626,3) Uncertain significance,rpoB_p.Lys274Glu
RIF,760628,3) Uncertain significance,rpoB_p.Lys274Asn
RIF,762300,3) Uncertain significance,rpoB_p.Lys832Gln
RIF,762478,3) Uncertain significance,rpoB_p.Lys891Thr
RIF,760501,3) Uncertain significance,rpoB_p.Leu232Arg
RIF,759930,3) Uncertain significance,rpoB_p.Leu42Phe
RIF,762130,3) Uncertain significance,rpoB_p.Leu775Pro
RIF,761926,3) Uncertain significance,rpoB_p.Met707Thr
RIF,760209,3) Uncertain significance,rpoB_p.Asn135Asp
RIF,761309,3) Uncertain significance,rpoB_p.Asn501Lys
RIF,762967,3) Uncertain significance,rpoB_p.Lys1054Arg
RIF,762888,3) Uncertain significance,rpoB_p.His1028Asp
RIF,761550,3) Uncertain significance,rpoB_p.Ser582Thr
RIF,760068,3) Uncertain significance,rpoB_p.Ser88Pro
RIF,761905,3) Uncertain significance,rpoB_p.Pro700Leu
RIF,760389,3) Uncertain significance,rpoB_p.Ser195Arg
RIF,761832,3) Uncertain significance,rpoB_p.Thr676Pro
RIF,759832,3) Uncertain significance,rpoB_p.Thr9Ile
RIF,760169,3) Uncertain significance,rpoB_p.Met121Ile
RIF,762640,3) Uncertain significance,rpoB_p.Gly945Glu
RIF,761441,3) Uncertain significance,rpoB_p.Asp545Glu
RIF,760386,3) Uncertain significance,rpoB_p.His194Tyr
RIF,759801,3) Uncertain significance,rpoB_c.-6T>C
RIF,760835,3) Uncertain significance,rpoB_p.His343Gln
RIF,762177,3) Uncertain significance,rpoB_p.Arg791Cys
RIF,3878518,3) Uncertain significance,rpoA_c.-12_-11insA
RIF,3878189,3) Uncertain significance,rpoA_p.Ala107Thr
RIF,3878524,3) Uncertain significance,rpoA_c.-17A>G
RIF,3877888,3) Uncertain significance,rpoA_p.Ala207Val
RIF,3877765,3) Uncertain significance,rpoA_p.Ala248Val
RIF,3877546,3) Uncertain significance,rpoA_p.Ala321Val
RIF,3878512,3) Uncertain significance,rpoA_c.-5A>G
RIF,3878516,3) Uncertain significance,rpoA_c.-9A>C
RIF,3878534,3) Uncertain significance,rpoA_c.-27C>T
RIF,3878511,3) Uncertain significance,rpoA_c.-4C>T
RIF,761166,3) Uncertain significance,rpoB_p.Pro454Ser
RIF,761828,3) Uncertain significance,rpoB_p.His674Gln
RIF,762889,3) Uncertain significance,rpoB_p.His1028Arg
RIF,762063,3) Uncertain significance,rpoB_p.Ala753Thr
RIF,761002,3) Uncertain significance,rpoB_p.Thr399Asn
RIF,759762,3) Uncertain significance,rpoB_c.-45T>G
RIF,761251,3) Uncertain significance,rpoB_p.Thr482Ile
RIF,761328,3) Uncertain significance,rpoB_p.Thr508Pro
RIF,761559,3) Uncertain significance,rpoB_p.Thr585Ala
RIF,761832,3) Uncertain significance,rpoB_p.Thr676Ala
RIF,762030,3) Uncertain significance,rpoB_p.Thr742Ala
RIF,762589,3) Uncertain significance,rpoB_p.Thr928Asn
RIF,760309,3) Uncertain significance,rpoB_p.Val168Gly
RIF,760315,3) Uncertain significance,rpoB_p.Val170Gly
RIF,760488,3) Uncertain significance,rpoB_p.Val228Ile
RIF,760869,3) Uncertain significance,rpoB_p.Val355Ile
RIF,762427,3) Uncertain significance,rpoB_p.Ser874Phe
RIF,760986,3) Uncertain significance,rpoB_p.Val394Leu
RIF,761293,3) Uncertain significance,rpoB_p.Val496Gly
RIF,761373,3) Uncertain significance,rpoB_p.Val523Leu
RIF,761407,3) Uncertain significance,rpoB_p.Val534Gly
RIF,"761452,761453",3) Uncertain significance,rpoB_p.Val549Gly
RIF,762195,3) Uncertain significance,rpoB_p.Val797Leu
RIF,762303,3) Uncertain significance,rpoB_p.Val833Met
RIF,762405,3) Uncertain significance,rpoB_p.Val867Met
RIF,762793,3) Uncertain significance,rpoB_p.Val996Ala
RIF,762793,3) Uncertain significance,rpoB_p.Val996Gly
RIF,762850,3) Uncertain significance,rpoB_p.Tyr1015Cys
RIF,761226,3) Uncertain significance,rpoB_p.Tyr474His
RIF,761334,3) Uncertain significance,rpoB_p.Tyr510His
RIF,759937,3) Uncertain significance,rpoB_p.Val44Gly
RIF,762780,3) Uncertain significance,rpoB_p.Gly992Arg
RIF,762748,3) Uncertain significance,rpoB_p.Gly981Asp
RIF,762549,3) Uncertain significance,rpoB_p.Gly915Ser
RIF,761423,3) Uncertain significance,rpoB_p.Asn539Lys
RIF,761824,3) Uncertain significance,rpoB_p.Asn673Ser
RIF,761253,3) Uncertain significance,rpoB_p.Pro483Ser
RIF,762109,3) Uncertain significance,rpoB_p.Pro768Leu
RIF,761008,3) Uncertain significance,rpoB_p.Gln401Arg
RIF,762828,3) Uncertain significance,rpoB_p.Arg1008Cys
RIF,760462,3) Uncertain significance,rpoB_p.Arg219Leu
RIF,760479,3) Uncertain significance,rpoB_p.Arg225Gly
RIF,761424,3) Uncertain significance,rpoB_p.Ser540Pro
RIF,761001,3) Uncertain significance,rpoB_p.Thr399Ala
RIF,761001,3) Uncertain significance,rpoB_p.Thr399Pro
RIF,760308,3) Uncertain significance,rpoB_p.Val168Met
RIF,760591,3) Uncertain significance,rpoB_p.Val262Ala
RIF,760719,3) Uncertain significance,rpoB_p.Val305Ile
RIF,759955,3) Uncertain significance,rpoB_p.Val50Gly
RIF,762205,3) Uncertain significance,rpoB_p.Val800Ala
RIF,762715,3) Uncertain significance,rpoB_p.Val970Ala
RIF,762714,3) Uncertain significance,rpoB_p.Val970Met
RIF,760455,3) Uncertain significance,rpoB_p.Gly217Ser
RIF,763270,3) Uncertain significance,rpoB_p.Asn1155Ser
RIF,761254,3) Uncertain significance,rpoB_p.Pro483Leu
RIF,760306,3) Uncertain significance,rpoB_p.Arg167His
RIF,762685,3) Uncertain significance,rpoB_p.Ala960Glu
RIF,761167,3) Uncertain significance,rpoB_p.Pro454His
RIF,759894,3) Uncertain significance,rpoB_p.Pro30Ala
RIF,761265,3) Uncertain significance,rpoB_p.Asn487His
RIF,759878,3) Uncertain significance,rpoB_p.Asn24Lys
RIF,761566,3) Uncertain significance,rpoB_p.Met587Thr
RIF,760081,3) Uncertain significance,rpoB_p.Asp92Gly
RIF,761266,3) Uncertain significance,rpoB_p.Asn487Ser
RIF,759939,3) Uncertain significance,rpoB_p.Pro45Ala
RIF,761821,3) Uncertain significance,rpoB_p.Ser672Phe
RIF,761827,3) Uncertain significance,rpoB_p.His674Arg
RIF,761707,3) Uncertain significance,rpoB_p.Asp634Gly
RIF,761068,3) Uncertain significance,rpoB_p.Lys422_Thr427del
RIF,761419,3) Uncertain significance,rpoB_p.Ala538Val
RIF,761557,3) Uncertain significance,rpoB_p.Ala584Gly
RIF,759720,3) Uncertain significance,rpoB_c.-87C>T
RIF,761591,3) Uncertain significance,rpoB_p.Asp595Glu
RIF,762051,3) Uncertain significance,rpoB_p.His749Tyr
RIF,760273,3) Uncertain significance,rpoB_p.Glu156Gly
RIF,760259,3) Uncertain significance,rpoB_p.Phe151Leu
RIF,761164,3) Uncertain significance,rpoB_p.Gly453Ala
RIF,760041,3) Uncertain significance,rpoB_p.Gly79Ser
RIF,762312,3) Uncertain significance,rpoB_p.Gly836Ser
RIF,761268,3) Uncertain significance,rpoB_p.Ile488Leu
RIF,760074,3) Uncertain significance,rpoB_p.Ile90Leu
RIF,763111,3) Uncertain significance,rpoB_p.Lys1102Thr
RIF,760324,3) Uncertain significance,rpoB_p.Leu173Pro
RIF,761274,3) Uncertain significance,rpoB_p.Leu490Val
RIF,761380,3) Uncertain significance,rpoB_p.Leu525Pro
RIF,761466,3) Uncertain significance,rpoB_p.Leu554Val
RIF,762138,3) Uncertain significance,rpoB_p.Leu778Val
RIF,762226,3) Uncertain significance,rpoB_p.Glu807Gly
RIF,760975,3) Uncertain significance,rpoB_p.Met390Thr
RIF,761300,3) Uncertain significance,rpoB_p.Arg499_Asn501dup
RIF,761310,3) Uncertain significance,rpoB_p.Phe503_Thr508dup
RIF,761698,3) Uncertain significance,rpoB_p.Asp631Gly
RIF,763224,3) Uncertain significance,rpoB_p.Glu1140Gln
RIF,760303,3) Uncertain significance,rpoB_p.Glu166Gly
RIF,760302,3) Uncertain significance,rpoB_p.Glu166Lys
RIF,760657,3) Uncertain significance,rpoB_p.Glu284Gly
RIF,760677,3) Uncertain significance,rpoB_p.Glu291Lys
RIF,760796,3) Uncertain significance,rpoB_p.Glu330Asp
RIF,760936,3) Uncertain significance,rpoB_p.Glu377Val
RIF,761074,3) Uncertain significance,rpoB_p.Glu423Ala
RIF,761074,3) Uncertain significance,rpoB_p.Glu423Gly
RIF,761454,3) Uncertain significance,rpoB_p.Glu550Lys
RIF,761494,3) Uncertain significance,rpoB_p.Glu563Ala
RIF,761517,3) Uncertain significance,rpoB_p.Asp571Tyr
RIF,762054,3) Uncertain significance,rpoB_p.Glu750Gln
RIF,762268,3) Uncertain significance,rpoB_p.Glu821Val
RIF,760051,3) Uncertain significance,rpoB_p.Glu82Gly
RIF,762492,3) Uncertain significance,rpoB_p.Glu896Lys
RIF,761077,3) Uncertain significance,rpoB_p.Phe424Cys
RIF,761313,3) Uncertain significance,rpoB_p.Phe503Val
RIF,760278,3) Uncertain significance,rpoB_p.Gly158Ser
RIF,760413,3) Uncertain significance,rpoB_p.Gly203Arg
RIF,761163,3) Uncertain significance,rpoB_p.Gly453Arg
RIF,759757,3) Uncertain significance,rpoB_c.-50G>A
RIF,761611,3) Uncertain significance,rpoB_p.Gly602Ala
RIF,761901,3) Uncertain significance,rpoB_p.Gly699Ser
RIF,762474,3) Uncertain significance,rpoB_p.Gly890Cys
RIF,762225,3) Uncertain significance,rpoB_p.Glu807Gln
RIF,761547,3) Uncertain significance,rpoB_p.Val581Met
RIF,761397,3) Uncertain significance,rpoB_p.Asp531Tyr
RIF,760893,3) Uncertain significance,rpoB_p.Asp363Asn
RIF,761813,3) Uncertain significance,rpoB_p.Ala670dup
RIF,762431,3) Uncertain significance,rpoB_p.Gly876dup
RIF,760090,3) Uncertain significance,rpoB_p.Met97_Ser98dup
RIF,762969,3) Uncertain significance,rpoB_p.Ala1055Pro
RIF,763264,3) Uncertain significance,rpoB_p.Ala1153Val
RIF,759810,3) Uncertain significance,rpoB_p.Ala2Thr
RIF,759765,3) Uncertain significance,rpoB_c.-42A>G
RIF,761299,3) Uncertain significance,rpoB_p.Ala498Val
RIF,761418,3) Uncertain significance,rpoB_p.Ala538Pro
RIF,761482,3) Uncertain significance,rpoB_p.Ala559Val
RIF,761601,3) Uncertain significance,rpoB_p.Ala599Thr
RIF,761602,3) Uncertain significance,rpoB_p.Ala599Val
RIF,761399,3) Uncertain significance,rpoB_p.Asp531Glu
RIF,761688,3) Uncertain significance,rpoB_p.Ala628Pro
RIF,761928,3) Uncertain significance,rpoB_p.Ala708Ser
RIF,759717,3) Uncertain significance,rpoB_c.-90A>G
RIF,762606,3) Uncertain significance,rpoB_p.Ala934Thr
RIF,762657,3) Uncertain significance,rpoB_p.Ala951Thr
RIF,762726,3) Uncertain significance,rpoB_p.Ala974Thr
RIF,759770,3) Uncertain significance,rpoB_c.-37C>G
RIF,759803,3) Uncertain significance,rpoB_c.-4C>T
RIF,761847,3) Uncertain significance,rpoB_p.Cys681Arg
RIF,761909,3) Uncertain significance,rpoB_p.Cys701Trp
RIF,760363,3) Uncertain significance,rpoB_p.Asp186Ala
RIF,760375,3) Uncertain significance,rpoB_p.Asp190Ala
RIF,760707,3) Uncertain significance,rpoB_p.Asp301Asn
RIF,761719,3) Uncertain significance,rpoB_p.Ala638Gly
PZA,2289102,3) Uncertain significance,pncA_p.Thr47Ile
RIF,3064726,3) Uncertain significance,Rv2752c_p.Ala489Val
RIF,3064603,3) Uncertain significance,Rv2752c_p.Ala530Val
STM,4407610,3) Uncertain significance,gid_p.Pro198Leu
STM,4407610,3) Uncertain significance,gid_p.Pro198Arg
STM,4408091,3) Uncertain significance,gid_p.Pro38Ser
STM,4408187,3) Uncertain significance,gid_p.Pro6Ala
STM,4408187,3) Uncertain significance,gid_p.Pro6Thr
STM,4407824,3) Uncertain significance,gid_p.Gln127Glu
STM,4407943,3) Uncertain significance,gid_p.Gln87Pro
STM,4407899,3) Uncertain significance,gid_p.Arg102Gly
STM,4407850,3) Uncertain significance,gid_p.Arg118Pro
STM,4407794,3) Uncertain significance,gid_p.Arg137Gly
STM,4407707,3) Uncertain significance,gid_p.Arg166Trp
STM,4407688,3) Uncertain significance,gid_p.Arg172Gln
STM,4407680,3) Uncertain significance,gid_p.Arg175Gly
STM,4407677,3) Uncertain significance,gid_p.Arg176Cys
STM,4407642,3) Uncertain significance,gid_p.Arg187Ser
STM,4407583,3) Uncertain significance,gid_p.Arg207His
STM,4407554,3) Uncertain significance,gid_p.Arg217Trp
STM,4408088,3) Uncertain significance,gid_p.Arg39Cys
STM,4408012,3) Uncertain significance,gid_p.Arg64Gln
STM,4407955,3) Uncertain significance,gid_p.Arg83Leu
STM,4407811,3) Uncertain significance,gid_p.Ser131Thr
STM,4407797,3) Uncertain significance,gid_p.Ser136Ala
STM,4407757,3) Uncertain significance,gid_p.Ser149Thr
STM,4408178,3) Uncertain significance,gid_p.Ser9Pro
STM,4407767,3) Uncertain significance,gid_p.Thr146Ala
STM,4407752,3) Uncertain significance,gid_p.Pro151Ser
STM,4407551,3) Uncertain significance,gid_p.Met218Val
STM,4407754,3) Uncertain significance,gid_p.Met150Thr
STM,4407920,3) Uncertain significance,gid_p.Leu95Val
STM,4407563,3) Uncertain significance,gid_p.Gly214Arg
STM,4407542,3) Uncertain significance,gid_p.Gly221Arg
STM,4408120,3) Uncertain significance,gid_p.Gly28Val
STM,4408114,3) Uncertain significance,gid_p.Gly30Val
STM,4408078,3) Uncertain significance,gid_p.Gly42Val
STM,4408261,3) Uncertain significance,gid_c.-59G>A
STM,4407998,3) Uncertain significance,gid_p.Gly69Ser
STM,4408274,3) Uncertain significance,gid_c.-72G>C
STM,4407986,3) Uncertain significance,gid_p.Gly73Trp
STM,4408211,3) Uncertain significance,gid_c.-9G>A
STM,4408211,3) Uncertain significance,gid_c.-9G>C
STM,4407701,3) Uncertain significance,gid_p.His168Asp
STM,4407766,3) Uncertain significance,gid_p.Thr146Met
STM,4407683,3) Uncertain significance,gid_p.His174Tyr
STM,4407667,3) Uncertain significance,gid_p.Ile179Ser
STM,4408040,3) Uncertain significance,gid_p.Ile55Val
STM,4408001,3) Uncertain significance,gid_p.Ile68Phe
STM,4407716,3) Uncertain significance,gid_p.Lys163Glu
STM,4407901,3) Uncertain significance,gid_p.Leu101Pro
STM,4407725,3) Uncertain significance,gid_p.Leu160Phe
STM,4407725,3) Uncertain significance,gid_p.Leu160Val
STM,4408156,3) Uncertain significance,gid_p.Leu16Pro
STM,4408100,3) Uncertain significance,gid_p.Leu35Met
STM,4408072,3) Uncertain significance,gid_p.Leu44Arg
STM,4407981,3) Uncertain significance,gid_p.Leu74Phe
STM,4407932,3) Uncertain significance,gid_p.Leu91Ile
STM,4408171,3) Uncertain significance,gid_p.Ile11Thr
STM,4407659,3) Uncertain significance,gid_p.Gly182Cys
STM,4407635,3) Uncertain significance,gid_p.Thr190Ala
STM,4407635,3) Uncertain significance,gid_p.Thr190Pro
STM,781356,3) Uncertain significance,rpsL_c.-204C>T
STM,781352,3) Uncertain significance,rpsL_c.-208C>G
STM,781335,3) Uncertain significance,rpsL_c.-225C>G
STM,781529,3) Uncertain significance,rpsL_c.-31C>T
STM,781481,3) Uncertain significance,rpsL_c.-79C>A
STM,781601,3) Uncertain significance,rpsL_p.Asp14Glu
STM,781786,3) Uncertain significance,rpsL_p.Glu76Ala
STM,781414,3) Uncertain significance,rpsL_c.-146G>A
STM,781411,3) Uncertain significance,rpsL_c.-149G>A
STM,781404,3) Uncertain significance,rpsL_c.-156G>C
STM,781373,3) Uncertain significance,rpsL_c.-187G>C
STM,781606,3) Uncertain significance,rpsL_p.Ile16Thr
STM,781882,3) Uncertain significance,rpsL_p.Lys108Thr
STM,781588,3) Uncertain significance,rpsL_p.Lys10Thr
STM,781926,3) Uncertain significance,rpsL_p.Lys123*
STM,781778,3) Uncertain significance,rpsL_p.Asn73Lys
STM,781564,3) Uncertain significance,rpsL_p.Pro2Arg
STM,781872,3) Uncertain significance,rpsL_p.Gln105Glu
STM,781610,3) Uncertain significance,rpsL_p.Ser17Arg
STM,781390,3) Uncertain significance,rpsL_c.-170T>C
STM,781382,3) Uncertain significance,rpsL_c.-178T>G
STM,781375,3) Uncertain significance,rpsL_c.-185T>A
STM,781372,3) Uncertain significance,rpsL_c.-188T>G
STM,781371,3) Uncertain significance,rpsL_c.-189T>A
STM,781662,3) Uncertain significance,rpsL_p.Thr35Ala
STM,781541,3) Uncertain significance,rpsL_c.-19C>T
STM,781380,3) Uncertain significance,rpsL_c.-180C>T
STM,781381,3) Uncertain significance,rpsL_c.-179C>T
STM,781385,3) Uncertain significance,rpsL_c.-175C>G
STM,4407601,3) Uncertain significance,gid_p.Thr201Asn
STM,4408204,3) Uncertain significance,gid_c.-2T>A
STM,4408267,3) Uncertain significance,gid_c.-65T>C
STM,4407889,3) Uncertain significance,gid_p.Val105Gly
STM,4407788,3) Uncertain significance,gid_p.Val139Leu
STM,4407692,3) Uncertain significance,gid_p.Val171Leu
STM,4407674,3) Uncertain significance,gid_p.Val177Leu
STM,4407647,3) Uncertain significance,gid_p.Val186Phe
STM,4407640,3) Uncertain significance,gid_p.Val188Gly
STM,4407595,3) Uncertain significance,gid_p.Val203Glu
STM,4408081,3) Uncertain significance,gid_p.Val41Ala
STM,4408082,3) Uncertain significance,gid_p.Val41Leu
STM,4407634,3) Uncertain significance,gid_p.Thr190Ile
STM,4408010,3) Uncertain significance,gid_p.Val65Ile
STM,4407761,3) Uncertain significance,gid_p.Trp148Arg
STM,4408068,3) Uncertain significance,gid_p.Trp45Cys
STM,4408138,3) Uncertain significance,gid_p.Tyr22Cys
STM,781406,3) Uncertain significance,rpsL_c.-154_-153insC
STM,781326,3) Uncertain significance,rpsL_c.-233delG
STM,781479,3) Uncertain significance,rpsL_c.-80_-77delACAC
STM,781897,3) Uncertain significance,rpsL_p.Ala113Gly
STM,781423,3) Uncertain significance,rpsL_c.-137A>G
STM,781453,3) Uncertain significance,rpsL_c.-107C>T
STM,781436,3) Uncertain significance,rpsL_c.-124C>A
STM,781426,3) Uncertain significance,rpsL_c.-134C>T
STM,781394,3) Uncertain significance,rpsL_c.-166C>T
STM,4407937,3) Uncertain significance,gid_p.Val89Ala
STM,4407877,3) Uncertain significance,gid_p.Gly109Asp
STM,4407592,3) Uncertain significance,gid_p.Phe204Ser
STM,4407929,3) Uncertain significance,gid_p.Glu92Gln
STM,4407748,3) Uncertain significance,gid_p.Leu152Ser
STM,4408057,3) Uncertain significance,gid_p.Leu49Pro
STM,4408054,3) Uncertain significance,gid_p.Leu50Pro
STM,4407946,3) Uncertain significance,gid_p.Leu86Arg
STM,4407922,3) Uncertain significance,gid_p.Leu94Arg
STM,4408186,3) Uncertain significance,gid_p.Pro6Leu
STM,4407793,3) Uncertain significance,gid_p.Arg137Leu
STM,4407955,3) Uncertain significance,gid_p.Arg83Pro
STM,4407766,3) Uncertain significance,gid_p.Thr146Lys
STM,4408204,3) Uncertain significance,gid_c.-2T>G
STM,4407596,3) Uncertain significance,gid_p.Val203Leu
STM,4408096,3) Uncertain significance,gid_p.Val36Ala
STM,4408096,3) Uncertain significance,gid_p.Val36Gly
STM,4407940,3) Uncertain significance,gid_p.Val88Gly
STM,4407759,3) Uncertain significance,gid_p.Trp148Cys
STM,4408070,3) Uncertain significance,gid_p.Trp45Arg
STM,4408069,3) Uncertain significance,gid_p.Trp45Ser
STM,781687,3) Uncertain significance,rpsL_p.Lys43Thr
STM,1472405,3) Uncertain significance,rrs_n.560C>T
STM,1472996,3) Uncertain significance,rrs_n.1151T>C
STM,4408234,3) Uncertain significance,gid_c.-33delT
STM,4408148,3) Uncertain significance,gid_p.Ala19Pro
STM,4407693,3) Uncertain significance,gid_p.Glu170Asp
STM,4407877,3) Uncertain significance,gid_p.Gly109Ala
STM,4407713,3) Uncertain significance,gid_p.Gly164Cys
STM,4407778,3) Uncertain significance,gid_p.Leu142Trp
STM,4408060,3) Uncertain significance,gid_p.His48Arg
STM,4408061,3) Uncertain significance,gid_p.His48Asp
STM,4407977,3) Uncertain significance,gid_p.Gly76Arg
STM,781923,3) Uncertain significance,rpsL_p.Glu122Lys
STM,781875,3) Uncertain significance,rpsL_p.Gly106Cys
STM,781771,3) Uncertain significance,rpsL_p.Gly71Asp
STM,781687,3) Uncertain significance,rpsL_p.Lys43Met
STM,781688,3) Uncertain significance,rpsL_p.Lys43Asn
STM,781830,3) Uncertain significance,rpsL_p.Pro91Ser
STM,781750,3) Uncertain significance,rpsL_p.Thr64Met
STM,781879,3) Uncertain significance,rpsL_p.Val107Ala
STM,781722,3) Uncertain significance,rpsL_p.Val55Met
STM,1473086,3) Uncertain significance,rrs_n.1242_1244delAAAinsGAAT
STM,1473285,3) Uncertain significance,rrs_n.1440A>G
STM,1472548,3) Uncertain significance,rrs_n.703A>G
STM,4408103,3) Uncertain significance,gid_p.Gly34Arg
STM,1472029,3) Uncertain significance,rrs_n.184C>A
STM,1473280,3) Uncertain significance,rrs_n.1435G>A
STM,1473326,3) Uncertain significance,rrs_n.1481G>T
STM,1472870,3) Uncertain significance,rrs_n.1025T>G
STM,1407286,3) Uncertain significance,Rv1258c_p.Ala19Thr
STM,1407163,3) Uncertain significance,Rv1258c_p.Leu60Val
STM,1406308,3) Uncertain significance,Rv1258c_p.Arg345Cys
STM,1406340,3) Uncertain significance,Rv1258c_p.Tyr334Cys
STM,3568594,3) Uncertain significance,whiB7_p.Phe29Ser
STM,4407655,3) Uncertain significance,gid_p.Ala183Glu
STM,4408148,3) Uncertain significance,gid_p.Ala19Thr
STM,4408045,3) Uncertain significance,gid_p.Ala53Asp
STM,4408102,3) Uncertain significance,gid_p.Gly34Ala
STM,1472837,3) Uncertain significance,rrs_n.992C>T
STM,4407991,3) Uncertain significance,gid_p.Gly71Glu
STM,4407902,3) Uncertain significance,gid_p.Leu101Phe
STM,4407966,3) Uncertain significance,gid_p.Leu79Phe
STM,4407626,3) Uncertain significance,gid_p.Ala193Pro
STM,4408148,3) Uncertain significance,gid_p.Ala19Ser
STM,4407547,3) Uncertain significance,gid_p.Ala219Val
STM,4408136,3) Uncertain significance,gid_p.Ala23Pro
STM,4408129,3) Uncertain significance,gid_p.Ala25Gly
STM,4408227,3) Uncertain significance,gid_c.-25A>G
STM,4408130,3) Uncertain significance,gid_p.Ala25Pro
STM,4408129,3) Uncertain significance,gid_p.Ala25Val
STM,4407958,3) Uncertain significance,gid_p.Ala82Glu
STM,4408210,3) Uncertain significance,gid_c.-8A>C
STM,4408180,3) Uncertain significance,gid_p.Ala8Glu
STM,4408213,3) Uncertain significance,gid_c.-11C>G
STM,4407625,3) Uncertain significance,gid_p.Ala193Gly
STM,4408216,3) Uncertain significance,gid_c.-14C>T
STM,4408230,3) Uncertain significance,gid_c.-28C>G
STM,4408232,3) Uncertain significance,gid_c.-30C>T
STM,4408047,3) Uncertain significance,gid_p.Cys52Trp
STM,4408258,3) Uncertain significance,gid_c.-56C>T
STM,4408266,3) Uncertain significance,gid_c.-64C>A
STM,4408281,3) Uncertain significance,gid_c.-79C>A
STM,4407884,3) Uncertain significance,gid_p.Asp107His
STM,4407697,3) Uncertain significance,gid_p.Asp169Gly
STM,4407698,3) Uncertain significance,gid_p.Asp169His
STM,4408002,3) Uncertain significance,gid_p.Asp67Glu
STM,4407844,3) Uncertain significance,gid_p.Glu120Ala
STM,4408034,3) Uncertain significance,gid_p.Glu57Gln
STM,4407631,3) Uncertain significance,gid_p.Cys191Tyr
STM,781731,3) Uncertain significance,rpsL_p.Thr58Ala
STM,4407655,3) Uncertain significance,gid_p.Ala183Val
STM,4407664,3) Uncertain significance,gid_p.Ala180Gly
STM,4408141,3) Uncertain significance,gid_p.Arg21Pro
STM,4407760,3) Uncertain significance,gid_p.Trp148Leu
STM,781768,3) Uncertain significance,rpsL_p.Glu70Ala
STM,781609,3) Uncertain significance,rpsL_p.Ser17Asn
STM,4408180,3) Uncertain significance,gid_p.Ala8Val
STM,4407712,3) Uncertain significance,gid_p.Gly164Val
STM,4408120,3) Uncertain significance,gid_p.Gly28Glu
STM,4408126,3) Uncertain significance,gid_p.Leu26Ser
STM,4407857,3) Uncertain significance,gid_p.Arg116Trp
STM,4407916,3) Uncertain significance,gid_p.Arg96His
STM,4407911,3) Uncertain significance,gid_p.Thr98Pro
STM,4407656,3) Uncertain significance,gid_p.Ala183Thr
STM,4407832,3) Uncertain significance,gid_p.Val124Gly
STM,4408093,3) Uncertain significance,gid_p.Gly37Ala
STM,4407880,3) Uncertain significance,gid_p.Leu108Arg
STM,4407947,3) Uncertain significance,gid_p.Leu86Phe
STM,4407721,3) Uncertain significance,gid_p.Ala161Gly
STM,4408031,3) Uncertain significance,gid_p.Leu58Phe
STM,4408050,3) Uncertain significance,gid_p.Asn51Lys
STM,4407847,3) Uncertain significance,gid_p.Ala119Val
STM,4407805,3) Uncertain significance,gid_p.Ala133Gly
STM,4407784,3) Uncertain significance,gid_p.Ala140Val
STM,4407782,3) Uncertain significance,gid_p.Ala141Thr
STM,4407722,3) Uncertain significance,gid_p.Ala161Pro
STM,4407940,3) Uncertain significance,gid_p.Val88Ala
STM,781469,3) Uncertain significance,rpsL_c.-91C>T
STM,781746,3) Uncertain significance,rpsL_p.Val63Ile
STM,1473047,3) Uncertain significance,rrs_n.1204dupT
STM,4407591,3) Uncertain significance,gid_p.Phe204Leu
STM,"4407998,4407997",3) Uncertain significance,gid_p.Gly69Ile
STM,4408209,3) Uncertain significance,gid_c.-7G>A
STM,4407682,3) Uncertain significance,gid_p.His174Arg
STM,4407727,3) Uncertain significance,gid_p.Met159Thr
STM,4407740,3) Uncertain significance,gid_p.Pro155Ser
STM,4408196,3) Uncertain significance,gid_p.Pro3Ser
STM,4407970,3) Uncertain significance,gid_p.Pro78Gln
STM,4408160,3) Uncertain significance,gid_p.Arg15Trp
STM,4408145,3) Uncertain significance,gid_p.Arg20Gly
STM,4408144,3) Uncertain significance,gid_p.Arg20Gln
STM,4408105,3) Uncertain significance,gid_p.Arg33Pro
STM,4408063,3) Uncertain significance,gid_p.Arg47Gln
STM,4407914,3) Uncertain significance,gid_p.Arg97Cys
STM,4407810,3) Uncertain significance,gid_p.Ser131Arg
STM,4407661,3) Uncertain significance,gid_p.Ser181Leu
STM,4407868,3) Uncertain significance,gid_p.Val112Gly
STM,4407800,3) Uncertain significance,gid_p.Val135Met
STM,4407599,3) Uncertain significance,gid_p.Val202Leu
STM,4408081,3) Uncertain significance,gid_p.Val41Gly
STM,4408010,3) Uncertain significance,gid_p.Val65Phe
STM,781483,3) Uncertain significance,rpsL_c.-77C>T
STM,781377,3) Uncertain significance,rpsL_c.-183G>A
STM,781369,3) Uncertain significance,rpsL_c.-191G>A
STM,4407908,3) Uncertain significance,gid_p.Glu99Lys
STM,4408084,3) Uncertain significance,gid_p.Glu40Ala
STM,4407685,3) Uncertain significance,gid_p.Glu173Ala
STM,4407840,3) Uncertain significance,gid_p.Glu121Asp
STM,3568701,3) Uncertain significance,whiB7_c.-22C>T
STM,3568911,3) Uncertain significance,whiB7_c.-232C>T
STM,3568917,3) Uncertain significance,whiB7_c.-238C>T
STM,3568931,3) Uncertain significance,whiB7_c.-252C>T
STM,3568981,3) Uncertain significance,whiB7_c.-302C>A
STM,3569015,3) Uncertain significance,whiB7_c.-336C>T
STM,3569019,3) Uncertain significance,whiB7_c.-340C>T
STM,3569020,3) Uncertain significance,whiB7_c.-341C>T
STM,3568797,3) Uncertain significance,whiB7_c.-118G>A
STM,3568838,3) Uncertain significance,whiB7_c.-159G>A
STM,3568861,3) Uncertain significance,whiB7_c.-182G>A
STM,3568951,3) Uncertain significance,whiB7_c.-272G>A
STM,1472489,3) Uncertain significance,rrs_n.645dupG
STM,3568966,3) Uncertain significance,whiB7_c.-287G>C
STM,3568436,3) Uncertain significance,whiB7_p.Pro82Ala
STM,3568506,3) Uncertain significance,whiB7_p.Gln58His
STM,3568826,3) Uncertain significance,whiB7_c.-147T>C
STM,3569014,3) Uncertain significance,whiB7_c.-335T>C
STM,3568740,3) Uncertain significance,whiB7_c.-61T>C
STM,3568568,3) Uncertain significance,whiB7_p.Val38Leu
STM,4407803,3) Uncertain significance,gid_p.Ala134Thr
STM,4407721,3) Uncertain significance,gid_p.Ala161Val
STM,4408147,3) Uncertain significance,gid_p.Ala19Gly
STM,4407964,3) Uncertain significance,gid_p.Ala80Val
STM,4407883,3) Uncertain significance,gid_p.Asp107Gly
STM,4408003,3) Uncertain significance,gid_p.Asp67Ala
STM,3569047,3) Uncertain significance,whiB7_c.-368G>A
STM,3568896,3) Uncertain significance,whiB7_c.-217C>T
STM,1471971,3) Uncertain significance,rrs_n.126A>G
STM,1473314,3) Uncertain significance,rrs_n.1469A>G
STM,1472545,3) Uncertain significance,rrs_n.700A>C
STM,1472115,3) Uncertain significance,rrs_n.270C>T
STM,1472555,3) Uncertain significance,rrs_n.710C>T
STM,1472768,3) Uncertain significance,rrs_n.923C>T
STM,1471734,3) Uncertain significance,rrs_n.-112G>T
STM,1472667,3) Uncertain significance,rrs_n.822T>C
STM,4338267,3) Uncertain significance,whiB6_p.Arg86fs
STM,4338595,3) Uncertain significance,whiB6_c.-75delG
STM,"3568621,3568620",3) Uncertain significance,whiB7_p.Cys20Tyr
STM,3568737,3) Uncertain significance,whiB7_c.-58C>T
STM,3569033,3) Uncertain significance,whiB7_c.-354T>G
STM,4407935,3) Uncertain significance,gid_p.Leu90Val
STM,4407608,3) Uncertain significance,gid_p.Pro199Ala
STM,4407970,3) Uncertain significance,gid_p.Pro78Arg
STM,4407925,3) Uncertain significance,gid_p.Pro93Gln
STM,4407944,3) Uncertain significance,gid_p.Gln87Glu
STM,781929,3) Uncertain significance,rpsL_p.Gly124Ser
STM,781372,3) Uncertain significance,rpsL_c.-188T>C
STM,3568773,3) Uncertain significance,whiB7_c.-94G>T
STM,4407704,3) Uncertain significance,gid_p.Ala167Pro
STM,4408124,3) Uncertain significance,gid_p.Ala27Pro
STM,4408226,3) Uncertain significance,gid_c.-24C>T
STM,3568797,3) Uncertain significance,whiB7_c.-118G>T
STM,1472024,3) Uncertain significance,rrs_n.179G>C
STM,1471772,3) Uncertain significance,rrs_n.-74G>T
STM,1471811,3) Uncertain significance,rrs_n.-35A>G
STM,781605,3) Uncertain significance,rpsL_p.Ile16Val
STM,781421,3) Uncertain significance,rpsL_c.-139C>T
STM,781458,3) Uncertain significance,rpsL_c.-102C>T
STM,1472757,3) Uncertain significance,rrs_n.912A>G
STM,1473081,3) Uncertain significance,rrs_n.1236C>T
STM,1473286,3) Uncertain significance,rrs_n.1441C>T
STM,1472016,3) Uncertain significance,rrs_n.171C>G
STM,1473148,3) Uncertain significance,rrs_n.1303G>A
STM,1473291,3) Uncertain significance,rrs_n.1446G>A
STM,1473302,3) Uncertain significance,rrs_n.1457G>A
STM,1472549,3) Uncertain significance,rrs_n.704G>A
STM,1471775,3) Uncertain significance,rrs_n.-71G>A
STM,1472870,3) Uncertain significance,rrs_n.1025T>C
STM,1473205,3) Uncertain significance,rrs_n.1360T>C
STM,1471770,3) Uncertain significance,rrs_n.-76T>G
STM,1473215,3) Uncertain significance,rrs_n.1370A>G
STM,4338518,3) Uncertain significance,whiB6_p.Met1del
STM,4338440,3) Uncertain significance,whiB6_p.Glu28Lys
STM,4338546,3) Uncertain significance,whiB6_c.-25G>C
STM,3568648,3) Uncertain significance,whiB7_p.Pro11fs
STM,3568712,3) Uncertain significance,whiB7_c.-33C>G
STM,3568626,3) Uncertain significance,whiB7_p.Leu18Phe
STM,4408252,3) Uncertain significance,gid_c.-50A>G
STM,4408226,3) Uncertain significance,gid_c.-24C>A
STM,4408049,3) Uncertain significance,gid_p.Cys52Arg
STM,4408273,3) Uncertain significance,gid_c.-71C>T
STM,4408034,3) Uncertain significance,gid_p.Glu57Lys
STM,4407977,3) Uncertain significance,gid_p.Gly76Ser
STM,4407961,3) Uncertain significance,gid_p.Ile81Arg
STM,3568894,3) Uncertain significance,whiB7_c.-215C>T
STM,3568889,3) Uncertain significance,whiB7_c.-210C>T
STM,3568882,3) Uncertain significance,whiB7_c.-203C>T
STM,1471783,3) Uncertain significance,rrs_n.-63C>G
STM,1472498,3) Uncertain significance,rrs_n.653C>T
STM,1471911,3) Uncertain significance,rrs_n.66C>A
STM,1471777,3) Uncertain significance,rrs_n.-69C>G
STM,1472606,3) Uncertain significance,rrs_n.761C>G
STM,1472695,3) Uncertain significance,rrs_n.850C>T
STM,1472876,3) Uncertain significance,rrs_n.1031G>T
STM,1472913,3) Uncertain significance,rrs_n.1068G>A
STM,1472944,3) Uncertain significance,rrs_n.1099G>A
STM,1472953,3) Uncertain significance,rrs_n.1108G>T
STM,1473052,3) Uncertain significance,rrs_n.1207G>A
STM,1473131,3) Uncertain significance,rrs_n.1286G>A
STM,1473261,3) Uncertain significance,rrs_n.1416G>A
STM,1473295,3) Uncertain significance,rrs_n.1450G>A
STM,1472018,3) Uncertain significance,rrs_n.173G>T
STM,1472062,3) Uncertain significance,rrs_n.217G>T
STM,1472067,3) Uncertain significance,rrs_n.222G>T
STM,1472125,3) Uncertain significance,rrs_n.280G>T
STM,1472130,3) Uncertain significance,rrs_n.285G>A
STM,1472610,3) Uncertain significance,rrs_n.765G>A
STM,1472614,3) Uncertain significance,rrs_n.769G>A
STM,1471769,3) Uncertain significance,rrs_n.-77G>C
STM,1471839,3) Uncertain significance,rrs_n.-7G>T
STM,1472685,3) Uncertain significance,rrs_n.840G>A
STM,1472841,3) Uncertain significance,rrs_n.996G>T
STM,1472416,3) Uncertain significance,rrs_n.571C>T
STM,1472344,3) Uncertain significance,rrs_n.499C>T
STM,1472242,3) Uncertain significance,rrs_n.397C>T
STM,1472121,3) Uncertain significance,rrs_n.276C>T
STM,1473050,3) Uncertain significance,rrs_n.1206dupT
STM,1471831,3) Uncertain significance,rrs_n.-15_-14insT
STM,1471826,3) Uncertain significance,rrs_n.-20_-19insTCCAAAGGGAGTGTTTGGG
STM,1472050,3) Uncertain significance,rrs_n.205_206insT
STM,1471808,3) Uncertain significance,rrs_n.-38_-37insG
STM,1471922,3) Uncertain significance,rrs_n.81_82dupCT
STM,1472882,3) Uncertain significance,rrs_n.1037A>G
STM,1472958,3) Uncertain significance,rrs_n.1113A>G
STM,1471728,3) Uncertain significance,rrs_n.-118A>C
STM,1473056,3) Uncertain significance,rrs_n.1211A>G
STM,1473064,3) Uncertain significance,rrs_n.1219A>G
STM,1473306,3) Uncertain significance,rrs_n.1461A>G
STM,1471712,3) Uncertain significance,rrs_n.-134T>C
STM,1472237,3) Uncertain significance,rrs_n.392A>G
STM,1472445,3) Uncertain significance,rrs_n.600A>G
STM,1471932,3) Uncertain significance,rrs_n.87A>C
STM,1472936,3) Uncertain significance,rrs_n.1091C>G
STM,1473005,3) Uncertain significance,rrs_n.1160C>G
STM,1473071,3) Uncertain significance,rrs_n.1226C>G
STM,1473086,3) Uncertain significance,rrs_n.1241C>T
STM,1473164,3) Uncertain significance,rrs_n.1319C>A
STM,1471981,3) Uncertain significance,rrs_n.136C>A
STM,1472026,3) Uncertain significance,rrs_n.181C>G
STM,1471828,3) Uncertain significance,rrs_n.-18C>T
STM,1471867,3) Uncertain significance,rrs_n.22C>T
STM,1471823,3) Uncertain significance,rrs_n.-23C>T
STM,1472329,3) Uncertain significance,rrs_n.484A>T
STM,1471814,3) Uncertain significance,rrs_n.-32T>C
STM,1472441,3) Uncertain significance,rrs_n.596T>A
STM,1471770,3) Uncertain significance,rrs_n.-76T>C
STM,4338548,3) Uncertain significance,whiB6_c.-27G>T
STM,4338310,3) Uncertain significance,whiB6_p.Gly71Ala
STM,4338598,3) Uncertain significance,whiB6_c.-77G>C
STM,4338434,3) Uncertain significance,whiB6_p.Pro30Ser
STM,4338202,3) Uncertain significance,whiB6_p.Arg107Pro
STM,4338472,3) Uncertain significance,whiB6_p.Arg17Thr
STM,4338403,3) Uncertain significance,whiB6_p.Arg40Leu
STM,4338332,3) Uncertain significance,whiB6_p.Arg64Ser
STM,4338317,3) Uncertain significance,whiB6_p.Ser69Pro
STM,4338629,3) Uncertain significance,whiB6_c.-108T>G
STM,4338457,3) Uncertain significance,whiB6_p.Thr22Lys
STM,4338398,3) Uncertain significance,whiB6_p.Thr42Pro
STM,4338329,3) Uncertain significance,whiB6_p.Asp65Tyr
STM,4338394,3) Uncertain significance,whiB6_p.Thr43Met
STM,4338284,3) Uncertain significance,whiB6_p.Val80Ile
STM,4338514,3) Uncertain significance,whiB6_p.Tyr3Ser
STM,3568555,3) Uncertain significance,whiB7_p.Leu42fs
STM,3568501,3) Uncertain significance,whiB7_p.Ala60fs
STM,3568491,3) Uncertain significance,whiB7_p.Gly64fs
STM,3568417,3) Uncertain significance,whiB7_p.Gly84_Arg87del
STM,3568995,3) Uncertain significance,whiB7_c.-317_-316insG
STM,3569035,3) Uncertain significance,whiB7_c.-362_-357delCCTCCA
STM,3568805,3) Uncertain significance,whiB7_c.-126A>G
STM,3568705,3) Uncertain significance,whiB7_c.-26A>C
STM,3568969,3) Uncertain significance,whiB7_c.-290A>C
STM,3568680,3) Uncertain significance,whiB7_c.-1C>A
STM,4338600,3) Uncertain significance,whiB6_c.-79T>G
STM,1471728,3) Uncertain significance,rrs_n.-118_-117insT
STM,4338354,3) Uncertain significance,whiB6_p.Cys56Trp
STM,4338647,3) Uncertain significance,whiB6_c.-126C>A
STM,1407169,3) Uncertain significance,Rv1258c_p.Ala58Ser
STM,1406787,3) Uncertain significance,Rv1258c_p.Ile185Thr
STM,1407115,3) Uncertain significance,Rv1258c_p.Met76Val
STM,4338416,3) Uncertain significance,whiB6_p.Gln36fs
STM,4338635,3) Uncertain significance,whiB6_c.-115_-114insC
STM,4338199,3) Uncertain significance,whiB6_p.Val106_Arg107del
STM,4338181,3) Uncertain significance,whiB6_p.Gln114fs
STM,4338171,3) Uncertain significance,whiB6_p.Ter117fs
STM,4338466,3) Uncertain significance,whiB6_p.Arg17fs
STM,4338592,3) Uncertain significance,whiB6_c.-75_-72delGCTCinsCTT
STM,4338592,3) Uncertain significance,whiB6_c.-75_-72delGCTCinsCTA
STM,4338541,3) Uncertain significance,whiB6_c.-20C>T
STM,4338593,3) Uncertain significance,whiB6_c.-75_-74delGCinsT
STM,4338594,3) Uncertain significance,whiB6_c.-78_-75delAGAGinsCGA
STM,4338595,3) Uncertain significance,whiB6_c.-78_-75delAGAGinsGAA
STM,4338595,3) Uncertain significance,whiB6_c.-76_-75delAG
STM,4338441,3) Uncertain significance,whiB6_p.Glu28fs
STM,4338632,3) Uncertain significance,whiB6_c.-111A>G
STM,4338646,3) Uncertain significance,whiB6_c.-125A>T
STM,4338550,3) Uncertain significance,whiB6_c.-29A>G
STM,4338599,3) Uncertain significance,whiB6_c.-78A>T
STM,4338602,3) Uncertain significance,whiB6_c.-81A>C
STM,4338263,3) Uncertain significance,whiB6_p.Ala87Ser
STM,4338257,3) Uncertain significance,whiB6_p.Ala89Thr
STM,4338594,3) Uncertain significance,whiB6_c.-77_-75delGAGinsAA
RIF,3064603,3) Uncertain significance,Rv2752c_p.Ala530Gly
STM,781466,3) Uncertain significance,rpsL_c.-94A>T
STM,4408139,3) Uncertain significance,gid_p.Tyr22His
RIF,760766,3) Uncertain significance,rpoB_p.Glu320Asp
RIF,759680,3) Uncertain significance,rpoB_c.-127G>A
RIF,759588,3) Uncertain significance,rpoB_c.-219G>A
RIF,759549,3) Uncertain significance,rpoB_c.-258G>A
RIF,761830,3) Uncertain significance,rpoB_p.Gly675Asp
RIF,762153,3) Uncertain significance,rpoB_p.Ile783Val
RIF,762534,3) Uncertain significance,rpoB_p.Ile910Val
RIF,760044,3) Uncertain significance,rpoB_p.Leu80Val
RIF,760293,3) Uncertain significance,rpoB_p.Asn163Asp
RIF,762667,3) Uncertain significance,rpoB_p.Pro954Arg
RIF,761284,3) Uncertain significance,rpoB_p.Ser493Trp
RIF,759673,3) Uncertain significance,rpoB_c.-134T>G
RIF,759555,3) Uncertain significance,rpoB_c.-252T>C
RIF,760192,3) Uncertain significance,rpoB_p.Val129Gly
RIF,761521,3) Uncertain significance,rpoB_p.Tyr572Cys
RIF,767265,3) Uncertain significance,rpoC_p.Ala1299Val
RIF,763884,3) Uncertain significance,rpoC_p.Ala172Gly
RIF,764315,3) Uncertain significance,rpoC_p.Ala316Thr
RIF,766349,3) Uncertain significance,rpoC_p.Ala994Thr
RIF,765753,3) Uncertain significance,rpoC_p.Asp795Gly
RIF,766089,3) Uncertain significance,rpoC_p.Asp907Gly
RIF,766789,3) Uncertain significance,rpoC_p.Glu1140Asp
RIF,765140,3) Uncertain significance,rpoC_p.Glu591Gln
RIF,766163,3) Uncertain significance,rpoC_p.Glu932Lys
RIF,763355,3) Uncertain significance,rpoC_c.-15G>A
RIF,760274,3) Uncertain significance,rpoB_p.Glu156Asp
RIF,759745,3) Uncertain significance,rpoB_c.-62C>T
RIF,759591,3) Uncertain significance,rpoB_c.-216C>G
RIF,759626,3) Uncertain significance,rpoB_c.-181C>T
RIF,764992,3) Uncertain significance,rpoC_p.Met541Ile
RIF,765112,3) Uncertain significance,rpoC_p.Met581Ile
RIF,767105,3) Uncertain significance,rpoC_p.Asn1246Asp
RIF,763382,3) Uncertain significance,rpoC_p.Asn5Asp
RIF,764910,3) Uncertain significance,rpoC_p.Pro514Leu
RIF,766857,3) Uncertain significance,rpoC_p.Arg1163His
RIF,764108,3) Uncertain significance,rpoC_p.Arg247Cys
RIF,764801,3) Uncertain significance,rpoC_p.Arg478Cys
RIF,765624,3) Uncertain significance,rpoC_p.Arg752His
RIF,766256,3) Uncertain significance,rpoC_p.Arg963Cys
RIF,766883,3) Uncertain significance,rpoC_p.Ser1172Ala
RIF,767250,3) Uncertain significance,rpoC_p.Ser1294Asn
RIF,765332,3) Uncertain significance,rpoC_p.Gly655Ser
RIF,766095,3) Uncertain significance,rpoC_p.Thr909Met
RIF,765534,3) Uncertain significance,rpoC_p.Tyr722Cys
RIF,3065117,3) Uncertain significance,Rv2752c_p.Ile358dup
RIF,3065819,3) Uncertain significance,Rv2752c_p.Phe125Leu
RIF,3065011,3) Uncertain significance,Rv2752c_p.Met394Arg
RIF,3064700,3) Uncertain significance,Rv2752c_p.Ser498Pro
RIF,3065015,3) Uncertain significance,Rv2752c_p.Val393Leu
RIF,3878512,3) Uncertain significance,rpoA_c.-6_-5insGAA
RIF,3877691,3) Uncertain significance,rpoA_p.Gly273Ser
RIF,3877595,3) Uncertain significance,rpoA_p.Gly305Ser
RIF,759727,3) Uncertain significance,rpoB_c.-80_-79insTT
RIF,762810,3) Uncertain significance,rpoB_p.Ala1002Pro
RIF,766514,3) Uncertain significance,rpoC_p.Val1049Phe
RIF,765405,3) Uncertain significance,rpoC_p.Leu679Arg
RIF,767084,3) Uncertain significance,rpoC_p.Asn1239Asp
RIF,765339,3) Uncertain significance,rpoC_p.Gln657Arg
RIF,767187,3) Uncertain significance,rpoC_p.Gln1273Arg
RIF,764277,3) Uncertain significance,rpoC_p.Gln303Leu
RIF,765590,3) Uncertain significance,rpoC_p.Arg741Cys
RIF,766104,3) Uncertain significance,rpoC_p.Arg912His
RIF,765444,3) Uncertain significance,rpoC_p.Val692Ala
RIF,3877586,3) Uncertain significance,rpoA_p.Leu308Phe
RIF,3877588,3) Uncertain significance,rpoA_p.Ser307Leu
RIF,762633,3) Uncertain significance,rpoB_p.Ala943Thr
RIF,759814,3) Uncertain significance,rpoB_p.Asp3Gly
RIF,759888,3) Uncertain significance,rpoB_p.Gly28Arg
RIF,761524,3) Uncertain significance,rpoB_p.Met573Thr
RIF,759886,3) Uncertain significance,rpoB_p.Pro27His
RIF,761167,3) Uncertain significance,rpoB_p.Pro454Leu
RIF,761643,3) Uncertain significance,rpoB_p.Val613Phe
RIF,766586,3) Uncertain significance,rpoC_p.Glu1073Lys
RIF,765046,3) Uncertain significance,rpoC_p.Met559Ile
RIF,766773,3) Uncertain significance,rpoC_p.Val1135Ala
RIF,3065684,3) Uncertain significance,Rv2752c_p.Asp170fs
RIF,3878135,3) Uncertain significance,rpoA_p.Ile125Val
RIF,3878129,3) Uncertain significance,rpoA_p.Thr127Ala
RIF,759604,3) Uncertain significance,rpoB_c.-203A>G
RIF,759694,3) Uncertain significance,rpoB_c.-113C>T
RIF,761967,3) Uncertain significance,rpoB_p.Glu721Lys
RIF,764049,3) Uncertain significance,rpoC_p.Thr227Ile
RIF,3877774,3) Uncertain significance,rpoA_p.Ala245Val
RIF,765579,3) Uncertain significance,rpoC_p.Leu737Arg
RIF,765773,3) Uncertain significance,rpoC_p.Ile802Val
RIF,763342,3) Uncertain significance,rpoC_c.-28C>A
RIF,762612,3) Uncertain significance,rpoB_p.Ser936Arg
RIF,763887,3) Uncertain significance,rpoC_p.Arg173Gln
RIF,3877751,3) Uncertain significance,rpoA_p.Asp253Asn
RIF,759634,3) Uncertain significance,rpoB_c.-173A>G
RIF,759550,3) Uncertain significance,rpoB_c.-257C>T
RIF,759741,3) Uncertain significance,rpoB_c.-66C>T
RIF,760127,3) Uncertain significance,rpoB_p.Asp107Glu
RIF,759963,3) Uncertain significance,rpoB_p.Asp53Asn
RIF,762669,3) Uncertain significance,rpoB_p.Asp955Asn
RIF,763240,3) Uncertain significance,rpoB_p.Glu1145Gly
RIF,760836,3) Uncertain significance,rpoB_p.Glu344Gln
RIF,760691,3) Uncertain significance,rpoB_p.Phe295Leu
RIF,762699,3) Uncertain significance,rpoB_p.Ile965Val
RIF,764810,3) Uncertain significance,rpoC_p.Pro481Ser
RIF,759948,3) Uncertain significance,rpoB_p.Leu48Phe
RIF,759647,3) Uncertain significance,rpoB_c.-160T>C
RIF,766155,3) Uncertain significance,rpoC_p.Ala929Gly
RIF,764944,3) Uncertain significance,rpoC_p.His525Gln
RIF,767160,3) Uncertain significance,rpoC_p.Ile1264Thr
RIF,763820,3) Uncertain significance,rpoC_p.Leu151Phe
RIF,766856,3) Uncertain significance,rpoC_p.Arg1163Cys
RIF,765590,3) Uncertain significance,rpoC_p.Arg741Ser
RIF,3878146,3) Uncertain significance,rpoA_p.Pro121Arg
RIF,761722,3) Uncertain significance,rpoB_p.Glu639Gly
RIF,759589,3) Uncertain significance,rpoB_c.-218G>A
RIF,760681,3) Uncertain significance,rpoB_p.Asn292Ser
RIF,759841,3) Uncertain significance,rpoB_p.Ser12Thr
RIF,763409,3) Uncertain significance,rpoC_p.Leu14Phe
RIF,763403,3) Uncertain significance,rpoC_p.Ile12Val
RIF,766765,3) Uncertain significance,rpoC_p.Ile1132Met
RIF,3878153,3) Uncertain significance,rpoA_p.His119Tyr
RIF,3878122,3) Uncertain significance,rpoA_p.Asn129Ser
RIF,3878273,3) Uncertain significance,rpoA_p.Asn79His
RIF,3878171,3) Uncertain significance,rpoA_p.Pro113Ser
RIF,3878147,3) Uncertain significance,rpoA_p.Pro121Ser
RIF,3878065,3) Uncertain significance,rpoA_p.Pro148Leu
RIF,3877759,3) Uncertain significance,rpoA_p.Pro250Leu
RIF,3877571,3) Uncertain significance,rpoA_p.Pro313Ser
RIF,3878479,3) Uncertain significance,rpoA_p.Ser10Phe
RIF,3878044,3) Uncertain significance,rpoA_p.Ser155Leu
RIF,3877901,3) Uncertain significance,rpoA_p.Ser203Arg
RIF,3877514,3) Uncertain significance,rpoA_p.Thr332Ala
RIF,3878312,3) Uncertain significance,rpoA_p.Val66Leu
RIF,759638,3) Uncertain significance,rpoB_c.-169_-168insA
RIF,760807,3) Uncertain significance,rpoB_p.Ala334Val
RIF,759754,3) Uncertain significance,rpoB_c.-53A>G
RIF,762735,3) Uncertain significance,rpoB_p.Ala977Thr
RIF,762799,3) Uncertain significance,rpoB_p.Ala998Val
RIF,759681,3) Uncertain significance,rpoB_c.-126C>G
RIF,759609,3) Uncertain significance,rpoB_c.-198C>A
RIF,759551,3) Uncertain significance,rpoB_c.-256C>T
RIF,759763,3) Uncertain significance,rpoB_c.-44C>T
RIF,761847,3) Uncertain significance,rpoB_p.Cys681Gly
RIF,760431,3) Uncertain significance,rpoB_p.Asp209Asn
RIF,760616,3) Uncertain significance,rpoB_p.Asp270Glu
RIF,3878283,3) Uncertain significance,rpoA_p.Glu75Asp
RIF,3878437,3) Uncertain significance,rpoA_p.Glu24Gly
RIF,3877923,3) Uncertain significance,rpoA_p.Asp195Glu
RIF,3878544,3) Uncertain significance,rpoA_c.-37C>T
RIF,3066197,3) Uncertain significance,Rv2752c_c.-6C>T
RIF,3065197,3) Uncertain significance,Rv2752c_p.Asp332Gly
RIF,3065987,3) Uncertain significance,Rv2752c_p.Asp69Asn
RIF,3066115,3) Uncertain significance,Rv2752c_p.Glu26Gly
RIF,3064522,3) Uncertain significance,Rv2752c_p.Glu557Gly
RIF,3065942,3) Uncertain significance,Rv2752c_p.Glu84Lys
RIF,3065492,3) Uncertain significance,Rv2752c_p.Ile234Val
RIF,3066067,3) Uncertain significance,Rv2752c_p.Ile42Asn
RIF,3064879,3) Uncertain significance,Rv2752c_p.Ile438Thr
RIF,3065248,3) Uncertain significance,Rv2752c_p.Leu315*
RIF,3065240,3) Uncertain significance,Rv2752c_p.Met318Val
RIF,3064974,3) Uncertain significance,Rv2752c_p.Asn406Lys
RIF,"762357,762358",3) Uncertain significance,rpoB_p.Asp851Pro
RIF,3065554,3) Uncertain significance,Rv2752c_p.Pro213Leu
RIF,3064615,3) Uncertain significance,Rv2752c_p.Pro526Arg
RIF,"3064601,3064599",3) Uncertain significance,Rv2752c_p.Gln531Asp
RIF,3066077,3) Uncertain significance,Rv2752c_p.Arg39*
RIF,3065236,3) Uncertain significance,Rv2752c_p.Ser319Leu
RIF,3064585,3) Uncertain significance,Rv2752c_p.Thr536Lys
RIF,3065560,3) Uncertain significance,Rv2752c_p.Val211Ala
RIF,3066053,3) Uncertain significance,Rv2752c_p.Val47Met
RIF,3064660,3) Uncertain significance,Rv2752c_p.Val511Gly
RIF,3877792,3) Uncertain significance,rpoA_p.Ala239Val
RIF,3877786,3) Uncertain significance,rpoA_p.Ala241Asp
RIF,3877547,3) Uncertain significance,rpoA_p.Ala321Ser
RIF,3878512,3) Uncertain significance,rpoA_c.-5A>C
RIF,3065302,3) Uncertain significance,Rv2752c_p.Pro297Leu
RIF,760202,3) Uncertain significance,rpoB_p.Glu132Asp
RIF,761325,3) Uncertain significance,rpoB_p.Glu507Lys
RIF,760002,3) Uncertain significance,rpoB_p.Glu66Lys
RIF,763332,3) Uncertain significance,rpoC_c.-38C>T
RIF,765347,3) Uncertain significance,rpoC_p.Asp660Asn
RIF,765752,3) Uncertain significance,rpoC_p.Asp795Tyr
RIF,766586,3) Uncertain significance,rpoC_p.Glu1073Gln
RIF,766955,3) Uncertain significance,rpoC_p.Glu1196Lys
RIF,767235,3) Uncertain significance,rpoC_p.Glu1289Ala
RIF,767235,3) Uncertain significance,rpoC_p.Glu1289Gly
RIF,764013,3) Uncertain significance,rpoC_p.Glu215Ala
RIF,765740,3) Uncertain significance,rpoC_p.Glu791Gln
RIF,766050,3) Uncertain significance,rpoC_p.Glu894Gly
RIF,766552,3) Uncertain significance,rpoC_p.Phe1061Leu
RIF,766892,3) Uncertain significance,rpoC_p.Phe1175Leu
RIF,763622,3) Uncertain significance,rpoC_p.Ala85Thr
RIF,765860,3) Uncertain significance,rpoC_p.Phe831Leu
RIF,766446,3) Uncertain significance,rpoC_p.Gly1026Ala
RIF,766958,3) Uncertain significance,rpoC_p.Gly1197Arg
RIF,764129,3) Uncertain significance,rpoC_p.Gly254Ser
RIF,763330,3) Uncertain significance,rpoC_c.-40G>A
RIF,765149,3) Uncertain significance,rpoC_p.Gly594Arg
RIF,763557,3) Uncertain significance,rpoC_p.Gly63Ala
RIF,765669,3) Uncertain significance,rpoC_p.His767Pro
RIF,761862,3) Uncertain significance,rpoB_p.Ala686Thr
RIF,765350,3) Uncertain significance,rpoC_p.Ala661Thr
RIF,765222,3) Uncertain significance,rpoC_p.Ala618Val
RIF,760428,3) Uncertain significance,rpoB_p.Phe208Leu
RIF,760085,3) Uncertain significance,rpoB_p.Phe93Leu
RIF,759657,3) Uncertain significance,rpoB_c.-150G>A
RIF,759631,3) Uncertain significance,rpoB_c.-176G>A
RIF,759767,3) Uncertain significance,rpoB_c.-40G>C
RIF,761353,3) Uncertain significance,rpoB_p.Gly516Asp
RIF,762475,3) Uncertain significance,rpoB_p.Gly890Asp
RIF,761774,3) Uncertain significance,rpoB_p.His656Gln
RIF,761322,3) Uncertain significance,rpoB_p.Ile506Val
RIF,762481,3) Uncertain significance,rpoB_p.Ile892Thr
RIF,762621,3) Uncertain significance,rpoB_p.Lys939Gln
RIF,762638,3) Uncertain significance,rpoB_p.Lys944Asn
RIF,765312,3) Uncertain significance,rpoC_p.Ala648Asp
RIF,760264,3) Uncertain significance,rpoB_p.Met153Thr
RIF,762694,3) Uncertain significance,rpoB_p.Asn963Ser
RIF,759894,3) Uncertain significance,rpoB_p.Pro30Ser
RIF,761850,3) Uncertain significance,rpoB_p.Pro682Ala
RIF,761788,3) Uncertain significance,rpoB_p.Arg661Gln
RIF,763176,3) Uncertain significance,rpoB_p.Ser1124Ala
RIF,759647,3) Uncertain significance,rpoB_c.-160T>G
RIF,759638,3) Uncertain significance,rpoB_c.-169T>C
RIF,760449,3) Uncertain significance,rpoB_p.Thr215Ala
RIF,762402,3) Uncertain significance,rpoB_p.Tyr866His
RIF,763328,3) Uncertain significance,rpoC_c.-42_-41insT
RIF,766479,3) Uncertain significance,rpoC_p.Ala1037Val
RIF,767280,3) Uncertain significance,rpoC_p.Ala1304Val
RIF,761567,3) Uncertain significance,rpoB_p.Met587Ile
STM,4408139,3) Uncertain significance,gid_p.Tyr22Asn
RIF,760011,3) Uncertain significance,rpoB_p.Ala69Pro
RIF,766584,3) Uncertain significance,rpoC_p.Gly1072Asp
STM,4407862,3) Uncertain significance,gid_p.Ile114Asn
STM,4407880,3) Uncertain significance,gid_p.Leu108Pro
STM,4407769,3) Uncertain significance,gid_p.Leu145Ser
STM,4407935,3) Uncertain significance,gid_p.Leu90Phe
STM,4407934,3) Uncertain significance,gid_p.Leu90Pro
STM,4407931,3) Uncertain significance,gid_p.Leu91Arg
STM,4407932,3) Uncertain significance,gid_p.Leu91Val
STM,4407614,3) Uncertain significance,gid_p.Arg197Cys
STM,4407613,3) Uncertain significance,gid_p.Arg197Pro
STM,4407995,3) Uncertain significance,gid_p.Ser70Gly
STM,4408138,3) Uncertain significance,gid_p.Tyr22Ser
STM,4408262,3) Uncertain significance,gid_c.-60A>C
STM,4407695,3) Uncertain significance,gid_p.Glu170Lys
STM,4408094,3) Uncertain significance,gid_p.Gly37Arg
STM,4407994,3) Uncertain significance,gid_p.Ser70Asn
STM,4407598,3) Uncertain significance,gid_p.Val202Ala
STM,781502,3) Uncertain significance,rpsL_c.-58G>T
STM,4408048,3) Uncertain significance,gid_p.Cys52Tyr
STM,4407956,3) Uncertain significance,gid_p.Arg83Gly
STM,4407913,3) Uncertain significance,gid_p.Arg97Leu
STM,4408174,3) Uncertain significance,gid_p.Ala10Val
STM,4408144,3) Uncertain significance,gid_p.Arg20Pro
STM,4407917,3) Uncertain significance,gid_p.Arg96Cys
STM,4408082,3) Uncertain significance,gid_p.Val41Ile
STM,4407768,3) Uncertain significance,gid_p.Leu145Phe
STM,4408059,3) Uncertain significance,gid_p.His48Gln
STM,4407905,3) Uncertain significance,gid_p.Phe100Val
STM,4407907,3) Uncertain significance,gid_p.Glu99Gly
STM,4407965,3) Uncertain significance,gid_p.Ala80Pro
STM,4407721,3) Uncertain significance,gid_p.Ala161Asp
STM,4407665,3) Uncertain significance,gid_p.Ala180Ser
STM,4407989,3) Uncertain significance,gid_p.Ala72Thr
STM,4408084,3) Uncertain significance,gid_p.Glu40Gly
STM,4408085,3) Uncertain significance,gid_p.Glu40Lys
STM,4408085,3) Uncertain significance,gid_p.Glu40Gln
STM,4408167,3) Uncertain significance,gid_p.Phe12Leu
STM,4407992,3) Uncertain significance,gid_p.Gly71Arg
STM,4407976,3) Uncertain significance,gid_p.Gly76Asp
STM,4408060,3) Uncertain significance,gid_p.His48Pro
STM,4407724,3) Uncertain significance,gid_p.Leu160Arg
STM,4407742,3) Uncertain significance,gid_p.Arg154Pro
STM,4407670,3) Uncertain significance,gid_p.Met178Arg
STM,4407955,3) Uncertain significance,gid_p.Arg83Gln
STM,4407916,3) Uncertain significance,gid_p.Arg96Pro
STM,4407758,3) Uncertain significance,gid_p.Ser149Cys
STM,4407874,3) Uncertain significance,gid_p.Val110Ala
STM,4407859,3) Uncertain significance,gid_p.Val115Gly
STM,4407799,3) Uncertain significance,gid_p.Val135Gly
STM,781520,3) Uncertain significance,rpsL_c.-40_-39insAAACAGAACGTG
STM,781816,3) Uncertain significance,rpsL_p.Arg86Gln
STM,1472325,3) Uncertain significance,rrs_n.481dupT
STM,1471858,3) Uncertain significance,rrs_n.13A>G
STM,3568730,3) Uncertain significance,whiB7_c.-52_-51insC
STM,4407791,3) Uncertain significance,gid_p.Ala138Pro
STM,4408012,3) Uncertain significance,gid_p.Arg64Pro
STM,4407791,3) Uncertain significance,gid_p.Ala138Thr
STM,"4407791,4407790",3) Uncertain significance,gid_p.Ala138Leu
STM,4407589,3) Uncertain significance,gid_p.Ala205Glu
STM,4408030,3) Uncertain significance,gid_p.Leu58Pro
STM,4408027,3) Uncertain significance,gid_p.Leu59Arg
STM,4407946,3) Uncertain significance,gid_p.Leu86His
STM,4407892,3) Uncertain significance,gid_p.Met104Lys
STM,4407892,3) Uncertain significance,gid_p.Met104Arg
STM,4407754,3) Uncertain significance,gid_p.Met150Arg
STM,4407669,3) Uncertain significance,gid_p.Met178Ile
STM,4407751,3) Uncertain significance,gid_p.Pro151Leu
STM,4408186,3) Uncertain significance,gid_p.Pro6Arg
STM,4407980,3) Uncertain significance,gid_p.Pro75Ala
STM,4407953,3) Uncertain significance,gid_p.Pro84Thr
STM,4407573,3) Uncertain significance,gid_p.Gln210His
STM,4407850,3) Uncertain significance,gid_p.Arg118Leu
STM,4407793,3) Uncertain significance,gid_p.Arg137Gln
STM,4407743,3) Uncertain significance,gid_p.Arg154Trp
STM,4408063,3) Uncertain significance,gid_p.Arg47Leu
STM,4408013,3) Uncertain significance,gid_p.Arg64Trp
STM,4407956,3) Uncertain significance,gid_p.Arg83Trp
STM,4407833,3) Uncertain significance,gid_p.Val124Leu
STM,4407787,3) Uncertain significance,gid_p.Val139Ala
STM,4407691,3) Uncertain significance,gid_p.Val171Gly
STM,4407674,3) Uncertain significance,gid_p.Val177Met
STM,4407640,3) Uncertain significance,gid_p.Val188Ala
STM,4408006,3) Uncertain significance,gid_p.Val66Gly
STM,4408007,3) Uncertain significance,gid_p.Val66Met
STM,4408055,3) Uncertain significance,gid_p.Leu50Met
STM,4408058,3) Uncertain significance,gid_p.Leu49Val
STM,4408126,3) Uncertain significance,gid_p.Leu26Trp
STM,4407778,3) Uncertain significance,gid_p.Leu142Ser
STM,4408262,3) Uncertain significance,gid_c.-60A>G
STM,4407631,3) Uncertain significance,gid_p.Cys191Phe
STM,4408048,3) Uncertain significance,gid_p.Cys52Phe
STM,4407807,3) Uncertain significance,gid_p.Asp132Glu
STM,4408083,3) Uncertain significance,gid_p.Glu40Asp
STM,4407903,3) Uncertain significance,gid_p.Phe100Leu
STM,4408168,3) Uncertain significance,gid_p.Phe12Ser
STM,4407815,3) Uncertain significance,gid_p.Gly130Arg
STM,4407712,3) Uncertain significance,gid_p.Gly164Asp
STM,4407713,3) Uncertain significance,gid_p.Gly164Arg
STM,4407629,3) Uncertain significance,gid_p.Gly192Arg
STM,4407580,3) Uncertain significance,gid_p.Gly208Glu
STM,4407781,3) Uncertain significance,gid_p.Ala141Glu
STM,4407539,3) Uncertain significance,gid_p.Gly222Arg
STM,4408102,3) Uncertain significance,gid_p.Gly34Glu
STM,4408102,3) Uncertain significance,gid_p.Gly34Val
STM,4408103,3) Uncertain significance,gid_p.Gly34Trp
STM,4408018,3) Uncertain significance,gid_p.Gly62Val
STM,4407998,3) Uncertain significance,gid_p.Gly69Arg
STM,4408275,3) Uncertain significance,gid_c.-73G>A
STM,4408171,3) Uncertain significance,gid_p.Ile11Asn
STM,4407718,3) Uncertain significance,gid_p.Ile162Ser
STM,4408000,3) Uncertain significance,gid_p.Ile68Ser
STM,4407714,3) Uncertain significance,gid_p.Lys163Asn
STM,4407902,3) Uncertain significance,gid_p.Leu101Val
STM,4407881,3) Uncertain significance,gid_p.Leu108Val
STM,4408115,3) Uncertain significance,gid_p.Gly30Arg
STM,4407806,3) Uncertain significance,gid_p.Ala133Thr
STM,4407980,3) Uncertain significance,gid_p.Pro75Thr
STM,4407734,3) Uncertain significance,gid_p.Gly157Arg
RIF,759608,3) Uncertain significance,rpoB_c.-199C>T
STM,781421,3) Uncertain significance,rpsL_c.-139C>A
STM,4407967,3) Uncertain significance,gid_p.Leu79Ser
STM,4407848,3) Uncertain significance,gid_p.Ala119Thr
STM,4408213,3) Uncertain significance,gid_c.-11C>T
STM,781822,3) Uncertain significance,rpsL_p.Lys88Thr
STM,4408003,3) Uncertain significance,gid_p.Asp67Gly
STM,781435,3) Uncertain significance,rpsL_c.-125G>C
STM,4407986,3) Uncertain significance,gid_p.Gly73Arg
STM,4407973,3) Uncertain significance,gid_p.Val77Gly
STM,4407790,3) Uncertain significance,gid_p.Ala138Val
STM,4408054,3) Uncertain significance,gid_p.Leu50Arg
STM,4407756,3) Uncertain significance,gid_p.Ser149Arg
STM,4407967,3) Uncertain significance,gid_p.Leu79Trp
STM,4407794,3) Uncertain significance,gid_p.Arg137Trp
STM,4407993,3) Uncertain significance,gid_p.Ser70Arg
RIF,763644,3) Uncertain significance,rpoC_p.Met92Thr
RIF,759590,3) Uncertain significance,rpoB_c.-217A>G
RIF,3878051,3) Uncertain significance,rpoA_p.Arg153Trp
RIF,760855,3) Uncertain significance,rpoB_p.Thr350Ile
RIF,765612,3) Uncertain significance,rpoC_p.His748Pro
RIF,764914,3) Uncertain significance,rpoC_p.Met515Ile
RIF,764688,3) Uncertain significance,rpoC_p.Gln440Arg
RIF,763434,3) Uncertain significance,rpoC_p.Gln22Arg
RIF,764043,3) Uncertain significance,rpoC_p.Thr225Asn
RIF,3878243,3) Uncertain significance,rpoA_p.Glu89Gln
RIF,761349,3) Uncertain significance,rpoB_p.Asp515Tyr
RIF,759572,3) Uncertain significance,rpoB_c.-235G>A
RIF,764058,3) Uncertain significance,rpoC_p.Ala230Val
RIF,767159,3) Uncertain significance,rpoC_p.Ile1264Val
RIF,763821,3) Uncertain significance,rpoC_p.Leu151Arg
RIF,3878270,3) Uncertain significance,rpoA_p.Leu80Val
RIF,761495,3) Uncertain significance,rpoB_p.Glu563Asp
RIF,764810,3) Uncertain significance,rpoC_p.Pro481Thr
RIF,761770,3) Uncertain significance,rpoB_p.Met655Thr
RIF,766242,3) Uncertain significance,rpoC_p.Thr958Ile
RIF,"765734,765735",3) Uncertain significance,rpoC_p.Leu789Ala
RIF,765290,3) Uncertain significance,rpoC_p.Arg641Trp
RIF,759587,3) Uncertain significance,rpoB_c.-220T>C
RIF,3877696,3) Uncertain significance,rpoA_p.Thr271Ile
RIF,759852,3) Uncertain significance,rpoB_p.Ser16Cys
RIF,3878547,3) Uncertain significance,rpoA_c.-41_-40insCCTCGGGGGCGCCGCCCCCGAGTGCCCCCAC
RIF,766667,3) Uncertain significance,rpoC_p.Ser1100Ala
STM,4407980,3) Uncertain significance,gid_p.Pro75Ser
STM,4408061,3) Uncertain significance,gid_p.His48Asn
STM,4408099,3) Uncertain significance,gid_p.Leu35Pro
STM,4408009,3) Uncertain significance,gid_p.Val65Gly
STM,4408107,3) Uncertain significance,gid_p.Glu32Asp
STM,4407590,3) Uncertain significance,gid_p.Ala205Thr
STM,4407853,3) Uncertain significance,gid_p.Gly117Glu
STM,4407853,3) Uncertain significance,gid_p.Gly117Val
STM,4408121,3) Uncertain significance,gid_p.Gly28Arg
STM,4408093,3) Uncertain significance,gid_p.Gly37Glu
STM,4408057,3) Uncertain significance,gid_p.Leu49Arg
STM,4407913,3) Uncertain significance,gid_p.Arg97His
STM,4407757,3) Uncertain significance,gid_p.Ser149Asn
STM,4407847,3) Uncertain significance,gid_p.Ala119Asp
STM,4407889,3) Uncertain significance,gid_p.Val105Glu
STM,1473002,3) Uncertain significance,rrs_n.1157G>T
STM,4408004,3) Uncertain significance,gid_p.Asp67His
STM,4408254,3) Uncertain significance,gid_c.-52G>T
STM,4407898,3) Uncertain significance,gid_p.Arg102Pro
STM,4407806,3) Uncertain significance,gid_p.Ala133Pro
STM,4407604,3) Uncertain significance,gid_p.Ala200Glu
STM,4408099,3) Uncertain significance,gid_p.Leu35Arg
STM,4407982,3) Uncertain significance,gid_p.Leu74Ser
STM,4407946,3) Uncertain significance,gid_p.Leu86Pro
STM,4407851,3) Uncertain significance,gid_p.Arg118Ser
STM,4408064,3) Uncertain significance,gid_p.Arg47Trp
STM,4407598,3) Uncertain significance,gid_p.Val202Gly
RIF,760115,3) Uncertain significance,rpoB_p.Asp103Glu
STM,4407793,3) Uncertain significance,gid_p.Arg137Pro
STM,4408125,3) Uncertain significance,gid_p.Leu26Phe
STM,4407973,3) Uncertain significance,gid_p.Val77Ala
STM,4407854,3) Uncertain significance,gid_p.Gly117Arg
STM,4407934,3) Uncertain significance,gid_p.Leu90Arg
STM,"4407928,4407927",3) Uncertain significance,gid_p.Glu92Gly
STM,4407925,3) Uncertain significance,gid_p.Pro93Leu
STM,4408072,3) Uncertain significance,gid_p.Leu44Gln
STM,4408052,3) Uncertain significance,gid_p.Asn51Asp
STM,4407959,3) Uncertain significance,gid_p.Ala82Pro
STM,4407979,3) Uncertain significance,gid_p.Pro75Leu
STM,1406565,3) Uncertain significance,Rv1258c_p.Gln259Leu
STM,4407916,3) Uncertain significance,gid_p.Arg96Leu
STM,4408061,3) Uncertain significance,gid_p.His48Tyr
STM,4408009,3) Uncertain significance,gid_p.Val65Ala
STM,4407970,3) Uncertain significance,gid_p.Pro78Leu
STM,4408175,3) Uncertain significance,gid_p.Ala10Pro
STM,4407949,3) Uncertain significance,gid_p.Asp85Ala
STM,4407929,3) Uncertain significance,gid_p.Glu92Lys
STM,4407790,3) Uncertain significance,gid_p.Ala138Glu
STM,4407931,3) Uncertain significance,gid_p.Leu91Pro
STM,4407797,3) Uncertain significance,gid_p.Ser136Pro
STM,4407832,3) Uncertain significance,gid_p.Val124Ala
STM,4408114,3) Uncertain significance,gid_p.Gly30Asp
PZA,2288742,3) Uncertain significance,pncA_p.Thr167Ile
PZA,2288838,3) Uncertain significance,pncA_p.Thr135Ile
PZA,2289251,3) Uncertain significance,pncA_c.-10T>C
LEV,9447,3) Uncertain significance,gyrA_p.Val716Phe
MXF,9447,3) Uncertain significance,gyrA_p.Val716Phe
LEV,9604,3) Uncertain significance,gyrA_p.Val768Ala
MXF,9604,3) Uncertain significance,gyrA_p.Val768Ala
LEV,8127,3) Uncertain significance,gyrA_p.Tyr276His
MXF,8127,3) Uncertain significance,gyrA_p.Tyr276His
LEV,"8391,8393",3) Uncertain significance,gyrA_p.Tyr364His
LEV,8394,3) Uncertain significance,gyrA_p.Tyr365His
MXF,8394,3) Uncertain significance,gyrA_p.Tyr365His
LEV,9466,3) Uncertain significance,gyrA_p.Tyr722Cys
MXF,9466,3) Uncertain significance,gyrA_p.Tyr722Cys
LEV,7169,3) Uncertain significance,gyrB_p.Ala644del
LEV,7242,3) Uncertain significance,gyrB_p.Asp669fs
LEV,5136,3) Uncertain significance,gyrB_c.-104A>C
MXF,5136,3) Uncertain significance,gyrB_c.-104A>C
LEV,5583,3) Uncertain significance,gyrB_p.Ala115Val
MXF,5583,3) Uncertain significance,gyrB_p.Ala115Val
LEV,5724,3) Uncertain significance,gyrB_p.Ala162Glu
LEV,5723,3) Uncertain significance,gyrB_p.Ala162Ser
MXF,5723,3) Uncertain significance,gyrB_p.Ala162Ser
LEV,5762,3) Uncertain significance,gyrB_p.Ala175Thr
MXF,5762,3) Uncertain significance,gyrB_p.Ala175Thr
LEV,5937,3) Uncertain significance,gyrB_p.Ala233Gly
MXF,5937,3) Uncertain significance,gyrB_p.Ala233Gly
LEV,5949,3) Uncertain significance,gyrB_p.Ala237Gly
MXF,9252,3) Uncertain significance,gyrA_p.Val651Ile
LEV,9252,3) Uncertain significance,gyrA_p.Val651Ile
MXF,9253,3) Uncertain significance,gyrA_p.Val651Ala
LEV,9253,3) Uncertain significance,gyrA_p.Val651Ala
LEV,9808,3) Uncertain significance,gyrA_p.Thr836Met
LEV,7968,3) Uncertain significance,gyrA_p.Val223Ile
MXF,7968,3) Uncertain significance,gyrA_p.Val223Ile
LEV,8005,3) Uncertain significance,gyrA_p.Val235Ala
MXF,8005,3) Uncertain significance,gyrA_p.Val235Ala
LEV,8076,3) Uncertain significance,gyrA_p.Val259Leu
MXF,8076,3) Uncertain significance,gyrA_p.Val259Leu
LEV,8278,3) Uncertain significance,gyrA_p.Val326Gly
LEV,8277,3) Uncertain significance,gyrA_p.Val326Leu
LEV,8280,3) Uncertain significance,gyrA_p.Val327Leu
MXF,8280,3) Uncertain significance,gyrA_p.Val327Leu
LEV,8355,3) Uncertain significance,gyrA_p.Val352Leu
MXF,5949,3) Uncertain significance,gyrB_p.Ala237Gly
MXF,8355,3) Uncertain significance,gyrA_p.Val352Leu
MXF,8355,3) Uncertain significance,gyrA_p.Val352Met
LEV,8736,3) Uncertain significance,gyrA_p.Val479Met
MXF,8736,3) Uncertain significance,gyrA_p.Val479Met
LEV,8814,3) Uncertain significance,gyrA_p.Val505Ile
MXF,8814,3) Uncertain significance,gyrA_p.Val505Ile
LEV,8848,3) Uncertain significance,gyrA_p.Val516Ala
LEV,8850,3) Uncertain significance,gyrA_p.Val517Leu
MXF,8850,3) Uncertain significance,gyrA_p.Val517Leu
LEV,9246,3) Uncertain significance,gyrA_p.Val649Leu
MXF,9246,3) Uncertain significance,gyrA_p.Val649Leu
LEV,9246,3) Uncertain significance,gyrA_p.Val649Met
MXF,9246,3) Uncertain significance,gyrA_p.Val649Met
LEV,8355,3) Uncertain significance,gyrA_p.Val352Met
MXF,9390,3) Uncertain significance,gyrA_p.Thr697Ala
LEV,5952,3) Uncertain significance,gyrB_p.Ala238Gly
LEV,5951,3) Uncertain significance,gyrB_p.Ala238Thr
LEV,5188,3) Uncertain significance,gyrB_c.-52C>T
MXF,5188,3) Uncertain significance,gyrB_c.-52C>T
LEV,5187,3) Uncertain significance,gyrB_c.-53C>T
LEV,5186,3) Uncertain significance,gyrB_c.-54C>T
MXF,5186,3) Uncertain significance,gyrB_c.-54C>T
LEV,5185,3) Uncertain significance,gyrB_c.-55C>T
MXF,5185,3) Uncertain significance,gyrB_c.-55C>T
LEV,5160,3) Uncertain significance,gyrB_c.-80C>A
MXF,5160,3) Uncertain significance,gyrB_c.-80C>A
LEV,5157,3) Uncertain significance,gyrB_c.-83C>T
LEV,5151,3) Uncertain significance,gyrB_c.-89C>A
MXF,5151,3) Uncertain significance,gyrB_c.-89C>A
LEV,5886,3) Uncertain significance,gyrB_p.Asp216Gly
MXF,5886,3) Uncertain significance,gyrB_p.Asp216Gly
LEV,5899,3) Uncertain significance,gyrB_p.Asp220Glu
MXF,5899,3) Uncertain significance,gyrB_p.Asp220Glu
LEV,6240,3) Uncertain significance,gyrB_p.Asp334Gly
MXF,6240,3) Uncertain significance,gyrB_p.Asp334Gly
LEV,6258,3) Uncertain significance,gyrB_p.Asp340Gly
MXF,6258,3) Uncertain significance,gyrB_p.Asp340Gly
LEV,6445,3) Uncertain significance,gyrB_p.Asp402Glu
LEV,6539,3) Uncertain significance,gyrB_p.Asp434His
MXF,6539,3) Uncertain significance,gyrB_p.Asp434His
LEV,6621,3) Uncertain significance,gyrB_p.Asp461Ala
MXF,6621,3) Uncertain significance,gyrB_p.Asp461Ala
MXF,6401,3) Uncertain significance,gyrB_p.Cys388Gly
LEV,6401,3) Uncertain significance,gyrB_p.Cys388Gly
MXF,5203,3) Uncertain significance,gyrB_c.-37C>T
LEV,5203,3) Uncertain significance,gyrB_c.-37C>T
MXF,5951,3) Uncertain significance,gyrB_p.Ala238Thr
LEV,5963,3) Uncertain significance,gyrB_p.Ala242Thr
LEV,6234,3) Uncertain significance,gyrB_p.Ala332Val
MXF,6234,3) Uncertain significance,gyrB_p.Ala332Val
LEV,6302,3) Uncertain significance,gyrB_p.Ala355Thr
LEV,6447,3) Uncertain significance,gyrB_p.Ala403Val
MXF,6447,3) Uncertain significance,gyrB_p.Ala403Val
LEV,6507,3) Uncertain significance,gyrB_p.Ala423Val
LEV,6638,3) Uncertain significance,gyrB_p.Ala467Thr
MXF,6638,3) Uncertain significance,gyrB_p.Ala467Thr
LEV,6929,3) Uncertain significance,gyrB_p.Ala564Thr
MXF,6929,3) Uncertain significance,gyrB_p.Ala564Thr
MXF,5952,3) Uncertain significance,gyrB_p.Ala238Gly
LEV,7017,3) Uncertain significance,gyrB_p.Ala593Val
LEV,5472,3) Uncertain significance,gyrB_p.Ala78Gly
MXF,5472,3) Uncertain significance,gyrB_p.Ala78Gly
LEV,5471,3) Uncertain significance,gyrB_p.Ala78Thr
LEV,5472,3) Uncertain significance,gyrB_p.Ala78Val
LEV,5499,3) Uncertain significance,gyrB_p.Ala87Gly
LEV,5507,3) Uncertain significance,gyrB_p.Ala90Thr
MXF,5507,3) Uncertain significance,gyrB_p.Ala90Thr
LEV,5231,3) Uncertain significance,gyrB_c.-9A>G
LEV,5220,3) Uncertain significance,gyrB_c.-20C>T
MXF,5220,3) Uncertain significance,gyrB_c.-20C>T
LEV,5206,3) Uncertain significance,gyrB_c.-34C>T
MXF,5206,3) Uncertain significance,gyrB_c.-34C>T
MXF,7017,3) Uncertain significance,gyrB_p.Ala593Val
LEV,9390,3) Uncertain significance,gyrA_p.Thr697Ala
MXF,9358,3) Uncertain significance,gyrA_p.Thr686Ser
LEV,9358,3) Uncertain significance,gyrA_p.Thr686Ser
LEV,8170,3) Uncertain significance,gyrA_p.Gln290Arg
MXF,8170,3) Uncertain significance,gyrA_p.Gln290Arg
LEV,8215,3) Uncertain significance,gyrA_p.Gln305Arg
MXF,8215,3) Uncertain significance,gyrA_p.Gln305Arg
LEV,8307,3) Uncertain significance,gyrA_p.Gln336Lys
MXF,8307,3) Uncertain significance,gyrA_p.Gln336Lys
LEV,8725,3) Uncertain significance,gyrA_p.Gln475Pro
MXF,8725,3) Uncertain significance,gyrA_p.Gln475Pro
LEV,9110,3) Uncertain significance,gyrA_p.Gln603His
LEV,9338,3) Uncertain significance,gyrA_p.Gln679His
MXF,9338,3) Uncertain significance,gyrA_p.Gln679His
LEV,9530,3) Uncertain significance,gyrA_p.Gln743His
LEV,9691,3) Uncertain significance,gyrA_p.Gln797Pro
MXF,9691,3) Uncertain significance,gyrA_p.Gln797Pro
LEV,7617,3) Uncertain significance,gyrA_p.Arg106Cys
MXF,7617,3) Uncertain significance,gyrA_p.Arg106Cys
LEV,7729,3) Uncertain significance,gyrA_p.Arg143Lys
LEV,7342,3) Uncertain significance,gyrA_p.Arg14Leu
MXF,7342,3) Uncertain significance,gyrA_p.Arg14Leu
LEV,8055,3) Uncertain significance,gyrA_p.Arg252Gly
MXF,8055,3) Uncertain significance,gyrA_p.Arg252Gly
LEV,7377,3) Uncertain significance,gyrA_p.Arg26Cys
MXF,7377,3) Uncertain significance,gyrA_p.Arg26Cys
LEV,7378,3) Uncertain significance,gyrA_p.Arg26His
MXF,7378,3) Uncertain significance,gyrA_p.Arg26His
MXF,7374,3) Uncertain significance,gyrA_p.Gln25Glu
LEV,7374,3) Uncertain significance,gyrA_p.Gln25Glu
MXF,8015,3) Uncertain significance,gyrA_p.Gln238His
LEV,8015,3) Uncertain significance,gyrA_p.Gln238His
LEV,7598,3) Uncertain significance,gyrA_p.Met99Ile
MXF,7598,3) Uncertain significance,gyrA_p.Met99Ile
LEV,7596,3) Uncertain significance,gyrA_p.Met99Val
LEV,8203,3) Uncertain significance,gyrA_p.Asn301Thr
MXF,8203,3) Uncertain significance,gyrA_p.Asn301Thr
LEV,9188,3) Uncertain significance,gyrA_p.Asn629Lys
MXF,9188,3) Uncertain significance,gyrA_p.Asn629Lys
LEV,9777,3) Uncertain significance,gyrA_p.Asn826Asp
MXF,9777,3) Uncertain significance,gyrA_p.Asn826Asp
LEV,9778,3) Uncertain significance,gyrA_p.Asn826Ile
MXF,9778,3) Uncertain significance,gyrA_p.Asn826Ile
LEV,9792,3) Uncertain significance,gyrA_p.Asn831Asp
LEV,8425,3) Uncertain significance,gyrA_p.Arg375Gln
LEV,7623,3) Uncertain significance,gyrA_p.Pro108Ser
LEV,7657,3) Uncertain significance,gyrA_p.Pro119Leu
MXF,7657,3) Uncertain significance,gyrA_p.Pro119Leu
LEV,7762,3) Uncertain significance,gyrA_p.Pro154Leu
LEV,7762,3) Uncertain significance,gyrA_p.Pro154Arg
MXF,7762,3) Uncertain significance,gyrA_p.Pro154Arg
LEV,7350,3) Uncertain significance,gyrA_p.Pro17Ser
MXF,7350,3) Uncertain significance,gyrA_p.Pro17Ser
LEV,7321,3) Uncertain significance,gyrA_p.Pro7Leu
MXF,7321,3) Uncertain significance,gyrA_p.Pro7Leu
LEV,7367,3) Uncertain significance,gyrA_p.Gln22His
MXF,7367,3) Uncertain significance,gyrA_p.Gln22His
LEV,7366,3) Uncertain significance,gyrA_p.Gln22Arg
MXF,7623,3) Uncertain significance,gyrA_p.Pro108Ser
MXF,8425,3) Uncertain significance,gyrA_p.Arg375Gln
LEV,8428,3) Uncertain significance,gyrA_p.Arg376Leu
LEV,8476,3) Uncertain significance,gyrA_p.Arg392His
LEV,7804,3) Uncertain significance,gyrA_p.Ser168Asn
LEV,7804,3) Uncertain significance,gyrA_p.Ser168Thr
MXF,7804,3) Uncertain significance,gyrA_p.Ser168Thr
LEV,"8010,8012",3) Uncertain significance,gyrA_p.Ser237Thr
LEV,8818,3) Uncertain significance,gyrA_p.Ser506Asn
MXF,8818,3) Uncertain significance,gyrA_p.Ser506Asn
LEV,7486,3) Uncertain significance,gyrA_p.Ser62Phe
MXF,7486,3) Uncertain significance,gyrA_p.Ser62Phe
LEV,9483,3) Uncertain significance,gyrA_p.Ser728Ala
MXF,9483,3) Uncertain significance,gyrA_p.Ser728Ala
LEV,7792,3) Uncertain significance,gyrA_p.Thr164Met
LEV,7990,3) Uncertain significance,gyrA_p.Thr230Ser
MXF,7612,3) Uncertain significance,gyrA_p.Ser104Leu
MXF,7990,3) Uncertain significance,gyrA_p.Thr230Ser
LEV,8037,3) Uncertain significance,gyrA_p.Thr246Ala
LEV,8365,3) Uncertain significance,gyrA_p.Thr355Met
MXF,8365,3) Uncertain significance,gyrA_p.Thr355Met
LEV,8364,3) Uncertain significance,gyrA_p.Thr355Ser
LEV,8989,3) Uncertain significance,gyrA_p.Thr563Ser
MXF,8989,3) Uncertain significance,gyrA_p.Thr563Ser
LEV,9070,3) Uncertain significance,gyrA_p.Thr590Met
MXF,9070,3) Uncertain significance,gyrA_p.Thr590Met
LEV,9214,3) Uncertain significance,gyrA_p.Thr638Ile
MXF,9214,3) Uncertain significance,gyrA_p.Thr638Ile
LEV,9214,3) Uncertain significance,gyrA_p.Thr638Asn
MXF,9214,3) Uncertain significance,gyrA_p.Thr638Asn
LEV,8020,3) Uncertain significance,gyrA_p.Thr240Ile
LEV,6720,3) Uncertain significance,gyrB_p.Asp494Ala
LEV,7612,3) Uncertain significance,gyrA_p.Ser104Leu
LEV,9706,3) Uncertain significance,gyrA_p.Arg802Gln
MXF,8476,3) Uncertain significance,gyrA_p.Arg392His
LEV,8527,3) Uncertain significance,gyrA_p.Arg409Gln
LEV,8739,3) Uncertain significance,gyrA_p.Arg480Cys
LEV,8767,3) Uncertain significance,gyrA_p.Arg489Lys
MXF,8767,3) Uncertain significance,gyrA_p.Arg489Lys
LEV,8768,3) Uncertain significance,gyrA_p.Arg489Ser
MXF,8768,3) Uncertain significance,gyrA_p.Arg489Ser
LEV,8838,3) Uncertain significance,gyrA_p.Arg513Cys
MXF,8838,3) Uncertain significance,gyrA_p.Arg513Cys
LEV,9120,3) Uncertain significance,gyrA_p.Arg607Cys
MXF,9120,3) Uncertain significance,gyrA_p.Arg607Cys
LEV,9144,3) Uncertain significance,gyrA_p.Arg615Gly
MXF,9706,3) Uncertain significance,gyrA_p.Arg802Gln
LEV,9145,3) Uncertain significance,gyrA_p.Arg615His
LEV,9145,3) Uncertain significance,gyrA_p.Arg615Leu
MXF,9145,3) Uncertain significance,gyrA_p.Arg615Leu
LEV,7495,3) Uncertain significance,gyrA_p.Arg65His
MXF,7495,3) Uncertain significance,gyrA_p.Arg65His
LEV,7503,3) Uncertain significance,gyrA_p.Arg68Cys
MXF,7503,3) Uncertain significance,gyrA_p.Arg68Cys
LEV,9574,3) Uncertain significance,gyrA_p.Arg758Pro
MXF,9574,3) Uncertain significance,gyrA_p.Arg758Pro
LEV,9666,3) Uncertain significance,gyrA_p.Arg789Gly
MXF,9666,3) Uncertain significance,gyrA_p.Arg789Gly
LEV,9667,3) Uncertain significance,gyrA_p.Arg789His
MXF,9667,3) Uncertain significance,gyrA_p.Arg789His
MXF,9145,3) Uncertain significance,gyrA_p.Arg615His
MXF,9408,3) Uncertain significance,gyrA_p.Met703Val
MXF,6720,3) Uncertain significance,gyrB_p.Asp494Ala
LEV,7088,3) Uncertain significance,gyrB_p.Asp617Tyr
LEV,6635,3) Uncertain significance,gyrB_p.Ser466Pro
LEV,6965,3) Uncertain significance,gyrB_p.Ser576Gly
MXF,6965,3) Uncertain significance,gyrB_p.Ser576Gly
LEV,6966,3) Uncertain significance,gyrB_p.Ser576Thr
MXF,6966,3) Uncertain significance,gyrB_p.Ser576Thr
LEV,"7124,7126",3) Uncertain significance,gyrB_p.Ser629Thr
LEV,5230,3) Uncertain significance,gyrB_c.-10T>C
MXF,5230,3) Uncertain significance,gyrB_c.-10T>C
LEV,5748,3) Uncertain significance,gyrB_p.Thr170Met
MXF,5748,3) Uncertain significance,gyrB_p.Thr170Met
LEV,5804,3) Uncertain significance,gyrB_p.Thr189Pro
MXF,5804,3) Uncertain significance,gyrB_p.Thr189Pro
LEV,5349,3) Uncertain significance,gyrB_p.Thr37Ser
MXF,5349,3) Uncertain significance,gyrB_p.Thr37Ser
LEV,"6440,6442",3) Uncertain significance,gyrB_p.Thr401Ala
LEV,6441,3) Uncertain significance,gyrB_p.Thr401Ile
MXF,6441,3) Uncertain significance,gyrB_p.Thr401Ile
LEV,5180,3) Uncertain significance,gyrB_c.-60T>C
MXF,5180,3) Uncertain significance,gyrB_c.-60T>C
LEV,7230,3) Uncertain significance,gyrB_p.Thr664Ile
MXF,7230,3) Uncertain significance,gyrB_p.Thr664Ile
LEV,5916,3) Uncertain significance,gyrB_p.Val226Ala
MXF,5916,3) Uncertain significance,gyrB_p.Val226Ala
LEV,7247,3) Uncertain significance,gyrB_p.Val670Ile
MXF,7247,3) Uncertain significance,gyrB_p.Val670Ile
MXF,6476,3) Uncertain significance,gyrB_p.Ser413Ala
LEV,6476,3) Uncertain significance,gyrB_p.Ser413Ala
MXF,6326,3) Uncertain significance,gyrB_p.Ser363Arg
LEV,6326,3) Uncertain significance,gyrB_p.Ser363Arg
LEV,6665,3) Uncertain significance,gyrB_p.Gln476Glu
MXF,6665,3) Uncertain significance,gyrB_p.Gln476Glu
LEV,5250,3) Uncertain significance,gyrB_p.Gln4Arg
LEV,6934,3) Uncertain significance,gyrB_p.Gln565His
MXF,6934,3) Uncertain significance,gyrB_p.Gln565His
LEV,5874,3) Uncertain significance,gyrB_p.Arg212Thr
MXF,5874,3) Uncertain significance,gyrB_p.Arg212Thr
LEV,6242,3) Uncertain significance,gyrB_p.Arg335Cys
LEV,"6242,6243,6244",3) Uncertain significance,gyrB_p.Arg335Lys
LEV,6576,3) Uncertain significance,gyrB_p.Arg446Leu
MXF,6576,3) Uncertain significance,gyrB_p.Arg446Leu
LEV,6591,3) Uncertain significance,gyrB_p.Arg451His
LEV,7262,3) Uncertain significance,gyrB_p.Val675Ile
MXF,6591,3) Uncertain significance,gyrB_p.Arg451His
LEV,6807,3) Uncertain significance,gyrB_p.Arg523His
MXF,6807,3) Uncertain significance,gyrB_p.Arg523His
LEV,6998,3) Uncertain significance,gyrB_p.Arg587Gly
MXF,6998,3) Uncertain significance,gyrB_p.Arg587Gly
LEV,7232,3) Uncertain significance,gyrB_p.Arg665Cys
MXF,7232,3) Uncertain significance,gyrB_p.Arg665Cys
LEV,5679,3) Uncertain significance,gyrB_p.Ser147Phe
MXF,5679,3) Uncertain significance,gyrB_p.Ser147Phe
LEV,5981,3) Uncertain significance,gyrB_p.Ser248Gly
LEV,6060,3) Uncertain significance,gyrB_p.Ser274Thr
MXF,6060,3) Uncertain significance,gyrB_p.Ser274Thr
LEV,6314,3) Uncertain significance,gyrB_p.Ser359Thr
LEV,6806,3) Uncertain significance,gyrB_p.Arg523Cys
MXF,5681,3) Uncertain significance,gyrB_p.Gln148Glu
MXF,7262,3) Uncertain significance,gyrB_p.Val675Ile
MXF,5463,3) Uncertain significance,gyrB_p.Val75Gly
LEV,7914,3) Uncertain significance,gyrA_p.Leu205Val
MXF,7914,3) Uncertain significance,gyrA_p.Leu205Val
LEV,8502,3) Uncertain significance,gyrA_p.Leu401Val
MXF,8502,3) Uncertain significance,gyrA_p.Leu401Val
LEV,9777,3) Uncertain significance,gyrA_p.Asn826His
MXF,9777,3) Uncertain significance,gyrA_p.Asn826His
LEV,9794,3) Uncertain significance,gyrA_p.Asn831Lys
MXF,9794,3) Uncertain significance,gyrA_p.Asn831Lys
LEV,7351,3) Uncertain significance,gyrA_p.Pro17Leu
MXF,7351,3) Uncertain significance,gyrA_p.Pro17Leu
LEV,8171,3) Uncertain significance,gyrA_p.Gln290His
MXF,8171,3) Uncertain significance,gyrA_p.Gln290His
LEV,"7884,7886",3) Uncertain significance,gyrA_p.Arg195Gly
MXF,"7884,7886",3) Uncertain significance,gyrA_p.Arg195Gly
LEV,8439,3) Uncertain significance,gyrA_p.Arg380Gly
MXF,8439,3) Uncertain significance,gyrA_p.Arg380Gly
LEV,9226,3) Uncertain significance,gyrA_p.Ser642Cys
MXF,7725,3) Uncertain significance,gyrA_p.Leu142Val
LEV,7725,3) Uncertain significance,gyrA_p.Leu142Val
MXF,8258,3) Uncertain significance,gyrA_p.Lys319Asn
LEV,8258,3) Uncertain significance,gyrA_p.Lys319Asn
LEV,7678,3) Uncertain significance,gyrA_p.Ala126Glu
MXF,7678,3) Uncertain significance,gyrA_p.Ala126Glu
LEV,7930,3) Uncertain significance,gyrA_p.Ala210Val
MXF,7930,3) Uncertain significance,gyrA_p.Ala210Val
LEV,8635,3) Uncertain significance,gyrA_p.Ala445Val
MXF,8635,3) Uncertain significance,gyrA_p.Ala445Val
LEV,8025,3) Uncertain significance,gyrA_p.Asp242Asn
MXF,8025,3) Uncertain significance,gyrA_p.Asp242Asn
LEV,8400,3) Uncertain significance,gyrA_p.Asp367His
MXF,8400,3) Uncertain significance,gyrA_p.Asp367His
LEV,8536,3) Uncertain significance,gyrA_p.Glu412Val
LEV,7538,3) Uncertain significance,gyrA_p.Glu79Asp
LEV,5463,3) Uncertain significance,gyrB_p.Val75Gly
MXF,7538,3) Uncertain significance,gyrA_p.Glu79Asp
MXF,9761,3) Uncertain significance,gyrA_p.Glu820Asp
LEV,7277,3) Uncertain significance,gyrA_c.-25G>A
MXF,7277,3) Uncertain significance,gyrA_c.-25G>A
LEV,8353,3) Uncertain significance,gyrA_p.Gly351Ala
MXF,8353,3) Uncertain significance,gyrA_p.Gly351Ala
LEV,7868,3) Uncertain significance,gyrA_p.Ile189Met
MXF,7868,3) Uncertain significance,gyrA_p.Ile189Met
LEV,7866,3) Uncertain significance,gyrA_p.Ile189Val
MXF,7866,3) Uncertain significance,gyrA_p.Ile189Val
LEV,8151,3) Uncertain significance,gyrA_p.Ile284Val
LEV,9746,3) Uncertain significance,gyrA_p.Ile815Met
MXF,9746,3) Uncertain significance,gyrA_p.Ile815Met
LEV,9761,3) Uncertain significance,gyrA_p.Glu820Asp
LEV,5681,3) Uncertain significance,gyrB_p.Gln148Glu
MXF,6972,3) Uncertain significance,gyrB_p.Pro578Arg
LEV,6972,3) Uncertain significance,gyrB_p.Pro578Arg
LEV,5145,3) Uncertain significance,gyrB_c.-95G>C
MXF,5145,3) Uncertain significance,gyrB_c.-95G>C
LEV,5142,3) Uncertain significance,gyrB_c.-98G>T
MXF,5142,3) Uncertain significance,gyrB_c.-98G>T
LEV,5993,3) Uncertain significance,gyrB_p.His252Tyr
LEV,6054,3) Uncertain significance,gyrB_p.His272Pro
MXF,6054,3) Uncertain significance,gyrB_p.His272Pro
LEV,6171,3) Uncertain significance,gyrB_p.His311Arg
MXF,6171,3) Uncertain significance,gyrB_p.His311Arg
LEV,6917,3) Uncertain significance,gyrB_p.His560Asn
LEV,5587,3) Uncertain significance,gyrB_p.Ile116Met
LEV,5294,3) Uncertain significance,gyrB_p.Ile19Leu
MXF,5294,3) Uncertain significance,gyrB_p.Ile19Leu
LEV,6050,3) Uncertain significance,gyrB_p.Ile271Val
MXF,6050,3) Uncertain significance,gyrB_p.Ile271Val
LEV,"6542,6544",3) Uncertain significance,gyrB_p.Ile435Leu
LEV,6542,3) Uncertain significance,gyrB_p.Ile435Val
MXF,6542,3) Uncertain significance,gyrB_p.Ile435Val
LEV,5376,3) Uncertain significance,gyrB_p.Ile46Ser
LEV,6695,3) Uncertain significance,gyrB_p.Ile486Val
MXF,6695,3) Uncertain significance,gyrB_p.Ile486Val
LEV,6752,3) Uncertain significance,gyrB_p.Ile505Val
MXF,6752,3) Uncertain significance,gyrB_p.Ile505Val
LEV,6905,3) Uncertain significance,gyrB_p.Ile556Val
MXF,6905,3) Uncertain significance,gyrB_p.Ile556Val
MXF,5174,3) Uncertain significance,gyrB_c.-66G>T
LEV,5174,3) Uncertain significance,gyrB_c.-66G>T
MXF,7019,3) Uncertain significance,gyrB_p.Gly594Arg
LEV,7019,3) Uncertain significance,gyrB_p.Gly594Arg
MXF,7088,3) Uncertain significance,gyrB_p.Asp617Tyr
LEV,5781,3) Uncertain significance,gyrB_p.Glu181Gly
MXF,5781,3) Uncertain significance,gyrB_p.Glu181Gly
LEV,5302,3) Uncertain significance,gyrB_p.Glu21Asp
MXF,5302,3) Uncertain significance,gyrB_p.Glu21Asp
LEV,5300,3) Uncertain significance,gyrB_p.Glu21Lys
MXF,5300,3) Uncertain significance,gyrB_p.Glu21Lys
LEV,5309,3) Uncertain significance,gyrB_p.Glu24Lys
LEV,6513,3) Uncertain significance,gyrB_p.Glu425Ala
MXF,6513,3) Uncertain significance,gyrB_p.Glu425Ala
LEV,7051,3) Uncertain significance,gyrB_p.Glu604Asp
LEV,7049,3) Uncertain significance,gyrB_p.Glu604Lys
LEV,7041,3) Uncertain significance,gyrB_p.Ile601Thr
MXF,7049,3) Uncertain significance,gyrB_p.Glu604Lys
LEV,7082,3) Uncertain significance,gyrB_p.Glu615*
LEV,5452,3) Uncertain significance,gyrB_p.Glu71Asp
LEV,5138,3) Uncertain significance,gyrB_c.-102G>A
MXF,5138,3) Uncertain significance,gyrB_c.-102G>A
LEV,5666,3) Uncertain significance,gyrB_p.Gly143Arg
LEV,6084,3) Uncertain significance,gyrB_p.Gly282Asp
MXF,6084,3) Uncertain significance,gyrB_p.Gly282Asp
LEV,6545,3) Uncertain significance,gyrB_p.Gly436Arg
MXF,6545,3) Uncertain significance,gyrB_p.Gly436Arg
LEV,5236,3) Uncertain significance,gyrB_c.-4G>A
MXF,5236,3) Uncertain significance,gyrB_c.-4G>A
LEV,"6797,6798",3) Uncertain significance,gyrB_p.Gly520Thr
LEV,7050,3) Uncertain significance,gyrB_p.Glu604Val
MXF,7041,3) Uncertain significance,gyrB_p.Ile601Thr
LEV,5657,3) Uncertain significance,gyrB_p.Lys140Glu
MXF,5657,3) Uncertain significance,gyrB_p.Lys140Glu
LEV,6928,3) Uncertain significance,gyrB_p.Leu563Phe
LEV,6950,3) Uncertain significance,gyrB_p.Leu571Ile
LEV,7151,3) Uncertain significance,gyrB_p.Leu638Val
MXF,7151,3) Uncertain significance,gyrB_p.Leu638Val
LEV,7257,3) Uncertain significance,gyrB_p.Leu673Pro
MXF,7257,3) Uncertain significance,gyrB_p.Leu673Pro
LEV,5830,3) Uncertain significance,gyrB_p.Met197Ile
MXF,5830,3) Uncertain significance,gyrB_p.Met197Ile
LEV,6828,3) Uncertain significance,gyrB_p.Met530Thr
MXF,6828,3) Uncertain significance,gyrB_p.Met530Thr
LEV,7085,3) Uncertain significance,gyrB_p.Met616Val
MXF,7085,3) Uncertain significance,gyrB_p.Met616Val
MXF,6902,3) Uncertain significance,gyrB_p.Leu555Val
LEV,5858,3) Uncertain significance,gyrB_p.Asn207Asp
LEV,6911,3) Uncertain significance,gyrB_p.Asn558Asp
MXF,6911,3) Uncertain significance,gyrB_p.Asn558Asp
LEV,6911,3) Uncertain significance,gyrB_p.Asn558His
LEV,7236,3) Uncertain significance,gyrB_p.Asn666Ser
LEV,5435,3) Uncertain significance,gyrB_p.Asn66His
LEV,5726,3) Uncertain significance,gyrB_p.Pro163Ser
MXF,5726,3) Uncertain significance,gyrB_p.Pro163Ser
LEV,5769,3) Uncertain significance,gyrB_p.Pro177His
LEV,6554,3) Uncertain significance,gyrB_p.Pro439Ala
MXF,6554,3) Uncertain significance,gyrB_p.Pro439Ala
LEV,6555,3) Uncertain significance,gyrB_p.Pro439Arg
MXF,6555,3) Uncertain significance,gyrB_p.Pro439Arg
LEV,6435,3) Uncertain significance,gyrB_p.Asn399Ser
LEV,6720,3) Uncertain significance,gyrB_p.Asp494Gly
LEV,6902,3) Uncertain significance,gyrB_p.Leu555Val
LEV,6602,3) Uncertain significance,gyrB_p.Leu455Val
LEV,5715,3) Uncertain significance,gyrB_p.Lys159Met
MXF,5715,3) Uncertain significance,gyrB_p.Lys159Met
LEV,6238,3) Uncertain significance,gyrB_p.Lys333Asn
MXF,6238,3) Uncertain significance,gyrB_p.Lys333Asn
LEV,6237,3) Uncertain significance,gyrB_p.Lys333Arg
LEV,6450,3) Uncertain significance,gyrB_p.Lys404Arg
MXF,6450,3) Uncertain significance,gyrB_p.Lys404Arg
LEV,6595,3) Uncertain significance,gyrB_p.Lys452Asn
MXF,6595,3) Uncertain significance,gyrB_p.Lys452Asn
LEV,6733,3) Uncertain significance,gyrB_p.Lys498Asn
MXF,6733,3) Uncertain significance,gyrB_p.Lys498Asn
LEV,6732,3) Uncertain significance,gyrB_p.Lys498Arg
MXF,6602,3) Uncertain significance,gyrB_p.Leu455Val
MXF,6732,3) Uncertain significance,gyrB_p.Lys498Arg
LEV,7047,3) Uncertain significance,gyrB_p.Lys603Arg
MXF,7047,3) Uncertain significance,gyrB_p.Lys603Arg
LEV,7242,3) Uncertain significance,gyrB_p.Lys668Arg
MXF,7242,3) Uncertain significance,gyrB_p.Lys668Arg
LEV,5258,3) Uncertain significance,gyrB_p.Lys7Gln
MXF,5258,3) Uncertain significance,gyrB_p.Lys7Gln
LEV,5705,3) Uncertain significance,gyrB_p.Leu156Met
MXF,5705,3) Uncertain significance,gyrB_p.Leu156Met
LEV,6249,3) Uncertain significance,gyrB_p.Leu337Arg
LEV,6299,3) Uncertain significance,gyrB_p.Leu354Val
MXF,6299,3) Uncertain significance,gyrB_p.Leu354Val
LEV,6364,3) Uncertain significance,gyrB_p.Leu375Phe
LEV,7036,3) Uncertain significance,gyrB_p.Lys599Asn
LEV,9394,3) Uncertain significance,gyrA_p.Ser698Leu
LEV,9408,3) Uncertain significance,gyrA_p.Met703Val
LEV,8615,3) Uncertain significance,gyrA_p.Met438Ile
LEV,9087,3) Uncertain significance,gyrA_p.Val596Met
MXF,9087,3) Uncertain significance,gyrA_p.Val596Met
LEV,5180,3) Uncertain significance,gyrB_c.-60_-59insG
MXF,5180,3) Uncertain significance,gyrB_c.-60_-59insG
LEV,5180,3) Uncertain significance,gyrB_c.-60_-59insGC
MXF,5180,3) Uncertain significance,gyrB_c.-60_-59insGC
LEV,6639,3) Uncertain significance,gyrB_p.Ala467Val
LEV,7028,3) Uncertain significance,gyrB_p.Ala597Thr
LEV,7091,3) Uncertain significance,gyrB_p.Ala618Thr
MXF,7091,3) Uncertain significance,gyrB_p.Ala618Thr
LEV,7167,3) Uncertain significance,gyrB_p.Ala643Asp
MXF,7167,3) Uncertain significance,gyrB_p.Ala643Asp
LEV,5140,3) Uncertain significance,gyrB_c.-100C>T
MXF,5140,3) Uncertain significance,gyrB_c.-100C>T
LEV,7001,3) Uncertain significance,gyrB_p.Asp588Asn
MXF,7001,3) Uncertain significance,gyrB_p.Asp588Asn
LEV,7173,3) Uncertain significance,gyrB_p.Asp645Ala
MXF,7173,3) Uncertain significance,gyrB_p.Asp645Ala
LEV,6331,3) Uncertain significance,gyrB_p.Glu364Asp
MXF,6331,3) Uncertain significance,gyrB_p.Glu364Asp
LEV,6430,3) Uncertain significance,gyrB_p.Glu397Asp
MXF,6430,3) Uncertain significance,gyrB_p.Glu397Asp
LEV,6741,3) Uncertain significance,gyrB_p.Glu501Ala
MXF,6741,3) Uncertain significance,gyrB_p.Glu501Ala
LEV,5205,3) Uncertain significance,gyrB_c.-35G>T
MXF,7705,3) Uncertain significance,gyrA_p.Thr135Ser
LEV,7705,3) Uncertain significance,gyrA_p.Thr135Ser
LEV,9453,3) Uncertain significance,gyrA_p.Arg718Cys
MXF,8649,3) Uncertain significance,gyrA_p.Arg450Gly
MXF,9771,3) Uncertain significance,gyrA_p.Asp824Asn
LEV,7582,3) Uncertain significance,gyrA_p.Asp94Val
MXF,7582,3) Uncertain significance,gyrA_p.Asp94Val
LEV,8698,3) Uncertain significance,gyrA_p.Glu466Gly
MXF,8698,3) Uncertain significance,gyrA_p.Glu466Gly
LEV,9515,3) Uncertain significance,gyrA_p.Glu738Asp
LEV,9381,3) Uncertain significance,gyrA_p.Gly694Ser
LEV,"7563,7564",3) Uncertain significance,gyrA_p.Gly88Asn
LEV,8770,3) Uncertain significance,gyrA_p.His490Arg
MXF,8770,3) Uncertain significance,gyrA_p.His490Arg
LEV,8470,3) Uncertain significance,gyrA_p.Ile390Thr
MXF,8470,3) Uncertain significance,gyrA_p.Ile390Thr
LEV,6647,3) Uncertain significance,gyrB_p.Gly470Cys
LEV,9420,3) Uncertain significance,gyrA_p.Ile707Val
MXF,7701,3) Uncertain significance,gyrA_p.Leu134Met
LEV,8665,3) Uncertain significance,gyrA_p.Leu455Arg
MXF,8665,3) Uncertain significance,gyrA_p.Leu455Arg
LEV,7606,3) Uncertain significance,gyrA_p.Pro102Leu
MXF,7606,3) Uncertain significance,gyrA_p.Pro102Leu
LEV,9082,3) Uncertain significance,gyrA_p.Gln594Arg
LEV,7965,3) Uncertain significance,gyrA_p.Arg222Trp
LEV,8176,3) Uncertain significance,gyrA_p.Arg292Leu
MXF,8176,3) Uncertain significance,gyrA_p.Arg292Leu
LEV,8226,3) Uncertain significance,gyrA_p.Arg309Trp
MXF,8226,3) Uncertain significance,gyrA_p.Arg309Trp
LEV,8649,3) Uncertain significance,gyrA_p.Arg450Gly
LEV,7701,3) Uncertain significance,gyrA_p.Leu134Met
LEV,9771,3) Uncertain significance,gyrA_p.Asp824Asn
MXF,6647,3) Uncertain significance,gyrB_p.Gly470Cys
MXF,6798,3) Uncertain significance,gyrB_p.Gly520Val
LEV,9507,3) Uncertain significance,gyrA_p.Ala736Thr
MXF,9507,3) Uncertain significance,gyrA_p.Ala736Thr
LEV,9741,3) Uncertain significance,gyrA_p.Ala814Thr
MXF,9741,3) Uncertain significance,gyrA_p.Ala814Thr
LEV,8467,3) Uncertain significance,gyrA_p.His389Pro
MXF,8467,3) Uncertain significance,gyrA_p.His389Pro
LEV,8124,3) Uncertain significance,gyrA_p.Pro275Ala
MXF,8124,3) Uncertain significance,gyrA_p.Pro275Ala
LEV,8227,3) Uncertain significance,gyrA_p.Arg309Gln
LEV,9069,3) Uncertain significance,gyrA_p.Thr590Ala
MXF,9069,3) Uncertain significance,gyrA_p.Thr590Ala
LEV,9505,3) Uncertain significance,gyrA_p.Thr735Ser
MXF,9505,3) Uncertain significance,gyrA_p.Thr735Ser
LEV,6741,3) Uncertain significance,gyrB_p.Glu501Gly
MXF,6741,3) Uncertain significance,gyrB_p.Glu501Gly
LEV,5147,3) Uncertain significance,gyrB_c.-93T>C
MXF,5147,3) Uncertain significance,gyrB_c.-93T>C
LEV,7270,3) Uncertain significance,gyrA_c.-32C>T
MXF,7270,3) Uncertain significance,gyrA_c.-32C>T
LEV,9788,3) Uncertain significance,gyrA_p.Asp829Glu
MXF,9788,3) Uncertain significance,gyrA_p.Asp829Glu
LEV,9516,3) Uncertain significance,gyrA_p.Glu739Gln
MXF,9516,3) Uncertain significance,gyrA_p.Glu739Gln
LEV,9416,3) Uncertain significance,gyrA_p.Phe705Leu
MXF,9416,3) Uncertain significance,gyrA_p.Phe705Leu
MXF,7272,3) Uncertain significance,gyrA_c.-30A>G
LEV,7272,3) Uncertain significance,gyrA_c.-30A>G
LEV,7677,3) Uncertain significance,gyrA_p.Ala126Ser
MXF,5670,3) Uncertain significance,gyrB_p.Tyr144Phe
LEV,7005,3) Uncertain significance,gyrB_p.Gly589Val
LEV,7035,3) Uncertain significance,gyrB_p.Lys599Arg
MXF,7035,3) Uncertain significance,gyrB_p.Lys599Arg
LEV,6362,3) Uncertain significance,gyrB_p.Leu375Val
MXF,6362,3) Uncertain significance,gyrB_p.Leu375Val
LEV,6734,3) Uncertain significance,gyrB_p.Asn499Tyr
MXF,6734,3) Uncertain significance,gyrB_p.Asn499Tyr
LEV,5966,3) Uncertain significance,gyrB_p.Pro243Ser
MXF,5966,3) Uncertain significance,gyrB_p.Pro243Ser
LEV,6971,3) Uncertain significance,gyrB_p.Pro578Ser
MXF,6971,3) Uncertain significance,gyrB_p.Pro578Ser
LEV,6747,3) Uncertain significance,gyrB_p.Gln503Arg
LEV,6798,3) Uncertain significance,gyrB_p.Gly520Val
MXF,6747,3) Uncertain significance,gyrB_p.Gln503Arg
LEV,6575,3) Uncertain significance,gyrB_p.Arg446Gly
MXF,6575,3) Uncertain significance,gyrB_p.Arg446Gly
LEV,6896,3) Uncertain significance,gyrB_p.Arg553Gly
MXF,6896,3) Uncertain significance,gyrB_p.Arg553Gly
LEV,5286,3) Uncertain significance,gyrB_p.Ser16Cys
MXF,5286,3) Uncertain significance,gyrB_p.Ser16Cys
LEV,5739,3) Uncertain significance,gyrB_p.Thr167Met
MXF,5739,3) Uncertain significance,gyrB_p.Thr167Met
LEV,5784,3) Uncertain significance,gyrB_p.Thr182Ile
MXF,5784,3) Uncertain significance,gyrB_p.Thr182Ile
LEV,6066,3) Uncertain significance,gyrB_p.Val276Ala
LEV,5670,3) Uncertain significance,gyrB_p.Tyr144Phe
LEV,5266,3) Uncertain significance,gyrB_p.Gln9His
MXF,9773,3) Uncertain significance,gyrA_p.Asp824Glu
LEV,9773,3) Uncertain significance,gyrA_p.Asp824Glu
MXF,9731,3) Uncertain significance,gyrA_p.Asp810Glu
LEV,7510,3) Uncertain significance,gyrA_p.His70Arg
MXF,7510,3) Uncertain significance,gyrA_p.His70Arg
LEV,5936,3) Uncertain significance,gyrB_p.Ala233Pro
MXF,5936,3) Uncertain significance,gyrB_p.Ala233Pro
LEV,7521,3) Uncertain significance,gyrA_p.Ala74Ser
MXF,7521,3) Uncertain significance,gyrA_p.Ala74Ser
LEV,9328,3) Uncertain significance,gyrA_p.Ala676Val
MXF,9328,3) Uncertain significance,gyrA_p.Ala676Val
LEV,6144,3) Uncertain significance,gyrB_p.His302Arg
MXF,6144,3) Uncertain significance,gyrB_p.His302Arg
LEV,7879,3) Uncertain significance,gyrA_p.Asn193Ser
MXF,7879,3) Uncertain significance,gyrA_p.Asn193Ser
LEV,6620,3) Uncertain significance,gyrB_p.Asp461His
MXF,6620,3) Uncertain significance,gyrB_p.Asp461His
LEV,6695,3) Uncertain significance,gyrB_p.Ile486Leu
MXF,6695,3) Uncertain significance,gyrB_p.Ile486Leu
LEV,6749,3) Uncertain significance,gyrB_p.Ala504Thr
MXF,6749,3) Uncertain significance,gyrB_p.Ala504Thr
LEV,6737,3) Uncertain significance,gyrB_p.Thr500Ala
MXF,6737,3) Uncertain significance,gyrB_p.Thr500Ala
LEV,7567,3) Uncertain significance,gyrA_p.Asp89Gly
MXF,7567,3) Uncertain significance,gyrA_p.Asp89Gly
LEV,6773,3) Uncertain significance,gyrB_p.Gly512Arg
MXF,6773,3) Uncertain significance,gyrB_p.Gly512Arg
LEV,8101,3) Uncertain significance,gyrA_p.Thr267Ile
MXF,6579,3) Uncertain significance,gyrB_p.Ser447Phe
LEV,6579,3) Uncertain significance,gyrB_p.Ser447Phe
MXF,7247,3) Uncertain significance,gyrB_p.Val670Phe
LEV,7247,3) Uncertain significance,gyrB_p.Val670Phe
STM,3569069,3) Uncertain significance,whiB7_c.-390G>T
KAN,3568574,3) Uncertain significance,whiB7_p.Leu36Phe
STM,3568574,3) Uncertain significance,whiB7_p.Leu36Phe
KAN,3568676,3) Uncertain significance,whiB7_p.Ser2Ala
STM,3568676,3) Uncertain significance,whiB7_p.Ser2Ala
KAN,3568651,3) Uncertain significance,whiB7_p.Thr10Ser
KAN,1472867,3) Uncertain significance,rrs_n.1022T>G
STM,1472867,3) Uncertain significance,rrs_n.1022T>G
LEV,6735,3) Uncertain significance,gyrB_p.Asn499Thr
MXF,6735,3) Uncertain significance,gyrB_p.Asn499Thr
LEV,7283,3) Uncertain significance,gyrA_c.-19G>T
MXF,7283,3) Uncertain significance,gyrA_c.-19G>T
MXF,8101,3) Uncertain significance,gyrA_p.Thr267Ile
LEV,6735,3) Uncertain significance,gyrB_p.Asn499Ser
LEV,8168,3) Uncertain significance,gyrA_p.Glu289Asp
MXF,8168,3) Uncertain significance,gyrA_p.Glu289Asp
LEV,6608,3) Uncertain significance,gyrB_p.Val457Leu
MXF,6608,3) Uncertain significance,gyrB_p.Val457Leu
LEV,6738,3) Uncertain significance,gyrB_p.Thr500Asn
MXF,6738,3) Uncertain significance,gyrB_p.Thr500Asn
LEV,7566,3) Uncertain significance,gyrA_p.Asp89Asn
MXF,7566,3) Uncertain significance,gyrA_p.Asp89Asn
LEV,6052,3) Uncertain significance,gyrB_p.Ile271Met
MXF,6052,3) Uncertain significance,gyrB_p.Ile271Met
LEV,7221,3) Uncertain significance,gyrB_p.Ser661Thr
MXF,7221,3) Uncertain significance,gyrB_p.Ser661Thr
MXF,6735,3) Uncertain significance,gyrB_p.Asn499Ser
LEV,6575,3) Uncertain significance,gyrB_p.Arg446Cys
MXF,6575,3) Uncertain significance,gyrB_p.Arg446Cys
LEV,8715,3) Uncertain significance,gyrA_p.Pro472Ser
MXF,5227,3) Uncertain significance,gyrB_c.-13G>C
LEV,6009,3) Uncertain significance,gyrB_p.Leu257Pro
MXF,6009,3) Uncertain significance,gyrB_p.Leu257Pro
LEV,6735,3) Uncertain significance,gyrB_p.Asn499Ile
LEV,9121,3) Uncertain significance,gyrA_p.Arg607His
MXF,9121,3) Uncertain significance,gyrA_p.Arg607His
LEV,6738,3) Uncertain significance,gyrB_p.Thr500Ile
MXF,6738,3) Uncertain significance,gyrB_p.Thr500Ile
LEV,"8008,8009",3) Uncertain significance,gyrA_p.Gly236Val
MXF,"8008,8009",3) Uncertain significance,gyrA_p.Gly236Val
LEV,8175,3) Uncertain significance,gyrA_p.Arg292Gly
MXF,8175,3) Uncertain significance,gyrA_p.Arg292Gly
LEV,5227,3) Uncertain significance,gyrB_c.-13G>C
LEV,6579,3) Uncertain significance,gyrB_p.Ser447Tyr
MXF,6579,3) Uncertain significance,gyrB_p.Ser447Tyr
LEV,8340,3) Uncertain significance,gyrA_p.Ala347Thr
MXF,8340,3) Uncertain significance,gyrA_p.Ala347Thr
LEV,8836,3) Uncertain significance,gyrA_p.Ala512Gly
LEV,9367,3) Uncertain significance,gyrA_p.Ala689Gly
MXF,9367,3) Uncertain significance,gyrA_p.Ala689Gly
LEV,8956,3) Uncertain significance,gyrA_p.Asp552Gly
MXF,8956,3) Uncertain significance,gyrA_p.Asp552Gly
LEV,9610,3) Uncertain significance,gyrA_p.Asp770Gly
MXF,9610,3) Uncertain significance,gyrA_p.Asp770Gly
LEV,9731,3) Uncertain significance,gyrA_p.Asp810Glu
MXF,7158,3) Uncertain significance,gyrB_p.Ala644del
LEV,7615,3) Uncertain significance,gyrA_p.Leu105Arg
MXF,"7584,7585",3) Uncertain significance,gyrA_p.Ser95Ala
MXF,7960,3) Uncertain significance,gyrA_p.Met220Arg
MXF,8715,3) Uncertain significance,gyrA_p.Pro472Ser
LEV,9034,3) Uncertain significance,gyrA_p.Arg578Gln
MXF,9034,3) Uncertain significance,gyrA_p.Arg578Gln
LEV,8649,3) Uncertain significance,gyrA_p.Arg450Ser
MXF,8649,3) Uncertain significance,gyrA_p.Arg450Ser
LEV,5537,3) Uncertain significance,gyrB_p.Met100Val
MXF,5537,3) Uncertain significance,gyrB_p.Met100Val
LEV,6736,3) Uncertain significance,gyrB_p.Asn499Lys
MXF,6736,3) Uncertain significance,gyrB_p.Asn499Lys
LEV,6737,3) Uncertain significance,gyrB_p.Thr500Pro
LEV,"7584,7585",3) Uncertain significance,gyrA_p.Ser95Ala
MXF,6737,3) Uncertain significance,gyrB_p.Thr500Pro
MXF,8337,3) Uncertain significance,gyrA_p.Leu346Val
LEV,6576,3) Uncertain significance,gyrB_p.Arg446His
MXF,6576,3) Uncertain significance,gyrB_p.Arg446His
LEV,8164,3) Uncertain significance,gyrA_p.Ala288Asp
MXF,8164,3) Uncertain significance,gyrA_p.Ala288Asp
LEV,7314,3) Uncertain significance,gyrA_p.Thr5Ala
MXF,7314,3) Uncertain significance,gyrA_p.Thr5Ala
LEV,6963,3) Uncertain significance,gyrB_p.Arg575His
MXF,6963,3) Uncertain significance,gyrB_p.Arg575His
LEV,9224,3) Uncertain significance,gyrA_p.Asp641Glu
MXF,9224,3) Uncertain significance,gyrA_p.Asp641Glu
LEV,7960,3) Uncertain significance,gyrA_p.Met220Arg
LEV,8337,3) Uncertain significance,gyrA_p.Leu346Val
MXF,8615,3) Uncertain significance,gyrA_p.Met438Ile
MXF,7615,3) Uncertain significance,gyrA_p.Leu105Arg
MXF,8493,3) Uncertain significance,gyrA_p.Leu398Phe
MXF,7983,3) Uncertain significance,gyrA_p.Phe228Leu
LEV,9007,3) Uncertain significance,gyrA_p.Phe569Cys
MXF,9007,3) Uncertain significance,gyrA_p.Phe569Cys
LEV,7480,3) Uncertain significance,gyrA_p.Phe60Tyr
LEV,9219,3) Uncertain significance,gyrA_p.Phe640Val
MXF,9219,3) Uncertain significance,gyrA_p.Phe640Val
LEV,7493,3) Uncertain significance,gyrA_p.Phe64Leu
LEV,9350,3) Uncertain significance,gyrA_p.Phe683Leu
MXF,9350,3) Uncertain significance,gyrA_p.Phe683Leu
LEV,9348,3) Uncertain significance,gyrA_p.Phe683Val
MXF,9348,3) Uncertain significance,gyrA_p.Phe683Val
LEV,7773,3) Uncertain significance,gyrA_p.Gly158Ser
MXF,7773,3) Uncertain significance,gyrA_p.Gly158Ser
LEV,"7963,7964",3) Uncertain significance,gyrA_p.Gly221Glu
LEV,7277,3) Uncertain significance,gyrA_c.-25G>C
MXF,7277,3) Uncertain significance,gyrA_c.-25G>C
LEV,8182,3) Uncertain significance,gyrA_p.Gly294Ala
MXF,8182,3) Uncertain significance,gyrA_p.Gly294Ala
LEV,8233,3) Uncertain significance,gyrA_p.Gly311Ala
MXF,8233,3) Uncertain significance,gyrA_p.Gly311Ala
LEV,8730,3) Uncertain significance,gyrA_p.Gly477Arg
LEV,7488,3) Uncertain significance,gyrA_p.Gly63Arg
MXF,7488,3) Uncertain significance,gyrA_p.Gly63Arg
LEV,"9303,9304",3) Uncertain significance,gyrA_p.Gly668Asn
MXF,"9303,9304",3) Uncertain significance,gyrA_p.Gly668Asn
LEV,7983,3) Uncertain significance,gyrA_p.Phe228Leu
MXF,7757,3) Uncertain significance,gyrA_p.Phe152Leu
LEV,7757,3) Uncertain significance,gyrA_p.Phe152Leu
MXF,9723,3) Uncertain significance,gyrA_p.Glu808Gln
LEV,7731,3) Uncertain significance,gyrA_p.Glu144Gln
LEV,7745,3) Uncertain significance,gyrA_p.Glu148Asp
MXF,7745,3) Uncertain significance,gyrA_p.Glu148Asp
LEV,7919,3) Uncertain significance,gyrA_p.Glu206Asp
LEV,"7942,7943",3) Uncertain significance,gyrA_p.Glu214Ala
LEV,8075,3) Uncertain significance,gyrA_p.Glu258Asp
MXF,8075,3) Uncertain significance,gyrA_p.Glu258Asp
LEV,8166,3) Uncertain significance,gyrA_p.Glu289Gln
MXF,8166,3) Uncertain significance,gyrA_p.Glu289Gln
LEV,8251,3) Uncertain significance,gyrA_p.Glu317Gly
MXF,8251,3) Uncertain significance,gyrA_p.Glu317Gly
LEV,8458,3) Uncertain significance,gyrA_p.Glu386Val
LEV,9532,3) Uncertain significance,gyrA_p.Gly744Ala
LEV,8536,3) Uncertain significance,gyrA_p.Glu412Gly
LEV,8587,3) Uncertain significance,gyrA_p.Glu429Ala
MXF,8587,3) Uncertain significance,gyrA_p.Glu429Ala
LEV,8698,3) Uncertain significance,gyrA_p.Glu466Ala
MXF,8698,3) Uncertain significance,gyrA_p.Glu466Ala
LEV,8755,3) Uncertain significance,gyrA_p.Glu485Ala
LEV,8824,3) Uncertain significance,gyrA_p.Glu508Ala
MXF,8824,3) Uncertain significance,gyrA_p.Glu508Ala
LEV,9058,3) Uncertain significance,gyrA_p.Glu586Gly
MXF,9058,3) Uncertain significance,gyrA_p.Glu586Gly
LEV,9115,3) Uncertain significance,gyrA_p.Glu605Gly
LEV,7536,3) Uncertain significance,gyrA_p.Glu79Lys
LEV,9723,3) Uncertain significance,gyrA_p.Glu808Gln
MXF,8536,3) Uncertain significance,gyrA_p.Glu412Gly
MXF,7720,3) Uncertain significance,gyrA_p.Glu140Gly
MXF,9532,3) Uncertain significance,gyrA_p.Gly744Ala
MXF,9591,3) Uncertain significance,gyrA_p.Gly764Arg
LEV,8859,3) Uncertain significance,gyrA_p.Ile520Leu
LEV,7971,3) Uncertain significance,gyrA_p.Lys224Glu
MXF,7971,3) Uncertain significance,gyrA_p.Lys224Glu
LEV,8256,3) Uncertain significance,gyrA_p.Lys319Glu
MXF,8256,3) Uncertain significance,gyrA_p.Lys319Glu
LEV,8300,3) Uncertain significance,gyrA_p.Lys333Asn
MXF,8300,3) Uncertain significance,gyrA_p.Lys333Asn
LEV,9209,3) Uncertain significance,gyrA_p.Lys636Asn
MXF,9209,3) Uncertain significance,gyrA_p.Lys636Asn
LEV,9208,3) Uncertain significance,gyrA_p.Lys636Thr
MXF,9208,3) Uncertain significance,gyrA_p.Lys636Thr
LEV,8574,3) Uncertain significance,gyrA_p.Leu425Phe
MXF,8574,3) Uncertain significance,gyrA_p.Leu425Phe
LEV,8946,3) Uncertain significance,gyrA_p.Leu549Val
MXF,8946,3) Uncertain significance,gyrA_p.Leu549Val
LEV,9369,3) Uncertain significance,gyrA_p.Leu690Val
LEV,9598,3) Uncertain significance,gyrA_p.Leu766Ser
MXF,9598,3) Uncertain significance,gyrA_p.Leu766Ser
LEV,7717,3) Uncertain significance,gyrA_p.Met139Thr
MXF,7717,3) Uncertain significance,gyrA_p.Met139Thr
LEV,7716,3) Uncertain significance,gyrA_p.Met139Val
LEV,7724,3) Uncertain significance,gyrA_p.Met141Ile
MXF,7724,3) Uncertain significance,gyrA_p.Met141Ile
LEV,7723,3) Uncertain significance,gyrA_p.Met141Thr
MXF,7723,3) Uncertain significance,gyrA_p.Met141Thr
LEV,8703,3) Uncertain significance,gyrA_p.Ile468Val
MXF,8580,3) Uncertain significance,gyrA_p.Ile427Val
LEV,8580,3) Uncertain significance,gyrA_p.Ile427Val
LEV,8524,3) Uncertain significance,gyrA_p.Ile408Thr
LEV,9639,3) Uncertain significance,gyrA_p.Gly780Cys
MXF,9639,3) Uncertain significance,gyrA_p.Gly780Cys
LEV,9684,3) Uncertain significance,gyrA_p.Gly795Arg
MXF,9684,3) Uncertain significance,gyrA_p.Gly795Arg
LEV,9768,3) Uncertain significance,gyrA_p.Gly823Ser
MXF,9768,3) Uncertain significance,gyrA_p.Gly823Ser
LEV,9795,3) Uncertain significance,gyrA_p.Gly832Arg
MXF,9795,3) Uncertain significance,gyrA_p.Gly832Arg
LEV,7877,3) Uncertain significance,gyrA_p.His192Gln
MXF,7877,3) Uncertain significance,gyrA_p.His192Gln
LEV,7923,3) Uncertain significance,gyrA_p.His208Tyr
LEV,8301,3) Uncertain significance,gyrA_p.His334Tyr
LEV,9591,3) Uncertain significance,gyrA_p.Gly764Arg
MXF,8301,3) Uncertain significance,gyrA_p.His334Tyr
MXF,8769,3) Uncertain significance,gyrA_p.His490Asn
LEV,8769,3) Uncertain significance,gyrA_p.His490Tyr
MXF,8769,3) Uncertain significance,gyrA_p.His490Tyr
LEV,7759,3) Uncertain significance,gyrA_p.Ile153Ser
LEV,8241,3) Uncertain significance,gyrA_p.Ile314Val
MXF,8241,3) Uncertain significance,gyrA_p.Ile314Val
LEV,8253,3) Uncertain significance,gyrA_p.Ile318Leu
LEV,"8283,8285",3) Uncertain significance,gyrA_p.Ile328Leu
LEV,8343,3) Uncertain significance,gyrA_p.Ile348Val
MXF,8343,3) Uncertain significance,gyrA_p.Ile348Val
LEV,8387,3) Uncertain significance,gyrA_p.Ile362Met
MXF,8387,3) Uncertain significance,gyrA_p.Ile362Met
LEV,8769,3) Uncertain significance,gyrA_p.His490Asn
LEV,7720,3) Uncertain significance,gyrA_p.Glu140Gly
LEV,9801,3) Uncertain significance,gyrA_p.Asp834Asn
MXF,9776,3) Uncertain significance,gyrA_p.Asp825Glu
LEV,8265,3) Uncertain significance,gyrA_p.Ala322Ser
MXF,8265,3) Uncertain significance,gyrA_p.Ala322Ser
LEV,8272,3) Uncertain significance,gyrA_p.Ala324Gly
MXF,8272,3) Uncertain significance,gyrA_p.Ala324Gly
LEV,8272,3) Uncertain significance,gyrA_p.Ala324Val
MXF,8272,3) Uncertain significance,gyrA_p.Ala324Val
LEV,8341,3) Uncertain significance,gyrA_p.Ala347Val
MXF,8341,3) Uncertain significance,gyrA_p.Ala347Val
LEV,8517,3) Uncertain significance,gyrA_p.Ala406Thr
MXF,8517,3) Uncertain significance,gyrA_p.Ala406Thr
LEV,8518,3) Uncertain significance,gyrA_p.Ala406Val
MXF,8518,3) Uncertain significance,gyrA_p.Ala406Val
LEV,8529,3) Uncertain significance,gyrA_p.Ala410Thr
LEV,"8556,8557,8558",3) Uncertain significance,gyrA_p.Ala419Gln
LEV,8596,3) Uncertain significance,gyrA_p.Ala432Gly
LEV,8596,3) Uncertain significance,gyrA_p.Ala432Val
MXF,8596,3) Uncertain significance,gyrA_p.Ala432Val
LEV,8803,3) Uncertain significance,gyrA_p.Ala501Val
MXF,8803,3) Uncertain significance,gyrA_p.Ala501Val
LEV,8835,3) Uncertain significance,gyrA_p.Ala512Thr
MXF,8835,3) Uncertain significance,gyrA_p.Ala512Thr
LEV,8836,3) Uncertain significance,gyrA_p.Ala512Val
LEV,9037,3) Uncertain significance,gyrA_p.Ala579Val
MXF,9037,3) Uncertain significance,gyrA_p.Ala579Val
LEV,9061,3) Uncertain significance,gyrA_p.Ala587Asp
LEV,8191,3) Uncertain significance,gyrA_p.Ala297Gly
LEV,"7992,7994",3) Uncertain significance,gyrA_p.Ala231Ser
LEV,7894,3) Uncertain significance,gyrA_p.Ala198Gly
MXF,7857,3) Uncertain significance,gyrA_p.Ala186Thr
LEV,8010,3) Uncertain significance,gyrA_p.Ser237Ala
MXF,8010,3) Uncertain significance,gyrA_p.Ser237Ala
LEV,8405,3) Uncertain significance,gyrA_p.His368Gln
MXF,8405,3) Uncertain significance,gyrA_p.His368Gln
LEV,6372,3) Uncertain significance,gyrB_p.Thr378Ser
MXF,6372,3) Uncertain significance,gyrB_p.Thr378Ser
LEV,9486,3) Uncertain significance,gyrA_p.Gly729Arg
MXF,9486,3) Uncertain significance,gyrA_p.Gly729Arg
LEV,8147,3) Uncertain significance,gyrA_p.Asn282Lys
MXF,8147,3) Uncertain significance,gyrA_p.Asn282Lys
LEV,8116,3) Uncertain significance,gyrA_p.Thr272Ile
MXF,8116,3) Uncertain significance,gyrA_p.Thr272Ile
LEV,9159,3) Uncertain significance,gyrA_p.Ala620Thr
LEV,8685,3) Uncertain significance,gyrA_p.Ile462Val
LEV,8131,3) Uncertain significance,gyrA_p.Gln277Arg
MXF,8131,3) Uncertain significance,gyrA_p.Gln277Arg
LEV,6815,3) Uncertain significance,gyrB_p.Lys526Gln
MXF,6815,3) Uncertain significance,gyrB_p.Lys526Gln
LEV,8773,3) Uncertain significance,gyrA_p.Asp493dup
LEV,9817,3) Uncertain significance,gyrA_p.Ter839fs
MXF,9817,3) Uncertain significance,gyrA_p.Ter839fs
LEV,8222,3) Uncertain significance,gyrA_p.Asp308del
MXF,8222,3) Uncertain significance,gyrA_p.Asp308del
LEV,8226,3) Uncertain significance,gyrA_p.Arg309_Val310delinsLeu
MXF,8226,3) Uncertain significance,gyrA_p.Arg309_Val310delinsLeu
LEV,7857,3) Uncertain significance,gyrA_p.Ala186Thr
MXF,8685,3) Uncertain significance,gyrA_p.Ile462Val
LEV,9301,3) Uncertain significance,gyrA_p.Ala667Val
LEV,9328,3) Uncertain significance,gyrA_p.Ala676Asp
MXF,9328,3) Uncertain significance,gyrA_p.Ala676Asp
MXF,8693,3) Uncertain significance,gyrA_p.Asp464Glu
LEV,8700,3) Uncertain significance,gyrA_p.Asp467His
MXF,8700,3) Uncertain significance,gyrA_p.Asp467His
LEV,8744,3) Uncertain significance,gyrA_p.Asp481Glu
MXF,8744,3) Uncertain significance,gyrA_p.Asp481Glu
ETH,4327212,3) Uncertain significance,ethA_p.Thr88Pro
MXF,8743,3) Uncertain significance,gyrA_p.Asp481Gly
LEV,8764,3) Uncertain significance,gyrA_p.Asp488Ala
MXF,8764,3) Uncertain significance,gyrA_p.Asp488Ala
LEV,8778,3) Uncertain significance,gyrA_p.Asp493His
MXF,8778,3) Uncertain significance,gyrA_p.Asp493His
LEV,8820,3) Uncertain significance,gyrA_p.Asp507His
LEV,8693,3) Uncertain significance,gyrA_p.Asp464Glu
MXF,8820,3) Uncertain significance,gyrA_p.Asp507His
MXF,8826,3) Uncertain significance,gyrA_p.Asp509Asn
LEV,8844,3) Uncertain significance,gyrA_p.Asp515Asn
MXF,8844,3) Uncertain significance,gyrA_p.Asp515Asn
LEV,9050,3) Uncertain significance,gyrA_p.Asp583Glu
LEV,9217,3) Uncertain significance,gyrA_p.Asp639Gly
MXF,9217,3) Uncertain significance,gyrA_p.Asp639Gly
LEV,9222,3) Uncertain significance,gyrA_p.Asp641Tyr
MXF,9222,3) Uncertain significance,gyrA_p.Asp641Tyr
LEV,9360,3) Uncertain significance,gyrA_p.Asp687Asn
MXF,9360,3) Uncertain significance,gyrA_p.Asp687Asn
LEV,9772,3) Uncertain significance,gyrA_p.Asp824Ala
LEV,9776,3) Uncertain significance,gyrA_p.Asp825Glu
LEV,8826,3) Uncertain significance,gyrA_p.Asp509Asn
LEV,8493,3) Uncertain significance,gyrA_p.Leu398Phe
MXF,8611,3) Uncertain significance,gyrA_p.Asp437Gly
MXF,8544,3) Uncertain significance,gyrA_p.Asp415Asn
LEV,9387,3) Uncertain significance,gyrA_p.Ala696Thr
MXF,9387,3) Uncertain significance,gyrA_p.Ala696Thr
LEV,7521,3) Uncertain significance,gyrA_p.Ala74Thr
MXF,7521,3) Uncertain significance,gyrA_p.Ala74Thr
LEV,7294,3) Uncertain significance,gyrA_c.-8A>G
MXF,7294,3) Uncertain significance,gyrA_c.-8A>G
LEV,7275,3) Uncertain significance,gyrA_c.-27C>T
MXF,7275,3) Uncertain significance,gyrA_c.-27C>T
LEV,7633,3) Uncertain significance,gyrA_p.Asp111Gly
MXF,7633,3) Uncertain significance,gyrA_p.Asp111Gly
LEV,7898,3) Uncertain significance,gyrA_p.Asp199Glu
LEV,7896,3) Uncertain significance,gyrA_p.Asp199Tyr
LEV,8611,3) Uncertain significance,gyrA_p.Asp437Gly
LEV,7928,3) Uncertain significance,gyrA_p.Asp209Glu
MXF,7927,3) Uncertain significance,gyrA_p.Asp209Gly
LEV,7934,3) Uncertain significance,gyrA_p.Asp211Glu
MXF,7934,3) Uncertain significance,gyrA_p.Asp211Glu
LEV,7933,3) Uncertain significance,gyrA_p.Asp211Gly
MXF,7933,3) Uncertain significance,gyrA_p.Asp211Gly
LEV,8085,3) Uncertain significance,gyrA_p.Asp262Asn
LEV,8086,3) Uncertain significance,gyrA_p.Asp262Val
LEV,8178,3) Uncertain significance,gyrA_p.Asp293Tyr
MXF,8178,3) Uncertain significance,gyrA_p.Asp293Tyr
LEV,8402,3) Uncertain significance,gyrA_p.Asp367Glu
MXF,8402,3) Uncertain significance,gyrA_p.Asp367Glu
LEV,8544,3) Uncertain significance,gyrA_p.Asp415Asn
LEV,7927,3) Uncertain significance,gyrA_p.Asp209Gly
MXF,9394,3) Uncertain significance,gyrA_p.Ser698Leu
LEV,8364,3) Uncertain significance,gyrA_p.Thr355Ala
MXF,8364,3) Uncertain significance,gyrA_p.Thr355Ala
PZA,2289204,3) Uncertain significance,pncA_p.Phe13Ser
PZA,2288833,3) Uncertain significance,pncA_p.His137Asn
PZA,2288767,3) Uncertain significance,pncA_p.Leu159Val
PZA,2289210,3) Uncertain significance,pncA_p.Asn11Ser
PZA,2289082,3) Uncertain significance,pncA_p.Pro54Ala
PZA,2288932,3) Uncertain significance,pncA_p.Ser104Gly
PZA,2288778,3) Uncertain significance,pncA_p.Val155Ala
PZA,2288754,3) Uncertain significance,pncA_p.Val163Gly
PZA,4038276,3) Uncertain significance,clpC1_p.Glu810Gly
PZA,2289106,3) Uncertain significance,pncA_p.Ala46Thr
PZA,2288717,3) Uncertain significance,pncA_p.Met175Ile
PZA,2289042,3) Uncertain significance,pncA_p.Ser67Trp
PZA,2288964,3) Uncertain significance,pncA_p.Val93Ala
PZA,2288998,3) Uncertain significance,pncA_p.His82Asp
PZA,4043882,3) Uncertain significance,panD_p.Pro134Ser
PZA,4038408,3) Uncertain significance,clpC1_p.Pro766Leu
PZA,4044134,3) Uncertain significance,panD_p.Asp50Asn
PZA,4038169,3) Uncertain significance,clpC1_p.Ala846Pro
PZA,4040754,3) Uncertain significance,clpC1_c.-50C>T
PZA,4040770,3) Uncertain significance,clpC1_c.-66C>T
PZA,4040775,3) Uncertain significance,clpC1_c.-71C>T
PZA,4040790,3) Uncertain significance,clpC1_c.-86C>G
PZA,4040802,3) Uncertain significance,clpC1_c.-98C>G
PZA,4040802,3) Uncertain significance,clpC1_c.-98C>T
PZA,4039377,3) Uncertain significance,clpC1_p.Asp443Ala
PZA,2288857,3) Uncertain significance,pncA_p.Asp129Asn
PZA,2288731,3) Uncertain significance,pncA_p.Ala171Thr
PZA,2288841,3) Uncertain significance,pncA_p.Ala134Gly
PZA,4038503,3) Uncertain significance,clpC1_p.Met734Ile
PZA,2289082,3) Uncertain significance,pncA_p.Pro54Ser
PZA,2289057,3) Uncertain significance,pncA_p.Pro62Gln
PZA,2289057,3) Uncertain significance,pncA_p.Pro62Arg
PZA,2289036,3) Uncertain significance,pncA_p.Pro69Arg
PZA,2288874,3) Uncertain significance,pncA_p.Arg123Pro
PZA,2288823,3) Uncertain significance,pncA_p.Arg140Pro
PZA,2289147,3) Uncertain significance,pncA_p.Ser32Ile
PZA,2289066,3) Uncertain significance,pncA_p.Ser59Cys
PZA,2289066,3) Uncertain significance,pncA_p.Ser59Phe
PZA,2289046,3) Uncertain significance,pncA_p.Ser66Pro
PZA,2288943,3) Uncertain significance,pncA_p.Thr100Ile
PZA,2288944,3) Uncertain significance,pncA_p.Thr100Pro
PZA,4038447,3) Uncertain significance,clpC1_p.Asp753Val
PZA,2288902,3) Uncertain significance,pncA_p.Thr114Pro
PZA,2288764,3) Uncertain significance,pncA_p.Thr160Ala
PZA,2289102,3) Uncertain significance,pncA_p.Thr47Asn
PZA,2289248,3) Uncertain significance,pncA_c.-7T>G
PZA,2288827,3) Uncertain significance,pncA_p.Val139Met
PZA,2288772,3) Uncertain significance,pncA_p.Val157Gly
PZA,2288704,3) Uncertain significance,pncA_p.Val180Leu
PZA,2289223,3) Uncertain significance,pncA_p.Val7Phe
PZA,2289223,3) Uncertain significance,pncA_p.Val7Ile
PZA,2289039,3) Uncertain significance,pncA_p.Trp68Leu
PZA,2289039,3) Uncertain significance,pncA_p.Trp68Ser
PZA,2288959,3) Uncertain significance,pncA_p.Tyr95Asp
PZA,4039293,3) Uncertain significance,clpC1_p.Gly471Asp
PZA,2288818,3) Uncertain significance,pncA_p.Thr142Pro
PZA,2289081,3) Uncertain significance,pncA_p.Pro54Arg
PZA,4038358,3) Uncertain significance,clpC1_p.Asp783His
PZA,4039415,3) Uncertain significance,clpC1_p.Glu430Asp
PZA,4038636,3) Uncertain significance,clpC1_p.Tyr690Ser
PZA,4043928,3) Uncertain significance,panD_p.Gly118fs
PZA,4043878,3) Uncertain significance,panD_p.Arg135fs
PZA,4043990,3) Uncertain significance,panD_p.Ala98Thr
PZA,4046221,3) Uncertain significance,panD_c.-1940C>T
PZA,4044171,3) Uncertain significance,panD_p.Asp37Glu
PZA,4044132,3) Uncertain significance,panD_p.Asp50Glu
PZA,4046227,3) Uncertain significance,panD_c.-1946G>C
PZA,4044221,3) Uncertain significance,panD_p.His21Asn
PZA,4044103,3) Uncertain significance,panD_p.Ile60Thr
PZA,4043887,3) Uncertain significance,panD_p.Leu132Pro
PZA,4044281,3) Uncertain significance,panD_p.Met1=
PZA,4043971,3) Uncertain significance,panD_p.Arg104Gln
PZA,4043879,3) Uncertain significance,panD_p.Arg135Gly
PZA,4043987,3) Uncertain significance,panD_p.Arg99Gly
PZA,4044272,3) Uncertain significance,panD_p.Thr4Ala
PZA,2289270,3) Uncertain significance,pncA_c.-30_-29insC
PZA,2289273,3) Uncertain significance,pncA_c.-33_-32insG
PZA,2288814,3) Uncertain significance,pncA_p.Ala143Val
PZA,2289200,3) Uncertain significance,pncA_p.Cys14Trp
PZA,2289260,3) Uncertain significance,pncA_c.-19C>T
PZA,2289244,3) Uncertain significance,pncA_c.-3C>T
PZA,2288913,3) Uncertain significance,pncA_p.Asp110Gly
PZA,2288834,3) Uncertain significance,pncA_p.Asp136Glu
PZA,2288770,3) Uncertain significance,pncA_p.Asp158Asn
PZA,4038256,3) Uncertain significance,clpC1_p.Val817Met
PZA,4038325,3) Uncertain significance,clpC1_p.Val794Phe
PZA,4040197,3) Uncertain significance,clpC1_p.Val170Leu
PZA,4040169,3) Uncertain significance,clpC1_p.Thr179Met
PZA,4039405,3) Uncertain significance,clpC1_p.Glu434Lys
PZA,4039273,3) Uncertain significance,clpC1_p.Glu478Lys
PZA,4040510,3) Uncertain significance,clpC1_p.Glu65Asp
PZA,4038330,3) Uncertain significance,clpC1_p.Glu792Gly
PZA,4038328,3) Uncertain significance,clpC1_p.Glu793Gln
PZA,4040230,3) Uncertain significance,clpC1_p.Gly159Arg
PZA,4040750,3) Uncertain significance,clpC1_c.-46G>C
PZA,4038267,3) Uncertain significance,clpC1_p.Gly813Asp
PZA,4038241,3) Uncertain significance,clpC1_p.Gly822Ser
PZA,4040290,3) Uncertain significance,clpC1_p.Ile139Val
PZA,4038688,3) Uncertain significance,clpC1_p.Ile673Val
PZA,"4038525,4038524",3) Uncertain significance,clpC1_p.Ile727Thr
PZA,4039428,3) Uncertain significance,clpC1_p.Glu426Gly
PZA,4038625,3) Uncertain significance,clpC1_p.Lys694Glu
PZA,4038477,3) Uncertain significance,clpC1_p.Lys743Thr
PZA,4038232,3) Uncertain significance,clpC1_p.Lys825Glu
PZA,4038626,3) Uncertain significance,clpC1_p.Met693Ile
PZA,4039449,3) Uncertain significance,clpC1_p.Pro419Leu
PZA,4038318,3) Uncertain significance,clpC1_p.Pro796Gln
PZA,4040268,3) Uncertain significance,clpC1_p.Gln146Arg
PZA,4039467,3) Uncertain significance,clpC1_p.Arg413Leu
PZA,4039347,3) Uncertain significance,clpC1_p.Arg453Gln
PZA,4040527,3) Uncertain significance,clpC1_p.Arg60Cys
PZA,4038535,3) Uncertain significance,clpC1_p.Arg724Ser
PZA,4038520,3) Uncertain significance,clpC1_p.Arg729Gly
PZA,4038162,3) Uncertain significance,clpC1_p.Arg848Leu
PZA,4038476,3) Uncertain significance,clpC1_p.Lys743Asn
PZA,2289211,3) Uncertain significance,pncA_p.Asn11His
PZA,2288718,3) Uncertain significance,pncA_p.Met175Arg
MXF,6677,3) Uncertain significance,gyrB_p.Pro480Ser
MXF,5748,3) Uncertain significance,gyrB_p.Thr170Lys
MXF,5903,3) Uncertain significance,gyrB_p.Val222Met
PZA,2167983,3) Uncertain significance,PPE35_p.Gly877Asp
PZA,2168742,3) Uncertain significance,PPE35_p.Gly624Asp
PZA,4040719,3) Uncertain significance,clpC1_c.-15A>G
PZA,2170623,3) Uncertain significance,PPE35_c.-11G>A
PZA,2168124,3) Uncertain significance,PPE35_p.Gly830Glu
PZA,2167701,3) Uncertain significance,PPE35_p.Ala971Gly
PZA,2168555,3) Uncertain significance,PPE35_p.Phe686Leu
PZA,2168652,3) Uncertain significance,PPE35_p.Leu654Ser
PZA,1407288,3) Uncertain significance,Rv1258c_p.Met18Thr
STM,1407288,3) Uncertain significance,Rv1258c_p.Met18Thr
PZA,4046228,3) Uncertain significance,panD_c.-1947A>C
PZA,2168561,3) Uncertain significance,PPE35_p.Pro684fs
PZA,2168362,3) Uncertain significance,PPE35_p.Ile751Val
PZA,4046219,3) Uncertain significance,panD_c.-1938C>G
PZA,2167947,3) Uncertain significance,PPE35_p.Asn889Ser
PZA,2167952,3) Uncertain significance,PPE35_p.Tyr887*
PZA,3612219,3) Uncertain significance,Rv3236c_p.Val300Ile
PZA,2168533,3) Uncertain significance,PPE35_p.Val694Leu
PZA,2170675,3) Uncertain significance,PPE35_c.-63G>C
PZA,2168076,3) Uncertain significance,PPE35_p.Thr846Met
PZA,2288937,3) Uncertain significance,pncA_p.Ala102Val
PZA,2289202,3) Uncertain significance,pncA_p.Cys14Gly
MXF,6266,3) Uncertain significance,gyrB_p.Pro343Ala
MXF,7032,3) Uncertain significance,gyrB_p.Gly598Glu
MXF,5154,3) Uncertain significance,gyrB_c.-85delG
MXF,8532,3) Uncertain significance,gyrA_p.Ser411Ala
LZD,1474921,3) Uncertain significance,rrl_n.1264C>T
LZD,1476664,3) Uncertain significance,rrl_n.3007T>G
LZD,800899,3) Uncertain significance,rplC_p.Ala31Thr
LZD,801097,3) Uncertain significance,rplC_p.Val97Ile
LZD,1473868,3) Uncertain significance,rrl_n.211C>T
LZD,1473609,3) Uncertain significance,rrl_n.-49G>C
LZD,801361,3) Uncertain significance,rplC_p.Val185Ile
LZD,800349,3) Uncertain significance,rplC_c.-460C>G
LZD,1474732,3) Uncertain significance,rrl_n.1075A>G
LZD,1474464,3) Uncertain significance,rrl_n.807C>T
LZD,801151,3) Uncertain significance,rplC_p.Thr115Ala
LZD,1474639,3) Uncertain significance,rrl_n.982G>A
PZA,4043867,3) Uncertain significance,panD_p.Gly139*
LZD,1474294,3) Uncertain significance,rrl_n.637C>G
MXF,9258,3) Uncertain significance,gyrA_p.Leu653Val
MXF,7092,3) Uncertain significance,gyrB_p.Ala618Asp
MXF,6529,3) Uncertain significance,gyrB_p.Lys430Asn
MXF,6765,3) Uncertain significance,gyrB_p.Leu509Pro
MXF,7678,3) Uncertain significance,gyrA_p.Ala126Val
MXF,9508,3) Uncertain significance,gyrA_p.Ala736Gly
MXF,7275,3) Uncertain significance,gyrA_c.-27C>G
MXF,8813,3) Uncertain significance,gyrA_p.Asp504Glu
MXF,8943,3) Uncertain significance,gyrA_p.Gly548Arg
MXF,7489,3) Uncertain significance,gyrA_p.Gly63Ala
MXF,9405,3) Uncertain significance,gyrA_p.Gly702Ser
MXF,9199,3) Uncertain significance,gyrA_p.Lys633Arg
MXF,9367,3) Uncertain significance,gyrA_p.Ala689Val
PZA,2289256,3) Uncertain significance,pncA_c.-15A>C
PZA,4043957,3) Uncertain significance,panD_p.Asp109Asn
PZA,4040786,3) Uncertain significance,clpC1_c.-82G>A
PZA,2289220,3) Uncertain significance,pncA_p.Asp8His
PZA,2289220,3) Uncertain significance,pncA_p.Asp8Tyr
PZA,2288720,3) Uncertain significance,pncA_p.Glu174Asp
PZA,2289069,3) Uncertain significance,pncA_p.Phe58Cys
PZA,2289069,3) Uncertain significance,pncA_p.Phe58Ser
PZA,2288929,3) Uncertain significance,pncA_p.Gly105Arg
PZA,2288919,3) Uncertain significance,pncA_p.Gly108Glu
PZA,2288848,3) Uncertain significance,pncA_p.Gly132Cys
PZA,2288848,3) Uncertain significance,pncA_p.Gly132Arg
PZA,2288758,3) Uncertain significance,pncA_p.Gly162Arg
PZA,2289192,3) Uncertain significance,pncA_p.Gly17Ala
PZA,2289193,3) Uncertain significance,pncA_p.Gly17Arg
PZA,2289097,3) Uncertain significance,pncA_p.Asp49Tyr
PZA,2289010,3) Uncertain significance,pncA_p.Gly78Cys
PZA,2289010,3) Uncertain significance,pncA_p.Gly78Ser
PZA,2289009,3) Uncertain significance,pncA_p.Gly78Val
PZA,2288832,3) Uncertain significance,pncA_p.His137Pro
PZA,2289114,3) Uncertain significance,pncA_p.His43Pro
PZA,2289072,3) Uncertain significance,pncA_p.His57Pro
PZA,2289071,3) Uncertain significance,pncA_p.His57Gln
PZA,2289029,3) Uncertain significance,pncA_p.His71Gln
PZA,2288844,3) Uncertain significance,pncA_p.Ile133Ser
PZA,2289225,3) Uncertain significance,pncA_p.Ile6Ser
PZA,2288954,3) Uncertain significance,pncA_p.Lys96Asn
PZA,2288775,3) Uncertain significance,pncA_p.Leu156Pro
PZA,2288766,3) Uncertain significance,pncA_p.Leu159Pro
PZA,2289009,3) Uncertain significance,pncA_p.Gly78Asp
PZA,2289083,3) Uncertain significance,pncA_p.Asp53Glu
PZA,2288809,3) Uncertain significance,pncA_p.Asp145Tyr
PZA,2288835,3) Uncertain significance,pncA_p.Asp136Val
PZA,2289138,3) Uncertain significance,pncA_p.Leu35Pro
PZA,4040753,3) Uncertain significance,clpC1_c.-49G>A
PZA,4040575,3) Uncertain significance,clpC1_p.Val44Phe
PZA,4043932,3) Uncertain significance,panD_p.Met117Thr
PZA,2288763,3) Uncertain significance,pncA_p.Thr160Arg
PZA,4043938,3) Uncertain significance,panD_p.Ile115Thr
PZA,2288835,3) Uncertain significance,pncA_p.Asp136Gly
PZA,4040163,3) Uncertain significance,clpC1_p.Ala181Val
PZA,4038435,3) Uncertain significance,clpC1_p.Ala757Val
PZA,4040711,3) Uncertain significance,clpC1_c.-7G>T
PZA,4040471,3) Uncertain significance,clpC1_p.Ile78Met
PZA,4040565,3) Uncertain significance,clpC1_p.Lys47Arg
PZA,2288807,3) Uncertain significance,pncA_p.Asp145Glu
PZA,4039411,3) Uncertain significance,clpC1_p.Arg432Gly
PZA,4038249,3) Uncertain significance,clpC1_p.Thr819Ser
PZA,4038553,3) Uncertain significance,clpC1_p.Val718Ile
PZA,4044189,3) Uncertain significance,panD_p.Asp31Glu
PZA,4044029,3) Uncertain significance,panD_p.Val85Met
PZA,2288938,3) Uncertain significance,pncA_p.Ala102Thr
PZA,2288805,3) Uncertain significance,pncA_p.Ala146Glu
PZA,2289159,3) Uncertain significance,pncA_p.Ala28Asp
PZA,2289006,3) Uncertain significance,pncA_p.Ala79Glu
PZA,2289026,3) Uncertain significance,pncA_p.Cys72Trp
PZA,2288914,3) Uncertain significance,pncA_p.Asp110Tyr
PZA,2289208,3) Uncertain significance,pncA_p.Asp12His
PZA,2288835,3) Uncertain significance,pncA_p.Asp136Ala
PZA,4040526,3) Uncertain significance,clpC1_p.Arg60His
LZD,1476704,3) Uncertain significance,rrl_n.3053delC
PZA,2289003,3) Uncertain significance,pncA_p.Asp80Val
PZA,2288926,3) Uncertain significance,pncA_p.Phe106Ile
PZA,3612803,3) Uncertain significance,Rv3236c_p.Ala105Gly
PZA,3612797,3) Uncertain significance,Rv3236c_p.Ala107Val
PZA,3612752,3) Uncertain significance,Rv3236c_p.Ala122Val
PZA,3612668,3) Uncertain significance,Rv3236c_p.Ala150Val
PZA,3613070,3) Uncertain significance,Rv3236c_p.Ala16Val
PZA,3612533,3) Uncertain significance,Rv3236c_p.Ala195Val
PZA,3612524,3) Uncertain significance,Rv3236c_p.Ala198Glu
PZA,3612404,3) Uncertain significance,Rv3236c_p.Ala238Val
PZA,3612386,3) Uncertain significance,Rv3236c_p.Ala244Val
PZA,3612131,3) Uncertain significance,Rv3236c_p.Ala329Gly
PZA,3611970,3) Uncertain significance,Rv3236c_p.Ala383Thr
PZA,3611969,3) Uncertain significance,Rv3236c_p.Ala383Val
PZA,3612963,3) Uncertain significance,Rv3236c_p.Ala52Ser
PZA,3612775,3) Uncertain significance,Rv3236c_p.Asp114Glu
PZA,3612347,3) Uncertain significance,Rv3236c_p.Asp257Gly
PZA,3612315,3) Uncertain significance,Rv3236c_p.Asp268His
PZA,3612269,3) Uncertain significance,Rv3236c_p.Asp283Gly
PZA,3612113,3) Uncertain significance,Rv3236c_p.Glu335Gly
PZA,3612295,3) Uncertain significance,Rv3236c_p.Phe274Leu
PZA,3612111,3) Uncertain significance,Rv3236c_p.Phe336Leu
PZA,3612192,3) Uncertain significance,Rv3236c_p.Gly309Trp
PZA,3612116,3) Uncertain significance,Rv3236c_p.Gly334Glu
PZA,3611994,3) Uncertain significance,Rv3236c_p.Gly375Ser
PZA,3611990,3) Uncertain significance,Rv3236c_p.Gly376Val
PZA,3612936,3) Uncertain significance,Rv3236c_p.Gly61Ser
PZA,3612351,3) Uncertain significance,Rv3236c_p.Ala256fs
PZA,3612410,3) Uncertain significance,Rv3236c_p.Leu236fs
PZA,3612428,3) Uncertain significance,Rv3236c_p.Val229dup
STM,1406608,3) Uncertain significance,Rv1258c_p.Val245Met
PZA,2167849,3) Uncertain significance,PPE35_p.Thr922Ala
PZA,2167746,3) Uncertain significance,PPE35_p.Thr956Ile
PZA,2170711,3) Uncertain significance,PPE35_c.-99T>C
PZA,"2168646,2168645",3) Uncertain significance,PPE35_p.Val656Gly
PZA,2168598,3) Uncertain significance,PPE35_p.Val672Ala
PZA,2168599,3) Uncertain significance,PPE35_p.Val672Leu
PZA,2168052,3) Uncertain significance,PPE35_p.Val854Ala
PZA,2168053,3) Uncertain significance,PPE35_p.Val854Met
PZA,2167713,3) Uncertain significance,PPE35_p.Val967Ala
PZA,2167857,3) Uncertain significance,PPE35_p.Trp919*
PZA,1407044,3) Uncertain significance,Rv1258c_p.Gly98del
STM,1407044,3) Uncertain significance,Rv1258c_p.Gly98del
PZA,3612444,3) Uncertain significance,Rv3236c_p.Ile225Val
PZA,1406588,3) Uncertain significance,Rv1258c_p.Phe251fs
PZA,1407109,3) Uncertain significance,Rv1258c_p.Ala78Thr
STM,1407109,3) Uncertain significance,Rv1258c_p.Ala78Thr
PZA,1406131,3) Uncertain significance,Rv1258c_p.Asp404Asn
STM,1406131,3) Uncertain significance,Rv1258c_p.Asp404Asn
PZA,1406759,3) Uncertain significance,Rv1258c_p.Glu194Asp
PZA,1406689,3) Uncertain significance,Rv1258c_p.Phe218Val
PZA,1406151,3) Uncertain significance,Rv1258c_p.Leu397Pro
STM,1406151,3) Uncertain significance,Rv1258c_p.Leu397Pro
PZA,1406978,3) Uncertain significance,Rv1258c_p.Met121Ile
PZA,1406260,3) Uncertain significance,Rv1258c_p.Pro361Ser
STM,1406260,3) Uncertain significance,Rv1258c_p.Pro361Ser
PZA,1406608,3) Uncertain significance,Rv1258c_p.Val245Met
STM,1406588,3) Uncertain significance,Rv1258c_p.Phe251fs
PZA,2168020,3) Uncertain significance,PPE35_p.Thr865Ala
PZA,3612096,3) Uncertain significance,Rv3236c_p.Ile341Val
PZA,3612789,3) Uncertain significance,Rv3236c_p.Leu110Phe
PZA,3612572,3) Uncertain significance,Rv3236c_p.Val182Gly
PZA,3613116,3) Uncertain significance,Rv3236c_p.Val1=
PZA,3612239,3) Uncertain significance,Rv3236c_p.Val293Ala
PZA,3612024,3) Uncertain significance,Rv3236c_p.Val365Ile
PZA,3612918,3) Uncertain significance,Rv3236c_p.Val67Leu
PZA,3612741,3) Uncertain significance,Rv3236c_p.Tyr126His
PZA,4040254,3) Uncertain significance,clpC1_p.Ala151Thr
PZA,4038222,3) Uncertain significance,clpC1_p.Ala828Val
PZA,4039284,3) Uncertain significance,clpC1_p.Asp474Gly
PZA,4038609,3) Uncertain significance,clpC1_p.Asp699Ala
PZA,4038328,3) Uncertain significance,clpC1_p.Glu793Lys
PZA,4040809,3) Uncertain significance,clpC1_c.-105G>A
PZA,4040484,3) Uncertain significance,clpC1_p.Pro74Leu
PZA,4043996,3) Uncertain significance,panD_p.Ala96Thr
PZA,4044238,3) Uncertain significance,panD_p.Val15Ala
PZA,2289153,3) Uncertain significance,pncA_p.Ala30Val
PZA,2289070,3) Uncertain significance,pncA_p.Phe58Val
PZA,2289262,3) Uncertain significance,pncA_c.-21G>A
PZA,2288831,3) Uncertain significance,pncA_p.His137Gln
PZA,2288832,3) Uncertain significance,pncA_p.His137Arg
PZA,2289115,3) Uncertain significance,pncA_p.His43Tyr
PZA,2289239,3) Uncertain significance,pncA_p.Met1=
PZA,2288898,3) Uncertain significance,pncA_p.Pro115Leu
PZA,2289037,3) Uncertain significance,pncA_p.Pro69Ser
PZA,2289049,3) Uncertain significance,pncA_p.Ser65Pro
PZA,3612939,3) Uncertain significance,Rv3236c_p.Thr60Ala
PZA,3612134,3) Uncertain significance,Rv3236c_p.Thr328Ser
PZA,3612368,3) Uncertain significance,Rv3236c_p.Thr250Met
PZA,3612486,3) Uncertain significance,Rv3236c_p.Thr211Pro
PZA,3612602,3) Uncertain significance,Rv3236c_p.Leu172Arg
PZA,3613065,3) Uncertain significance,Rv3236c_p.Leu18Phe
PZA,3613094,3) Uncertain significance,Rv3236c_p.Leu8*
PZA,3612247,3) Uncertain significance,Rv3236c_p.Met290Ile
PZA,3612188,3) Uncertain significance,Rv3236c_p.Met310Thr
PZA,3612809,3) Uncertain significance,Rv3236c_p.Pro103Leu
PZA,3612071,3) Uncertain significance,Rv3236c_p.Pro349Leu
PZA,3613016,3) Uncertain significance,Rv3236c_p.Pro34Gln
PZA,3612846,3) Uncertain significance,Rv3236c_p.Pro91Ala
PZA,3612714,3) Uncertain significance,Rv3236c_p.Arg135Trp
PZA,3612696,3) Uncertain significance,Rv3236c_p.Arg141Gly
PZA,3612695,3) Uncertain significance,Rv3236c_p.Arg141His
PZA,3612925,3) Uncertain significance,Rv3236c_p.Ile64Met
PZA,3612692,3) Uncertain significance,Rv3236c_p.Arg142Gln
PZA,3612516,3) Uncertain significance,Rv3236c_p.Arg201Cys
PZA,3613038,3) Uncertain significance,Rv3236c_p.Arg27*
PZA,3612177,3) Uncertain significance,Rv3236c_p.Arg314Gly
PZA,3612176,3) Uncertain significance,Rv3236c_p.Arg314Gln
PZA,3612120,3) Uncertain significance,Rv3236c_p.Arg333Trp
PZA,3613103,3) Uncertain significance,Rv3236c_p.Arg5Lys
PZA,3612858,3) Uncertain significance,Rv3236c_p.Arg87Gly
PZA,3612729,3) Uncertain significance,Rv3236c_p.Ser130Thr
PZA,3612276,3) Uncertain significance,Rv3236c_p.Ser281Pro
PZA,3612863,3) Uncertain significance,Rv3236c_p.Ser85Asn
PZA,3612744,3) Uncertain significance,Rv3236c_p.Thr125Ala
PZA,3612597,3) Uncertain significance,Rv3236c_p.Thr174Pro
PZA,3612681,3) Uncertain significance,Rv3236c_p.Arg146Trp
PZA,2168032,3) Uncertain significance,PPE35_p.Thr861Ala
PZA,2168077,3) Uncertain significance,PPE35_p.Thr846Ala
PZA,2168079,3) Uncertain significance,PPE35_p.Thr845Ile
PZA,2288754,3) Uncertain significance,pncA_p.Val163Ala
PZA,2288755,3) Uncertain significance,pncA_p.Val163Leu
PZA,2288695,3) Uncertain significance,pncA_p.Val183Leu
PZA,2289108,3) Uncertain significance,pncA_p.Val45Ala
PZA,2289120,3) Uncertain significance,pncA_p.Tyr41Cys
PZA,2288946,3) Uncertain significance,pncA_p.Tyr99Cys
PZA,2168478,3) Uncertain significance,PPE35_p.Thr712fs
PZA,2168470,3) Uncertain significance,PPE35_p.Ala708_Phe714del
PZA,2168411,3) Uncertain significance,PPE35_p.Thr735fs
PZA,2168175,3) Uncertain significance,PPE35_p.Pro812fs
PZA,2168075,3) Uncertain significance,PPE35_p.Thr846fs
PZA,2168045,3) Uncertain significance,PPE35_p.Leu856fs
PZA,2170650,3) Uncertain significance,PPE35_c.-41_-39delCCT
PZA,2170658,3) Uncertain significance,PPE35_c.-48_-47delCG
PZA,2170720,3) Uncertain significance,PPE35_c.-108A>G
PZA,2170647,3) Uncertain significance,PPE35_c.-35A>G
PZA,2168559,3) Uncertain significance,PPE35_p.Ala685Val
PZA,2167911,3) Uncertain significance,PPE35_p.Ala901Val
PZA,2170731,3) Uncertain significance,PPE35_c.-119C>T
PZA,2170640,3) Uncertain significance,PPE35_c.-28C>T
PZA,2168386,3) Uncertain significance,PPE35_p.Glu743Lys
PZA,2168161,3) Uncertain significance,PPE35_p.Glu818Lys
PZA,2168086,3) Uncertain significance,PPE35_p.Glu843Lys
PZA,2168643,3) Uncertain significance,PPE35_p.Phe657Ser
PZA,2168473,3) Uncertain significance,PPE35_p.Phe714Leu
PZA,2288779,3) Uncertain significance,pncA_p.Val155Leu
PZA,2288860,3) Uncertain significance,pncA_p.Val128Ile
PZA,2289016,3) Uncertain significance,pncA_p.Thr76Ala
PZA,2289061,3) Uncertain significance,pncA_p.Thr61Pro
PZA,2289000,3) Uncertain significance,pncA_p.Phe81Ser
PZA,2288962,3) Uncertain significance,pncA_p.Phe94Val
PZA,2288872,3) Uncertain significance,pncA_p.Gly124Ser
PZA,2289192,3) Uncertain significance,pncA_p.Gly17Val
PZA,2289247,3) Uncertain significance,pncA_c.-6G>C
PZA,2289250,3) Uncertain significance,pncA_c.-9G>A
PZA,2288833,3) Uncertain significance,pncA_p.His137Tyr
PZA,2289228,3) Uncertain significance,pncA_p.Ile5Thr
PZA,2289226,3) Uncertain significance,pncA_p.Ile6Val
PZA,2289098,3) Uncertain significance,pncA_p.Lys48Asn
PZA,2288896,3) Uncertain significance,pncA_p.Leu116Val
PZA,2288790,3) Uncertain significance,pncA_p.Leu151Trp
PZA,2168188,3) Uncertain significance,PPE35_p.Phe809Ile
PZA,2288696,3) Uncertain significance,pncA_p.Leu182Phe
PZA,2288899,3) Uncertain significance,pncA_p.Pro115Ser
PZA,2289012,3) Uncertain significance,pncA_p.Pro77Leu
PZA,2288824,3) Uncertain significance,pncA_p.Arg140Ser
PZA,2288800,3) Uncertain significance,pncA_p.Arg148Ser
PZA,2288716,3) Uncertain significance,pncA_p.Arg176Cys
PZA,2289237,3) Uncertain significance,pncA_p.Arg2Leu
PZA,2289237,3) Uncertain significance,pncA_p.Arg2Gln
PZA,2288931,3) Uncertain significance,pncA_p.Ser104Thr
PZA,2288706,3) Uncertain significance,pncA_p.Ser179Ile
PZA,2289190,3) Uncertain significance,pncA_p.Ser18Pro
PZA,2288839,3) Uncertain significance,pncA_p.Thr135Ala
PZA,2288785,3) Uncertain significance,pncA_p.Thr153Pro
PZA,2289162,3) Uncertain significance,pncA_p.Leu27Gln
PZA,2170722,3) Uncertain significance,PPE35_c.-110G>A
PZA,2170726,3) Uncertain significance,PPE35_c.-114G>A
PZA,2170657,3) Uncertain significance,PPE35_c.-45G>A
PZA,2168253,3) Uncertain significance,PPE35_p.Pro787Leu
PZA,2168206,3) Uncertain significance,PPE35_p.Pro803Ser
PZA,2168146,3) Uncertain significance,PPE35_p.Pro823Ser
PZA,2168055,3) Uncertain significance,PPE35_p.Pro853Leu
PZA,2167998,3) Uncertain significance,PPE35_p.Pro872Leu
PZA,2167998,3) Uncertain significance,PPE35_p.Pro872Gln
PZA,2167960,3) Uncertain significance,PPE35_p.Pro885Ser
PZA,2168589,3) Uncertain significance,PPE35_p.Gln675Pro
PZA,2168448,3) Uncertain significance,PPE35_p.Gln722Arg
PZA,2168314,3) Uncertain significance,PPE35_p.Gln767*
PZA,2168175,3) Uncertain significance,PPE35_p.Gln813Arg
PZA,2168101,3) Uncertain significance,PPE35_p.Gln838*
PZA,2168403,3) Uncertain significance,PPE35_p.Pro737Leu
PZA,2168767,3) Uncertain significance,PPE35_p.Ser616Arg
PZA,2168735,3) Uncertain significance,PPE35_p.Ser626Arg
PZA,2168679,3) Uncertain significance,PPE35_p.Ser645Ile
PZA,2167872,3) Uncertain significance,PPE35_p.Ser914Leu
PZA,2170724,3) Uncertain significance,PPE35_c.-112T>G
PZA,2168778,3) Uncertain significance,PPE35_p.Thr612Ser
PZA,2168548,3) Uncertain significance,PPE35_p.Thr689Ala
PZA,2168391,3) Uncertain significance,PPE35_p.Thr741Asn
PZA,2168319,3) Uncertain significance,PPE35_p.Thr765Asn
PZA,2168320,3) Uncertain significance,PPE35_p.Thr765Pro
PZA,2170692,3) Uncertain significance,PPE35_c.-80T>G
PZA,2168155,3) Uncertain significance,PPE35_p.Thr820Ala
PZA,2168110,3) Uncertain significance,PPE35_p.Thr835Pro
PZA,2168766,3) Uncertain significance,PPE35_p.Ser616Thr
PZA,2288985,3) Uncertain significance,pncA_p.Asp86Gly
PZA,2168463,3) Uncertain significance,PPE35_p.Pro717Leu
PZA,2168689,3) Uncertain significance,PPE35_p.Pro642Ser
PZA,2168746,3) Uncertain significance,PPE35_p.Gly623Ser
PZA,2168742,3) Uncertain significance,PPE35_p.Gly624Ala
PZA,2168581,3) Uncertain significance,PPE35_p.Gly678Cys
PZA,2168581,3) Uncertain significance,PPE35_p.Gly678Arg
PZA,2170681,3) Uncertain significance,PPE35_c.-69G>A
PZA,2168434,3) Uncertain significance,PPE35_p.Gly727Trp
PZA,2168265,3) Uncertain significance,PPE35_p.Gly783Ala
PZA,2168191,3) Uncertain significance,PPE35_p.Gly808Ser
PZA,2167870,3) Uncertain significance,PPE35_p.Gly915*
PZA,2167825,3) Uncertain significance,PPE35_p.Gly930Arg
PZA,2167804,3) Uncertain significance,PPE35_p.Gly937Ser
PZA,2167801,3) Uncertain significance,PPE35_p.Gly938Arg
PZA,2168475,3) Uncertain significance,PPE35_p.Pro713Leu
PZA,2167768,3) Uncertain significance,PPE35_p.Gly949Ser
PZA,2168091,3) Uncertain significance,PPE35_p.Ile841Ser
PZA,2168337,3) Uncertain significance,PPE35_p.Leu759Ser
PZA,2168272,3) Uncertain significance,PPE35_p.Leu781Met
PZA,2168247,3) Uncertain significance,PPE35_p.Leu789Arg
PZA,2168022,3) Uncertain significance,PPE35_p.Leu864Arg
PZA,2167737,3) Uncertain significance,PPE35_p.Leu959Arg
PZA,2167683,3) Uncertain significance,PPE35_p.Leu977Arg
PZA,2168460,3) Uncertain significance,PPE35_p.Asn718Ser
PZA,2167851,3) Uncertain significance,PPE35_p.Asn921Ser
PZA,2167809,3) Uncertain significance,PPE35_p.Asn935Ser
PZA,2168791,3) Uncertain significance,PPE35_p.Pro608Ser
PZA,2168760,3) Uncertain significance,PPE35_p.Pro618Leu
PZA,2167677,3) Uncertain significance,PPE35_p.Gly979Ala
LZD,1475539,3) Uncertain significance,rrl_n.1882A>G
LZD,1475518,3) Uncertain significance,rrl_n.1861A>G
LZD,1473944,3) Uncertain significance,rrl_n.287G>C
MXF,6061,3) Uncertain significance,gyrB_p.Ser274Arg
LEV,9753,3) Uncertain significance,gyrA_p.Asn818Asp
MXF,9753,3) Uncertain significance,gyrA_p.Asn818Asp
LEV,9648,3) Uncertain significance,gyrA_p.Val783Leu
MXF,9648,3) Uncertain significance,gyrA_p.Val783Leu
LEV,6540,3) Uncertain significance,gyrB_p.Asp434Gly
MXF,6540,3) Uncertain significance,gyrB_p.Asp434Gly
LEV,6000,3) Uncertain significance,gyrB_p.Pro254Leu
MXF,6000,3) Uncertain significance,gyrB_p.Pro254Leu
LEV,6417,3) Uncertain significance,gyrB_p.Thr393Ser
MXF,6417,3) Uncertain significance,gyrB_p.Thr393Ser
LEV,8266,3) Uncertain significance,gyrA_p.Ala322Glu
MXF,8266,3) Uncertain significance,gyrA_p.Ala322Glu
LEV,8765,3) Uncertain significance,gyrA_p.Asp488Glu
MXF,8765,3) Uncertain significance,gyrA_p.Asp488Glu
LEV,9217,3) Uncertain significance,gyrA_p.Asp639Ala
MXF,9217,3) Uncertain significance,gyrA_p.Asp639Ala
LEV,9432,3) Uncertain significance,gyrA_p.Leu711Met
MXF,9432,3) Uncertain significance,gyrA_p.Leu711Met
LEV,7638,3) Uncertain significance,gyrA_p.Gln113Glu
MXF,7638,3) Uncertain significance,gyrA_p.Gln113Glu
LEV,6432,3) Uncertain significance,gyrB_p.Ala398Val
MXF,6432,3) Uncertain significance,gyrB_p.Ala398Val
LEV,6061,3) Uncertain significance,gyrB_p.Ser274Arg
MXF,7121,3) Uncertain significance,gyrB_p.Pro628Ala
LEV,7121,3) Uncertain significance,gyrB_p.Pro628Ala
MXF,6971,3) Uncertain significance,gyrB_p.Pro578Ala
MXF,5769,3) Uncertain significance,gyrB_p.Pro177Leu
LEV,5988,3) Uncertain significance,gyrB_p.Thr250Ser
MXF,5988,3) Uncertain significance,gyrB_p.Thr250Ser
LEV,7419,3) Uncertain significance,gyrA_p.Ala40Thr
LEV,9508,3) Uncertain significance,gyrA_p.Ala736Val
MXF,9508,3) Uncertain significance,gyrA_p.Ala736Val
LEV,9207,3) Uncertain significance,gyrA_p.Lys636Glu
MXF,9207,3) Uncertain significance,gyrA_p.Lys636Glu
LEV,8907,3) Uncertain significance,gyrA_p.Ser536Arg
MXF,8907,3) Uncertain significance,gyrA_p.Ser536Arg
LEV,9016,3) Uncertain significance,gyrA_p.Thr572Asn
MXF,9016,3) Uncertain significance,gyrA_p.Thr572Asn
LEV,5508,3) Uncertain significance,gyrB_p.Ala90Gly
LEV,9808,3) Uncertain significance,gyrA_p.Thr836Arg
LEV,9648,3) Uncertain significance,gyrA_p.Val783Met
MXF,9648,3) Uncertain significance,gyrA_p.Val783Met
LEV,5239,3) Uncertain significance,gyrB_c.-1C>G
MXF,5239,3) Uncertain significance,gyrB_c.-1C>G
LEV,5921,3) Uncertain significance,gyrB_p.Glu228Gln
MXF,5921,3) Uncertain significance,gyrB_p.Glu228Gln
LEV,6995,3) Uncertain significance,gyrB_p.Glu586Lys
MXF,6995,3) Uncertain significance,gyrB_p.Glu586Lys
LEV,7200,3) Uncertain significance,gyrB_p.Glu654Ala
LEV,6438,3) Uncertain significance,gyrB_p.Pro400Arg
MXF,6438,3) Uncertain significance,gyrB_p.Pro400Arg
LEV,6971,3) Uncertain significance,gyrB_p.Pro578Ala
MXF,9808,3) Uncertain significance,gyrA_p.Thr836Arg
LEV,5769,3) Uncertain significance,gyrB_p.Pro177Leu
MXF,5508,3) Uncertain significance,gyrB_p.Ala90Gly
MXF,5339,3) Uncertain significance,gyrB_p.Ile34Val
MXF,6446,3) Uncertain significance,gyrB_p.Ala403Ser
LZD,1476471,3) Uncertain significance,rrl_n.2814G>T
LZD,800357,3) Uncertain significance,rplC_c.-452C>A
LZD,1475927,3) Uncertain significance,rrl_n.2270G>T
LZD,1475952,3) Uncertain significance,rrl_n.2295A>C
LZD,1476348,3) Uncertain significance,rrl_n.2691A>T
LZD,1476091,3) Uncertain significance,rrl_n.2434T>C
LZD,1475479,3) Uncertain significance,rrl_n.1822C>T
LZD,1475516,3) Uncertain significance,rrl_n.1859T>C
LZD,801166,3) Uncertain significance,rplC_p.Gly120Ser
LZD,1473637,3) Uncertain significance,rrl_n.-21A>G
LZD,1476056,3) Uncertain significance,rrl_n.2399G>A
LZD,1474709,3) Uncertain significance,rrl_n.1052G>T
LZD,800858,3) Uncertain significance,rplC_p.Asp18del
LZD,800365,3) Uncertain significance,rplC_c.-444A>C
LZD,800365,3) Uncertain significance,rplC_c.-444A>G
LZD,800306,3) Uncertain significance,rplC_c.-503A>G
LZD,801022,3) Uncertain significance,rplC_p.Ala72Thr
LZD,800375,3) Uncertain significance,rplC_c.-434C>G
LZD,800337,3) Uncertain significance,rplC_c.-472C>T
LZD,801326,3) Uncertain significance,rplC_p.Asp173Gly
LZD,800842,3) Uncertain significance,rplC_p.Gly12Ser
LZD,800793,3) Uncertain significance,rplC_c.-16G>C
LZD,800379,3) Uncertain significance,rplC_c.-430G>A
LZD,800341,3) Uncertain significance,rplC_c.-468G>A
MXF,8056,3) Uncertain significance,gyrA_p.Arg252Leu
MXF,9138,3) Uncertain significance,gyrA_p.Gln613Glu
MXF,5489,3) Uncertain significance,gyrB_p.Ile84Val
LEV,5489,3) Uncertain significance,gyrB_p.Ile84Val
LEV,7127,3) Uncertain significance,gyrB_p.Val630Ile
MXF,7127,3) Uncertain significance,gyrB_p.Val630Ile
LEV,8164,3) Uncertain significance,gyrA_p.Ala288Val
MXF,8164,3) Uncertain significance,gyrA_p.Ala288Val
LEV,5436,3) Uncertain significance,gyrB_p.Asn66Ser
MXF,5436,3) Uncertain significance,gyrB_p.Asn66Ser
LEV,7943,3) Uncertain significance,gyrA_p.Glu214Asp
MXF,7943,3) Uncertain significance,gyrA_p.Glu214Asp
LEV,9276,3) Uncertain significance,gyrA_p.Leu659Val
MXF,9276,3) Uncertain significance,gyrA_p.Leu659Val
LEV,6966,3) Uncertain significance,gyrB_p.Ser576Ile
MXF,6966,3) Uncertain significance,gyrB_p.Ser576Ile
LEV,5339,3) Uncertain significance,gyrB_p.Ile34Val
LEV,5627,3) Uncertain significance,gyrB_p.Ala130Ser
LEV,8061,3) Uncertain significance,gyrA_p.Arg254Cys
MXF,8061,3) Uncertain significance,gyrA_p.Arg254Cys
LEV,6717,3) Uncertain significance,gyrB_p.Ile493Thr
MXF,6717,3) Uncertain significance,gyrB_p.Ile493Thr
LEV,5516,3) Uncertain significance,gyrB_p.Ile93Val
MXF,5516,3) Uncertain significance,gyrB_p.Ile93Val
LEV,8188,3) Uncertain significance,gyrA_p.Leu296Pro
MXF,8188,3) Uncertain significance,gyrA_p.Leu296Pro
LEV,7323,3) Uncertain significance,gyrA_p.Pro8Ala
MXF,7323,3) Uncertain significance,gyrA_p.Pro8Ala
LEV,8668,3) Uncertain significance,gyrA_p.Ala456Val
MXF,8668,3) Uncertain significance,gyrA_p.Ala456Val
MXF,5627,3) Uncertain significance,gyrB_p.Ala130Ser
LEV,5849,3) Uncertain significance,gyrB_p.Leu204Met
MXF,7058,3) Uncertain significance,gyrB_p.Ile607Val
LEV,7058,3) Uncertain significance,gyrB_p.Ile607Val
MXF,6016,3) Uncertain significance,gyrB_p.Asp259Glu
LEV,6265,3) Uncertain significance,gyrB_p.Asp342Glu
MXF,6265,3) Uncertain significance,gyrB_p.Asp342Glu
LEV,6541,3) Uncertain significance,gyrB_p.Asp434Glu
MXF,6541,3) Uncertain significance,gyrB_p.Asp434Glu
LEV,6792,3) Uncertain significance,gyrB_p.Asp518Gly
MXF,6792,3) Uncertain significance,gyrB_p.Asp518Gly
LEV,5530,3) Uncertain significance,gyrB_p.Asp97Glu
LEV,5923,3) Uncertain significance,gyrB_p.Glu228Asp
MXF,5923,3) Uncertain significance,gyrB_p.Glu228Asp
LEV,6134,3) Uncertain significance,gyrB_p.Glu299Gln
MXF,6134,3) Uncertain significance,gyrB_p.Glu299Gln
LEV,6375,3) Uncertain significance,gyrB_p.Glu379Gly
MXF,6375,3) Uncertain significance,gyrB_p.Glu379Gly
LEV,6884,3) Uncertain significance,gyrB_p.Phe549Leu
MXF,6884,3) Uncertain significance,gyrB_p.Phe549Leu
LEV,5351,3) Uncertain significance,gyrB_p.Gly38Ser
LEV,6798,3) Uncertain significance,gyrB_p.Gly520Ala
MXF,6798,3) Uncertain significance,gyrB_p.Gly520Ala
LEV,5856,3) Uncertain significance,gyrB_p.Ile206Ser
LEV,5444,3) Uncertain significance,gyrB_p.Leu69Val
MXF,5444,3) Uncertain significance,gyrB_p.Leu69Val
LEV,5413,3) Uncertain significance,gyrB_p.Met58Ile
LEV,5727,3) Uncertain significance,gyrB_p.Pro163Leu
LEV,6016,3) Uncertain significance,gyrB_p.Asp259Glu
MXF,5913,3) Uncertain significance,gyrB_p.Asp225Gly
LEV,5913,3) Uncertain significance,gyrB_p.Asp225Gly
LEV,9808,3) Uncertain significance,gyrA_p.Thr836Lys
MXF,9808,3) Uncertain significance,gyrA_p.Thr836Lys
LEV,8931,3) Uncertain significance,gyrA_p.Val544Leu
MXF,8931,3) Uncertain significance,gyrA_p.Val544Leu
LEV,9171,3) Uncertain significance,gyrA_p.Val624Leu
MXF,9171,3) Uncertain significance,gyrA_p.Val624Leu
LEV,9550,3) Uncertain significance,gyrA_p.Val750Ala
MXF,9550,3) Uncertain significance,gyrA_p.Val750Ala
LEV,8437,3) Uncertain significance,gyrA_p.Tyr379Cys
MXF,8437,3) Uncertain significance,gyrA_p.Tyr379Cys
LEV,6534,3) Uncertain significance,gyrB_p.Ala432Val
MXF,6534,3) Uncertain significance,gyrB_p.Ala432Val
MXF,5727,3) Uncertain significance,gyrB_p.Pro163Leu
LEV,6762,3) Uncertain significance,gyrB_p.Ala508Val
LEV,5214,3) Uncertain significance,gyrB_c.-26C>G
MXF,5214,3) Uncertain significance,gyrB_c.-26C>G
LEV,5195,3) Uncertain significance,gyrB_c.-45C>G
MXF,5195,3) Uncertain significance,gyrB_c.-45C>G
LEV,5187,3) Uncertain significance,gyrB_c.-53C>G
MXF,5187,3) Uncertain significance,gyrB_c.-53C>G
LEV,5182,3) Uncertain significance,gyrB_c.-58C>G
MXF,5182,3) Uncertain significance,gyrB_c.-58C>G
LEV,5153,3) Uncertain significance,gyrB_c.-87C>G
MXF,5153,3) Uncertain significance,gyrB_c.-87C>G
LEV,5573,3) Uncertain significance,gyrB_p.Asp112His
MXF,5573,3) Uncertain significance,gyrB_p.Asp112His
MXF,6762,3) Uncertain significance,gyrB_p.Ala508Val
LEV,5769,3) Uncertain significance,gyrB_p.Pro177Arg
MXF,5769,3) Uncertain significance,gyrB_p.Pro177Arg
LEV,6852,3) Uncertain significance,gyrB_p.Gln538Arg
LEV,8808,3) Uncertain significance,gyrA_p.Gly503Arg
MXF,8808,3) Uncertain significance,gyrA_p.Gly503Arg
LEV,7344,3) Uncertain significance,gyrA_p.Ile15Val
MXF,7344,3) Uncertain significance,gyrA_p.Ile15Val
LEV,7335,3) Uncertain significance,gyrA_p.Leu12Phe
MXF,7335,3) Uncertain significance,gyrA_p.Leu12Phe
LEV,8373,3) Uncertain significance,gyrA_p.Leu358Met
LEV,8664,3) Uncertain significance,gyrA_p.Leu455Val
MXF,8664,3) Uncertain significance,gyrA_p.Leu455Val
LEV,8784,3) Uncertain significance,gyrA_p.Arg495Cys
LEV,7506,3) Uncertain significance,gyrA_p.Ser69Gly
MXF,7506,3) Uncertain significance,gyrA_p.Ser69Gly
MXF,9484,3) Uncertain significance,gyrA_p.Ser728Leu
LEV,8431,3) Uncertain significance,gyrA_p.Thr377Ile
MXF,8431,3) Uncertain significance,gyrA_p.Thr377Ile
LEV,9525,3) Uncertain significance,gyrA_p.Val742Leu
LEV,5184,3) Uncertain significance,gyrB_c.-55delC
MXF,5184,3) Uncertain significance,gyrB_c.-55delC
LEV,5133,3) Uncertain significance,gyrB_c.-107A>C
MXF,5133,3) Uncertain significance,gyrB_c.-107A>C
LEV,7170,3) Uncertain significance,gyrB_p.Ala644Asp
MXF,7170,3) Uncertain significance,gyrB_p.Ala644Asp
LEV,7055,3) Uncertain significance,gyrB_p.Gly606Ser
MXF,7055,3) Uncertain significance,gyrB_p.Gly606Ser
LEV,9484,3) Uncertain significance,gyrA_p.Ser728Leu
LZD,800328,3) Uncertain significance,rplC_c.-481G>A
MXF,8731,3) Uncertain significance,gyrA_p.Gly477Glu
LEV,8352,3) Uncertain significance,gyrA_p.Gly351Trp
MXF,6852,3) Uncertain significance,gyrB_p.Gln538Arg
LEV,6806,3) Uncertain significance,gyrB_p.Arg523Ser
MXF,6806,3) Uncertain significance,gyrB_p.Arg523Ser
LEV,7140,3) Uncertain significance,gyrB_p.Arg634Leu
MXF,7140,3) Uncertain significance,gyrB_p.Arg634Leu
LEV,5747,3) Uncertain significance,gyrB_p.Thr170Ala
MXF,5747,3) Uncertain significance,gyrB_p.Thr170Ala
LEV,5864,3) Uncertain significance,gyrB_p.Thr209Ala
MXF,5864,3) Uncertain significance,gyrB_p.Thr209Ala
LEV,6039,3) Uncertain significance,gyrB_p.Thr267Ser
MXF,6039,3) Uncertain significance,gyrB_p.Thr267Ser
LEV,6758,3) Uncertain significance,gyrB_p.Thr507Ala
LEV,8731,3) Uncertain significance,gyrA_p.Gly477Glu
MXF,6758,3) Uncertain significance,gyrB_p.Thr507Ala
LEV,6455,3) Uncertain significance,gyrB_p.Val406Ile
MXF,6455,3) Uncertain significance,gyrB_p.Val406Ile
LEV,6518,3) Uncertain significance,gyrB_p.Val427Met
MXF,6518,3) Uncertain significance,gyrB_p.Val427Met
LEV,5997,3) Uncertain significance,gyrB_p.Tyr253Ser
MXF,5997,3) Uncertain significance,gyrB_p.Tyr253Ser
LEV,9178,3) Uncertain significance,gyrA_p.Ala626Val
MXF,9178,3) Uncertain significance,gyrA_p.Ala626Val
LEV,9661,3) Uncertain significance,gyrA_p.Ala787Gly
MXF,9661,3) Uncertain significance,gyrA_p.Ala787Gly
LEV,8743,3) Uncertain significance,gyrA_p.Asp481Ala
MXF,8743,3) Uncertain significance,gyrA_p.Asp481Ala
LEV,6218,3) Uncertain significance,gyrB_p.Val327Leu
LZD,800327,3) Uncertain significance,rplC_c.-482G>A
LZD,800324,3) Uncertain significance,rplC_c.-485G>C
LZD,800317,3) Uncertain significance,rplC_c.-492G>A
LZD,1474284,3) Uncertain significance,rrl_n.627G>T
LZD,1474301,3) Uncertain significance,rrl_n.644G>A
LZD,1474352,3) Uncertain significance,rrl_n.695G>A
LZD,1474357,3) Uncertain significance,rrl_n.700G>A
LZD,1474375,3) Uncertain significance,rrl_n.718G>A
LZD,1474444,3) Uncertain significance,rrl_n.787G>A
LZD,1474455,3) Uncertain significance,rrl_n.798G>A
LZD,1474463,3) Uncertain significance,rrl_n.806G>A
LZD,1474466,3) Uncertain significance,rrl_n.809G>A
LZD,1474468,3) Uncertain significance,rrl_n.811G>A
LZD,1474497,3) Uncertain significance,rrl_n.840G>T
LZD,1474499,3) Uncertain significance,rrl_n.842G>A
LZD,1474563,3) Uncertain significance,rrl_n.906G>A
LZD,1474604,3) Uncertain significance,rrl_n.947G>A
LZD,1475249,3) Uncertain significance,rrl_n.1592T>C
LZD,1475259,3) Uncertain significance,rrl_n.1602T>G
LZD,1475266,3) Uncertain significance,rrl_n.1609T>C
LZD,1475445,3) Uncertain significance,rrl_n.1788T>A
LZD,1475451,3) Uncertain significance,rrl_n.1794T>C
LZD,1473639,3) Uncertain significance,rrl_n.-19T>G
LZD,1475718,3) Uncertain significance,rrl_n.2061T>C
LZD,1473871,3) Uncertain significance,rrl_n.214T>G
LZD,1475866,3) Uncertain significance,rrl_n.2209T>G
LZD,1476124,3) Uncertain significance,rrl_n.2467T>C
LZD,1476160,3) Uncertain significance,rrl_n.2503T>G
LZD,1473717,3) Uncertain significance,rrl_n.60G>A
LZD,1474192,3) Uncertain significance,rrl_n.535G>T
LZD,1473654,3) Uncertain significance,rrl_n.-4G>C
LZD,1474132,3) Uncertain significance,rrl_n.475G>T
LZD,1475065,3) Uncertain significance,rrl_n.1408G>A
LZD,1475097,3) Uncertain significance,rrl_n.1440G>A
LZD,1475099,3) Uncertain significance,rrl_n.1442G>T
LZD,1475222,3) Uncertain significance,rrl_n.1565G>A
LZD,1475270,3) Uncertain significance,rrl_n.1613G>C
LZD,1475338,3) Uncertain significance,rrl_n.1681G>A
LZD,1475379,3) Uncertain significance,rrl_n.1722G>T
LZD,1473831,3) Uncertain significance,rrl_n.174G>A
LZD,1475417,3) Uncertain significance,rrl_n.1760G>A
LZD,1475476,3) Uncertain significance,rrl_n.1819G>A
LZD,1475595,3) Uncertain significance,rrl_n.1938G>A
LZD,1475597,3) Uncertain significance,rrl_n.1940G>A
LZD,1476186,3) Uncertain significance,rrl_n.2529T>C
LZD,1475598,3) Uncertain significance,rrl_n.1941G>A
LZD,1476025,3) Uncertain significance,rrl_n.2368G>A
LZD,1476111,3) Uncertain significance,rrl_n.2454G>A
LZD,1476129,3) Uncertain significance,rrl_n.2472G>A
LZD,1473683,3) Uncertain significance,rrl_n.26G>A
LZD,1476438,3) Uncertain significance,rrl_n.2781G>A
LZD,1473942,3) Uncertain significance,rrl_n.285G>C
LZD,1476543,3) Uncertain significance,rrl_n.2886G>A
LZD,1476631,3) Uncertain significance,rrl_n.2974G>A
LZD,1476720,3) Uncertain significance,rrl_n.3063G>A
LZD,1476721,3) Uncertain significance,rrl_n.3064G>A
LZD,1474024,3) Uncertain significance,rrl_n.367G>T
LZD,1474092,3) Uncertain significance,rrl_n.435G>T
LZD,1475667,3) Uncertain significance,rrl_n.2010G>A
LZD,1476423,3) Uncertain significance,rrl_n.2766T>C
LZD,1473631,3) Uncertain significance,rrl_n.-27T>G
LZD,1473941,3) Uncertain significance,rrl_n.284T>C
LZD,1476114,3) Uncertain significance,rrl_n.2457T>C
LZD,1473928,3) Uncertain significance,rrl_n.271T>C
LZD,1474553,3) Uncertain significance,rrl_n.896T>C
LZD,800344,3) Uncertain significance,rplC_c.-464delG
LZD,800860,3) Uncertain significance,rplC_p.Asp18Asn
LZD,801085,3) Uncertain significance,rplC_p.Thr93Ala
LZD,1475780,3) Uncertain significance,rrl_n.2123A>G
LZD,1474750,3) Uncertain significance,rrl_n.1093C>T
LZD,1475049,3) Uncertain significance,rrl_n.1392C>T
LZD,1475145,3) Uncertain significance,rrl_n.1488C>T
LZD,1475721,3) Uncertain significance,rrl_n.2064C>T
LZD,1476621,3) Uncertain significance,rrl_n.2964C>A
LZD,1476007,3) Uncertain significance,rrl_n.2350T>G
LZD,1474104,3) Uncertain significance,rrl_n.447G>A
LZD,1476674,3) Uncertain significance,rrl_n.3017T>C
LZD,1476436,3) Uncertain significance,rrl_n.2779A>G
LZD,1475008,3) Uncertain significance,rrl_n.1351C>A
LZD,1475241,3) Uncertain significance,rrl_n.1584C>G
LZD,1475617,3) Uncertain significance,rrl_n.1960C>T
LZD,1474571,3) Uncertain significance,rrl_n.914G>A
LZD,1474107,3) Uncertain significance,rrl_n.450T>C
LZD,1474201,3) Uncertain significance,rrl_n.544T>C
LZD,1475227,3) Uncertain significance,rrl_n.1572dupA
LZD,1473615,3) Uncertain significance,rrl_n.-43G>C
LZD,1475090,3) Uncertain significance,rrl_n.1433A>C
LZD,1475504,3) Uncertain significance,rrl_n.1847C>A
LZD,1473893,3) Uncertain significance,rrl_n.236T>C
LZD,1474885,3) Uncertain significance,rrl_n.1228G>A
LZD,1473660,3) Uncertain significance,rrl_n.3G>A
LZD,1474735,3) Uncertain significance,rrl_n.1078G>T
LZD,1473959,3) Uncertain significance,rrl_n.302T>C
LZD,1473960,3) Uncertain significance,rrl_n.303T>C
LZD,1473960,3) Uncertain significance,rrl_n.303T>G
LZD,1473986,3) Uncertain significance,rrl_n.329T>C
LZD,1474054,3) Uncertain significance,rrl_n.397T>C
LZD,1474105,3) Uncertain significance,rrl_n.448T>C
LZD,1473724,3) Uncertain significance,rrl_n.67T>G
LZD,1474381,3) Uncertain significance,rrl_n.724T>C
LZD,1474586,3) Uncertain significance,rrl_n.929T>C
LZD,800381,3) Uncertain significance,rplC_c.-428A>G
LZD,801355,3) Uncertain significance,rplC_p.His183Tyr
LZD,800920,3) Uncertain significance,rplC_p.Arg38Cys
LZD,1473676,3) Uncertain significance,rrl_n.19G>A
LZD,1475477,3) Uncertain significance,rrl_n.1821dupG
LZD,1475376,3) Uncertain significance,rrl_n.1719A>C
LZD,1473836,3) Uncertain significance,rrl_n.179A>G
LZD,1475460,3) Uncertain significance,rrl_n.1803A>G
LZD,1475750,3) Uncertain significance,rrl_n.2093A>C
LZD,1475954,3) Uncertain significance,rrl_n.2297A>G
LZD,1474441,3) Uncertain significance,rrl_n.784A>G
LZD,1474910,3) Uncertain significance,rrl_n.1253C>T
LZD,1475468,3) Uncertain significance,rrl_n.1811C>T
LZD,1475578,3) Uncertain significance,rrl_n.1921C>T
LZD,1473933,3) Uncertain significance,rrl_n.276C>T
LZD,1476578,3) Uncertain significance,rrl_n.2921C>A
LZD,1474372,3) Uncertain significance,rrl_n.715C>T
LZD,1475623,3) Uncertain significance,rrl_n.1968delG
KAN,3568936,3) Uncertain significance,whiB7_c.-257G>A
LZD,1474746,3) Uncertain significance,rrl_n.1089G>C
LZD,1474651,3) Uncertain significance,rrl_n.994C>T
LZD,1476136,3) Uncertain significance,rrl_n.2479A>G
LZD,1476194,3) Uncertain significance,rrl_n.2537A>G
LZD,1476222,3) Uncertain significance,rrl_n.2565A>C
LZD,1476260,3) Uncertain significance,rrl_n.2603A>G
LZD,1476485,3) Uncertain significance,rrl_n.2828A>G
LZD,1476539,3) Uncertain significance,rrl_n.2882A>G
LZD,1476573,3) Uncertain significance,rrl_n.2916A>G
LZD,1476600,3) Uncertain significance,rrl_n.2943A>T
LZD,1476606,3) Uncertain significance,rrl_n.2949A>C
LZD,1476751,3) Uncertain significance,rrl_n.3094A>G
LZD,1476793,3) Uncertain significance,rrl_n.3136A>T
LZD,1473983,3) Uncertain significance,rrl_n.326A>G
LZD,1473985,3) Uncertain significance,rrl_n.328A>G
LZD,1473992,3) Uncertain significance,rrl_n.335A>C
LZD,1474007,3) Uncertain significance,rrl_n.350A>C
LZD,1474253,3) Uncertain significance,rrl_n.596A>G
LZD,1474438,3) Uncertain significance,rrl_n.781A>G
LZD,1474525,3) Uncertain significance,rrl_n.868A>G
LZD,1474560,3) Uncertain significance,rrl_n.903A>G
LZD,1474670,3) Uncertain significance,rrl_n.1013C>A
LZD,1474701,3) Uncertain significance,rrl_n.1044C>A
LZD,1474754,3) Uncertain significance,rrl_n.1097C>T
LZD,1474921,3) Uncertain significance,rrl_n.1264C>A
LZD,1474988,3) Uncertain significance,rrl_n.1331C>T
LZD,1475114,3) Uncertain significance,rrl_n.1457C>T
LZD,1476122,3) Uncertain significance,rrl_n.2465A>T
LZD,1475988,3) Uncertain significance,rrl_n.2331A>G
LZD,1475974,3) Uncertain significance,rrl_n.2317A>G
LZD,1475971,3) Uncertain significance,rrl_n.2314A>G
LZD,801121,3) Uncertain significance,rplC_p.Ile105Val
LZD,800990,3) Uncertain significance,rplC_p.Lys61Thr
LZD,801449,3) Uncertain significance,rplC_p.Arg214Gln
LZD,"800939,800940",3) Uncertain significance,rplC_p.Arg44Leu
LZD,801044,3) Uncertain significance,rplC_p.Arg79Leu
LZD,800930,3) Uncertain significance,rplC_p.Thr41Met
LZD,1474761,3) Uncertain significance,rrl_n.1107dupG
LZD,1474862,3) Uncertain significance,rrl_n.1206delA
LZD,1475260,3) Uncertain significance,rrl_n.1608delG
LZD,1473819,3) Uncertain significance,rrl_n.168_169dupTA
LZD,1475760,3) Uncertain significance,rrl_n.2112dupT
LZD,1473878,3) Uncertain significance,rrl_n.222dupG
LZD,1475194,3) Uncertain significance,rrl_n.1537C>T
LZD,1474106,3) Uncertain significance,rrl_n.453delA
LZD,1474437,3) Uncertain significance,rrl_n.782dupA
LZD,1475063,3) Uncertain significance,rrl_n.1406A>C
LZD,1473798,3) Uncertain significance,rrl_n.141A>G
LZD,1475095,3) Uncertain significance,rrl_n.1438A>G
LZD,1475315,3) Uncertain significance,rrl_n.1658A>G
LZD,1475508,3) Uncertain significance,rrl_n.1851A>G
LZD,1475636,3) Uncertain significance,rrl_n.1979A>G
LZD,1475680,3) Uncertain significance,rrl_n.2023A>G
LZD,1475764,3) Uncertain significance,rrl_n.2107A>G
LZD,1475772,3) Uncertain significance,rrl_n.2115A>T
LZD,1475777,3) Uncertain significance,rrl_n.2120A>G
LZD,1475953,3) Uncertain significance,rrl_n.2296A>T
LZD,1474253,3) Uncertain significance,rrl_n.598delC
LZD,1475221,3) Uncertain significance,rrl_n.1564C>T
LZD,1475255,3) Uncertain significance,rrl_n.1598C>T
LZD,1475256,3) Uncertain significance,rrl_n.1599C>T
LZD,1476519,3) Uncertain significance,rrl_n.2862C>T
LZD,1476561,3) Uncertain significance,rrl_n.2904C>T
LZD,1476576,3) Uncertain significance,rrl_n.2919C>T
LZD,1476595,3) Uncertain significance,rrl_n.2938C>T
LZD,1476596,3) Uncertain significance,rrl_n.2939C>T
LZD,1476663,3) Uncertain significance,rrl_n.3006C>T
LZD,1476669,3) Uncertain significance,rrl_n.3012C>T
LZD,1476710,3) Uncertain significance,rrl_n.3053C>T
LZD,1476725,3) Uncertain significance,rrl_n.3068C>T
LZD,1474065,3) Uncertain significance,rrl_n.408C>T
LZD,1474081,3) Uncertain significance,rrl_n.424C>T
LZD,1473703,3) Uncertain significance,rrl_n.46C>G
LZD,1476466,3) Uncertain significance,rrl_n.2809C>T
LZD,1474190,3) Uncertain significance,rrl_n.533C>T
LZD,1474294,3) Uncertain significance,rrl_n.637C>T
LZD,1474300,3) Uncertain significance,rrl_n.643C>A
LZD,1474343,3) Uncertain significance,rrl_n.686C>T
LZD,1474390,3) Uncertain significance,rrl_n.733C>T
LZD,1474414,3) Uncertain significance,rrl_n.757C>G
LZD,1474415,3) Uncertain significance,rrl_n.758C>T
LZD,1473733,3) Uncertain significance,rrl_n.76C>T
LZD,1474446,3) Uncertain significance,rrl_n.789C>T
LZD,1474452,3) Uncertain significance,rrl_n.795C>T
LZD,1474523,3) Uncertain significance,rrl_n.866C>T
LZD,1474581,3) Uncertain significance,rrl_n.924C>G
LZD,1474598,3) Uncertain significance,rrl_n.941C>T
LZD,1474269,3) Uncertain significance,rrl_n.612C>T
LZD,1474731,3) Uncertain significance,rrl_n.1074G>A
LZD,1476412,3) Uncertain significance,rrl_n.2755C>T
LZD,1473923,3) Uncertain significance,rrl_n.266C>T
LZD,1475284,3) Uncertain significance,rrl_n.1627C>G
LZD,1475342,3) Uncertain significance,rrl_n.1685C>G
LZD,1475355,3) Uncertain significance,rrl_n.1698C>T
LZD,1475400,3) Uncertain significance,rrl_n.1743C>T
LZD,1475452,3) Uncertain significance,rrl_n.1795C>T
LZD,1473640,3) Uncertain significance,rrl_n.-18C>T
LZD,1475679,3) Uncertain significance,rrl_n.2022C>T
LZD,1475686,3) Uncertain significance,rrl_n.2029C>T
LZD,1475687,3) Uncertain significance,rrl_n.2030C>T
LZD,1475697,3) Uncertain significance,rrl_n.2040C>T
LZD,1473869,3) Uncertain significance,rrl_n.212C>T
LZD,1475789,3) Uncertain significance,rrl_n.2132C>G
LZD,1476338,3) Uncertain significance,rrl_n.2681C>T
LZD,1475809,3) Uncertain significance,rrl_n.2152C>T
LZD,1475882,3) Uncertain significance,rrl_n.2225C>T
LZD,1475906,3) Uncertain significance,rrl_n.2249C>T
LZD,1475993,3) Uncertain significance,rrl_n.2336C>T
LZD,1475998,3) Uncertain significance,rrl_n.2341C>A
LZD,1475998,3) Uncertain significance,rrl_n.2341C>T
LZD,1473898,3) Uncertain significance,rrl_n.241C>T
LZD,1476078,3) Uncertain significance,rrl_n.2421C>A
LZD,1476179,3) Uncertain significance,rrl_n.2522C>A
LZD,1476250,3) Uncertain significance,rrl_n.2593C>T
LZD,1473633,3) Uncertain significance,rrl_n.-25C>T
LZD,1476299,3) Uncertain significance,rrl_n.2642C>T
LZD,1473923,3) Uncertain significance,rrl_n.266C>A
LZD,1475877,3) Uncertain significance,rrl_n.2220C>A
ETH,4326300,3) Uncertain significance,ethA_p.Thr392Pro
AMI,4268928,3) Uncertain significance,aftB_c.906C>T
ETH,4326737,3) Uncertain significance,ethA_p.Gln246Pro
CAP,4338637,3) Uncertain significance,whiB6_c.-116A>G
STM,4338637,3) Uncertain significance,whiB6_c.-116A>G
AMI,4338646,3) Uncertain significance,whiB6_c.-125A>C
CAP,4338646,3) Uncertain significance,whiB6_c.-125A>C
AMI,4338534,3) Uncertain significance,whiB6_c.-13A>G
AMI,4338542,3) Uncertain significance,whiB6_c.-21A>G
AMI,4338449,3) Uncertain significance,whiB6_p.Ala25Ser
CAP,4338449,3) Uncertain significance,whiB6_p.Ala25Ser
AMI,4338449,3) Uncertain significance,whiB6_p.Ala25Thr
CAP,4338449,3) Uncertain significance,whiB6_p.Ala25Thr
STM,4338449,3) Uncertain significance,whiB6_p.Ala25Thr
AMI,4338552,3) Uncertain significance,whiB6_c.-31A>G
AMI,4338637,3) Uncertain significance,whiB6_c.-116A>G
CAP,4338552,3) Uncertain significance,whiB6_c.-31A>G
CAP,4338566,3) Uncertain significance,whiB6_c.-45A>G
STM,4338566,3) Uncertain significance,whiB6_c.-45A>G
AMI,4338376,3) Uncertain significance,whiB6_p.Ala49Asp
CAP,4338376,3) Uncertain significance,whiB6_p.Ala49Asp
STM,4338376,3) Uncertain significance,whiB6_p.Ala49Asp
AMI,4338376,3) Uncertain significance,whiB6_p.Ala49Val
CAP,4338376,3) Uncertain significance,whiB6_p.Ala49Val
STM,4338376,3) Uncertain significance,whiB6_p.Ala49Val
AMI,4338359,3) Uncertain significance,whiB6_p.Ala55Pro
CAP,4338359,3) Uncertain significance,whiB6_p.Ala55Pro
STM,4338359,3) Uncertain significance,whiB6_p.Ala55Pro
AMI,4338580,3) Uncertain significance,whiB6_c.-59A>C
AMI,4338566,3) Uncertain significance,whiB6_c.-45A>G
STM,4338635,3) Uncertain significance,whiB6_c.-114A>T
CAP,4338635,3) Uncertain significance,whiB6_c.-114A>T
AMI,4338635,3) Uncertain significance,whiB6_c.-114A>T
AMI,4338593,3) Uncertain significance,whiB6_c.-75_-73delGCTinsCG
CAP,4338593,3) Uncertain significance,whiB6_c.-75_-73delGCTinsCG
STM,4338593,3) Uncertain significance,whiB6_c.-75_-73delGCTinsCG
AMI,4338593,3) Uncertain significance,whiB6_c.-75_-73delGCTinsCC
AMI,4338594,3) Uncertain significance,whiB6_c.-74delC
CAP,4338594,3) Uncertain significance,whiB6_c.-74delC
STM,4338594,3) Uncertain significance,whiB6_c.-74delC
AMI,4338594,3) Uncertain significance,whiB6_c.-75delG
CAP,4338594,3) Uncertain significance,whiB6_c.-75delG
AMI,4338595,3) Uncertain significance,whiB6_c.-77_-75delGAGinsAA
CAP,4338595,3) Uncertain significance,whiB6_c.-77_-75delGAGinsAA
AMI,4338595,3) Uncertain significance,whiB6_c.-78_-75delAGAGinsGGA
CAP,4338595,3) Uncertain significance,whiB6_c.-78_-75delAGAGinsGGA
STM,4338595,3) Uncertain significance,whiB6_c.-78_-75delAGAGinsGGA
AMI,4338445,3) Uncertain significance,whiB6_p.Thr24fs
CAP,4338445,3) Uncertain significance,whiB6_p.Thr24fs
AMI,4338438,3) Uncertain significance,whiB6_p.Glu28fs
CAP,4338438,3) Uncertain significance,whiB6_p.Glu28fs
AMI,4338608,3) Uncertain significance,whiB6_c.-88delT
CAP,4338608,3) Uncertain significance,whiB6_c.-88delT
AMI,4338615,3) Uncertain significance,whiB6_c.-97_-95delACT
STM,4338615,3) Uncertain significance,whiB6_c.-97_-95delACT
AMI,4338619,3) Uncertain significance,whiB6_c.-99_-98insCTGG
CAP,4338619,3) Uncertain significance,whiB6_c.-99_-98insCTGG
CAP,4338580,3) Uncertain significance,whiB6_c.-59A>C
STM,4338580,3) Uncertain significance,whiB6_c.-59A>C
AMI,4338506,3) Uncertain significance,whiB6_p.Ala6Ser
CAP,4338506,3) Uncertain significance,whiB6_p.Ala6Ser
STM,4338647,3) Uncertain significance,whiB6_c.-126C>T
AMI,4338422,3) Uncertain significance,whiB6_p.Cys34Arg
CAP,4338422,3) Uncertain significance,whiB6_p.Cys34Arg
AMI,4338565,3) Uncertain significance,whiB6_c.-44C>T
AMI,4338364,3) Uncertain significance,whiB6_p.Cys53Tyr
CAP,4338364,3) Uncertain significance,whiB6_p.Cys53Tyr
AMI,4338355,3) Uncertain significance,whiB6_p.Cys56Tyr
AMI,4338338,3) Uncertain significance,whiB6_p.Cys62Arg
CAP,4338338,3) Uncertain significance,whiB6_p.Cys62Arg
AMI,4338337,3) Uncertain significance,whiB6_p.Cys62Tyr
CAP,4338337,3) Uncertain significance,whiB6_p.Cys62Tyr
AMI,4338605,3) Uncertain significance,whiB6_c.-84C>T
CAP,4338605,3) Uncertain significance,whiB6_c.-84C>T
AMI,4338617,3) Uncertain significance,whiB6_c.-96C>G
CAP,4338617,3) Uncertain significance,whiB6_c.-96C>G
AMI,4338530,3) Uncertain significance,whiB6_c.-9C>A
CAP,4338530,3) Uncertain significance,whiB6_c.-9C>A
AMI,4338463,3) Uncertain significance,whiB6_p.Asp20Ala
AMI,4338413,3) Uncertain significance,whiB6_p.Asp37His
AMI,4338328,3) Uncertain significance,whiB6_p.Asp65Gly
CAP,4338328,3) Uncertain significance,whiB6_p.Asp65Gly
AMI,4338224,3) Uncertain significance,whiB6_p.Glu100*
AMI,4338305,3) Uncertain significance,whiB6_p.Glu73*
CAP,4338305,3) Uncertain significance,whiB6_p.Glu73*
AMI,4338303,3) Uncertain significance,whiB6_p.Glu73Asp
AMI,4338499,3) Uncertain significance,whiB6_p.Glu8Ala
CAP,4338499,3) Uncertain significance,whiB6_p.Glu8Ala
CAP,4338647,3) Uncertain significance,whiB6_c.-126C>T
STM,4338526,3) Uncertain significance,whiB6_p.Arg2_Tyr3insPheProProArgGlnProGlyProThrArgArgLeuMetArg
AMI,4338647,3) Uncertain significance,whiB6_c.-126C>T
STM,4338497,3) Uncertain significance,whiB6_p.Ala9Ser
AMI,4338505,3) Uncertain significance,whiB6_p.Ala6Val
CAP,4338505,3) Uncertain significance,whiB6_p.Ala6Val
STM,4338505,3) Uncertain significance,whiB6_p.Ala6Val
AMI,4338307,3) Uncertain significance,whiB6_p.Ala72Val
AMI,4338293,3) Uncertain significance,whiB6_p.Ala77Thr
CAP,4338293,3) Uncertain significance,whiB6_p.Ala77Thr
AMI,4338599,3) Uncertain significance,whiB6_c.-78A>C
CAP,4338599,3) Uncertain significance,whiB6_c.-78A>C
AMI,4338503,3) Uncertain significance,whiB6_p.Ala7Ser
CAP,4338503,3) Uncertain significance,whiB6_p.Ala7Ser
AMI,4338256,3) Uncertain significance,whiB6_p.Ala89Glu
CAP,4338256,3) Uncertain significance,whiB6_p.Ala89Glu
STM,4338256,3) Uncertain significance,whiB6_p.Ala89Glu
AMI,4338250,3) Uncertain significance,whiB6_p.Ala91Glu
AMI,4338250,3) Uncertain significance,whiB6_p.Ala91Gly
CAP,4338250,3) Uncertain significance,whiB6_p.Ala91Gly
STM,4338250,3) Uncertain significance,whiB6_p.Ala91Gly
AMI,4338251,3) Uncertain significance,whiB6_p.Ala91Thr
AMI,4338250,3) Uncertain significance,whiB6_p.Ala91Val
STM,4338250,3) Uncertain significance,whiB6_p.Ala91Val
AMI,4338618,3) Uncertain significance,whiB6_c.-97A>C
CAP,4338618,3) Uncertain significance,whiB6_c.-97A>C
AMI,4338227,3) Uncertain significance,whiB6_p.Ala99Pro
AMI,4338226,3) Uncertain significance,whiB6_p.Ala99Val
CAP,4338226,3) Uncertain significance,whiB6_p.Ala99Val
STM,4338226,3) Uncertain significance,whiB6_p.Ala99Val
AMI,4338497,3) Uncertain significance,whiB6_p.Ala9Ser
AMI,4338532,3) Uncertain significance,whiB6_c.-11C>G
CAP,4338526,3) Uncertain significance,whiB6_p.Arg2_Tyr3insPheProProArgGlnProGlyProThrArgArgLeuMetArg
AMI,4338526,3) Uncertain significance,whiB6_p.Arg2_Tyr3insPheProProArgGlnProGlyProThrArgArgLeuMetArg
AMI,4338518,3) Uncertain significance,whiB6_p.Arg2fs
AMI,1472682,3) Uncertain significance,rrs_n.837T>G
CAP,1472682,3) Uncertain significance,rrs_n.837T>G
KAN,1472682,3) Uncertain significance,rrs_n.837T>G
STM,1472682,3) Uncertain significance,rrs_n.837T>G
AMI,1472683,3) Uncertain significance,rrs_n.838T>C
CAP,1472683,3) Uncertain significance,rrs_n.838T>C
KAN,1472683,3) Uncertain significance,rrs_n.838T>C
AMI,1471938,3) Uncertain significance,rrs_n.93T>G
KAN,1471938,3) Uncertain significance,rrs_n.93T>G
STM,1471938,3) Uncertain significance,rrs_n.93T>G
AMI,1472790,3) Uncertain significance,rrs_n.945T>C
CAP,1472790,3) Uncertain significance,rrs_n.945T>C
KAN,1472790,3) Uncertain significance,rrs_n.945T>C
AMI,4338635,3) Uncertain significance,whiB6_c.-115_-114insT
CAP,4338635,3) Uncertain significance,whiB6_c.-115_-114insT
AMI,4338390,3) Uncertain significance,whiB6_p.Thr44del
AMI,4338390,3) Uncertain significance,whiB6_p.Thr44fs
AMI,4338386,3) Uncertain significance,whiB6_p.Asp46fs
CAP,4338386,3) Uncertain significance,whiB6_p.Asp46fs
AMI,4338370,3) Uncertain significance,whiB6_p.Glu48_Thr51delinsAla
AMI,4338370,3) Uncertain significance,whiB6_p.Thr51fs
AMI,4338370,3) Uncertain significance,whiB6_p.Glu48fs
CAP,4338370,3) Uncertain significance,whiB6_p.Glu48fs
AMI,4338366,3) Uncertain significance,whiB6_p.Leu52fs
STM,4338366,3) Uncertain significance,whiB6_p.Leu52fs
AMI,4338366,3) Uncertain significance,whiB6_p.Cys53fs
CAP,4338366,3) Uncertain significance,whiB6_p.Cys53fs
KAN,1472682,3) Uncertain significance,rrs_n.837T>A
CAP,1472682,3) Uncertain significance,rrs_n.837T>A
KAN,1472675,3) Uncertain significance,rrs_n.830T>A
STM,1471779,3) Uncertain significance,rrs_n.-67T>C
AMI,1472543,3) Uncertain significance,rrs_n.698T>C
CAP,1472543,3) Uncertain significance,rrs_n.698T>C
KAN,1472543,3) Uncertain significance,rrs_n.698T>C
AMI,1472572,3) Uncertain significance,rrs_n.727T>C
KAN,1472572,3) Uncertain significance,rrs_n.727T>C
STM,1472572,3) Uncertain significance,rrs_n.727T>C
AMI,1471768,3) Uncertain significance,rrs_n.-78T>C
CAP,1471768,3) Uncertain significance,rrs_n.-78T>C
KAN,1471768,3) Uncertain significance,rrs_n.-78T>C
STM,1471768,3) Uncertain significance,rrs_n.-78T>C
AMI,1471767,3) Uncertain significance,rrs_n.-79T>C
KAN,1471767,3) Uncertain significance,rrs_n.-79T>C
LZD,1471767,3) Uncertain significance,rrs_n.-79T>C
AMI,1471925,3) Uncertain significance,rrs_n.80T>C
AMI,1472660,3) Uncertain significance,rrs_n.815T>C
CAP,1472660,3) Uncertain significance,rrs_n.815T>C
KAN,1472660,3) Uncertain significance,rrs_n.815T>C
AMI,1472673,3) Uncertain significance,rrs_n.828T>G
CAP,1472673,3) Uncertain significance,rrs_n.828T>G
KAN,1472673,3) Uncertain significance,rrs_n.828T>G
AMI,1472674,3) Uncertain significance,rrs_n.829T>G
CAP,1472674,3) Uncertain significance,rrs_n.829T>G
KAN,1472674,3) Uncertain significance,rrs_n.829T>G
STM,1472674,3) Uncertain significance,rrs_n.829T>G
AMI,1472675,3) Uncertain significance,rrs_n.830T>A
CAP,1472675,3) Uncertain significance,rrs_n.830T>A
AMI,1472682,3) Uncertain significance,rrs_n.837T>A
AMI,4338499,3) Uncertain significance,whiB6_p.Glu8Gly
CAP,4338366,3) Uncertain significance,whiB6_p.Leu52fs
AMI,4338355,3) Uncertain significance,whiB6_p.Cys56fs
AMI,4338267,3) Uncertain significance,whiB6_p.Gly85fs
AMI,4338267,3) Uncertain significance,whiB6_p.Ser84fs
AMI,4338267,3) Uncertain significance,whiB6_p.Arg86fs
AMI,4338248,3) Uncertain significance,whiB6_p.Leu92fs
AMI,4338224,3) Uncertain significance,whiB6_p.Glu100fs
CAP,4338224,3) Uncertain significance,whiB6_p.Glu100fs
STM,4338224,3) Uncertain significance,whiB6_p.Glu100fs
AMI,4338215,3) Uncertain significance,whiB6_p.Leu98fs
CAP,4338215,3) Uncertain significance,whiB6_p.Leu98fs
AMI,4338215,3) Uncertain significance,whiB6_p.Asn102fs
CAP,4338215,3) Uncertain significance,whiB6_p.Asn102fs
AMI,4338207,3) Uncertain significance,whiB6_p.Pro105fs
AMI,4338207,3) Uncertain significance,whiB6_p.Val106fs
CAP,4338207,3) Uncertain significance,whiB6_p.Val106fs
STM,4338207,3) Uncertain significance,whiB6_p.Val106fs
AMI,4338201,3) Uncertain significance,whiB6_p.Arg107fs
CAP,4338201,3) Uncertain significance,whiB6_p.Arg107fs
AMI,4338197,3) Uncertain significance,whiB6_p.Asp108fs
CAP,4338197,3) Uncertain significance,whiB6_p.Asp108fs
AMI,4338196,3) Uncertain significance,whiB6_p.His109fs
AMI,4338187,3) Uncertain significance,whiB6_p.Ser112fs
CAP,4338187,3) Uncertain significance,whiB6_p.Ser112fs
AMI,4338181,3) Uncertain significance,whiB6_p.Gln114fs
AMI,4338179,3) Uncertain significance,whiB6_p.Ser115fs
STM,4338179,3) Uncertain significance,whiB6_p.Ser115fs
AMI,4338498,3) Uncertain significance,whiB6_p.Glu8fs
AMI,4338286,3) Uncertain significance,whiB6_p.Val79fs
AMI,4338299,3) Uncertain significance,whiB6_p.Leu75fs
CAP,4338355,3) Uncertain significance,whiB6_p.Cys56fs
STM,4338355,3) Uncertain significance,whiB6_p.Cys56fs
AMI,4338351,3) Uncertain significance,whiB6_p.Pro57fs
CAP,4338351,3) Uncertain significance,whiB6_p.Pro57fs
AMI,4338345,3) Uncertain significance,whiB6_p.Arg59fs
CAP,4338345,3) Uncertain significance,whiB6_p.Arg59fs
AMI,4338338,3) Uncertain significance,whiB6_p.Trp60fs
CAP,4338338,3) Uncertain significance,whiB6_p.Trp60fs
AMI,4338338,3) Uncertain significance,whiB6_p.Leu61fs
CAP,4338338,3) Uncertain significance,whiB6_p.Leu61fs
AMI,4338336,3) Uncertain significance,whiB6_p.Cys62fs
CAP,4338336,3) Uncertain significance,whiB6_p.Cys62fs
AMI,4338334,3) Uncertain significance,whiB6_p.Ala63fs
CAP,4338334,3) Uncertain significance,whiB6_p.Ala63fs
AMI,4338333,3) Uncertain significance,whiB6_p.Arg64fs
CAP,4338333,3) Uncertain significance,whiB6_p.Arg64fs
AMI,4338327,3) Uncertain significance,whiB6_p.Asp65fs
CAP,4338327,3) Uncertain significance,whiB6_p.Asp65fs
AMI,4338323,3) Uncertain significance,whiB6_p.Val67fs
CAP,4338323,3) Uncertain significance,whiB6_p.Val67fs
STM,4338323,3) Uncertain significance,whiB6_p.Val67fs
AMI,4338304,3) Uncertain significance,whiB6_p.Glu73fs
CAP,4338304,3) Uncertain significance,whiB6_p.Glu73fs
CAP,4338299,3) Uncertain significance,whiB6_p.Leu75fs
LZD,1471779,3) Uncertain significance,rrs_n.-67T>C
STM,4338499,3) Uncertain significance,whiB6_p.Glu8Gly
CAP,4338499,3) Uncertain significance,whiB6_p.Glu8Val
KAN,3568728,3) Uncertain significance,whiB7_c.-49A>G
STM,3568728,3) Uncertain significance,whiB7_c.-49A>G
AMI,3568516,3) Uncertain significance,whiB7_p.Ala55Glu
KAN,3568516,3) Uncertain significance,whiB7_p.Ala55Glu
STM,3568516,3) Uncertain significance,whiB7_p.Ala55Glu
AMI,3568744,3) Uncertain significance,whiB7_c.-65A>G
KAN,3568744,3) Uncertain significance,whiB7_c.-65A>G
STM,3568744,3) Uncertain significance,whiB7_c.-65A>G
AMI,3568757,3) Uncertain significance,whiB7_c.-78A>G
KAN,3568757,3) Uncertain significance,whiB7_c.-78A>G
STM,3568757,3) Uncertain significance,whiB7_c.-78A>G
AMI,3568686,3) Uncertain significance,whiB7_c.-7A>G
AMI,3568728,3) Uncertain significance,whiB7_c.-49A>G
KAN,3568686,3) Uncertain significance,whiB7_c.-7A>G
AMI,3568687,3) Uncertain significance,whiB7_c.-8A>T
AMI,3568412,3) Uncertain significance,whiB7_p.Ala90Ser
KAN,3568412,3) Uncertain significance,whiB7_p.Ala90Ser
AMI,3568793,3) Uncertain significance,whiB7_c.-114C>T
KAN,3568793,3) Uncertain significance,whiB7_c.-114C>T
STM,3568793,3) Uncertain significance,whiB7_c.-114C>T
AMI,3568800,3) Uncertain significance,whiB7_c.-121C>T
KAN,3568800,3) Uncertain significance,whiB7_c.-121C>T
AMI,3568819,3) Uncertain significance,whiB7_c.-140C>G
KAN,3568819,3) Uncertain significance,whiB7_c.-140C>G
AMI,3568842,3) Uncertain significance,whiB7_c.-163C>G
KAN,3568842,3) Uncertain significance,whiB7_c.-163C>G
STM,3568686,3) Uncertain significance,whiB7_c.-7A>G
STM,3568565,3) Uncertain significance,whiB7_p.Ala39Thr
AMI,3568565,3) Uncertain significance,whiB7_p.Ala39Thr
KAN,3569075,3) Uncertain significance,whiB7_c.-396A>G
AMI,3568487,3) Uncertain significance,whiB7_p.Gly64fs
AMI,3568881,3) Uncertain significance,whiB7_c.-203_-202insC
KAN,3568881,3) Uncertain significance,whiB7_c.-203_-202insC
AMI,3568889,3) Uncertain significance,whiB7_c.-211_-210insG
AMI,3568892,3) Uncertain significance,whiB7_c.-221delA
KAN,3568892,3) Uncertain significance,whiB7_c.-221delA
AMI,3568416,3) Uncertain significance,whiB7_p.Gly84_Arg87del
AMI,3568995,3) Uncertain significance,whiB7_c.-318_-317delGG
AMI,3569018,3) Uncertain significance,whiB7_c.-340delC
KAN,3569018,3) Uncertain significance,whiB7_c.-340delC
AMI,3568639,3) Uncertain significance,whiB7_p.Thr10_Gln13del
KAN,3568639,3) Uncertain significance,whiB7_p.Thr10_Gln13del
AMI,3568639,3) Uncertain significance,whiB7_p.Arg12fs
AMI,3568807,3) Uncertain significance,whiB7_c.-128A>G
KAN,3568807,3) Uncertain significance,whiB7_c.-128A>G
AMI,3568891,3) Uncertain significance,whiB7_c.-212A>C
KAN,3568891,3) Uncertain significance,whiB7_c.-212A>C
AMI,3568893,3) Uncertain significance,whiB7_c.-214A>C
AMI,3568900,3) Uncertain significance,whiB7_c.-221A>C
KAN,3568900,3) Uncertain significance,whiB7_c.-221A>C
AMI,3568974,3) Uncertain significance,whiB7_c.-295A>C
KAN,3568974,3) Uncertain significance,whiB7_c.-295A>C
STM,3568974,3) Uncertain significance,whiB7_c.-295A>C
AMI,3569075,3) Uncertain significance,whiB7_c.-396A>G
AMI,3568872,3) Uncertain significance,whiB7_c.-193C>T
KAN,3568872,3) Uncertain significance,whiB7_c.-193C>T
AMI,3568702,3) Uncertain significance,whiB7_c.-23C>A
KAN,3568702,3) Uncertain significance,whiB7_c.-23C>A
AMI,3569000,3) Uncertain significance,whiB7_c.-321G>C
KAN,3569000,3) Uncertain significance,whiB7_c.-321G>C
AMI,3569001,3) Uncertain significance,whiB7_c.-322G>C
KAN,3569001,3) Uncertain significance,whiB7_c.-322G>C
STM,3569001,3) Uncertain significance,whiB7_c.-322G>C
AMI,3569007,3) Uncertain significance,whiB7_c.-328G>A
KAN,3569007,3) Uncertain significance,whiB7_c.-328G>A
AMI,3568711,3) Uncertain significance,whiB7_c.-32G>A
KAN,3568711,3) Uncertain significance,whiB7_c.-32G>A
AMI,3569034,3) Uncertain significance,whiB7_c.-355G>A
KAN,3569034,3) Uncertain significance,whiB7_c.-355G>A
AMI,3568729,3) Uncertain significance,whiB7_c.-50G>A
KAN,3568729,3) Uncertain significance,whiB7_c.-50G>A
STM,3568729,3) Uncertain significance,whiB7_c.-50G>A
AMI,3568734,3) Uncertain significance,whiB7_c.-55G>T
STM,3568734,3) Uncertain significance,whiB7_c.-55G>T
AMI,3568735,3) Uncertain significance,whiB7_c.-56G>T
KAN,3568735,3) Uncertain significance,whiB7_c.-56G>T
STM,3568735,3) Uncertain significance,whiB7_c.-56G>T
AMI,3568617,3) Uncertain significance,whiB7_p.His21Gln
KAN,3568617,3) Uncertain significance,whiB7_p.His21Gln
AMI,3568454,3) Uncertain significance,whiB7_p.Ile76Val
KAN,3568454,3) Uncertain significance,whiB7_p.Ile76Val
AMI,3568560,3) Uncertain significance,whiB7_p.Lys40Asn
KAN,3568560,3) Uncertain significance,whiB7_p.Lys40Asn
AMI,3568417,3) Uncertain significance,whiB7_p.Lys88Thr
STM,3568417,3) Uncertain significance,whiB7_p.Lys88Thr
STM,3568958,3) Uncertain significance,whiB7_c.-279G>T
CAP,4338295,3) Uncertain significance,whiB6_p.Trp76Ser
AMI,3568958,3) Uncertain significance,whiB7_c.-279G>T
AMI,3568957,3) Uncertain significance,whiB7_c.-278G>C
AMI,3568919,3) Uncertain significance,whiB7_c.-240C>G
KAN,3568919,3) Uncertain significance,whiB7_c.-240C>G
STM,3568919,3) Uncertain significance,whiB7_c.-240C>G
AMI,3569020,3) Uncertain significance,whiB7_c.-341C>A
KAN,3569020,3) Uncertain significance,whiB7_c.-341C>A
AMI,3569032,3) Uncertain significance,whiB7_c.-353C>A
KAN,3569032,3) Uncertain significance,whiB7_c.-353C>A
STM,3569032,3) Uncertain significance,whiB7_c.-353C>A
AMI,3569037,3) Uncertain significance,whiB7_c.-358C>T
KAN,3569037,3) Uncertain significance,whiB7_c.-358C>T
AMI,3568745,3) Uncertain significance,whiB7_c.-66C>G
KAN,3568745,3) Uncertain significance,whiB7_c.-66C>G
STM,3568745,3) Uncertain significance,whiB7_c.-66C>G
AMI,3568603,3) Uncertain significance,whiB7_p.Asp26Gly
STM,3568603,3) Uncertain significance,whiB7_p.Asp26Gly
AMI,3568474,3) Uncertain significance,whiB7_p.Glu69Gly
AMI,3568595,3) Uncertain significance,whiB7_p.Phe29Ile
KAN,3568595,3) Uncertain significance,whiB7_p.Phe29Ile
AMI,3568845,3) Uncertain significance,whiB7_c.-166G>A
KAN,3568845,3) Uncertain significance,whiB7_c.-166G>A
STM,3568845,3) Uncertain significance,whiB7_c.-166G>A
AMI,3568879,3) Uncertain significance,whiB7_c.-200G>T
KAN,3568879,3) Uncertain significance,whiB7_c.-200G>T
AMI,3568906,3) Uncertain significance,whiB7_c.-227G>C
KAN,3568906,3) Uncertain significance,whiB7_c.-227G>C
AMI,3568612,3) Uncertain significance,whiB7_p.Gly23Asp
KAN,3568612,3) Uncertain significance,whiB7_p.Gly23Asp
KAN,3568957,3) Uncertain significance,whiB7_c.-278G>C
AMI,4338295,3) Uncertain significance,whiB6_p.Trp76Ser
STM,4338296,3) Uncertain significance,whiB6_p.Trp76Arg
CAP,4338296,3) Uncertain significance,whiB6_p.Trp76Arg
AMI,4338620,3) Uncertain significance,whiB6_c.-99G>T
AMI,4338197,3) Uncertain significance,whiB6_p.His109Tyr
CAP,4338197,3) Uncertain significance,whiB6_p.His109Tyr
STM,4338197,3) Uncertain significance,whiB6_p.His109Tyr
AMI,4338374,3) Uncertain significance,whiB6_p.Lys50*
CAP,4338374,3) Uncertain significance,whiB6_p.Lys50*
AMI,4338374,3) Uncertain significance,whiB6_p.Lys50Glu
CAP,4338374,3) Uncertain significance,whiB6_p.Lys50Glu
STM,4338374,3) Uncertain significance,whiB6_p.Lys50Glu
AMI,4338374,3) Uncertain significance,whiB6_p.Lys50Gln
CAP,4338374,3) Uncertain significance,whiB6_p.Lys50Gln
AMI,4338367,3) Uncertain significance,whiB6_p.Leu52Pro
CAP,4338367,3) Uncertain significance,whiB6_p.Leu52Pro
AMI,"4338239,4338238",3) Uncertain significance,whiB6_p.Leu95Ala
CAP,"4338239,4338238",3) Uncertain significance,whiB6_p.Leu95Ala
AMI,4338238,3) Uncertain significance,whiB6_p.Leu95Arg
CAP,4338238,3) Uncertain significance,whiB6_p.Leu95Arg
AMI,4338229,3) Uncertain significance,whiB6_p.Leu98Arg
CAP,4338229,3) Uncertain significance,whiB6_p.Leu98Arg
STM,4338229,3) Uncertain significance,whiB6_p.Leu98Arg
AMI,4338459,3) Uncertain significance,whiB6_p.Met21Ile
CAP,4338459,3) Uncertain significance,whiB6_p.Met21Ile
STM,4338459,3) Uncertain significance,whiB6_p.Met21Ile
AMI,4338484,3) Uncertain significance,whiB6_p.Asn13Ser
AMI,4338244,3) Uncertain significance,whiB6_p.Gly93Asp
AMI,4338469,3) Uncertain significance,whiB6_p.Asn18Thr
CAP,4338268,3) Uncertain significance,whiB6_p.Gly85Val
AMI,4338268,3) Uncertain significance,whiB6_p.Gly85Ala
AMI,4338508,3) Uncertain significance,whiB6_p.Phe5Cys
AMI,4338253,3) Uncertain significance,whiB6_p.Phe90Cys
STM,4338253,3) Uncertain significance,whiB6_p.Phe90Cys
AMI,4338254,3) Uncertain significance,whiB6_p.Phe90Val
AMI,4338531,3) Uncertain significance,whiB6_c.-10G>A
AMI,4338634,3) Uncertain significance,whiB6_c.-113G>C
CAP,4338634,3) Uncertain significance,whiB6_c.-113G>C
STM,4338634,3) Uncertain significance,whiB6_c.-113G>C
AMI,4338545,3) Uncertain significance,whiB6_c.-24G>C
CAP,4338545,3) Uncertain significance,whiB6_c.-24G>C
AMI,4338545,3) Uncertain significance,whiB6_c.-24G>T
CAP,4338545,3) Uncertain significance,whiB6_c.-24G>T
STM,4338545,3) Uncertain significance,whiB6_c.-24G>T
AMI,4338546,3) Uncertain significance,whiB6_c.-25G>A
STM,4338546,3) Uncertain significance,whiB6_c.-25G>A
AMI,4338428,3) Uncertain significance,whiB6_p.Gly32Ser
CAP,4338428,3) Uncertain significance,whiB6_p.Gly32Ser
STM,4338428,3) Uncertain significance,whiB6_p.Gly32Ser
AMI,4338554,3) Uncertain significance,whiB6_c.-33G>C
CAP,4338554,3) Uncertain significance,whiB6_c.-33G>C
AMI,4338526,3) Uncertain significance,whiB6_c.-5G>A
CAP,4338526,3) Uncertain significance,whiB6_c.-5G>A
AMI,4338301,3) Uncertain significance,whiB6_p.Gly74Glu
STM,4338301,3) Uncertain significance,whiB6_p.Gly74Glu
AMI,4338302,3) Uncertain significance,whiB6_p.Gly74Arg
CAP,4338302,3) Uncertain significance,whiB6_p.Gly74Arg
STM,4338302,3) Uncertain significance,whiB6_p.Gly74Arg
AMI,4338268,3) Uncertain significance,whiB6_p.Gly85Val
AMI,4338499,3) Uncertain significance,whiB6_p.Glu8Val
AMI,4338278,3) Uncertain significance,whiB6_p.Pro82Ser
CAP,4338416,3) Uncertain significance,whiB6_p.Gln36*
AMI,4338491,3) Uncertain significance,whiB6_p.Thr11Pro
CAP,4338491,3) Uncertain significance,whiB6_p.Thr11Pro
AMI,4338538,3) Uncertain significance,whiB6_c.-17T>C
CAP,4338538,3) Uncertain significance,whiB6_c.-17T>C
STM,4338538,3) Uncertain significance,whiB6_c.-17T>C
AMI,4338452,3) Uncertain significance,whiB6_p.Thr24Ala
AMI,4338418,3) Uncertain significance,whiB6_p.Thr35Met
AMI,4338419,3) Uncertain significance,whiB6_p.Thr35Pro
CAP,4338419,3) Uncertain significance,whiB6_p.Thr35Pro
AMI,4338398,3) Uncertain significance,whiB6_p.Thr42Ala
AMI,4338527,3) Uncertain significance,whiB6_c.-6T>C
AMI,4338609,3) Uncertain significance,whiB6_c.-88T>G
CAP,4338609,3) Uncertain significance,whiB6_c.-88T>G
AMI,4338454,3) Uncertain significance,whiB6_p.Val23Ala
CAP,4338454,3) Uncertain significance,whiB6_p.Val23Ala
AMI,4338424,3) Uncertain significance,whiB6_p.Val33Gly
CAP,4338424,3) Uncertain significance,whiB6_p.Val33Gly
STM,4338424,3) Uncertain significance,whiB6_p.Val33Gly
AMI,4338474,3) Uncertain significance,whiB6_p.Trp16*
CAP,4338474,3) Uncertain significance,whiB6_p.Trp16*
AMI,4338476,3) Uncertain significance,whiB6_p.Trp16Arg
CAP,4338476,3) Uncertain significance,whiB6_p.Trp16Arg
STM,4338476,3) Uncertain significance,whiB6_p.Trp16Arg
AMI,4338400,3) Uncertain significance,whiB6_p.Trp41Ser
STM,4338400,3) Uncertain significance,whiB6_p.Trp41Ser
AMI,4338294,3) Uncertain significance,whiB6_p.Trp76Cys
AMI,4338296,3) Uncertain significance,whiB6_p.Trp76Arg
STM,4338491,3) Uncertain significance,whiB6_p.Thr11Ala
AMI,4338416,3) Uncertain significance,whiB6_p.Gln36*
CAP,4338491,3) Uncertain significance,whiB6_p.Thr11Ala
AMI,4338640,3) Uncertain significance,whiB6_c.-119T>G
STM,4338416,3) Uncertain significance,whiB6_p.Gln36*
AMI,4338220,3) Uncertain significance,whiB6_p.Arg101Pro
AMI,4338472,3) Uncertain significance,whiB6_p.Arg17Lys
CAP,4338472,3) Uncertain significance,whiB6_p.Arg17Lys
STM,4338472,3) Uncertain significance,whiB6_p.Arg17Lys
AMI,4338350,3) Uncertain significance,whiB6_p.Arg58Gly
CAP,4338350,3) Uncertain significance,whiB6_p.Arg58Gly
STM,4338350,3) Uncertain significance,whiB6_p.Arg58Gly
AMI,4338346,3) Uncertain significance,whiB6_p.Arg59Leu
CAP,4338346,3) Uncertain significance,whiB6_p.Arg59Leu
STM,4338346,3) Uncertain significance,whiB6_p.Arg59Leu
AMI,4338332,3) Uncertain significance,whiB6_p.Arg64Cys
CAP,4338332,3) Uncertain significance,whiB6_p.Arg64Cys
STM,4338332,3) Uncertain significance,whiB6_p.Arg64Cys
AMI,4338265,3) Uncertain significance,whiB6_p.Arg86Leu
AMI,4338265,3) Uncertain significance,whiB6_p.Arg86Pro
AMI,4338260,3) Uncertain significance,whiB6_p.Arg88Gly
CAP,4338260,3) Uncertain significance,whiB6_p.Arg88Gly
AMI,4338235,3) Uncertain significance,whiB6_p.Arg96Pro
CAP,4338235,3) Uncertain significance,whiB6_p.Arg96Pro
AMI,4338187,3) Uncertain significance,whiB6_p.Ser112Phe
CAP,4338187,3) Uncertain significance,whiB6_p.Ser112Phe
AMI,4338271,3) Uncertain significance,whiB6_p.Ser84Leu
CAP,4338271,3) Uncertain significance,whiB6_p.Ser84Leu
AMI,4338494,3) Uncertain significance,whiB6_p.Thr10Ala
CAP,4338494,3) Uncertain significance,whiB6_p.Thr10Ala
AMI,4338631,3) Uncertain significance,whiB6_c.-110T>G
AMI,4338491,3) Uncertain significance,whiB6_p.Thr11Ala
AMI,3568634,3) Uncertain significance,whiB7_p.Pro16Ser
KAN,1471779,3) Uncertain significance,rrs_n.-67T>C
AMI,1471779,3) Uncertain significance,rrs_n.-67T>C
STM,1472111,3) Uncertain significance,rrs_n.266C>T
AMI,1471819,3) Uncertain significance,rrs_n.-27C>A
KAN,1471819,3) Uncertain significance,rrs_n.-27C>A
LZD,1471819,3) Uncertain significance,rrs_n.-27C>A
STM,1471819,3) Uncertain significance,rrs_n.-27C>A
AMI,1472127,3) Uncertain significance,rrs_n.282C>T
KAN,1472127,3) Uncertain significance,rrs_n.282C>T
AMI,1472151,3) Uncertain significance,rrs_n.306C>T
CAP,1472151,3) Uncertain significance,rrs_n.306C>T
KAN,1472151,3) Uncertain significance,rrs_n.306C>T
STM,1472151,3) Uncertain significance,rrs_n.306C>T
AMI,1472152,3) Uncertain significance,rrs_n.307C>T
KAN,1472111,3) Uncertain significance,rrs_n.266C>T
CAP,1472152,3) Uncertain significance,rrs_n.307C>T
AMI,1472178,3) Uncertain significance,rrs_n.333C>T
KAN,1472178,3) Uncertain significance,rrs_n.333C>T
AMI,1472185,3) Uncertain significance,rrs_n.340C>T
KAN,1472185,3) Uncertain significance,rrs_n.340C>T
STM,1472185,3) Uncertain significance,rrs_n.340C>T
AMI,1472189,3) Uncertain significance,rrs_n.344C>T
KAN,1472189,3) Uncertain significance,rrs_n.344C>T
AMI,1471882,3) Uncertain significance,rrs_n.37C>T
CAP,1471882,3) Uncertain significance,rrs_n.37C>T
KAN,1471882,3) Uncertain significance,rrs_n.37C>T
STM,1471882,3) Uncertain significance,rrs_n.37C>T
AMI,1472225,3) Uncertain significance,rrs_n.380C>G
STM,1472152,3) Uncertain significance,rrs_n.307C>T
CAP,1472111,3) Uncertain significance,rrs_n.266C>T
AMI,1472111,3) Uncertain significance,rrs_n.266C>T
KAN,1472092,3) Uncertain significance,rrs_n.247C>T
CAP,1473173,3) Uncertain significance,rrs_n.1328C>T
KAN,1473173,3) Uncertain significance,rrs_n.1328C>T
AMI,1473191,3) Uncertain significance,rrs_n.1346C>T
CAP,1473191,3) Uncertain significance,rrs_n.1346C>T
KAN,1473191,3) Uncertain significance,rrs_n.1346C>T
AMI,1473204,3) Uncertain significance,rrs_n.1359C>T
CAP,1473204,3) Uncertain significance,rrs_n.1359C>T
KAN,1473204,3) Uncertain significance,rrs_n.1359C>T
AMI,1473259,3) Uncertain significance,rrs_n.1414C>T
CAP,1473259,3) Uncertain significance,rrs_n.1414C>T
KAN,1473259,3) Uncertain significance,rrs_n.1414C>T
AMI,1471704,3) Uncertain significance,rrs_n.-142C>T
CAP,1471704,3) Uncertain significance,rrs_n.-142C>T
KAN,1471704,3) Uncertain significance,rrs_n.-142C>T
LZD,1471704,3) Uncertain significance,rrs_n.-142C>T
AMI,1473348,3) Uncertain significance,rrs_n.1503C>T
CAP,1473348,3) Uncertain significance,rrs_n.1503C>T
KAN,1473348,3) Uncertain significance,rrs_n.1503C>T
AMI,1472041,3) Uncertain significance,rrs_n.196C>T
CAP,1472041,3) Uncertain significance,rrs_n.196C>T
KAN,1472041,3) Uncertain significance,rrs_n.196C>T
STM,1472041,3) Uncertain significance,rrs_n.196C>T
AMI,1472057,3) Uncertain significance,rrs_n.212C>T
CAP,1472057,3) Uncertain significance,rrs_n.212C>T
KAN,1472057,3) Uncertain significance,rrs_n.212C>T
AMI,1472092,3) Uncertain significance,rrs_n.247C>T
CAP,1472092,3) Uncertain significance,rrs_n.247C>T
AMI,1472230,3) Uncertain significance,rrs_n.385C>T
KAN,1472230,3) Uncertain significance,rrs_n.385C>T
AMI,1472259,3) Uncertain significance,rrs_n.414C>T
KAN,1472259,3) Uncertain significance,rrs_n.414C>T
KAN,1472580,3) Uncertain significance,rrs_n.735C>T
STM,1472580,3) Uncertain significance,rrs_n.735C>T
AMI,1472644,3) Uncertain significance,rrs_n.799C>T
CAP,1472644,3) Uncertain significance,rrs_n.799C>T
KAN,1472644,3) Uncertain significance,rrs_n.799C>T
AMI,1472653,3) Uncertain significance,rrs_n.808C>T
CAP,1472653,3) Uncertain significance,rrs_n.808C>T
KAN,1472653,3) Uncertain significance,rrs_n.808C>T
AMI,1471764,3) Uncertain significance,rrs_n.-82C>T
CAP,1471764,3) Uncertain significance,rrs_n.-82C>T
KAN,1471764,3) Uncertain significance,rrs_n.-82C>T
STM,1471764,3) Uncertain significance,rrs_n.-82C>T
AMI,1472677,3) Uncertain significance,rrs_n.832C>A
CAP,1472677,3) Uncertain significance,rrs_n.832C>A
KAN,1472677,3) Uncertain significance,rrs_n.832C>A
AMI,1472681,3) Uncertain significance,rrs_n.836C>G
CAP,1472681,3) Uncertain significance,rrs_n.836C>G
KAN,1472681,3) Uncertain significance,rrs_n.836C>G
AMI,1471929,3) Uncertain significance,rrs_n.84C>T
KAN,1471929,3) Uncertain significance,rrs_n.84C>T
AMI,1472704,3) Uncertain significance,rrs_n.859C>T
CAP,1472704,3) Uncertain significance,rrs_n.859C>T
KAN,1472704,3) Uncertain significance,rrs_n.859C>T
STM,1472704,3) Uncertain significance,rrs_n.859C>T
AMI,1472706,3) Uncertain significance,rrs_n.861C>T
CAP,1472706,3) Uncertain significance,rrs_n.861C>T
KAN,1472706,3) Uncertain significance,rrs_n.861C>T
CAP,1472580,3) Uncertain significance,rrs_n.735C>T
AMI,1473173,3) Uncertain significance,rrs_n.1328C>T
AMI,1472580,3) Uncertain significance,rrs_n.735C>T
KAN,1472580,3) Uncertain significance,rrs_n.735C>G
AMI,1472286,3) Uncertain significance,rrs_n.441C>G
AMI,1472286,3) Uncertain significance,rrs_n.441C>T
KAN,1472286,3) Uncertain significance,rrs_n.441C>T
AMI,1472319,3) Uncertain significance,rrs_n.474C>T
KAN,1472319,3) Uncertain significance,rrs_n.474C>T
AMI,1472358,3) Uncertain significance,rrs_n.513C>T
CAP,1472358,3) Uncertain significance,rrs_n.513C>T
KAN,1472358,3) Uncertain significance,rrs_n.513C>T
STM,1472358,3) Uncertain significance,rrs_n.513C>T
AMI,1472451,3) Uncertain significance,rrs_n.606C>T
AMI,1472495,3) Uncertain significance,rrs_n.650C>T
CAP,1472495,3) Uncertain significance,rrs_n.650C>T
KAN,1472495,3) Uncertain significance,rrs_n.650C>T
STM,1472495,3) Uncertain significance,rrs_n.650C>T
AMI,1472544,3) Uncertain significance,rrs_n.699C>T
CAP,1472544,3) Uncertain significance,rrs_n.699C>T
KAN,1472544,3) Uncertain significance,rrs_n.699C>T
STM,1472544,3) Uncertain significance,rrs_n.699C>T
AMI,1471777,3) Uncertain significance,rrs_n.-69C>A
CAP,1471777,3) Uncertain significance,rrs_n.-69C>A
KAN,1471777,3) Uncertain significance,rrs_n.-69C>A
AMI,1471777,3) Uncertain significance,rrs_n.-69C>T
CAP,1471777,3) Uncertain significance,rrs_n.-69C>T
KAN,1471777,3) Uncertain significance,rrs_n.-69C>T
STM,1471777,3) Uncertain significance,rrs_n.-69C>T
AMI,1472580,3) Uncertain significance,rrs_n.735C>G
CAP,1472580,3) Uncertain significance,rrs_n.735C>G
STM,1472580,3) Uncertain significance,rrs_n.735C>G
KAN,1473162,3) Uncertain significance,rrs_n.1317C>T
AMI,1473162,3) Uncertain significance,rrs_n.1317C>T
KAN,1473145,3) Uncertain significance,rrs_n.1300C>T
AMI,1472169,3) Uncertain significance,rrs_n.324A>C
CAP,1472169,3) Uncertain significance,rrs_n.324A>C
STM,1472169,3) Uncertain significance,rrs_n.324A>C
AMI,1471877,3) Uncertain significance,rrs_n.32A>G
KAN,1471877,3) Uncertain significance,rrs_n.32A>G
AMI,1472285,3) Uncertain significance,rrs_n.440A>G
STM,1472285,3) Uncertain significance,rrs_n.440A>G
AMI,1472288,3) Uncertain significance,rrs_n.443A>C
AMI,1472292,3) Uncertain significance,rrs_n.447A>G
CAP,1472292,3) Uncertain significance,rrs_n.447A>G
KAN,1472292,3) Uncertain significance,rrs_n.447A>G
STM,1472292,3) Uncertain significance,rrs_n.447A>G
AMI,1472338,3) Uncertain significance,rrs_n.493A>G
CAP,1472338,3) Uncertain significance,rrs_n.493A>G
KAN,1472338,3) Uncertain significance,rrs_n.493A>G
AMI,1471796,3) Uncertain significance,rrs_n.-50A>G
KAN,1471796,3) Uncertain significance,rrs_n.-50A>G
LZD,1471796,3) Uncertain significance,rrs_n.-50A>G
AMI,1472458,3) Uncertain significance,rrs_n.613A>C
KAN,1472458,3) Uncertain significance,rrs_n.613A>C
AMI,1472464,3) Uncertain significance,rrs_n.619A>G
AMI,1472464,3) Uncertain significance,rrs_n.619A>T
KAN,1472464,3) Uncertain significance,rrs_n.619A>T
AMI,1472478,3) Uncertain significance,rrs_n.633A>C
CAP,1472478,3) Uncertain significance,rrs_n.633A>C
KAN,1472478,3) Uncertain significance,rrs_n.633A>C
AMI,1472489,3) Uncertain significance,rrs_n.644A>T
KAN,1472132,3) Uncertain significance,rrs_n.287A>G
AMI,1472494,3) Uncertain significance,rrs_n.649A>G
AMI,1472132,3) Uncertain significance,rrs_n.287A>G
CAP,1472118,3) Uncertain significance,rrs_n.273A>T
CAP,1473089,3) Uncertain significance,rrs_n.1244A>G
KAN,1473089,3) Uncertain significance,rrs_n.1244A>G
AMI,1473098,3) Uncertain significance,rrs_n.1253A>G
CAP,1473098,3) Uncertain significance,rrs_n.1253A>G
KAN,1473098,3) Uncertain significance,rrs_n.1253A>G
AMI,1473111,3) Uncertain significance,rrs_n.1266A>G
CAP,1473111,3) Uncertain significance,rrs_n.1266A>G
KAN,1473111,3) Uncertain significance,rrs_n.1266A>G
AMI,1471971,3) Uncertain significance,rrs_n.126A>C
CAP,1471971,3) Uncertain significance,rrs_n.126A>C
KAN,1471971,3) Uncertain significance,rrs_n.126A>C
AMI,1473170,3) Uncertain significance,rrs_n.1325A>C
CAP,1473170,3) Uncertain significance,rrs_n.1325A>C
STM,1473170,3) Uncertain significance,rrs_n.1325A>C
AMI,1473186,3) Uncertain significance,rrs_n.1341A>G
CAP,1473186,3) Uncertain significance,rrs_n.1341A>G
KAN,1473186,3) Uncertain significance,rrs_n.1341A>G
AMI,1473327,3) Uncertain significance,rrs_n.1482A>G
KAN,1473327,3) Uncertain significance,rrs_n.1482A>G
AMI,1473345,3) Uncertain significance,rrs_n.1500A>T
CAP,1473345,3) Uncertain significance,rrs_n.1500A>T
KAN,1473345,3) Uncertain significance,rrs_n.1500A>T
STM,1473345,3) Uncertain significance,rrs_n.1500A>T
AMI,1472015,3) Uncertain significance,rrs_n.170A>G
KAN,1472015,3) Uncertain significance,rrs_n.170A>G
STM,1472015,3) Uncertain significance,rrs_n.170A>G
AMI,1472118,3) Uncertain significance,rrs_n.273A>T
KAN,1472118,3) Uncertain significance,rrs_n.273A>T
STM,1472706,3) Uncertain significance,rrs_n.861C>T
KAN,1472494,3) Uncertain significance,rrs_n.649A>G
CAP,1472581,3) Uncertain significance,rrs_n.736A>T
KAN,1471961,3) Uncertain significance,rrs_n.116C>T
AMI,1473044,3) Uncertain significance,rrs_n.1199C>T
KAN,1473044,3) Uncertain significance,rrs_n.1199C>T
STM,1473044,3) Uncertain significance,rrs_n.1199C>T
AMI,1473055,3) Uncertain significance,rrs_n.1210C>T
CAP,1473055,3) Uncertain significance,rrs_n.1210C>T
KAN,1473055,3) Uncertain significance,rrs_n.1210C>T
AMI,1473093,3) Uncertain significance,rrs_n.1248C>G
CAP,1473093,3) Uncertain significance,rrs_n.1248C>G
KAN,1473093,3) Uncertain significance,rrs_n.1248C>G
AMI,1473093,3) Uncertain significance,rrs_n.1248C>T
CAP,1473093,3) Uncertain significance,rrs_n.1248C>T
KAN,1473093,3) Uncertain significance,rrs_n.1248C>T
AMI,1473102,3) Uncertain significance,rrs_n.1257C>G
KAN,1473102,3) Uncertain significance,rrs_n.1257C>G
AMI,1473104,3) Uncertain significance,rrs_n.1259C>G
CAP,1473104,3) Uncertain significance,rrs_n.1259C>G
KAN,1473104,3) Uncertain significance,rrs_n.1259C>G
STM,1473104,3) Uncertain significance,rrs_n.1259C>G
AMI,1473104,3) Uncertain significance,rrs_n.1259C>T
CAP,1473104,3) Uncertain significance,rrs_n.1259C>T
KAN,1473104,3) Uncertain significance,rrs_n.1259C>T
AMI,1473128,3) Uncertain significance,rrs_n.1283C>T
KAN,1473128,3) Uncertain significance,rrs_n.1283C>T
STM,1473128,3) Uncertain significance,rrs_n.1283C>T
AMI,1473145,3) Uncertain significance,rrs_n.1300C>T
CAP,1473145,3) Uncertain significance,rrs_n.1300C>T
CAP,1471961,3) Uncertain significance,rrs_n.116C>T
AMI,1472581,3) Uncertain significance,rrs_n.736A>T
AMI,1471961,3) Uncertain significance,rrs_n.116C>T
KAN,1472907,3) Uncertain significance,rrs_n.1062C>T
KAN,1472581,3) Uncertain significance,rrs_n.736A>T
AMI,1472687,3) Uncertain significance,rrs_n.842A>G
KAN,1472687,3) Uncertain significance,rrs_n.842A>G
AMI,1472687,3) Uncertain significance,rrs_n.842A>T
CAP,1472687,3) Uncertain significance,rrs_n.842A>T
KAN,1472687,3) Uncertain significance,rrs_n.842A>T
AMI,1472714,3) Uncertain significance,rrs_n.869A>G
CAP,1472714,3) Uncertain significance,rrs_n.869A>G
KAN,1472714,3) Uncertain significance,rrs_n.869A>G
AMI,1471932,3) Uncertain significance,rrs_n.87A>G
AMI,1472752,3) Uncertain significance,rrs_n.907A>T
CAP,1472752,3) Uncertain significance,rrs_n.907A>T
KAN,1472752,3) Uncertain significance,rrs_n.907A>T
STM,1472752,3) Uncertain significance,rrs_n.907A>T
AMI,1471936,3) Uncertain significance,rrs_n.91A>G
AMI,1472846,3) Uncertain significance,rrs_n.1001C>A
AMI,1472846,3) Uncertain significance,rrs_n.1001C>G
CAP,1472846,3) Uncertain significance,rrs_n.1001C>G
KAN,1472846,3) Uncertain significance,rrs_n.1001C>G
STM,1472846,3) Uncertain significance,rrs_n.1001C>G
AMI,1472849,3) Uncertain significance,rrs_n.1004C>G
AMI,1472860,3) Uncertain significance,rrs_n.1015C>G
AMI,1472873,3) Uncertain significance,rrs_n.1028C>A
CAP,1472873,3) Uncertain significance,rrs_n.1028C>A
KAN,1472873,3) Uncertain significance,rrs_n.1028C>A
AMI,1472873,3) Uncertain significance,rrs_n.1028C>T
AMI,1472907,3) Uncertain significance,rrs_n.1062C>T
STM,1472907,3) Uncertain significance,rrs_n.1062C>T
CAP,1471779,3) Uncertain significance,rrs_n.-67T>C
AMI,1472750,3) Uncertain significance,rrs_n.905C>T
KAN,1472750,3) Uncertain significance,rrs_n.905C>T
STM,1472780,3) Uncertain significance,rrs_n.935G>A
AMI,1471854,3) Uncertain significance,rrs_n.9G>A
CAP,1471854,3) Uncertain significance,rrs_n.9G>A
KAN,1471854,3) Uncertain significance,rrs_n.9G>A
AMI,1472850,3) Uncertain significance,rrs_n.1005T>C
STM,1472850,3) Uncertain significance,rrs_n.1005T>C
AMI,1472875,3) Uncertain significance,rrs_n.1030T>G
CAP,1472875,3) Uncertain significance,rrs_n.1030T>G
KAN,1472875,3) Uncertain significance,rrs_n.1030T>G
AMI,1472952,3) Uncertain significance,rrs_n.1107T>C
CAP,1472952,3) Uncertain significance,rrs_n.1107T>C
KAN,1472952,3) Uncertain significance,rrs_n.1107T>C
KAN,1472780,3) Uncertain significance,rrs_n.935G>A
AMI,1473036,3) Uncertain significance,rrs_n.1191T>C
KAN,1473036,3) Uncertain significance,rrs_n.1191T>C
STM,1473036,3) Uncertain significance,rrs_n.1191T>C
AMI,1473053,3) Uncertain significance,rrs_n.1208T>C
KAN,1473053,3) Uncertain significance,rrs_n.1208T>C
STM,1473053,3) Uncertain significance,rrs_n.1208T>C
AMI,1473053,3) Uncertain significance,rrs_n.1208T>G
CAP,1473053,3) Uncertain significance,rrs_n.1208T>G
KAN,1473053,3) Uncertain significance,rrs_n.1208T>G
STM,1473053,3) Uncertain significance,rrs_n.1208T>G
AMI,1473084,3) Uncertain significance,rrs_n.1239T>C
KAN,1473084,3) Uncertain significance,rrs_n.1239T>C
STM,1473084,3) Uncertain significance,rrs_n.1239T>C
CAP,1473036,3) Uncertain significance,rrs_n.1191T>C
CAP,1472780,3) Uncertain significance,rrs_n.935G>A
AMI,1472780,3) Uncertain significance,rrs_n.935G>A
KAN,1472755,3) Uncertain significance,rrs_n.910G>A
CAP,1472569,3) Uncertain significance,rrs_n.724G>A
KAN,1472569,3) Uncertain significance,rrs_n.724G>A
AMI,1472597,3) Uncertain significance,rrs_n.752G>A
CAP,1472597,3) Uncertain significance,rrs_n.752G>A
KAN,1472597,3) Uncertain significance,rrs_n.752G>A
AMI,1472607,3) Uncertain significance,rrs_n.762G>A
CAP,1472607,3) Uncertain significance,rrs_n.762G>A
KAN,1472607,3) Uncertain significance,rrs_n.762G>A
AMI,1472655,3) Uncertain significance,rrs_n.810G>T
CAP,1472655,3) Uncertain significance,rrs_n.810G>T
KAN,1472655,3) Uncertain significance,rrs_n.810G>T
STM,1472655,3) Uncertain significance,rrs_n.810G>T
AMI,1472685,3) Uncertain significance,rrs_n.840G>T
CAP,1472685,3) Uncertain significance,rrs_n.840G>T
KAN,1472685,3) Uncertain significance,rrs_n.840G>T
AMI,1472686,3) Uncertain significance,rrs_n.841G>T
CAP,1472686,3) Uncertain significance,rrs_n.841G>T
KAN,1472686,3) Uncertain significance,rrs_n.841G>T
AMI,1471931,3) Uncertain significance,rrs_n.86G>A
CAP,1471931,3) Uncertain significance,rrs_n.86G>A
KAN,1471931,3) Uncertain significance,rrs_n.86G>A
AMI,1472732,3) Uncertain significance,rrs_n.887G>A
CAP,1472732,3) Uncertain significance,rrs_n.887G>A
KAN,1472732,3) Uncertain significance,rrs_n.887G>A
STM,1472732,3) Uncertain significance,rrs_n.887G>A
AMI,1472755,3) Uncertain significance,rrs_n.910G>A
CAP,1472755,3) Uncertain significance,rrs_n.910G>A
AMI,1473109,3) Uncertain significance,rrs_n.1264T>C
CAP,1473109,3) Uncertain significance,rrs_n.1264T>C
KAN,1473109,3) Uncertain significance,rrs_n.1264T>C
STM,1473109,3) Uncertain significance,rrs_n.1264T>C
KAN,1472058,3) Uncertain significance,rrs_n.213T>A
STM,1472058,3) Uncertain significance,rrs_n.213T>A
AMI,1472150,3) Uncertain significance,rrs_n.305T>A
CAP,1472150,3) Uncertain significance,rrs_n.305T>A
KAN,1472150,3) Uncertain significance,rrs_n.305T>A
AMI,1472150,3) Uncertain significance,rrs_n.305T>C
KAN,1472150,3) Uncertain significance,rrs_n.305T>C
AMI,1472172,3) Uncertain significance,rrs_n.327T>C
CAP,1472172,3) Uncertain significance,rrs_n.327T>C
KAN,1472172,3) Uncertain significance,rrs_n.327T>C
AMI,1472299,3) Uncertain significance,rrs_n.454T>C
KAN,1472299,3) Uncertain significance,rrs_n.454T>C
STM,1472299,3) Uncertain significance,rrs_n.454T>C
AMI,1472326,3) Uncertain significance,rrs_n.481T>G
AMI,1472374,3) Uncertain significance,rrs_n.529T>C
CAP,1472374,3) Uncertain significance,rrs_n.529T>C
KAN,1472374,3) Uncertain significance,rrs_n.529T>C
STM,1472374,3) Uncertain significance,rrs_n.529T>C
AMI,1472435,3) Uncertain significance,rrs_n.590T>C
AMI,1472438,3) Uncertain significance,rrs_n.593T>C
AMI,1472448,3) Uncertain significance,rrs_n.603T>C
CAP,1472448,3) Uncertain significance,rrs_n.603T>C
KAN,1472448,3) Uncertain significance,rrs_n.603T>C
STM,1472448,3) Uncertain significance,rrs_n.603T>C
AMI,1472508,3) Uncertain significance,rrs_n.663T>C
KAN,1472508,3) Uncertain significance,rrs_n.663T>C
STM,1472508,3) Uncertain significance,rrs_n.663T>C
CAP,1472058,3) Uncertain significance,rrs_n.213T>A
AMI,1472569,3) Uncertain significance,rrs_n.724G>A
AMI,1472058,3) Uncertain significance,rrs_n.213T>A
AMI,1472048,3) Uncertain significance,rrs_n.203T>C
AMI,1473110,3) Uncertain significance,rrs_n.1265T>G
CAP,1473110,3) Uncertain significance,rrs_n.1265T>G
KAN,1473110,3) Uncertain significance,rrs_n.1265T>G
AMI,1473121,3) Uncertain significance,rrs_n.1276T>C
CAP,1473121,3) Uncertain significance,rrs_n.1276T>C
KAN,1473121,3) Uncertain significance,rrs_n.1276T>C
AMI,1473121,3) Uncertain significance,rrs_n.1276T>G
CAP,1473121,3) Uncertain significance,rrs_n.1276T>G
KAN,1473121,3) Uncertain significance,rrs_n.1276T>G
AMI,1473134,3) Uncertain significance,rrs_n.1289T>C
CAP,1473134,3) Uncertain significance,rrs_n.1289T>C
KAN,1473134,3) Uncertain significance,rrs_n.1289T>C
AMI,1473172,3) Uncertain significance,rrs_n.1327T>G
CAP,1473172,3) Uncertain significance,rrs_n.1327T>G
KAN,1473172,3) Uncertain significance,rrs_n.1327T>G
AMI,1471985,3) Uncertain significance,rrs_n.140T>C
AMI,1471985,3) Uncertain significance,rrs_n.140T>G
CAP,1471985,3) Uncertain significance,rrs_n.140T>G
KAN,1471985,3) Uncertain significance,rrs_n.140T>G
STM,1471985,3) Uncertain significance,rrs_n.140T>G
AMI,1473382,3) Uncertain significance,rrs_n.1537T>G
AMI,1472014,3) Uncertain significance,rrs_n.169T>C
CAP,1472014,3) Uncertain significance,rrs_n.169T>C
KAN,1472014,3) Uncertain significance,rrs_n.169T>C
AMI,1471861,3) Uncertain significance,rrs_n.16T>G
CAP,1471861,3) Uncertain significance,rrs_n.16T>G
KAN,1471861,3) Uncertain significance,rrs_n.16T>G
CAP,1472048,3) Uncertain significance,rrs_n.203T>C
KAN,1472558,3) Uncertain significance,rrs_n.713G>A
CAP,1472558,3) Uncertain significance,rrs_n.713G>A
AMI,1472558,3) Uncertain significance,rrs_n.713G>A
AMI,1472953,3) Uncertain significance,rrs_n.1108G>A
STM,1472953,3) Uncertain significance,rrs_n.1108G>A
AMI,1472989,3) Uncertain significance,rrs_n.1144G>A
CAP,1472989,3) Uncertain significance,rrs_n.1144G>A
KAN,1472989,3) Uncertain significance,rrs_n.1144G>A
AMI,1473012,3) Uncertain significance,rrs_n.1167G>A
KAN,1473012,3) Uncertain significance,rrs_n.1167G>A
AMI,1473035,3) Uncertain significance,rrs_n.1190G>A
CAP,1473035,3) Uncertain significance,rrs_n.1190G>A
KAN,1473035,3) Uncertain significance,rrs_n.1190G>A
AMI,1473079,3) Uncertain significance,rrs_n.1234G>A
CAP,1473079,3) Uncertain significance,rrs_n.1234G>A
KAN,1473079,3) Uncertain significance,rrs_n.1234G>A
STM,1473079,3) Uncertain significance,rrs_n.1234G>A
AMI,1473083,3) Uncertain significance,rrs_n.1238G>T
KAN,1473083,3) Uncertain significance,rrs_n.1238G>T
AMI,1473100,3) Uncertain significance,rrs_n.1255G>A
CAP,1473100,3) Uncertain significance,rrs_n.1255G>A
KAN,1473100,3) Uncertain significance,rrs_n.1255G>A
AMI,1471721,3) Uncertain significance,rrs_n.-125G>T
CAP,1471721,3) Uncertain significance,rrs_n.-125G>T
KAN,1471721,3) Uncertain significance,rrs_n.-125G>T
LZD,1471721,3) Uncertain significance,rrs_n.-125G>T
AMI,1473115,3) Uncertain significance,rrs_n.1270G>T
CAP,1473115,3) Uncertain significance,rrs_n.1270G>T
KAN,1473115,3) Uncertain significance,rrs_n.1270G>T
AMI,1473147,3) Uncertain significance,rrs_n.1302G>A
STM,1472924,3) Uncertain significance,rrs_n.1079G>A
KAN,1473147,3) Uncertain significance,rrs_n.1302G>A
AMI,1472924,3) Uncertain significance,rrs_n.1079G>A
STM,1472861,3) Uncertain significance,rrs_n.1016G>C
STM,1472750,3) Uncertain significance,rrs_n.905C>T
AMI,1471755,3) Uncertain significance,rrs_n.-91C>A
KAN,1471755,3) Uncertain significance,rrs_n.-91C>A
LZD,1471755,3) Uncertain significance,rrs_n.-91C>A
AMI,1471755,3) Uncertain significance,rrs_n.-91C>T
CAP,1471755,3) Uncertain significance,rrs_n.-91C>T
KAN,1471755,3) Uncertain significance,rrs_n.-91C>T
LZD,1471755,3) Uncertain significance,rrs_n.-91C>T
AMI,1471753,3) Uncertain significance,rrs_n.-93C>T
CAP,1471753,3) Uncertain significance,rrs_n.-93C>T
KAN,1471753,3) Uncertain significance,rrs_n.-93C>T
LZD,1471753,3) Uncertain significance,rrs_n.-93C>T
AMI,1472786,3) Uncertain significance,rrs_n.941C>T
CAP,1472786,3) Uncertain significance,rrs_n.941C>T
KAN,1472786,3) Uncertain significance,rrs_n.941C>T
AMI,1472817,3) Uncertain significance,rrs_n.972C>T
CAP,1472817,3) Uncertain significance,rrs_n.972C>T
KAN,1472817,3) Uncertain significance,rrs_n.972C>T
AMI,1472847,3) Uncertain significance,rrs_n.1002G>C
AMI,1472858,3) Uncertain significance,rrs_n.1013G>T
STM,1472858,3) Uncertain significance,rrs_n.1013G>T
AMI,1472861,3) Uncertain significance,rrs_n.1016G>A
CAP,1472861,3) Uncertain significance,rrs_n.1016G>A
KAN,1472861,3) Uncertain significance,rrs_n.1016G>A
AMI,1472861,3) Uncertain significance,rrs_n.1016G>C
CAP,1472861,3) Uncertain significance,rrs_n.1016G>C
KAN,1472861,3) Uncertain significance,rrs_n.1016G>C
AMI,1472880,3) Uncertain significance,rrs_n.1035G>A
CAP,1472750,3) Uncertain significance,rrs_n.905C>T
STM,1473147,3) Uncertain significance,rrs_n.1302G>A
CAP,1473166,3) Uncertain significance,rrs_n.1321G>A
CAP,1472203,3) Uncertain significance,rrs_n.358G>T
KAN,1472203,3) Uncertain significance,rrs_n.358G>T
AMI,1472251,3) Uncertain significance,rrs_n.406G>A
AMI,1472253,3) Uncertain significance,rrs_n.408G>A
KAN,1472253,3) Uncertain significance,rrs_n.408G>A
AMI,1472260,3) Uncertain significance,rrs_n.415G>A
KAN,1472260,3) Uncertain significance,rrs_n.415G>A
STM,1472260,3) Uncertain significance,rrs_n.415G>A
AMI,1472269,3) Uncertain significance,rrs_n.424G>A
CAP,1472269,3) Uncertain significance,rrs_n.424G>A
KAN,1472269,3) Uncertain significance,rrs_n.424G>A
AMI,1472328,3) Uncertain significance,rrs_n.483G>C
AMI,1471797,3) Uncertain significance,rrs_n.-49G>A
CAP,1471797,3) Uncertain significance,rrs_n.-49G>A
KAN,1471797,3) Uncertain significance,rrs_n.-49G>A
AMI,1471781,3) Uncertain significance,rrs_n.-65G>T
KAN,1471781,3) Uncertain significance,rrs_n.-65G>T
LZD,1471781,3) Uncertain significance,rrs_n.-65G>T
AMI,1472505,3) Uncertain significance,rrs_n.660G>T
KAN,1472505,3) Uncertain significance,rrs_n.660G>T
STM,1472505,3) Uncertain significance,rrs_n.660G>T
AMI,1472518,3) Uncertain significance,rrs_n.673G>A
CAP,1472518,3) Uncertain significance,rrs_n.673G>A
KAN,1472518,3) Uncertain significance,rrs_n.673G>A
AMI,1471778,3) Uncertain significance,rrs_n.-68G>T
KAN,1471778,3) Uncertain significance,rrs_n.-68G>T
LZD,1471778,3) Uncertain significance,rrs_n.-68G>T
AMI,1472203,3) Uncertain significance,rrs_n.358G>T
AMI,1473166,3) Uncertain significance,rrs_n.1321G>A
KAN,1472203,3) Uncertain significance,rrs_n.358G>A
AMI,1472203,3) Uncertain significance,rrs_n.358G>A
KAN,1473166,3) Uncertain significance,rrs_n.1321G>A
AMI,1473277,3) Uncertain significance,rrs_n.1432G>A
CAP,1473277,3) Uncertain significance,rrs_n.1432G>A
KAN,1473277,3) Uncertain significance,rrs_n.1432G>A
AMI,1473299,3) Uncertain significance,rrs_n.1454G>C
AMI,1473342,3) Uncertain significance,rrs_n.1497G>A
KAN,1473342,3) Uncertain significance,rrs_n.1497G>A
AMI,1473364,3) Uncertain significance,rrs_n.1519G>A
KAN,1473364,3) Uncertain significance,rrs_n.1519G>A
AMI,1472024,3) Uncertain significance,rrs_n.179G>T
CAP,1472024,3) Uncertain significance,rrs_n.179G>T
KAN,1472024,3) Uncertain significance,rrs_n.179G>T
AMI,1472070,3) Uncertain significance,rrs_n.225G>C
CAP,1472070,3) Uncertain significance,rrs_n.225G>C
KAN,1472070,3) Uncertain significance,rrs_n.225G>C
AMI,1471869,3) Uncertain significance,rrs_n.24G>A
KAN,1471869,3) Uncertain significance,rrs_n.24G>A
AMI,1472104,3) Uncertain significance,rrs_n.259G>A
KAN,1472104,3) Uncertain significance,rrs_n.259G>A
AMI,1472164,3) Uncertain significance,rrs_n.319G>A
CAP,1472164,3) Uncertain significance,rrs_n.319G>A
KAN,1472164,3) Uncertain significance,rrs_n.319G>A
STM,1472164,3) Uncertain significance,rrs_n.319G>A
AMI,1472194,3) Uncertain significance,rrs_n.349G>A
CAP,1472194,3) Uncertain significance,rrs_n.349G>A
KAN,1472194,3) Uncertain significance,rrs_n.349G>A
STM,1472194,3) Uncertain significance,rrs_n.349G>A
CAP,1472203,3) Uncertain significance,rrs_n.358G>A
AMI,1473089,3) Uncertain significance,rrs_n.1244A>G
KAN,3568634,3) Uncertain significance,whiB7_p.Pro16Ser
KAN,3568582,3) Uncertain significance,whiB7_p.Pro33Leu
CAP,4338487,3) Uncertain significance,whiB6_p.Cys12Ser
AMI,4338363,3) Uncertain significance,whiB6_p.Cys53Trp
STM,4338363,3) Uncertain significance,whiB6_p.Cys53Trp
AMI,4338385,3) Uncertain significance,whiB6_p.Asp46Ala
CAP,4338385,3) Uncertain significance,whiB6_p.Asp46Ala
STM,4338385,3) Uncertain significance,whiB6_p.Asp46Ala
AMI,4338385,3) Uncertain significance,whiB6_p.Asp46Gly
CAP,4338385,3) Uncertain significance,whiB6_p.Asp46Gly
AMI,4338440,3) Uncertain significance,whiB6_p.Glu28Gln
CAP,4338440,3) Uncertain significance,whiB6_p.Glu28Gln
AMI,4338268,3) Uncertain significance,whiB6_p.Gly85Asp
CAP,4338268,3) Uncertain significance,whiB6_p.Gly85Asp
AMI,4338487,3) Uncertain significance,whiB6_p.Cys12Ser
AMI,4338238,3) Uncertain significance,whiB6_p.Leu95Pro
STM,4338238,3) Uncertain significance,whiB6_p.Leu95Pro
AMI,4338521,3) Uncertain significance,whiB6_p.Met1=
CAP,4338521,3) Uncertain significance,whiB6_p.Met1=
STM,4338521,3) Uncertain significance,whiB6_p.Met1=
AMI,4338277,3) Uncertain significance,whiB6_p.Pro82Leu
CAP,4338277,3) Uncertain significance,whiB6_p.Pro82Leu
STM,4338277,3) Uncertain significance,whiB6_p.Pro82Leu
AMI,4338221,3) Uncertain significance,whiB6_p.Arg101Cys
CAP,4338221,3) Uncertain significance,whiB6_p.Arg101Cys
STM,4338221,3) Uncertain significance,whiB6_p.Arg101Cys
AMI,4338404,3) Uncertain significance,whiB6_p.Arg40Cys
CAP,4338404,3) Uncertain significance,whiB6_p.Arg40Cys
CAP,4338238,3) Uncertain significance,whiB6_p.Leu95Pro
STM,4338647,3) Uncertain significance,whiB6_c.-126C>G
CAP,4338647,3) Uncertain significance,whiB6_c.-126C>G
AMI,4338647,3) Uncertain significance,whiB6_c.-126C>G
CAP,1473294,3) Uncertain significance,rrs_n.1449A>G
KAN,1473294,3) Uncertain significance,rrs_n.1449A>G
STM,1473294,3) Uncertain significance,rrs_n.1449A>G
AMI,1472058,3) Uncertain significance,rrs_n.213T>G
CAP,1472058,3) Uncertain significance,rrs_n.213T>G
KAN,1472058,3) Uncertain significance,rrs_n.213T>G
STM,1472058,3) Uncertain significance,rrs_n.213T>G
AMI,1471868,3) Uncertain significance,rrs_n.23T>G
CAP,1471868,3) Uncertain significance,rrs_n.23T>G
KAN,1471868,3) Uncertain significance,rrs_n.23T>G
STM,1471868,3) Uncertain significance,rrs_n.23T>G
AMI,1471754,3) Uncertain significance,rrs_n.-92T>G
CAP,1471754,3) Uncertain significance,rrs_n.-92T>G
KAN,1471754,3) Uncertain significance,rrs_n.-92T>G
LZD,1471754,3) Uncertain significance,rrs_n.-92T>G
STM,1471754,3) Uncertain significance,rrs_n.-92T>G
AMI,4338587,3) Uncertain significance,whiB6_c.-75_-72delGCTCinsCTT
CAP,4338587,3) Uncertain significance,whiB6_c.-75_-72delGCTCinsCTT
AMI,4338587,3) Uncertain significance,whiB6_c.-75_-72delGCTCinsCTG
CAP,4338587,3) Uncertain significance,whiB6_c.-75_-72delGCTCinsCTG
STM,4338587,3) Uncertain significance,whiB6_c.-75_-72delGCTCinsCTG
AMI,4338449,3) Uncertain significance,whiB6_p.Ala25Pro
CAP,4338449,3) Uncertain significance,whiB6_p.Ala25Pro
STM,4338449,3) Uncertain significance,whiB6_p.Ala25Pro
AMI,4338547,3) Uncertain significance,whiB6_c.-26A>C
STM,4338404,3) Uncertain significance,whiB6_p.Arg40Cys
AMI,4338533,3) Uncertain significance,whiB6_c.-12T>C
CAP,4338533,3) Uncertain significance,whiB6_c.-12T>C
STM,4338533,3) Uncertain significance,whiB6_c.-12T>C
AMI,2715330,3) Uncertain significance,eis_p.Val1?
KAN,2715330,3) Uncertain significance,eis_p.Val1?
AMI,1472753,3) Uncertain significance,rrs_n.908A>G
CAP,1472753,3) Uncertain significance,rrs_n.908A>G
KAN,1472753,3) Uncertain significance,rrs_n.908A>G
STM,1472753,3) Uncertain significance,rrs_n.908A>G
AMI,1472957,3) Uncertain significance,rrs_n.1112C>T
CAP,1472957,3) Uncertain significance,rrs_n.1112C>T
KAN,1472957,3) Uncertain significance,rrs_n.1112C>T
STM,1472957,3) Uncertain significance,rrs_n.1112C>T
AMI,1473168,3) Uncertain significance,rrs_n.1323G>T
CAP,1473168,3) Uncertain significance,rrs_n.1323G>T
KAN,1473168,3) Uncertain significance,rrs_n.1323G>T
STM,1473168,3) Uncertain significance,rrs_n.1323G>T
AMI,1472049,3) Uncertain significance,rrs_n.204G>A
CAP,1472049,3) Uncertain significance,rrs_n.204G>A
STM,1472049,3) Uncertain significance,rrs_n.204G>A
AMI,1472736,3) Uncertain significance,rrs_n.891G>A
CAP,1472736,3) Uncertain significance,rrs_n.891G>A
KAN,1472736,3) Uncertain significance,rrs_n.891G>A
STM,1472736,3) Uncertain significance,rrs_n.891G>A
AMI,4338445,3) Uncertain significance,whiB6_p.Leu26fs
CAP,4338445,3) Uncertain significance,whiB6_p.Leu26fs
STM,4338445,3) Uncertain significance,whiB6_p.Leu26fs
AMI,4338550,3) Uncertain significance,whiB6_c.-29A>T
KAN,2714605,3) Uncertain significance,eis_p.Ala243Val
AMI,1473294,3) Uncertain significance,rrs_n.1449A>G
AMI,2714605,3) Uncertain significance,eis_p.Ala243Val
AMI,620281,3) Uncertain significance,ccsA_p.Arg131Cys
AMI,4338474,3) Uncertain significance,whiB6_p.Trp16Cys
CAP,4338474,3) Uncertain significance,whiB6_p.Trp16Cys
STM,4338474,3) Uncertain significance,whiB6_p.Trp16Cys
AMI,4338342,3) Uncertain significance,whiB6_p.Trp60*
CAP,4338342,3) Uncertain significance,whiB6_p.Trp60*
AMI,3568844,3) Uncertain significance,whiB7_c.-166delG
KAN,3568844,3) Uncertain significance,whiB7_c.-166delG
AMI,3568735,3) Uncertain significance,whiB7_c.-56G>A
KAN,3568735,3) Uncertain significance,whiB7_c.-56G>A
STM,3568735,3) Uncertain significance,whiB7_c.-56G>A
AMI,4267492,3) Uncertain significance,aftB_p.Ala449Thr
CAP,4267492,3) Uncertain significance,aftB_p.Ala449Thr
AMI,4267779,3) Uncertain significance,aftB_p.Ile353Thr
CAP,4267779,3) Uncertain significance,aftB_p.Ile353Thr
AMI,4268040,3) Uncertain significance,aftB_p.Leu266Pro
CAP,4268040,3) Uncertain significance,aftB_p.Leu266Pro
AMI,4267939,3) Uncertain significance,aftB_p.Arg300Trp
CAP,4267939,3) Uncertain significance,aftB_p.Arg300Trp
CAP,620281,3) Uncertain significance,ccsA_p.Arg131Cys
LZD,1471836,3) Uncertain significance,rrs_n.-2_-1insGTTTTGTTTGGAGA
KAN,1471836,3) Uncertain significance,rrs_n.-2_-1insGTTTTGTTTGGAGA
CAP,1471836,3) Uncertain significance,rrs_n.-2_-1insGTTTTGTTTGGAGA
AMI,4338595,3) Uncertain significance,whiB6_c.-77_-75delGAGinsCA
CAP,4338595,3) Uncertain significance,whiB6_c.-77_-75delGAGinsCA
STM,4338595,3) Uncertain significance,whiB6_c.-77_-75delGAGinsCA
AMI,4338358,3) Uncertain significance,whiB6_p.Ala55Asp
CAP,4338358,3) Uncertain significance,whiB6_p.Ala55Asp
STM,4338358,3) Uncertain significance,whiB6_p.Ala55Asp
AMI,4338335,3) Uncertain significance,whiB6_p.Ala63Thr
CAP,4338335,3) Uncertain significance,whiB6_p.Ala63Thr
AMI,4338334,3) Uncertain significance,whiB6_p.Ala63Val
CAP,4338334,3) Uncertain significance,whiB6_p.Ala63Val
AMI,4338292,3) Uncertain significance,whiB6_p.Ala77Glu
CAP,4338292,3) Uncertain significance,whiB6_p.Ala77Glu
AMI,4338636,3) Uncertain significance,whiB6_c.-115C>A
CAP,4338636,3) Uncertain significance,whiB6_c.-115C>A
AMI,4338548,3) Uncertain significance,whiB6_c.-27G>A
CAP,4338548,3) Uncertain significance,whiB6_c.-27G>A
STM,4338548,3) Uncertain significance,whiB6_c.-27G>A
AMI,4338289,3) Uncertain significance,whiB6_p.Gly78Val
CAP,4338289,3) Uncertain significance,whiB6_p.Gly78Val
AMI,4338614,3) Uncertain significance,whiB6_c.-93G>C
AMI,4338208,3) Uncertain significance,whiB6_p.Pro105Gln
CAP,4338208,3) Uncertain significance,whiB6_p.Pro105Gln
STM,4338208,3) Uncertain significance,whiB6_p.Pro105Gln
AMI,4338410,3) Uncertain significance,whiB6_p.Pro38Ser
CAP,4338410,3) Uncertain significance,whiB6_p.Pro38Ser
STM,4338410,3) Uncertain significance,whiB6_p.Pro38Ser
CAP,1472750,3) Uncertain significance,rrs_n.905C>G
KAN,1472750,3) Uncertain significance,rrs_n.905C>G
STM,1472750,3) Uncertain significance,rrs_n.905C>G
AMI,1472993,3) Uncertain significance,rrs_n.1148G>A
CAP,1472993,3) Uncertain significance,rrs_n.1148G>A
KAN,1472993,3) Uncertain significance,rrs_n.1148G>A
STM,1472993,3) Uncertain significance,rrs_n.1148G>A
AMI,1473130,3) Uncertain significance,rrs_n.1285G>A
CAP,1473130,3) Uncertain significance,rrs_n.1285G>A
KAN,1473130,3) Uncertain significance,rrs_n.1285G>A
STM,1473130,3) Uncertain significance,rrs_n.1285G>A
AMI,1472500,3) Uncertain significance,rrs_n.655G>C
CAP,1472500,3) Uncertain significance,rrs_n.655G>C
KAN,1472500,3) Uncertain significance,rrs_n.655G>C
AMI,1472856,3) Uncertain significance,rrs_n.1011T>C
KAN,1472856,3) Uncertain significance,rrs_n.1011T>C
AMI,1471868,3) Uncertain significance,rrs_n.23T>C
CAP,1471868,3) Uncertain significance,rrs_n.23T>C
KAN,1471868,3) Uncertain significance,rrs_n.23T>C
STM,1471868,3) Uncertain significance,rrs_n.23T>C
AMI,1471814,3) Uncertain significance,rrs_n.-32T>G
CAP,1471814,3) Uncertain significance,rrs_n.-32T>G
STM,1471814,3) Uncertain significance,rrs_n.-32T>G
AMI,4338400,3) Uncertain significance,whiB6_p.Trp41fs
CAP,4338400,3) Uncertain significance,whiB6_p.Trp41fs
AMI,4338587,3) Uncertain significance,whiB6_c.-76delA
CAP,4338587,3) Uncertain significance,whiB6_c.-76delA
CAP,4338550,3) Uncertain significance,whiB6_c.-29A>T
AMI,4338331,3) Uncertain significance,whiB6_p.Arg64Leu
AMI,4338236,3) Uncertain significance,whiB6_p.Arg96Gly
AMI,4268094,3) Uncertain significance,aftB_p.Asp248Gly
CAP,4268094,3) Uncertain significance,aftB_p.Asp248Gly
AMI,4268461,3) Uncertain significance,aftB_p.Ile126Val
CAP,4268461,3) Uncertain significance,aftB_p.Ile126Val
AMI,4267618,3) Uncertain significance,aftB_p.Ile407Val
CAP,4267618,3) Uncertain significance,aftB_p.Ile407Val
AMI,"4268077,4268076",3) Uncertain significance,aftB_p.Met254Ala
CAP,"4268077,4268076",3) Uncertain significance,aftB_p.Met254Ala
AMI,4267442,3) Uncertain significance,aftB_p.Met465Ile
CAP,4267442,3) Uncertain significance,aftB_p.Met465Ile
AMI,4267444,3) Uncertain significance,aftB_p.Met465Val
CAP,4267444,3) Uncertain significance,aftB_p.Met465Val
AMI,4268455,3) Uncertain significance,aftB_p.Val128Leu
AMI,620284,3) Uncertain significance,ccsA_p.Ala132Pro
AMI,620257,3) Uncertain significance,ccsA_p.Ile123Val
AMI,"620710,620712",3) Uncertain significance,ccsA_p.Val274Ile
AMI,2714177,3) Uncertain significance,eis_p.Leu386Ile
KAN,2714177,3) Uncertain significance,eis_p.Leu386Ile
AMI,2714308,3) Uncertain significance,eis_p.Pro342Leu
AMI,2715125,3) Uncertain significance,eis_p.Thr70Ala
KAN,2715125,3) Uncertain significance,eis_p.Thr70Ala
AMI,2715341,3) Uncertain significance,eis_c.-9T>C
AMI,1471836,3) Uncertain significance,rrs_n.-2_-1insGTTTTGTTTGGAGA
CAP,4267954,3) Uncertain significance,aftB_p.Ala295Thr
CAP,4338331,3) Uncertain significance,whiB6_p.Arg64Leu
AMI,4267954,3) Uncertain significance,aftB_p.Ala295Thr
AMI,4268493,3) Uncertain significance,aftB_p.Ala115Val
CAP,4338236,3) Uncertain significance,whiB6_p.Arg96Gly
AMI,4338523,3) Uncertain significance,whiB6_c.-2T>C
CAP,4338523,3) Uncertain significance,whiB6_c.-2T>C
AMI,4338397,3) Uncertain significance,whiB6_p.Thr42Met
CAP,4338397,3) Uncertain significance,whiB6_p.Thr42Met
STM,4338397,3) Uncertain significance,whiB6_p.Thr42Met
AMI,4338391,3) Uncertain significance,whiB6_p.Thr44Ile
CAP,4338391,3) Uncertain significance,whiB6_p.Thr44Ile
AMI,4338296,3) Uncertain significance,whiB6_p.Trp76Gly
CAP,4338296,3) Uncertain significance,whiB6_p.Trp76Gly
STM,4338296,3) Uncertain significance,whiB6_p.Trp76Gly
AMI,3568883,3) Uncertain significance,whiB7_c.-205_-204insA
KAN,3568883,3) Uncertain significance,whiB7_c.-205_-204insA
AMI,3568893,3) Uncertain significance,whiB7_c.-215delC
KAN,3568893,3) Uncertain significance,whiB7_c.-215delC
STM,3568893,3) Uncertain significance,whiB7_c.-215delC
AMI,3568703,3) Uncertain significance,whiB7_c.-24A>G
KAN,3568703,3) Uncertain significance,whiB7_c.-24A>G
AMI,3568818,3) Uncertain significance,whiB7_c.-139C>A
AMI,3568896,3) Uncertain significance,whiB7_c.-217C>G
STM,3568896,3) Uncertain significance,whiB7_c.-217C>G
AMI,3568750,3) Uncertain significance,whiB7_c.-71C>G
KAN,3568750,3) Uncertain significance,whiB7_c.-71C>G
STM,3568750,3) Uncertain significance,whiB7_c.-71C>G
AMI,3569039,3) Uncertain significance,whiB7_c.-360T>C
KAN,3569039,3) Uncertain significance,whiB7_c.-360T>C
STM,3569039,3) Uncertain significance,whiB7_c.-360T>C
CAP,4268493,3) Uncertain significance,aftB_p.Ala115Val
AMI,1472750,3) Uncertain significance,rrs_n.905C>G
STM,4338550,3) Uncertain significance,whiB6_c.-29A>T
CAP,4338334,3) Uncertain significance,whiB6_p.Ala63Glu
KAN,3568768,3) Uncertain significance,whiB7_c.-89A>G
AMI,1471850,3) Uncertain significance,rrs_n.5G>T
CAP,1471850,3) Uncertain significance,rrs_n.5G>T
KAN,1471850,3) Uncertain significance,rrs_n.5G>T
STM,1471850,3) Uncertain significance,rrs_n.5G>T
AMI,4338260,3) Uncertain significance,whiB6_p.Arg88Trp
CAP,4338260,3) Uncertain significance,whiB6_p.Arg88Trp
STM,4338260,3) Uncertain significance,whiB6_p.Arg88Trp
AMI,4338286,3) Uncertain significance,whiB6_p.Val79Ala
AMI,3568768,3) Uncertain significance,whiB7_c.-89A>G
CAP,4338286,3) Uncertain significance,whiB6_p.Val79Ala
AMI,4338630,3) Uncertain significance,whiB6_c.-109C>A
CAP,4338630,3) Uncertain significance,whiB6_c.-109C>A
STM,4338630,3) Uncertain significance,whiB6_c.-109C>A
AMI,4338179,3) Uncertain significance,whiB6_p.Ser115Ala
CAP,4338179,3) Uncertain significance,whiB6_p.Ser115Ala
STM,4338179,3) Uncertain significance,whiB6_p.Ser115Ala
STM,4338286,3) Uncertain significance,whiB6_p.Val79Ala
STM,4338400,3) Uncertain significance,whiB6_p.Trp41*
AMI,4338498,3) Uncertain significance,whiB6_p.Glu8Asp
STM,4338498,3) Uncertain significance,whiB6_p.Glu8Asp
AMI,4338596,3) Uncertain significance,whiB6_c.-75G>A
CAP,4338596,3) Uncertain significance,whiB6_c.-75G>A
STM,4338596,3) Uncertain significance,whiB6_c.-75G>A
AMI,4338460,3) Uncertain significance,whiB6_p.Met21Thr
CAP,4338460,3) Uncertain significance,whiB6_p.Met21Thr
STM,4338460,3) Uncertain significance,whiB6_p.Met21Thr
AMI,4338352,3) Uncertain significance,whiB6_p.Pro57Leu
AMI,4338194,3) Uncertain significance,whiB6_p.Arg110Trp
CAP,4338194,3) Uncertain significance,whiB6_p.Arg110Trp
STM,4338194,3) Uncertain significance,whiB6_p.Arg110Trp
AMI,4338361,3) Uncertain significance,whiB6_p.Arg54Pro
CAP,4338361,3) Uncertain significance,whiB6_p.Arg54Pro
STM,4338361,3) Uncertain significance,whiB6_p.Arg54Pro
AMI,4338286,3) Uncertain significance,whiB6_p.Val79Gly
CAP,4338286,3) Uncertain significance,whiB6_p.Val79Gly
STM,4338286,3) Uncertain significance,whiB6_p.Val79Gly
AMI,4338399,3) Uncertain significance,whiB6_p.Trp41*
CAP,4338399,3) Uncertain significance,whiB6_p.Trp41*
AMI,2714523,3) Uncertain significance,eis_p.His270Gln
KAN,2714523,3) Uncertain significance,eis_p.His270Gln
AMI,1472750,3) Uncertain significance,rrs_n.905C>A
CAP,1472750,3) Uncertain significance,rrs_n.905C>A
AMI,4338537,3) Uncertain significance,whiB6_c.-16T>C
CAP,4338537,3) Uncertain significance,whiB6_c.-16T>C
STM,4338537,3) Uncertain significance,whiB6_c.-16T>C
AMI,3569029,3) Uncertain significance,whiB7_c.-350A>G
KAN,3569029,3) Uncertain significance,whiB7_c.-350A>G
STM,3569029,3) Uncertain significance,whiB7_c.-350A>G
CAP,4338593,3) Uncertain significance,whiB6_c.-75_-73delGCTinsCC
STM,4338593,3) Uncertain significance,whiB6_c.-75_-73delGCTinsCC
AMI,4338367,3) Uncertain significance,whiB6_p.Leu52Gln
CAP,4338367,3) Uncertain significance,whiB6_p.Leu52Gln
STM,4338367,3) Uncertain significance,whiB6_p.Leu52Gln
AMI,3568874,3) Uncertain significance,whiB7_c.-195C>T
KAN,3568874,3) Uncertain significance,whiB7_c.-195C>T
STM,3568874,3) Uncertain significance,whiB7_c.-195C>T
AMI,1472753,3) Uncertain significance,rrs_n.908A>C
CAP,1472753,3) Uncertain significance,rrs_n.908A>C
KAN,1472753,3) Uncertain significance,rrs_n.908A>C
STM,1472753,3) Uncertain significance,rrs_n.908A>C
CAP,4338286,3) Uncertain significance,whiB6_p.Val79fs
STM,1472487,3) Uncertain significance,rrs_n.643dupT
STM,4338412,3) Uncertain significance,whiB6_p.Asp37Gly
KAN,1472487,3) Uncertain significance,rrs_n.643dupT
AMI,1472487,3) Uncertain significance,rrs_n.643dupT
KAN,1472750,3) Uncertain significance,rrs_n.905C>A
STM,1472750,3) Uncertain significance,rrs_n.905C>A
AMI,4338307,3) Uncertain significance,whiB6_p.Ala72Gly
CAP,4338307,3) Uncertain significance,whiB6_p.Ala72Gly
STM,4338307,3) Uncertain significance,whiB6_p.Ala72Gly
AMI,4338269,3) Uncertain significance,whiB6_p.Gly85Ser
CAP,4338269,3) Uncertain significance,whiB6_p.Gly85Ser
STM,4338269,3) Uncertain significance,whiB6_p.Gly85Ser
ETH,4327314,3) Uncertain significance,ethA_p.Arg54Cys
AMI,4267207,3) Uncertain significance,aftB_p.Val544Met
CAP,4267207,3) Uncertain significance,aftB_p.Val544Met
AMI,4338403,3) Uncertain significance,whiB6_p.Arg40His
CAP,4338403,3) Uncertain significance,whiB6_p.Arg40His
STM,4338403,3) Uncertain significance,whiB6_p.Arg40His
AMI,4338392,3) Uncertain significance,whiB6_p.Thr44Pro
STM,4338392,3) Uncertain significance,whiB6_p.Thr44Pro
AMI,4267149,3) Uncertain significance,aftB_p.Glu563Gly
CAP,4267149,3) Uncertain significance,aftB_p.Glu563Gly
AMI,4267155,3) Uncertain significance,aftB_p.Gln561Arg
CAP,4267155,3) Uncertain significance,aftB_p.Gln561Arg
AMI,1472359,3) Uncertain significance,rrs_n.514A>T
CAP,1472359,3) Uncertain significance,rrs_n.514A>T
KAN,1472359,3) Uncertain significance,rrs_n.514A>T
STM,1472359,3) Uncertain significance,rrs_n.514A>T
AMI,3569065,3) Uncertain significance,whiB7_c.-386T>C
KAN,3569065,3) Uncertain significance,whiB7_c.-386T>C
STM,3569065,3) Uncertain significance,whiB7_c.-386T>C
CAP,1472487,3) Uncertain significance,rrs_n.643dupT
CAP,4338412,3) Uncertain significance,whiB6_p.Asp37Gly
AMI,4338412,3) Uncertain significance,whiB6_p.Asp37Gly
STM,4338535,3) Uncertain significance,whiB6_c.-14C>T
STM,1471820,3) Uncertain significance,rrs_n.-20_-19insTCCAAAGGGA
AMI,1472866,3) Uncertain significance,rrs_n.1021C>T
CAP,1472866,3) Uncertain significance,rrs_n.1021C>T
KAN,1472866,3) Uncertain significance,rrs_n.1021C>T
STM,1472866,3) Uncertain significance,rrs_n.1021C>T
AMI,1472998,3) Uncertain significance,rrs_n.1153C>T
CAP,1472998,3) Uncertain significance,rrs_n.1153C>T
KAN,1472998,3) Uncertain significance,rrs_n.1153C>T
STM,1472998,3) Uncertain significance,rrs_n.1153C>T
AMI,1473021,3) Uncertain significance,rrs_n.1176G>A
CAP,1473021,3) Uncertain significance,rrs_n.1176G>A
KAN,1473021,3) Uncertain significance,rrs_n.1176G>A
STM,1473021,3) Uncertain significance,rrs_n.1176G>A
AMI,4338587,3) Uncertain significance,whiB6_c.-76_-75delAGinsT
AMI,4338587,3) Uncertain significance,whiB6_c.-76_-75delAGinsC
CAP,4338587,3) Uncertain significance,whiB6_c.-76_-75delAGinsC
AMI,4338595,3) Uncertain significance,whiB6_c.-78_-75delAGAGinsCGA
CAP,4338595,3) Uncertain significance,whiB6_c.-78_-75delAGAGinsCGA
LZD,1471820,3) Uncertain significance,rrs_n.-20_-19insTCCAAAGGGA
AMI,4338646,3) Uncertain significance,whiB6_c.-125A>G
KAN,1471820,3) Uncertain significance,rrs_n.-20_-19insTCCAAAGGGA
KAN,2714756,3) Uncertain significance,eis_p.Pro193Ser
AMI,4338602,3) Uncertain significance,whiB6_c.-81A>T
CAP,4338602,3) Uncertain significance,whiB6_c.-81A>T
STM,4338602,3) Uncertain significance,whiB6_c.-81A>T
AMI,4338421,3) Uncertain significance,whiB6_p.Cys34Tyr
CAP,4338421,3) Uncertain significance,whiB6_p.Cys34Tyr
STM,4338421,3) Uncertain significance,whiB6_p.Cys34Tyr
AMI,4338382,3) Uncertain significance,whiB6_p.Asp47Gly
CAP,4338382,3) Uncertain significance,whiB6_p.Asp47Gly
AMI,4338545,3) Uncertain significance,whiB6_c.-24G>A
CAP,4338545,3) Uncertain significance,whiB6_c.-24G>A
STM,4338545,3) Uncertain significance,whiB6_c.-24G>A
AMI,4338218,3) Uncertain significance,whiB6_p.Asn102Asp
CAP,4338218,3) Uncertain significance,whiB6_p.Asn102Asp
STM,4338218,3) Uncertain significance,whiB6_p.Asn102Asp
AMI,4338362,3) Uncertain significance,whiB6_p.Arg54Gly
CAP,4338362,3) Uncertain significance,whiB6_p.Arg54Gly
STM,4338362,3) Uncertain significance,whiB6_p.Arg54Gly
AMI,4338236,3) Uncertain significance,whiB6_p.Arg96*
CAP,4338236,3) Uncertain significance,whiB6_p.Arg96*
AMI,4338600,3) Uncertain significance,whiB6_c.-79T>C
CAP,4338600,3) Uncertain significance,whiB6_c.-79T>C
STM,4338600,3) Uncertain significance,whiB6_c.-79T>C
AMI,3568968,3) Uncertain significance,whiB7_c.-289G>A
KAN,3568968,3) Uncertain significance,whiB7_c.-289G>A
AMI,620566,3) Uncertain significance,ccsA_p.Asp226Asn
CAP,620566,3) Uncertain significance,ccsA_p.Asp226Asn
AMI,2714756,3) Uncertain significance,eis_p.Pro193Ser
AMI,1471820,3) Uncertain significance,rrs_n.-20_-19insTCCAAAGGGA
AMI,4338334,3) Uncertain significance,whiB6_p.Ala63Glu
CAP,4338646,3) Uncertain significance,whiB6_c.-125A>G
AMI,4338500,3) Uncertain significance,whiB6_p.Glu8Lys
AMI,4338597,3) Uncertain significance,whiB6_c.-76A>G
CAP,4338597,3) Uncertain significance,whiB6_c.-76A>G
STM,4338597,3) Uncertain significance,whiB6_c.-76A>G
AMI,4338293,3) Uncertain significance,whiB6_p.Ala77Ser
CAP,4338293,3) Uncertain significance,whiB6_p.Ala77Ser
AMI,4338599,3) Uncertain significance,whiB6_c.-78A>G
CAP,4338599,3) Uncertain significance,whiB6_c.-78A>G
STM,4338599,3) Uncertain significance,whiB6_c.-78A>G
AMI,4338598,3) Uncertain significance,whiB6_c.-77G>A
CAP,4338598,3) Uncertain significance,whiB6_c.-77G>A
STM,4338598,3) Uncertain significance,whiB6_c.-77G>A
AMI,3568985,3) Uncertain significance,whiB7_c.-307_-306insGG
KAN,3568985,3) Uncertain significance,whiB7_c.-307_-306insGG
STM,3568985,3) Uncertain significance,whiB7_c.-307_-306insGG
AMI,4268323,3) Uncertain significance,aftB_p.Leu172Phe
CAP,4268323,3) Uncertain significance,aftB_p.Leu172Phe
AMI,2714885,3) Uncertain significance,eis_p.His150fs
KAN,2714885,3) Uncertain significance,eis_p.His150fs
AMI,1473224,3) Uncertain significance,rrs_n.1379G>A
CAP,1473224,3) Uncertain significance,rrs_n.1379G>A
KAN,1473224,3) Uncertain significance,rrs_n.1379G>A
STM,1473224,3) Uncertain significance,rrs_n.1379G>A
AMI,4338535,3) Uncertain significance,whiB6_c.-14C>T
CAP,4338535,3) Uncertain significance,whiB6_c.-14C>T
STM,4338243,3) Uncertain significance,whiB6_p.Gly93fs
STM,4338646,3) Uncertain significance,whiB6_c.-125A>G
CAP,4338243,3) Uncertain significance,whiB6_p.Gly93fs
STM,1471781,3) Uncertain significance,rrs_n.-65G>A
CAP,4338500,3) Uncertain significance,whiB6_p.Glu8Lys
STM,4338500,3) Uncertain significance,whiB6_p.Glu8Lys
AMI,4338520,3) Uncertain significance,whiB6_p.Met1?
CAP,4338520,3) Uncertain significance,whiB6_p.Met1?
STM,4338520,3) Uncertain significance,whiB6_p.Met1?
AMI,4338347,3) Uncertain significance,whiB6_p.Arg59Trp
CAP,4338347,3) Uncertain significance,whiB6_p.Arg59Trp
AMI,4338514,3) Uncertain significance,whiB6_p.Tyr3Cys
CAP,4338514,3) Uncertain significance,whiB6_p.Tyr3Cys
STM,4338514,3) Uncertain significance,whiB6_p.Tyr3Cys
AMI,3568649,3) Uncertain significance,whiB7_p.Pro11Ser
KAN,3568649,3) Uncertain significance,whiB7_p.Pro11Ser
STM,3568649,3) Uncertain significance,whiB7_p.Pro11Ser
AMI,3568507,3) Uncertain significance,whiB7_p.Gln58Arg
KAN,3568507,3) Uncertain significance,whiB7_p.Gln58Arg
AMI,4268384,3) Uncertain significance,aftB_p.Leu151Phe
CAP,4268384,3) Uncertain significance,aftB_p.Leu151Phe
AMI,1472986,3) Uncertain significance,rrs_n.1141C>T
CAP,1472986,3) Uncertain significance,rrs_n.1141C>T
KAN,1472986,3) Uncertain significance,rrs_n.1141C>T
STM,1472986,3) Uncertain significance,rrs_n.1141C>T
AMI,1471987,3) Uncertain significance,rrs_n.142G>A
KAN,1471987,3) Uncertain significance,rrs_n.142G>A
AMI,1471781,3) Uncertain significance,rrs_n.-65G>A
CAP,1471781,3) Uncertain significance,rrs_n.-65G>A
KAN,1471781,3) Uncertain significance,rrs_n.-65G>A
LZD,1471781,3) Uncertain significance,rrs_n.-65G>A
AMI,4338243,3) Uncertain significance,whiB6_p.Gly93fs
AMI,3568582,3) Uncertain significance,whiB7_p.Pro33Leu
STM,1472349,3) Uncertain significance,rrs_n.504A>G
CAP,1472349,3) Uncertain significance,rrs_n.504A>G
CAP,1473102,3) Uncertain significance,rrs_n.1257C>T
KAN,1473102,3) Uncertain significance,rrs_n.1257C>T
STM,1473102,3) Uncertain significance,rrs_n.1257C>T
AMI,1471986,3) Uncertain significance,rrs_n.141C>T
CAP,1471986,3) Uncertain significance,rrs_n.141C>T
KAN,1471986,3) Uncertain significance,rrs_n.141C>T
STM,1471986,3) Uncertain significance,rrs_n.141C>T
AMI,1472027,3) Uncertain significance,rrs_n.182C>G
CAP,1472027,3) Uncertain significance,rrs_n.182C>G
KAN,1472027,3) Uncertain significance,rrs_n.182C>G
STM,1472027,3) Uncertain significance,rrs_n.182C>G
AMI,1471812,3) Uncertain significance,rrs_n.-34C>A
AMI,1473102,3) Uncertain significance,rrs_n.1257C>T
CAP,1471812,3) Uncertain significance,rrs_n.-34C>A
LZD,1471812,3) Uncertain significance,rrs_n.-34C>A
AMI,1472553,3) Uncertain significance,rrs_n.708C>T
CAP,1472553,3) Uncertain significance,rrs_n.708C>T
STM,1472553,3) Uncertain significance,rrs_n.708C>T
AMI,1472644,3) Uncertain significance,rrs_n.799C>A
CAP,1472644,3) Uncertain significance,rrs_n.799C>A
KAN,1472644,3) Uncertain significance,rrs_n.799C>A
STM,1472644,3) Uncertain significance,rrs_n.799C>A
AMI,1472872,3) Uncertain significance,rrs_n.1027G>A
KAN,1472872,3) Uncertain significance,rrs_n.1027G>A
AMI,1472987,3) Uncertain significance,rrs_n.1142G>A
CAP,1472987,3) Uncertain significance,rrs_n.1142G>A
KAN,1471812,3) Uncertain significance,rrs_n.-34C>A
STM,1473065,3) Uncertain significance,rrs_n.1220C>G
KAN,1473065,3) Uncertain significance,rrs_n.1220C>G
CAP,1473065,3) Uncertain significance,rrs_n.1220C>G
KAN,1472026,3) Uncertain significance,rrs_n.182_200dupCACGGGATGCATGTCTTGT
AMI,1472100,3) Uncertain significance,rrs_n.259dupG
CAP,1472100,3) Uncertain significance,rrs_n.259dupG
KAN,1472100,3) Uncertain significance,rrs_n.259dupG
STM,1472100,3) Uncertain significance,rrs_n.259dupG
AMI,1471765,3) Uncertain significance,rrs_n.-81_-80insG
KAN,1471765,3) Uncertain significance,rrs_n.-81_-80insG
LZD,1471765,3) Uncertain significance,rrs_n.-81_-80insG
AMI,1472990,3) Uncertain significance,rrs_n.1145A>G
CAP,1472990,3) Uncertain significance,rrs_n.1145A>G
KAN,1472990,3) Uncertain significance,rrs_n.1145A>G
AMI,1473212,3) Uncertain significance,rrs_n.1367A>G
CAP,1473212,3) Uncertain significance,rrs_n.1367A>G
KAN,1473212,3) Uncertain significance,rrs_n.1367A>G
STM,1473212,3) Uncertain significance,rrs_n.1367A>G
AMI,1473254,3) Uncertain significance,rrs_n.1409A>G
CAP,1473254,3) Uncertain significance,rrs_n.1409A>G
KAN,1473254,3) Uncertain significance,rrs_n.1409A>G
STM,1473254,3) Uncertain significance,rrs_n.1409A>G
AMI,1472548,3) Uncertain significance,rrs_n.703A>C
CAP,1472548,3) Uncertain significance,rrs_n.703A>C
KAN,1472548,3) Uncertain significance,rrs_n.703A>C
STM,1472548,3) Uncertain significance,rrs_n.703A>C
AMI,1472955,3) Uncertain significance,rrs_n.1110C>T
CAP,1472955,3) Uncertain significance,rrs_n.1110C>T
KAN,1472955,3) Uncertain significance,rrs_n.1110C>T
AMI,1473065,3) Uncertain significance,rrs_n.1220C>G
KAN,1472987,3) Uncertain significance,rrs_n.1142G>A
AMI,1473305,3) Uncertain significance,rrs_n.1460G>A
CAP,1473305,3) Uncertain significance,rrs_n.1460G>A
KAN,1473305,3) Uncertain significance,rrs_n.1460G>A
STM,1472045,3) Uncertain significance,rrs_n.200T>A
AMI,1472058,3) Uncertain significance,rrs_n.213T>C
CAP,1472058,3) Uncertain significance,rrs_n.213T>C
KAN,1472058,3) Uncertain significance,rrs_n.213T>C
STM,1472058,3) Uncertain significance,rrs_n.213T>C
AMI,1472113,3) Uncertain significance,rrs_n.268T>C
CAP,1472113,3) Uncertain significance,rrs_n.268T>C
KAN,1472113,3) Uncertain significance,rrs_n.268T>C
STM,1472113,3) Uncertain significance,rrs_n.268T>C
AMI,1471794,3) Uncertain significance,rrs_n.-52T>G
CAP,1471794,3) Uncertain significance,rrs_n.-52T>G
KAN,1471794,3) Uncertain significance,rrs_n.-52T>G
LZD,1471794,3) Uncertain significance,rrs_n.-52T>G
STM,1471794,3) Uncertain significance,rrs_n.-52T>G
AMI,1472692,3) Uncertain significance,rrs_n.847T>C
CAP,1472692,3) Uncertain significance,rrs_n.847T>C
KAN,1472692,3) Uncertain significance,rrs_n.847T>C
STM,1472692,3) Uncertain significance,rrs_n.847T>C
AMI,4338410,3) Uncertain significance,whiB6_p.Asp39fs
CAP,4338410,3) Uncertain significance,whiB6_p.Asp39fs
AMI,4338520,3) Uncertain significance,whiB6_p.Met1fs
CAP,4338520,3) Uncertain significance,whiB6_p.Met1fs
STM,4338520,3) Uncertain significance,whiB6_p.Met1fs
AMI,4338308,3) Uncertain significance,whiB6_p.Ala72fs
CAP,4338308,3) Uncertain significance,whiB6_p.Ala72fs
KAN,1472045,3) Uncertain significance,rrs_n.200T>A
CAP,1472026,3) Uncertain significance,rrs_n.182_200dupCACGGGATGCATGTCTTGT
CAP,1472045,3) Uncertain significance,rrs_n.200T>A
STM,1471861,3) Uncertain significance,rrs_n.16T>A
STM,1473305,3) Uncertain significance,rrs_n.1460G>A
AMI,1472032,3) Uncertain significance,rrs_n.187G>A
CAP,1472032,3) Uncertain significance,rrs_n.187G>A
KAN,1472032,3) Uncertain significance,rrs_n.187G>A
STM,1472032,3) Uncertain significance,rrs_n.187G>A
AMI,1471892,3) Uncertain significance,rrs_n.47G>A
CAP,1471892,3) Uncertain significance,rrs_n.47G>A
KAN,1471892,3) Uncertain significance,rrs_n.47G>A
AMI,1471917,3) Uncertain significance,rrs_n.72G>C
KAN,1471917,3) Uncertain significance,rrs_n.72G>C
AMI,1472954,3) Uncertain significance,rrs_n.1109T>C
CAP,1472954,3) Uncertain significance,rrs_n.1109T>C
KAN,1472954,3) Uncertain significance,rrs_n.1109T>C
STM,1472954,3) Uncertain significance,rrs_n.1109T>C
AMI,1472956,3) Uncertain significance,rrs_n.1111T>C
CAP,1472956,3) Uncertain significance,rrs_n.1111T>C
KAN,1472956,3) Uncertain significance,rrs_n.1111T>C
AMI,1473009,3) Uncertain significance,rrs_n.1164T>A
CAP,1473009,3) Uncertain significance,rrs_n.1164T>A
KAN,1473009,3) Uncertain significance,rrs_n.1164T>A
STM,1473009,3) Uncertain significance,rrs_n.1164T>A
AMI,1473310,3) Uncertain significance,rrs_n.1465T>G
CAP,1473310,3) Uncertain significance,rrs_n.1465T>G
KAN,1473310,3) Uncertain significance,rrs_n.1465T>G
AMI,1471861,3) Uncertain significance,rrs_n.16T>A
CAP,1471861,3) Uncertain significance,rrs_n.16T>A
KAN,1471861,3) Uncertain significance,rrs_n.16T>A
AMI,1472045,3) Uncertain significance,rrs_n.200T>A
AMI,1472026,3) Uncertain significance,rrs_n.182_200dupCACGGGATGCATGTCTTGT
STM,1472004,3) Uncertain significance,rrs_n.160dupT
KAN,1472004,3) Uncertain significance,rrs_n.160dupT
KAN,3568492,3) Uncertain significance,whiB7_p.Trp63*
AMI,4267908,3) Uncertain significance,aftB_p.Ala310Val
CAP,4267908,3) Uncertain significance,aftB_p.Ala310Val
AMI,4267419,3) Uncertain significance,aftB_p.Ala473Val
CAP,4267419,3) Uncertain significance,aftB_p.Ala473Val
AMI,"4267384,4267382",3) Uncertain significance,aftB_p.Ala485Thr
AMI,"4267291,4267290",3) Uncertain significance,aftB_p.Ala516Gln
AMI,4267266,3) Uncertain significance,aftB_p.Ala524Gly
AMI,4268838,3) Uncertain significance,aftB_c.-2C>T
CAP,4268838,3) Uncertain significance,aftB_c.-2C>T
AMI,4268893,3) Uncertain significance,aftB_c.-57C>T
CAP,4268893,3) Uncertain significance,aftB_c.-57C>T
AMI,4268906,3) Uncertain significance,aftB_c.-70C>A
CAP,4268906,3) Uncertain significance,aftB_c.-70C>A
AMI,4268530,3) Uncertain significance,aftB_p.Gly103Cys
AMI,4268320,3) Uncertain significance,aftB_p.Gly173Cys
CAP,4268320,3) Uncertain significance,aftB_p.Gly173Cys
AMI,4267687,3) Uncertain significance,aftB_p.Gly384Cys
CAP,4267687,3) Uncertain significance,aftB_p.Gly384Cys
AMI,4267084,3) Uncertain significance,aftB_p.His585Tyr
CAP,4267084,3) Uncertain significance,aftB_p.His585Tyr
AMI,"4267357,4267355",3) Uncertain significance,aftB_p.Leu494Val
AMI,4268545,3) Uncertain significance,aftB_p.Leu98Phe
CAP,4268545,3) Uncertain significance,aftB_p.Leu98Phe
AMI,4267366,3) Uncertain significance,aftB_p.Met491Leu
AMI,4268540,3) Uncertain significance,aftB_p.Met99Ile
CAP,4268540,3) Uncertain significance,aftB_p.Met99Ile
AMI,3568492,3) Uncertain significance,whiB7_p.Trp63*
AMI,4267464,3) Uncertain significance,aftB_p.Asn458Thr
KAN,3568616,3) Uncertain significance,whiB7_p.Val22Ile
KAN,3569054,3) Uncertain significance,whiB7_c.-375T>C
STM,3568582,3) Uncertain significance,whiB7_p.Pro33Leu
AMI,3568462,3) Uncertain significance,whiB7_p.Gln73Arg
KAN,3568462,3) Uncertain significance,whiB7_p.Gln73Arg
AMI,3568531,3) Uncertain significance,whiB7_p.Arg50Leu
KAN,3568531,3) Uncertain significance,whiB7_p.Arg50Leu
STM,3568531,3) Uncertain significance,whiB7_p.Arg50Leu
AMI,3568531,3) Uncertain significance,whiB7_p.Arg50Pro
KAN,3568531,3) Uncertain significance,whiB7_p.Arg50Pro
STM,3568531,3) Uncertain significance,whiB7_p.Arg50Pro
AMI,3568505,3) Uncertain significance,whiB7_p.Arg59Trp
KAN,3568505,3) Uncertain significance,whiB7_p.Arg59Trp
STM,3568505,3) Uncertain significance,whiB7_p.Arg59Trp
AMI,3568439,3) Uncertain significance,whiB7_p.Arg81Cys
KAN,3568439,3) Uncertain significance,whiB7_p.Arg81Cys
STM,3568439,3) Uncertain significance,whiB7_p.Arg81Cys
AMI,3568421,3) Uncertain significance,whiB7_p.Arg87Cys
KAN,3568421,3) Uncertain significance,whiB7_p.Arg87Cys
STM,3568421,3) Uncertain significance,whiB7_p.Arg87Cys
AMI,3568447,3) Uncertain significance,whiB7_p.Ser78Asn
STM,3568447,3) Uncertain significance,whiB7_p.Ser78Asn
AMI,3568937,3) Uncertain significance,whiB7_c.-258T>G
KAN,3568937,3) Uncertain significance,whiB7_c.-258T>G
AMI,3568585,3) Uncertain significance,whiB7_p.Thr32Asn
KAN,3568585,3) Uncertain significance,whiB7_p.Thr32Asn
AMI,3569039,3) Uncertain significance,whiB7_c.-360T>G
STM,3569039,3) Uncertain significance,whiB7_c.-360T>G
AMI,3569054,3) Uncertain significance,whiB7_c.-375T>C
AMI,3568616,3) Uncertain significance,whiB7_p.Val22Ile
STM,4338308,3) Uncertain significance,whiB6_p.Ala72fs
AMI,4267194,3) Uncertain significance,aftB_p.Pro548Leu
AMI,4266975,3) Uncertain significance,aftB_p.Pro621Arg
KAN,2714394,3) Uncertain significance,eis_p.Glu313Asp
AMI,2715355,3) Uncertain significance,eis_c.-23G>T
KAN,2715355,3) Uncertain significance,eis_c.-23G>T
AMI,2714915,3) Uncertain significance,eis_p.Leu140Val
KAN,2714915,3) Uncertain significance,eis_p.Leu140Val
AMI,2715280,3) Uncertain significance,eis_p.Leu18Arg
KAN,2715280,3) Uncertain significance,eis_p.Leu18Arg
AMI,2714519,3) Uncertain significance,eis_p.Gln272*
KAN,2714519,3) Uncertain significance,eis_p.Gln272*
AMI,2715376,3) Uncertain significance,eis_c.-44T>C
KAN,2715376,3) Uncertain significance,eis_c.-44T>C
AMI,2715323,3) Uncertain significance,eis_p.Thr4Pro
KAN,2715323,3) Uncertain significance,eis_p.Thr4Pro
AMI,1471745,3) Uncertain significance,rrs_n.-101_-100insG
CAP,1471745,3) Uncertain significance,rrs_n.-101_-100insG
STM,1471745,3) Uncertain significance,rrs_n.-101_-100insG
AMI,1472920,3) Uncertain significance,rrs_n.1077dupT
CAP,1472920,3) Uncertain significance,rrs_n.1077dupT
KAN,1472920,3) Uncertain significance,rrs_n.1077dupT
STM,1472920,3) Uncertain significance,rrs_n.1077dupT
AMI,1472985,3) Uncertain significance,rrs_n.1148_1149dupGA
AMI,1471724,3) Uncertain significance,rrs_n.-117delT
CAP,1471724,3) Uncertain significance,rrs_n.-117delT
KAN,1471724,3) Uncertain significance,rrs_n.-117delT
LZD,1471724,3) Uncertain significance,rrs_n.-117delT
AMI,1472004,3) Uncertain significance,rrs_n.160dupT
CAP,1472004,3) Uncertain significance,rrs_n.160dupT
AMI,2714394,3) Uncertain significance,eis_p.Glu313Asp
CAP,4267194,3) Uncertain significance,aftB_p.Pro548Leu
KAN,2715344,3) Uncertain significance,eis_c.-12C>A
KAN,2714422,3) Uncertain significance,eis_p.Ala304Val
CAP,4266975,3) Uncertain significance,aftB_p.Pro621Arg
AMI,4267437,3) Uncertain significance,aftB_p.Arg467Leu
CAP,4267437,3) Uncertain significance,aftB_p.Arg467Leu
AMI,4267036,3) Uncertain significance,aftB_p.Arg601Cys
CAP,4267036,3) Uncertain significance,aftB_p.Arg601Cys
AMI,4267992,3) Uncertain significance,aftB_p.Thr282Met
AMI,4267782,3) Uncertain significance,aftB_p.Val352Gly
AMI,"4267305,4267304",3) Uncertain significance,aftB_p.Val511Ala
AMI,4268773,3) Uncertain significance,aftB_p.Trp22Arg
AMI,4268520,3) Uncertain significance,aftB_p.Tyr106Cys
CAP,4268520,3) Uncertain significance,aftB_p.Tyr106Cys
AMI,4267944,3) Uncertain significance,aftB_p.Tyr298Cys
CAP,4267944,3) Uncertain significance,aftB_p.Tyr298Cys
AMI,620111,3) Uncertain significance,ccsA_p.Glu74Ala
CAP,620111,3) Uncertain significance,ccsA_p.Glu74Ala
AMI,620600,3) Uncertain significance,ccsA_p.Phe237Ser
AMI,620485,3) Uncertain significance,ccsA_p.Arg199Cys
AMI,619898,3) Uncertain significance,ccsA_p.Thr3Met
CAP,619898,3) Uncertain significance,ccsA_p.Thr3Met
AMI,620620,3) Uncertain significance,ccsA_p.Val244Met
AMI,619969,3) Uncertain significance,ccsA_p.Val27Leu
AMI,2714886,3) Uncertain significance,eis_p.Phe149_His150insThrProThrLeuArgAlaLeu
AMI,2714384,3) Uncertain significance,eis_p.Glu316fs
KAN,2714384,3) Uncertain significance,eis_p.Glu316fs
AMI,2715345,3) Uncertain significance,eis_c.-13A>G
KAN,2715345,3) Uncertain significance,eis_c.-13A>G
AMI,2714422,3) Uncertain significance,eis_p.Ala304Val
AMI,2715344,3) Uncertain significance,eis_c.-12C>A
KAN,1472349,3) Uncertain significance,rrs_n.504A>G
AMI,4338292,3) Uncertain significance,whiB6_p.Ala77fs
AMI,"4267635,4267634",3) Uncertain significance,aftB_p.Arg401His
AMI,4268428,3) Uncertain significance,aftB_p.Ser137Ala
CAP,4268428,3) Uncertain significance,aftB_p.Ser137Ala
AMI,4268776,3) Uncertain significance,aftB_p.Ser21Gly
AMI,4267681,3) Uncertain significance,aftB_p.Ser386Ala
AMI,4268805,3) Uncertain significance,aftB_p.Thr11Met
CAP,4268805,3) Uncertain significance,aftB_p.Thr11Met
AMI,"4268406,4268405",3) Uncertain significance,aftB_p.Val144Ala
AMI,4268283,3) Uncertain significance,aftB_p.Val185Ala
CAP,4268283,3) Uncertain significance,aftB_p.Val185Ala
AMI,4268016,3) Uncertain significance,aftB_p.Val274Ala
AMI,4267722,3) Uncertain significance,aftB_p.Val372Gly
CAP,4267929,3) Uncertain significance,aftB_p.Arg303Gln
CAP,4267722,3) Uncertain significance,aftB_p.Val372Gly
AMI,"4268631,4268630",3) Uncertain significance,aftB_p.Val69Ala
AMI,4267201,3) Uncertain significance,aftB_p.Trp546Gly
CAP,4267201,3) Uncertain significance,aftB_p.Trp546Gly
AMI,620362,3) Uncertain significance,ccsA_p.Ala158Thr
AMI,620575,3) Uncertain significance,ccsA_p.Ala229Ser
AMI,620505,3) Uncertain significance,ccsA_p.Glu205Asp
AMI,620517,3) Uncertain significance,ccsA_p.Glu209Asp
AMI,"620512,620513,620514",3) Uncertain significance,ccsA_p.Gly208Asn
AMI,620518,3) Uncertain significance,ccsA_p.Gly210Ser
AMI,"620530,620532",3) Uncertain significance,ccsA_p.Gly214Arg
AMI,"620569,620571",3) Uncertain significance,ccsA_p.Gly227Arg
AMI,620525,3) Uncertain significance,ccsA_p.Leu212Pro
AMI,"4267525,4267523",3) Uncertain significance,aftB_p.Val438Ile
AMI,4267929,3) Uncertain significance,aftB_p.Arg303Gln
CAP,4268062,3) Uncertain significance,aftB_p.Asn259Asp
AMI,4268062,3) Uncertain significance,aftB_p.Asn259Asp
KAN,3568830,3) Uncertain significance,whiB7_c.-151T>A
AMI,3568914,3) Uncertain significance,whiB7_c.-235T>C
KAN,3568914,3) Uncertain significance,whiB7_c.-235T>C
AMI,3569080,3) Uncertain significance,whiB7_c.-401T>G
KAN,3569080,3) Uncertain significance,whiB7_c.-401T>G
AMI,3568672,3) Uncertain significance,whiB7_p.Val3Ala
KAN,3568672,3) Uncertain significance,whiB7_p.Val3Ala
AMI,"4268446,4268444",3) Uncertain significance,aftB_p.Ala131Ser
AMI,4268044,3) Uncertain significance,aftB_p.Ala265Thr
CAP,4268044,3) Uncertain significance,aftB_p.Ala265Thr
AMI,4267587,3) Uncertain significance,aftB_p.Ala417Asp
CAP,4267587,3) Uncertain significance,aftB_p.Ala417Asp
AMI,4267555,3) Uncertain significance,aftB_p.Asp428Tyr
AMI,"4267545,4267544",3) Uncertain significance,aftB_p.Asp431Gly
AMI,4268852,3) Uncertain significance,aftB_c.-16G>A
CAP,4268852,3) Uncertain significance,aftB_c.-16G>A
AMI,4268784,3) Uncertain significance,aftB_p.Gly18Ala
AMI,4268858,3) Uncertain significance,aftB_c.-22G>A
CAP,4268858,3) Uncertain significance,aftB_c.-22G>A
AMI,4268629,3) Uncertain significance,aftB_p.Gly70Ser
CAP,4268629,3) Uncertain significance,aftB_p.Gly70Ser
AMI,4268626,3) Uncertain significance,aftB_p.Gly71Ser
AMI,4268918,3) Uncertain significance,aftB_c.-82G>A
CAP,4268918,3) Uncertain significance,aftB_c.-82G>A
AMI,4268638,3) Uncertain significance,aftB_p.Leu67Met
AMI,4268602,3) Uncertain significance,aftB_p.Leu79Met
AMI,4268608,3) Uncertain significance,aftB_p.Met77Leu
AMI,620545,3) Uncertain significance,ccsA_p.Leu219Phe
AMI,620533,3) Uncertain significance,ccsA_p.Met215Leu
AMI,620320,3) Uncertain significance,ccsA_p.Pro144Ser
CAP,620320,3) Uncertain significance,ccsA_p.Pro144Ser
AMI,2714926,3) Uncertain significance,eis_p.Thr136Ser
KAN,2714926,3) Uncertain significance,eis_p.Thr136Ser
AMI,2714641,3) Uncertain significance,eis_p.Thr231Ile
KAN,2714641,3) Uncertain significance,eis_p.Thr231Ile
AMI,2714432,3) Uncertain significance,eis_p.Val301Ile
KAN,2714432,3) Uncertain significance,eis_p.Val301Ile
KAN,1471737,3) Uncertain significance,rrs_n.-101_-100insG
LZD,1471737,3) Uncertain significance,rrs_n.-101_-100insG
AMI,1471804,3) Uncertain significance,rrs_n.-40_-39insA
CAP,1471804,3) Uncertain significance,rrs_n.-40_-39insA
KAN,1471804,3) Uncertain significance,rrs_n.-40_-39insA
LZD,1471804,3) Uncertain significance,rrs_n.-40_-39insA
STM,1471804,3) Uncertain significance,rrs_n.-40_-39insA
AMI,1471850,3) Uncertain significance,rrs_n.5_6insC
KAN,1471850,3) Uncertain significance,rrs_n.5_6insC
AMI,1472857,3) Uncertain significance,rrs_n.1012A>G
CAP,1472857,3) Uncertain significance,rrs_n.1012A>G
KAN,1472857,3) Uncertain significance,rrs_n.1012A>G
STM,1472857,3) Uncertain significance,rrs_n.1012A>G
AMI,1473123,3) Uncertain significance,rrs_n.1278A>G
CAP,1473123,3) Uncertain significance,rrs_n.1278A>G
KAN,1473123,3) Uncertain significance,rrs_n.1278A>G
STM,1473123,3) Uncertain significance,rrs_n.1278A>G
AMI,1472349,3) Uncertain significance,rrs_n.504A>G
KAN,2715244,3) Uncertain significance,eis_p.Pro30His
AMI,3568830,3) Uncertain significance,whiB7_c.-151T>A
AMI,2715244,3) Uncertain significance,eis_p.Pro30His
AMI,2714770,3) Uncertain significance,eis_p.Gly188Ala
AMI,"620288,620289",3) Uncertain significance,ccsA_p.Arg133Gln
AMI,620495,3) Uncertain significance,ccsA_p.Arg202Pro
AMI,620539,3) Uncertain significance,ccsA_p.Arg217Gly
CAP,620539,3) Uncertain significance,ccsA_p.Arg217Gly
AMI,620249,3) Uncertain significance,ccsA_p.Ser120Cys
AMI,"620509,620510",3) Uncertain significance,ccsA_p.Thr207Gly
AMI,620056,3) Uncertain significance,ccsA_p.Thr56Ala
CAP,620056,3) Uncertain significance,ccsA_p.Thr56Ala
AMI,620269,3) Uncertain significance,ccsA_p.Val127Ile
AMI,620317,3) Uncertain significance,ccsA_p.Val143Phe
AMI,"620317,620319",3) Uncertain significance,ccsA_p.Val143Leu
AMI,620461,3) Uncertain significance,ccsA_p.Val191Ile
AMI,620482,3) Uncertain significance,ccsA_p.Val198Leu
AMI,620290,3) Uncertain significance,ccsA_p.Tyr134His
CAP,620290,3) Uncertain significance,ccsA_p.Tyr134His
AMI,2714303,3) Uncertain significance,eis_p.Asp344fs
KAN,2714303,3) Uncertain significance,eis_p.Asp344fs
AMI,2715287,3) Uncertain significance,eis_p.Met16fs
KAN,2715287,3) Uncertain significance,eis_p.Met16fs
AMI,2714525,3) Uncertain significance,eis_p.Thr269fs
KAN,2714525,3) Uncertain significance,eis_p.Thr269fs
AMI,2715076,3) Uncertain significance,eis_p.Ala86Val
KAN,2715076,3) Uncertain significance,eis_p.Ala86Val
AMI,2714130,3) Uncertain significance,eis_p.Glu401Asp
KAN,2714130,3) Uncertain significance,eis_p.Glu401Asp
KAN,2714770,3) Uncertain significance,eis_p.Gly188Ala
KAN,3568645,3) Uncertain significance,whiB7_p.Arg12Lys
AMI,3568645,3) Uncertain significance,whiB7_p.Arg12Lys
STM,3568496,3) Uncertain significance,whiB7_p.Pro62Thr
CAP,4338635,3) Uncertain significance,whiB6_c.-114A>G
STM,4338635,3) Uncertain significance,whiB6_c.-114A>G
AMI,4338547,3) Uncertain significance,whiB6_c.-26A>G
CAP,4338547,3) Uncertain significance,whiB6_c.-26A>G
STM,4338547,3) Uncertain significance,whiB6_c.-26A>G
AMI,4338325,3) Uncertain significance,whiB6_p.Ala66Val
CAP,4338325,3) Uncertain significance,whiB6_p.Ala66Val
STM,4338325,3) Uncertain significance,whiB6_p.Ala66Val
AMI,4338505,3) Uncertain significance,whiB6_p.Ala6Glu
CAP,4338505,3) Uncertain significance,whiB6_p.Ala6Glu
STM,4338505,3) Uncertain significance,whiB6_p.Ala6Glu
AMI,4338307,3) Uncertain significance,whiB6_p.Ala72Glu
CAP,4338307,3) Uncertain significance,whiB6_p.Ala72Glu
STM,4338307,3) Uncertain significance,whiB6_p.Ala72Glu
AMI,4338262,3) Uncertain significance,whiB6_p.Ala87Val
CAP,4338262,3) Uncertain significance,whiB6_p.Ala87Val
AMI,4338570,3) Uncertain significance,whiB6_c.-49C>T
CAP,4338570,3) Uncertain significance,whiB6_c.-49C>T
AMI,4338337,3) Uncertain significance,whiB6_p.Cys62Ser
CAP,4338337,3) Uncertain significance,whiB6_p.Cys62Ser
STM,4338337,3) Uncertain significance,whiB6_p.Cys62Ser
AMI,4338583,3) Uncertain significance,whiB6_c.-62C>T
AMI,4338612,3) Uncertain significance,whiB6_c.-91C>T
CAP,4338612,3) Uncertain significance,whiB6_c.-91C>T
AMI,4338384,3) Uncertain significance,whiB6_p.Asp46Glu
CAP,4338384,3) Uncertain significance,whiB6_p.Asp46Glu
AMI,4338386,3) Uncertain significance,whiB6_p.Asp46His
AMI,4338635,3) Uncertain significance,whiB6_c.-114A>G
CAP,4338386,3) Uncertain significance,whiB6_p.Asp46His
CAP,4338435,3) Uncertain significance,whiB6_p.Leu31fs
CAP,4338290,3) Uncertain significance,whiB6_p.Ala77fs
AMI,4338593,3) Uncertain significance,whiB6_c.-75_-73delGCTinsCA
CAP,4338593,3) Uncertain significance,whiB6_c.-75_-73delGCTinsCA
STM,4338593,3) Uncertain significance,whiB6_c.-75_-73delGCTinsCA
STM,4338595,3) Uncertain significance,whiB6_c.-76_-75delAGinsC
AMI,4338595,3) Uncertain significance,whiB6_c.-78_-75delAGAGinsTGA
CAP,4338595,3) Uncertain significance,whiB6_c.-78_-75delAGAGinsTGA
STM,4338596,3) Uncertain significance,whiB6_c.-76delA
AMI,4338598,3) Uncertain significance,whiB6_c.-81_-78delACTAinsTCC
CAP,4338598,3) Uncertain significance,whiB6_c.-81_-78delACTAinsTCC
STM,4338598,3) Uncertain significance,whiB6_c.-81_-78delACTAinsTCC
AMI,4338435,3) Uncertain significance,whiB6_p.Leu31fs
AMI,4338253,3) Uncertain significance,whiB6_p.Phe90Ser
AMI,4338621,3) Uncertain significance,whiB6_c.-100G>A
CAP,4338294,3) Uncertain significance,whiB6_p.Trp76*
STM,4338294,3) Uncertain significance,whiB6_p.Trp76*
AMI,3568995,3) Uncertain significance,whiB7_c.-317_-316insG
KAN,3568995,3) Uncertain significance,whiB7_c.-317_-316insG
AMI,3568833,3) Uncertain significance,whiB7_c.-154C>T
KAN,3568833,3) Uncertain significance,whiB7_c.-154C>T
AMI,3568610,3) Uncertain significance,whiB7_p.Asp24His
KAN,3568610,3) Uncertain significance,whiB7_p.Asp24His
STM,3568610,3) Uncertain significance,whiB7_p.Asp24His
AMI,3568475,3) Uncertain significance,whiB7_p.Glu69Lys
KAN,3568475,3) Uncertain significance,whiB7_p.Glu69Lys
STM,3568475,3) Uncertain significance,whiB7_p.Glu69Lys
AMI,3568803,3) Uncertain significance,whiB7_c.-124G>A
KAN,3568803,3) Uncertain significance,whiB7_c.-124G>A
AMI,3568929,3) Uncertain significance,whiB7_c.-250G>A
KAN,3568929,3) Uncertain significance,whiB7_c.-250G>A
AMI,3568734,3) Uncertain significance,whiB7_c.-55G>A
KAN,3568734,3) Uncertain significance,whiB7_c.-55G>A
STM,3568734,3) Uncertain significance,whiB7_c.-55G>A
AMI,3568496,3) Uncertain significance,whiB7_p.Pro62Thr
KAN,3568496,3) Uncertain significance,whiB7_p.Pro62Thr
AMI,4338295,3) Uncertain significance,whiB6_p.Trp76*
CAP,4338253,3) Uncertain significance,whiB6_p.Phe90Ser
CAP,4338621,3) Uncertain significance,whiB6_c.-100G>A
STM,4338621,3) Uncertain significance,whiB6_c.-100G>A
AMI,4338239,3) Uncertain significance,whiB6_p.Leu95Val
AMI,4338389,3) Uncertain significance,whiB6_p.Pro45Ser
CAP,4338389,3) Uncertain significance,whiB6_p.Pro45Ser
STM,4338389,3) Uncertain significance,whiB6_p.Pro45Ser
AMI,4338242,3) Uncertain significance,whiB6_p.Gln94*
CAP,4338242,3) Uncertain significance,whiB6_p.Gln94*
AMI,4338471,3) Uncertain significance,whiB6_p.Arg17Ser
AMI,4338631,3) Uncertain significance,whiB6_c.-110T>C
CAP,4338631,3) Uncertain significance,whiB6_c.-110T>C
AMI,4338643,3) Uncertain significance,whiB6_c.-122T>C
CAP,4338643,3) Uncertain significance,whiB6_c.-122T>C
AMI,4338540,3) Uncertain significance,whiB6_c.-19T>C
CAP,4338540,3) Uncertain significance,whiB6_c.-19T>C
STM,4338540,3) Uncertain significance,whiB6_c.-19T>C
AMI,4338395,3) Uncertain significance,whiB6_p.Thr43Pro
CAP,4338395,3) Uncertain significance,whiB6_p.Thr43Pro
STM,4338395,3) Uncertain significance,whiB6_p.Thr43Pro
AMI,4338475,3) Uncertain significance,whiB6_p.Trp16Ser
CAP,4338475,3) Uncertain significance,whiB6_p.Trp16Ser
STM,4338475,3) Uncertain significance,whiB6_p.Trp16Ser
AMI,4338399,3) Uncertain significance,whiB6_p.Trp41Cys
CAP,4338399,3) Uncertain significance,whiB6_p.Trp41Cys
AMI,4338344,3) Uncertain significance,whiB6_p.Trp60Arg
CAP,4338344,3) Uncertain significance,whiB6_p.Trp60Arg
AMI,4338343,3) Uncertain significance,whiB6_p.Trp60Ser
KAN,1473088,3) Uncertain significance,rrs_n.1243A>G
CAP,1473088,3) Uncertain significance,rrs_n.1243A>G
AMI,1473088,3) Uncertain significance,rrs_n.1243A>G
INH,1673655,3) Uncertain significance,inhA_c.-547C>T
ETH,1673586,3) Uncertain significance,inhA_c.-616C>T
INH,1673586,3) Uncertain significance,inhA_c.-616C>T
ETH,1673502,3) Uncertain significance,inhA_c.-700C>T
INH,1673502,3) Uncertain significance,inhA_c.-700C>T
ETH,1673472,3) Uncertain significance,inhA_c.-730C>T
INH,1673472,3) Uncertain significance,inhA_c.-730C>T
ETH,1673450,3) Uncertain significance,inhA_c.-752C>G
INH,1673450,3) Uncertain significance,inhA_c.-752C>G
ETH,1673420,3) Uncertain significance,inhA_c.-782C>T
INH,1673420,3) Uncertain significance,inhA_c.-782C>T
ETH,1674109,3) Uncertain significance,inhA_c.-93C>T
ETH,1673655,3) Uncertain significance,inhA_c.-547C>T
INH,1674109,3) Uncertain significance,inhA_c.-93C>T
INH,1674108,3) Uncertain significance,inhA_c.-94C>T
ETH,1674063,3) Uncertain significance,inhA_c.-139G>A
INH,1674063,3) Uncertain significance,inhA_c.-139G>A
ETH,1674042,3) Uncertain significance,inhA_c.-160G>A
INH,1674042,3) Uncertain significance,inhA_c.-160G>A
ETH,1674022,3) Uncertain significance,inhA_c.-180G>A
INH,1674022,3) Uncertain significance,inhA_c.-180G>A
ETH,1673967,3) Uncertain significance,inhA_c.-235G>A
ETH,1673949,3) Uncertain significance,inhA_c.-253G>A
INH,1673949,3) Uncertain significance,inhA_c.-253G>A
ETH,1673890,3) Uncertain significance,inhA_c.-312G>A
ETH,1673844,3) Uncertain significance,inhA_c.-358G>T
ETH,1674108,3) Uncertain significance,inhA_c.-94C>T
INH,1673730,3) Uncertain significance,inhA_c.-472C>T
ETH,1673730,3) Uncertain significance,inhA_c.-472C>T
INH,1673766,3) Uncertain significance,inhA_c.-436C>T
INH,1673450,3) Uncertain significance,inhA_c.-752C>T
ETH,1673431,3) Uncertain significance,inhA_c.-771G>A
INH,1673431,3) Uncertain significance,inhA_c.-771G>A
ETH,1674026,3) Uncertain significance,inhA_c.-176A>C
INH,1674026,3) Uncertain significance,inhA_c.-176A>C
ETH,1673393,3) Uncertain significance,inhA_c.-809G>C
INH,1673393,3) Uncertain significance,inhA_c.-809G>C
ETH,1673394,3) Uncertain significance,inhA_c.-796delC
INH,1673394,3) Uncertain significance,inhA_c.-796delC
ETH,1673827,3) Uncertain significance,inhA_c.-375A>C
INH,1673827,3) Uncertain significance,inhA_c.-375A>C
ETH,1673724,3) Uncertain significance,inhA_c.-478A>C
INH,1673724,3) Uncertain significance,inhA_c.-478A>C
ETH,1673468,3) Uncertain significance,inhA_c.-734A>G
ETH,1673455,3) Uncertain significance,inhA_c.-747A>G
INH,1673455,3) Uncertain significance,inhA_c.-747A>G
ETH,1673394,3) Uncertain significance,inhA_c.-808A>G
INH,1673394,3) Uncertain significance,inhA_c.-808A>G
ETH,1674046,3) Uncertain significance,inhA_c.-156C>T
INH,1674046,3) Uncertain significance,inhA_c.-156C>T
ETH,1674044,3) Uncertain significance,inhA_c.-158C>T
INH,1674044,3) Uncertain significance,inhA_c.-158C>T
ETH,1674177,3) Uncertain significance,inhA_c.-25C>T
INH,1674177,3) Uncertain significance,inhA_c.-25C>T
ETH,1673925,3) Uncertain significance,inhA_c.-277C>T
INH,1673925,3) Uncertain significance,inhA_c.-277C>T
ETH,1673766,3) Uncertain significance,inhA_c.-436C>T
INH,1673844,3) Uncertain significance,inhA_c.-358G>T
ETH,1673736,3) Uncertain significance,inhA_c.-466G>T
INH,1673736,3) Uncertain significance,inhA_c.-466G>T
ETH,1673682,3) Uncertain significance,inhA_c.-520G>C
ETH,575237,3) Uncertain significance,mshA_c.-111C>T
INH,575237,3) Uncertain significance,mshA_c.-111C>T
ETH,575195,3) Uncertain significance,mshA_c.-153C>T
INH,575195,3) Uncertain significance,mshA_c.-153C>T
ETH,575165,3) Uncertain significance,mshA_c.-183C>T
INH,575165,3) Uncertain significance,mshA_c.-183C>T
ETH,575119,3) Uncertain significance,mshA_c.-229C>G
ETH,575045,3) Uncertain significance,mshA_c.-303C>T
INH,575045,3) Uncertain significance,mshA_c.-303C>T
ETH,575039,3) Uncertain significance,mshA_c.-309C>T
ETH,575033,3) Uncertain significance,mshA_c.-315C>T
ETH,574972,3) Uncertain significance,mshA_c.-376C>T
INH,574972,3) Uncertain significance,mshA_c.-376C>T
ETH,574927,3) Uncertain significance,mshA_c.-421C>T
INH,574927,3) Uncertain significance,mshA_c.-421C>T
ETH,574910,3) Uncertain significance,mshA_c.-438C>A
INH,574910,3) Uncertain significance,mshA_c.-438C>A
ETH,574824,3) Uncertain significance,mshA_c.-524C>T
INH,574824,3) Uncertain significance,mshA_c.-524C>T
ETH,574811,3) Uncertain significance,mshA_c.-537C>A
INH,574811,3) Uncertain significance,mshA_c.-537C>A
ETH,574783,3) Uncertain significance,mshA_c.-565C>G
INH,574783,3) Uncertain significance,mshA_c.-565C>G
ETH,574778,3) Uncertain significance,mshA_c.-570C>T
INH,574778,3) Uncertain significance,mshA_c.-570C>T
ETH,574774,3) Uncertain significance,mshA_c.-574C>A
ETH,574774,3) Uncertain significance,mshA_c.-574C>G
INH,574795,3) Uncertain significance,mshA_c.-553A>G
ETH,1673450,3) Uncertain significance,inhA_c.-752C>T
ETH,574795,3) Uncertain significance,mshA_c.-553A>G
ETH,574833,3) Uncertain significance,mshA_c.-515A>G
INH,1673682,3) Uncertain significance,inhA_c.-520G>C
ETH,1673676,3) Uncertain significance,inhA_c.-526G>T
ETH,1673661,3) Uncertain significance,inhA_c.-541G>C
INH,1673661,3) Uncertain significance,inhA_c.-541G>C
ETH,1673600,3) Uncertain significance,inhA_c.-602G>A
INH,1673600,3) Uncertain significance,inhA_c.-602G>A
ETH,1673566,3) Uncertain significance,inhA_c.-636G>A
ETH,1673514,3) Uncertain significance,inhA_c.-688G>A
ETH,1673438,3) Uncertain significance,inhA_c.-764G>A
INH,1673438,3) Uncertain significance,inhA_c.-764G>A
ETH,1673413,3) Uncertain significance,inhA_c.-789G>C
INH,1673413,3) Uncertain significance,inhA_c.-789G>C
ETH,1673401,3) Uncertain significance,inhA_c.-801G>A
INH,1673401,3) Uncertain significance,inhA_c.-801G>A
ETH,1673679,3) Uncertain significance,inhA_c.-523T>C
INH,1673679,3) Uncertain significance,inhA_c.-523T>C
ETH,575192,3) Uncertain significance,mshA_c.-156A>G
INH,575192,3) Uncertain significance,mshA_c.-156A>G
ETH,575146,3) Uncertain significance,mshA_c.-202A>C
INH,575146,3) Uncertain significance,mshA_c.-202A>C
ETH,575107,3) Uncertain significance,mshA_c.-241A>C
ETH,575051,3) Uncertain significance,mshA_c.-297A>G
INH,575051,3) Uncertain significance,mshA_c.-297A>G
ETH,575047,3) Uncertain significance,mshA_c.-301A>G
INH,575047,3) Uncertain significance,mshA_c.-301A>G
ETH,574970,3) Uncertain significance,mshA_c.-378A>C
INH,574970,3) Uncertain significance,mshA_c.-378A>C
INH,574833,3) Uncertain significance,mshA_c.-515A>G
INH,1673406,3) Uncertain significance,inhA_c.-796C>G
ETH,1673406,3) Uncertain significance,inhA_c.-796C>G
INH,1673435,3) Uncertain significance,inhA_c.-767T>C
EMB,4238648,3) Uncertain significance,embC_c.-1215G>A
EMB,4238084,3) Uncertain significance,embC_c.-1779G>A
EMB,4239408,3) Uncertain significance,embC_c.-455G>A
EMB,4239291,3) Uncertain significance,embC_c.-572G>A
EMB,4238393,3) Uncertain significance,embC_c.-1470A>C
EMB,4239569,3) Uncertain significance,embC_c.-294A>G
EMB,4239155,3) Uncertain significance,embC_c.-708C>T
EMB,4238396,3) Uncertain significance,embC_c.-1467G>A
EMB,4237977,3) Uncertain significance,embC_c.-1886G>T
EMB,4239512,3) Uncertain significance,embC_c.-351G>A
EMB,4238065,3) Uncertain significance,embC_c.-1798T>A
EMB,4239652,3) Uncertain significance,embC_c.-211T>G
EMB,4238840,3) Uncertain significance,embC_c.-1023A>C
EMB,4238473,3) Uncertain significance,embC_c.-1390A>C
EMB,4238387,3) Uncertain significance,embC_c.-1476A>C
EMB,4239507,3) Uncertain significance,embC_c.-356C>A
EMB,4239257,3) Uncertain significance,embC_c.-606G>C
EMB,4238239,3) Uncertain significance,embC_c.-1624T>C
EMB,4238175,3) Uncertain significance,embC_c.-1688A>G
EMB,4239309,3) Uncertain significance,embC_c.-554G>A
EMB,4239262,3) Uncertain significance,embC_c.-601G>A
EMB,4239017,3) Uncertain significance,embC_c.-846G>A
EMB,4239633,3) Uncertain significance,embC_c.-230A>G
EMB,4239753,3) Uncertain significance,embC_c.-110C>T
EMB,4239685,3) Uncertain significance,embC_c.-178G>A
EMB,4239231,3) Uncertain significance,embC_c.-632G>A
EMB,4238895,3) Uncertain significance,embC_c.-968A>G
EMB,4238859,3) Uncertain significance,embC_c.-1004G>A
EMB,4238190,3) Uncertain significance,embC_c.-1673C>A
EMB,4239235,3) Uncertain significance,embC_c.-628C>T
EMB,4238685,3) Uncertain significance,embC_c.-1178C>T
EMB,4238751,3) Uncertain significance,embC_c.-1112C>T
EMB,4238454,3) Uncertain significance,embC_c.-1409C>G
EMB,4238406,3) Uncertain significance,embC_c.-1457C>T
EMB,4238363,3) Uncertain significance,embC_c.-1500C>G
EMB,4238174,3) Uncertain significance,embC_c.-1689C>T
EMB,4239534,3) Uncertain significance,embC_c.-329C>A
EMB,4239530,3) Uncertain significance,embC_c.-333C>T
EMB,4239299,3) Uncertain significance,embC_c.-564C>A
EMB,4238633,3) Uncertain significance,embC_c.-1230G>A
EMB,4238591,3) Uncertain significance,embC_c.-1272G>A
EMB,4238457,3) Uncertain significance,embC_c.-1406G>T
EMB,4238087,3) Uncertain significance,embC_c.-1776G>A
EMB,4239685,3) Uncertain significance,embC_c.-178G>T
EMB,4238006,3) Uncertain significance,embC_c.-1857G>T
EMB,4237989,3) Uncertain significance,embC_c.-1874G>A
EMB,4239545,3) Uncertain significance,embC_c.-318G>A
EMB,4239529,3) Uncertain significance,embC_c.-334G>T
EMB,4239409,3) Uncertain significance,embC_c.-454G>A
EMB,4239338,3) Uncertain significance,embC_c.-525G>A
EMB,4239797,3) Uncertain significance,embC_c.-66G>A
EMB,4239150,3) Uncertain significance,embC_c.-713G>A
EMB,4239487,3) Uncertain significance,embC_c.-376T>C
EMB,4239295,3) Uncertain significance,embC_c.-568T>C
EMB,4239269,3) Uncertain significance,embC_c.-587_-586insTGGCCGCCGCCATCGGGT
EMB,4238349,3) Uncertain significance,embC_c.-1514A>G
EMB,4238828,3) Uncertain significance,embC_c.-1035C>T
EMB,4238765,3) Uncertain significance,embC_c.-1098C>T
EMB,4238242,3) Uncertain significance,embC_c.-1621C>G
INH,574774,3) Uncertain significance,mshA_c.-574C>G
EMB,4238496,3) Uncertain significance,embC_c.-1367G>A
EMB,4238438,3) Uncertain significance,embC_c.-1425G>A
ETH,1673865,3) Uncertain significance,inhA_c.-337C>T
INH,1673865,3) Uncertain significance,inhA_c.-337C>T
ETH,1673692,3) Uncertain significance,inhA_c.-510C>G
INH,1673692,3) Uncertain significance,inhA_c.-510C>G
ETH,1674135,3) Uncertain significance,inhA_c.-67C>T
INH,1674135,3) Uncertain significance,inhA_c.-67C>T
ETH,1674114,3) Uncertain significance,inhA_c.-88T>A
INH,1674114,3) Uncertain significance,inhA_c.-88T>A
ETH,1673474,3) Uncertain significance,inhA_c.-728C>G
INH,1673474,3) Uncertain significance,inhA_c.-728C>G
ETH,1673394,3) Uncertain significance,inhA_c.-800_-787delATTTCGGCCCGGCC
INH,1673394,3) Uncertain significance,inhA_c.-800_-787delATTTCGGCCCGGCC
ETH,1673920,3) Uncertain significance,inhA_c.-282A>G
INH,1673920,3) Uncertain significance,inhA_c.-282A>G
ETH,1673851,3) Uncertain significance,inhA_c.-351A>G
INH,1673851,3) Uncertain significance,inhA_c.-351A>G
ETH,1674075,3) Uncertain significance,inhA_c.-127C>A
INH,1674075,3) Uncertain significance,inhA_c.-127C>A
ETH,1674062,3) Uncertain significance,inhA_c.-140C>A
INH,1674062,3) Uncertain significance,inhA_c.-140C>A
ETH,1673410,3) Uncertain significance,inhA_c.-792C>T
INH,1673410,3) Uncertain significance,inhA_c.-792C>T
ETH,1673395,3) Uncertain significance,inhA_c.-807C>G
INH,1673395,3) Uncertain significance,inhA_c.-807C>G
ETH,1673408,3) Uncertain significance,inhA_c.-794G>T
INH,1673408,3) Uncertain significance,inhA_c.-794G>T
ETH,1673435,3) Uncertain significance,inhA_c.-767T>C
INH,1673432,3) Uncertain significance,inhA_c.-770T>G
EMB,4238193,3) Uncertain significance,embC_c.-1670C>A
ETH,1673432,3) Uncertain significance,inhA_c.-770T>G
ETH,1674102,3) Uncertain significance,inhA_c.-100C>A
EMB,4239058,3) Uncertain significance,embC_c.-805T>C
EMB,4238884,3) Uncertain significance,embC_c.-979C>T
EMB,4237971,3) Uncertain significance,embC_c.-1892A>T
EMB,4239767,3) Uncertain significance,embC_c.-96G>A
EMB,4238059,3) Uncertain significance,embC_c.-1804C>T
EMB,4237946,3) Uncertain significance,embC_c.-1917C>T
EMB,4238104,3) Uncertain significance,embC_c.-1759T>C
EMB,4239655,3) Uncertain significance,embC_c.-208C>T
EMB,4238385,3) Uncertain significance,embC_c.-1478G>A
EMB,4238842,3) Uncertain significance,embC_c.-1021A>G
EMB,4238972,3) Uncertain significance,embC_c.-891C>G
EMB,4237983,3) Uncertain significance,embC_c.-1880A>G
EMB,4238110,3) Uncertain significance,embC_c.-1753C>T
EMB,4238835,3) Uncertain significance,embC_c.-1028G>A
EMB,4238242,3) Uncertain significance,embC_c.-1621C>T
EMB,4238874,3) Uncertain significance,embC_c.-989A>C
EMB,4238578,3) Uncertain significance,embC_c.-1285C>A
EMB,4238810,3) Uncertain significance,embC_c.-1053G>A
EMB,4239396,3) Uncertain significance,embC_c.-467C>A
EMB,4238060,3) Uncertain significance,embC_c.-1803G>C
EMB,4239334,3) Uncertain significance,embC_c.-529T>C
ETH,1673423,3) Uncertain significance,inhA_c.-779G>T
INH,1673423,3) Uncertain significance,inhA_c.-779G>T
ETH,574862,3) Uncertain significance,mshA_c.-486T>C
ETH,1674162,3) Uncertain significance,inhA_c.-40C>T
ETH,1673406,3) Uncertain significance,inhA_c.-796C>T
INH,1673406,3) Uncertain significance,inhA_c.-796C>T
INH,1674102,3) Uncertain significance,inhA_c.-100C>A
EMB,4238133,3) Uncertain significance,embC_c.-1730A>C
ETH,574769,3) Uncertain significance,mshA_c.-579C>T
ETH,574759,3) Uncertain significance,mshA_c.-589C>G
INH,1673604,3) Uncertain significance,inhA_c.-598G>A
INH,1673590,3) Uncertain significance,inhA_c.-612G>A
INH,1673479,3) Uncertain significance,inhA_c.-723G>A
INH,1674126,3) Uncertain significance,inhA_c.-76G>A
INH,1673580,3) Uncertain significance,inhA_c.-622T>C
INH,1673499,3) Uncertain significance,inhA_c.-703T>C
INH,1673487,3) Uncertain significance,inhA_c.-715T>C
INH,2156297,3) Uncertain significance,katG_c.-187delG
INH,2156453,3) Uncertain significance,katG_c.-343dupG
INH,2156588,3) Uncertain significance,katG_c.-479_-478delGT
INH,2156596,3) Uncertain significance,katG_c.-498delG
INH,2156611,3) Uncertain significance,katG_c.-501delA
INH,1673661,3) Uncertain significance,inhA_c.-541G>A
INH,2156637,3) Uncertain significance,katG_c.-527delG
INH,2156213,3) Uncertain significance,katG_c.-102A>G
INH,2156222,3) Uncertain significance,katG_c.-111A>G
INH,2156243,3) Uncertain significance,katG_c.-132A>G
INH,2156263,3) Uncertain significance,katG_c.-152A>C
INH,2156282,3) Uncertain significance,katG_c.-171A>G
INH,2156319,3) Uncertain significance,katG_c.-208A>G
INH,2156321,3) Uncertain significance,katG_c.-210A>C
INH,2156403,3) Uncertain significance,katG_c.-292A>G
INH,2156420,3) Uncertain significance,katG_c.-309A>G
INH,2156484,3) Uncertain significance,katG_c.-373A>G
INH,2156509,3) Uncertain significance,katG_c.-398A>C
INH,2156566,3) Uncertain significance,katG_c.-455A>G
INH,2156191,3) Uncertain significance,katG_c.-85_-81delCTATGinsT
INH,1673682,3) Uncertain significance,inhA_c.-520G>T
INH,1673691,3) Uncertain significance,inhA_c.-511G>A
INH,1673716,3) Uncertain significance,inhA_c.-486G>A
INH,1673419,3) Uncertain significance,inhA_c.-783G>A
INH,1673715,3) Uncertain significance,inhA_c.-487C>G
INH,1673561,3) Uncertain significance,inhA_c.-641A>G
INH,1673460,3) Uncertain significance,inhA_c.-742A>C
INH,1674092,3) Uncertain significance,inhA_c.-110C>G
INH,1674015,3) Uncertain significance,inhA_c.-187C>T
INH,1674000,3) Uncertain significance,inhA_c.-202C>T
INH,1673970,3) Uncertain significance,inhA_c.-232C>T
INH,1673791,3) Uncertain significance,inhA_c.-411C>T
INH,1673771,3) Uncertain significance,inhA_c.-431C>T
INH,1673685,3) Uncertain significance,inhA_c.-517C>G
INH,1673673,3) Uncertain significance,inhA_c.-529C>T
INH,1673660,3) Uncertain significance,inhA_c.-542C>A
INH,1673622,3) Uncertain significance,inhA_c.-580C>G
INH,1673613,3) Uncertain significance,inhA_c.-589C>T
INH,1673591,3) Uncertain significance,inhA_c.-611C>T
INH,1673528,3) Uncertain significance,inhA_c.-674C>A
INH,1673484,3) Uncertain significance,inhA_c.-718C>T
INH,1673409,3) Uncertain significance,inhA_c.-793C>T
INH,1673389,3) Uncertain significance,inhA_c.-813C>T
INH,1674082,3) Uncertain significance,inhA_c.-120G>A
INH,1674043,3) Uncertain significance,inhA_c.-159G>T
INH,1674042,3) Uncertain significance,inhA_c.-160G>C
INH,1674029,3) Uncertain significance,inhA_c.-173G>T
INH,1674016,3) Uncertain significance,inhA_c.-186G>A
INH,1673917,3) Uncertain significance,inhA_c.-285G>T
INH,1673859,3) Uncertain significance,inhA_c.-343G>T
INH,2156615,3) Uncertain significance,katG_c.-504A>G
INH,2156204,3) Uncertain significance,katG_c.-93A>G
INH,2156242,3) Uncertain significance,katG_c.-131C>G
INH,2156252,3) Uncertain significance,katG_c.-141C>A
INH,2156340,3) Uncertain significance,katG_c.-229G>A
INH,2156342,3) Uncertain significance,katG_c.-231G>A
INH,2156354,3) Uncertain significance,katG_c.-243G>A
INH,2156395,3) Uncertain significance,katG_c.-284G>A
INH,2156397,3) Uncertain significance,katG_c.-286G>A
INH,2156400,3) Uncertain significance,katG_c.-289G>A
INH,2156461,3) Uncertain significance,katG_c.-350G>A
INH,2156466,3) Uncertain significance,katG_c.-355G>A
INH,2156481,3) Uncertain significance,katG_c.-370G>A
INH,2156506,3) Uncertain significance,katG_c.-395G>A
INH,2156526,3) Uncertain significance,katG_c.-415G>A
INH,2156534,3) Uncertain significance,katG_c.-423G>A
INH,2156539,3) Uncertain significance,katG_c.-428G>A
INH,2156545,3) Uncertain significance,katG_c.-434G>A
INH,2156558,3) Uncertain significance,katG_c.-447G>A
INH,2156563,3) Uncertain significance,katG_c.-452G>A
INH,2156571,3) Uncertain significance,katG_c.-460G>T
INH,2156590,3) Uncertain significance,katG_c.-479G>T
INH,2156616,3) Uncertain significance,katG_c.-505G>C
INH,2156642,3) Uncertain significance,katG_c.-531G>C
INH,2156164,3) Uncertain significance,katG_c.-53G>T
INH,2156200,3) Uncertain significance,katG_c.-89G>A
INH,2156231,3) Uncertain significance,katG_c.-120T>C
INH,2156239,3) Uncertain significance,katG_c.-128T>G
INH,2156257,3) Uncertain significance,katG_c.-146T>C
INH,2156297,3) Uncertain significance,katG_c.-186T>C
INH,2156318,3) Uncertain significance,katG_c.-207T>C
INH,2156308,3) Uncertain significance,katG_c.-197G>A
INH,1673510,3) Uncertain significance,inhA_c.-692A>G
INH,2156298,3) Uncertain significance,katG_c.-187G>T
INH,2156227,3) Uncertain significance,katG_c.-116G>C
INH,2156252,3) Uncertain significance,katG_c.-141C>T
INH,2156320,3) Uncertain significance,katG_c.-209C>T
INH,2156332,3) Uncertain significance,katG_c.-221C>A
INH,2156344,3) Uncertain significance,katG_c.-233C>A
INH,2156385,3) Uncertain significance,katG_c.-274C>G
INH,2156398,3) Uncertain significance,katG_c.-287C>T
INH,2156402,3) Uncertain significance,katG_c.-291C>G
INH,2156407,3) Uncertain significance,katG_c.-296C>T
INH,2156419,3) Uncertain significance,katG_c.-308C>T
INH,2156428,3) Uncertain significance,katG_c.-317C>A
INH,2156453,3) Uncertain significance,katG_c.-342C>T
INH,2156488,3) Uncertain significance,katG_c.-377C>T
INH,2156510,3) Uncertain significance,katG_c.-399C>T
INH,2156518,3) Uncertain significance,katG_c.-407C>T
INH,2156522,3) Uncertain significance,katG_c.-411C>T
INH,2156547,3) Uncertain significance,katG_c.-436C>G
INH,2156548,3) Uncertain significance,katG_c.-437C>T
INH,2156560,3) Uncertain significance,katG_c.-449C>G
INH,2156560,3) Uncertain significance,katG_c.-449C>T
INH,2156569,3) Uncertain significance,katG_c.-458C>T
INH,2156570,3) Uncertain significance,katG_c.-459C>A
INH,2156597,3) Uncertain significance,katG_c.-486C>T
INH,2156618,3) Uncertain significance,katG_c.-507C>G
INH,2156618,3) Uncertain significance,katG_c.-507C>T
INH,2156165,3) Uncertain significance,katG_c.-54C>A
INH,2156190,3) Uncertain significance,katG_c.-79C>T
INH,2156220,3) Uncertain significance,katG_c.-109G>A
INH,2156283,3) Uncertain significance,katG_c.-172G>A
INH,1673660,3) Uncertain significance,inhA_c.-542C>T
INH,1673584,3) Uncertain significance,inhA_c.-618T>C
INH,1673526,3) Uncertain significance,inhA_c.-676G>A
ETH,574857,3) Uncertain significance,mshA_c.-491G>A
ETH,574842,3) Uncertain significance,mshA_c.-506G>A
INH,574842,3) Uncertain significance,mshA_c.-506G>A
ETH,574820,3) Uncertain significance,mshA_c.-528G>T
INH,574820,3) Uncertain significance,mshA_c.-528G>T
ETH,574809,3) Uncertain significance,mshA_c.-539G>C
INH,574809,3) Uncertain significance,mshA_c.-539G>C
ETH,574787,3) Uncertain significance,mshA_c.-561G>A
INH,574787,3) Uncertain significance,mshA_c.-561G>A
ETH,574753,3) Uncertain significance,mshA_c.-595G>A
ETH,574719,3) Uncertain significance,mshA_c.-629G>C
INH,574719,3) Uncertain significance,mshA_c.-629G>C
ETH,575285,3) Uncertain significance,mshA_c.-63G>T
INH,575285,3) Uncertain significance,mshA_c.-63G>T
ETH,574698,3) Uncertain significance,mshA_c.-650G>A
INH,574698,3) Uncertain significance,mshA_c.-650G>A
ETH,574688,3) Uncertain significance,mshA_c.-660G>A
INH,574688,3) Uncertain significance,mshA_c.-660G>A
ETH,574688,3) Uncertain significance,mshA_c.-660G>C
INH,574688,3) Uncertain significance,mshA_c.-660G>C
ETH,575255,3) Uncertain significance,mshA_c.-93G>T
INH,575255,3) Uncertain significance,mshA_c.-93G>T
ETH,575234,3) Uncertain significance,mshA_c.-114T>C
ETH,574922,3) Uncertain significance,mshA_c.-426T>G
INH,574922,3) Uncertain significance,mshA_c.-426T>G
ETH,574895,3) Uncertain significance,mshA_c.-453T>G
INH,574895,3) Uncertain significance,mshA_c.-453T>G
INH,574888,3) Uncertain significance,mshA_c.-460G>A
ETH,574830,3) Uncertain significance,mshA_c.-518T>C
ETH,574888,3) Uncertain significance,mshA_c.-460G>A
ETH,574900,3) Uncertain significance,mshA_c.-448G>C
INH,574759,3) Uncertain significance,mshA_c.-589C>G
ETH,574726,3) Uncertain significance,mshA_c.-622C>T
INH,574726,3) Uncertain significance,mshA_c.-622C>T
ETH,574707,3) Uncertain significance,mshA_c.-641C>T
ETH,575284,3) Uncertain significance,mshA_c.-64C>A
INH,575284,3) Uncertain significance,mshA_c.-64C>A
ETH,574697,3) Uncertain significance,mshA_c.-651C>T
INH,574697,3) Uncertain significance,mshA_c.-651C>T
ETH,574681,3) Uncertain significance,mshA_c.-667C>T
INH,574681,3) Uncertain significance,mshA_c.-667C>T
ETH,574679,3) Uncertain significance,mshA_c.-669C>G
INH,574679,3) Uncertain significance,mshA_c.-669C>G
ETH,574679,3) Uncertain significance,mshA_c.-669C>T
INH,574679,3) Uncertain significance,mshA_c.-669C>T
ETH,575281,3) Uncertain significance,mshA_c.-67C>T
INH,575281,3) Uncertain significance,mshA_c.-67C>T
ETH,575265,3) Uncertain significance,mshA_c.-83C>T
INH,575265,3) Uncertain significance,mshA_c.-83C>T
ETH,575223,3) Uncertain significance,mshA_c.-125G>A
INH,575223,3) Uncertain significance,mshA_c.-125G>A
ETH,575173,3) Uncertain significance,mshA_c.-175G>A
INH,575173,3) Uncertain significance,mshA_c.-175G>A
ETH,575052,3) Uncertain significance,mshA_c.-296G>A
INH,575052,3) Uncertain significance,mshA_c.-296G>A
ETH,575010,3) Uncertain significance,mshA_c.-338G>A
ETH,574914,3) Uncertain significance,mshA_c.-434G>A
INH,574914,3) Uncertain significance,mshA_c.-434G>A
INH,574900,3) Uncertain significance,mshA_c.-448G>C
INH,574769,3) Uncertain significance,mshA_c.-579C>T
INH,574830,3) Uncertain significance,mshA_c.-518T>C
INH,574830,3) Uncertain significance,mshA_c.-518T>G
ETH,1674090,3) Uncertain significance,inhA_c.-112C>T
INH,1674090,3) Uncertain significance,inhA_c.-112C>T
ETH,1673680,3) Uncertain significance,inhA_c.-522C>G
ETH,1673816,3) Uncertain significance,inhA_c.-386G>A
INH,1673816,3) Uncertain significance,inhA_c.-386G>A
ETH,575282,3) Uncertain significance,mshA_c.-66C>T
INH,575282,3) Uncertain significance,mshA_c.-66C>T
ETH,575283,3) Uncertain significance,mshA_c.-65C>G
INH,575283,3) Uncertain significance,mshA_c.-65C>G
INH,2156595,3) Uncertain significance,katG_c.-485_-484insTGTCT
INH,2156596,3) Uncertain significance,katG_c.-521_-488delGTCTTGACTGATTCCAGAAAAGGGAGTCATATTG
INH,2156379,3) Uncertain significance,katG_c.-268A>G
INH,2156592,3) Uncertain significance,katG_c.-481G>T
INH,574864,3) Uncertain significance,mshA_c.-484C>T
INH,2156344,3) Uncertain significance,katG_c.-233C>G
INH,2156367,3) Uncertain significance,katG_c.-256G>A
INH,1407392,3) Uncertain significance,Rv1258c_c.-52G>A
INH,2156584,3) Uncertain significance,katG_c.-473T>G
INH,2156370,3) Uncertain significance,katG_c.-259T>G
INH,1673393,3) Uncertain significance,inhA_c.-809G>A
INH,1673973,3) Uncertain significance,inhA_c.-229G>C
INH,1673475,3) Uncertain significance,inhA_c.-727A>G
INH,1673997,3) Uncertain significance,inhA_c.-205C>T
INH,1673807,3) Uncertain significance,inhA_c.-395C>T
INH,1673450,3) Uncertain significance,inhA_c.-752C>A
INH,1673787,3) Uncertain significance,inhA_c.-415G>T
INH,575018,3) Uncertain significance,mshA_c.-330C>T
ETH,574830,3) Uncertain significance,mshA_c.-518T>G
ETH,575018,3) Uncertain significance,mshA_c.-330C>T
ETH,1674182,3) Uncertain significance,inhA_c.-20G>A
ETH,1673778,3) Uncertain significance,inhA_c.-424C>T
INH,1673778,3) Uncertain significance,inhA_c.-424C>T
ETH,1673673,3) Uncertain significance,inhA_c.-529C>A
INH,1673673,3) Uncertain significance,inhA_c.-529C>A
ETH,1673988,3) Uncertain significance,inhA_c.-214G>A
ETH,1673650,3) Uncertain significance,inhA_c.-552G>A
INH,1673650,3) Uncertain significance,inhA_c.-552G>A
ETH,1673497,3) Uncertain significance,inhA_c.-705G>A
INH,1673497,3) Uncertain significance,inhA_c.-705G>A
ETH,574718,3) Uncertain significance,mshA_c.-630A>C
ETH,575221,3) Uncertain significance,mshA_c.-127C>T
ETH,574921,3) Uncertain significance,mshA_c.-427C>T
INH,574921,3) Uncertain significance,mshA_c.-427C>T
ETH,574774,3) Uncertain significance,mshA_c.-574C>T
INH,574774,3) Uncertain significance,mshA_c.-574C>T
ETH,575283,3) Uncertain significance,mshA_c.-65C>T
INH,575283,3) Uncertain significance,mshA_c.-65C>T
ETH,575240,3) Uncertain significance,mshA_c.-108G>A
INH,575240,3) Uncertain significance,mshA_c.-108G>A
ETH,575212,3) Uncertain significance,mshA_c.-136G>C
ETH,575129,3) Uncertain significance,mshA_c.-219G>C
INH,575129,3) Uncertain significance,mshA_c.-219G>C
ETH,574994,3) Uncertain significance,mshA_c.-354G>A
INH,574994,3) Uncertain significance,mshA_c.-354G>A
ETH,574909,3) Uncertain significance,mshA_c.-439C>T
ETH,574906,3) Uncertain significance,mshA_c.-442G>A
INH,574906,3) Uncertain significance,mshA_c.-442G>A
INH,1674182,3) Uncertain significance,inhA_c.-20G>A
INH,2156323,3) Uncertain significance,katG_c.-212T>C
EMB,4238622,3) Uncertain significance,embC_c.-1241A>C
EMB,4239046,3) Uncertain significance,embC_c.-817T>G
EMB,4239428,3) Uncertain significance,embC_c.-435A>G
EMB,4239367,3) Uncertain significance,embC_c.-496A>C
EMB,4239354,3) Uncertain significance,embC_c.-509A>G
EMB,4239306,3) Uncertain significance,embC_c.-557A>G
EMB,4239242,3) Uncertain significance,embC_c.-621A>C
EMB,4239071,3) Uncertain significance,embC_c.-792A>G
EMB,4238977,3) Uncertain significance,embC_c.-886A>C
EMB,4238959,3) Uncertain significance,embC_c.-904A>G
EMB,4238891,3) Uncertain significance,embC_c.-972A>G
EMB,4238861,3) Uncertain significance,embC_c.-1002C>T
EMB,4238844,3) Uncertain significance,embC_c.-1019C>T
EMB,4239761,3) Uncertain significance,embC_c.-102C>T
EMB,4239543,3) Uncertain significance,embC_c.-320A>G
EMB,4238770,3) Uncertain significance,embC_c.-1093C>T
EMB,4238740,3) Uncertain significance,embC_c.-1123C>T
EMB,4238738,3) Uncertain significance,embC_c.-1125C>G
EMB,4238677,3) Uncertain significance,embC_c.-1186C>T
EMB,4238665,3) Uncertain significance,embC_c.-1198C>T
EMB,4238629,3) Uncertain significance,embC_c.-1234C>A
EMB,4238627,3) Uncertain significance,embC_c.-1236C>T
EMB,4238593,3) Uncertain significance,embC_c.-1270C>G
EMB,4238573,3) Uncertain significance,embC_c.-1290C>T
EMB,4238570,3) Uncertain significance,embC_c.-1293C>A
EMB,4238570,3) Uncertain significance,embC_c.-1293C>T
EMB,4238555,3) Uncertain significance,embC_c.-1308C>T
EMB,4238554,3) Uncertain significance,embC_c.-1309C>G
EMB,4238747,3) Uncertain significance,embC_c.-1116C>T
EMB,4239695,3) Uncertain significance,embC_c.-168A>G
EMB,4238194,3) Uncertain significance,embC_c.-1669A>G
EMB,4239699,3) Uncertain significance,embC_c.-164A>G
CFZ,2223378,3) Uncertain significance,Rv1979c_c.-214G>A
CFZ,2223399,3) Uncertain significance,Rv1979c_c.-235G>T
CFZ,2223447,3) Uncertain significance,Rv1979c_c.-283G>A
CFZ,2223350,3) Uncertain significance,Rv1979c_c.-186T>G
CFZ,2223429,3) Uncertain significance,Rv1979c_c.-265T>C
CFZ,2223486,3) Uncertain significance,Rv1979c_c.-322T>C
CFZ,2223445,3) Uncertain significance,Rv1979c_c.-281C>T
EMB,4238675,3) Uncertain significance,embC_c.-1188C>T
EMB,4239538,3) Uncertain significance,embC_c.-325G>A
EMB,4239476,3) Uncertain significance,embC_c.-387G>T
EMB,4238142,3) Uncertain significance,embC_c.-1721G>A
EMB,4239381,3) Uncertain significance,embC_c.-482G>A
EMB,4238764,3) Uncertain significance,embC_c.-1099A>G
EMB,4239853,3) Uncertain significance,embC_c.-10A>C
EMB,4238739,3) Uncertain significance,embC_c.-1124A>C
EMB,4238689,3) Uncertain significance,embC_c.-1174A>C
EMB,4238654,3) Uncertain significance,embC_c.-1209A>G
EMB,4238628,3) Uncertain significance,embC_c.-1235A>G
EMB,4238596,3) Uncertain significance,embC_c.-1267A>G
EMB,4238484,3) Uncertain significance,embC_c.-1379A>G
EMB,4238466,3) Uncertain significance,embC_c.-1397A>G
EMB,4238445,3) Uncertain significance,embC_c.-1418A>C
EMB,4238317,3) Uncertain significance,embC_c.-1546A>C
EMB,4239708,3) Uncertain significance,embC_c.-155A>C
EMB,4239706,3) Uncertain significance,embC_c.-157A>C
EMB,4239706,3) Uncertain significance,embC_c.-157A>T
EMB,4239702,3) Uncertain significance,embC_c.-161A>G
EMB,4238510,3) Uncertain significance,embC_c.-1353C>A
EMB,4238509,3) Uncertain significance,embC_c.-1354C>T
EMB,4238498,3) Uncertain significance,embC_c.-1365C>T
EMB,4238489,3) Uncertain significance,embC_c.-1374C>T
EMB,4239656,3) Uncertain significance,embC_c.-207C>T
EMB,4239654,3) Uncertain significance,embC_c.-209C>T
EMB,4239651,3) Uncertain significance,embC_c.-212C>T
EMB,4239616,3) Uncertain significance,embC_c.-247C>T
EMB,4239589,3) Uncertain significance,embC_c.-274C>T
EMB,4239584,3) Uncertain significance,embC_c.-279C>A
EMB,4239835,3) Uncertain significance,embC_c.-28C>G
EMB,4239549,3) Uncertain significance,embC_c.-314C>A
EMB,4239521,3) Uncertain significance,embC_c.-342C>A
EMB,4239521,3) Uncertain significance,embC_c.-342C>G
EMB,4239506,3) Uncertain significance,embC_c.-357C>T
EMB,4239503,3) Uncertain significance,embC_c.-360C>A
EMB,4239470,3) Uncertain significance,embC_c.-393C>A
EMB,4239458,3) Uncertain significance,embC_c.-405C>G
EMB,4239387,3) Uncertain significance,embC_c.-476C>G
EMB,4239380,3) Uncertain significance,embC_c.-483C>T
EMB,4239364,3) Uncertain significance,embC_c.-499C>G
EMB,4239353,3) Uncertain significance,embC_c.-510C>T
EMB,4239342,3) Uncertain significance,embC_c.-521C>G
EMB,4239342,3) Uncertain significance,embC_c.-521C>T
EMB,4239332,3) Uncertain significance,embC_c.-531C>A
EMB,4239329,3) Uncertain significance,embC_c.-534C>T
EMB,4239328,3) Uncertain significance,embC_c.-535C>T
EMB,4239310,3) Uncertain significance,embC_c.-553C>G
EMB,4239290,3) Uncertain significance,embC_c.-573C>T
EMB,4239235,3) Uncertain significance,embC_c.-628C>G
EMB,4239230,3) Uncertain significance,embC_c.-633C>T
EMB,4239666,3) Uncertain significance,embC_c.-197C>T
CFZ,2223350,3) Uncertain significance,Rv1979c_c.-191_-187delGATGC
EMB,4237946,3) Uncertain significance,embC_c.-1917C>G
EMB,4237996,3) Uncertain significance,embC_c.-1867C>T
EMB,4238455,3) Uncertain significance,embC_c.-1408C>A
EMB,4238455,3) Uncertain significance,embC_c.-1408C>T
EMB,4238452,3) Uncertain significance,embC_c.-1411C>T
EMB,4238395,3) Uncertain significance,embC_c.-1468C>T
EMB,4239717,3) Uncertain significance,embC_c.-146C>T
EMB,4238351,3) Uncertain significance,embC_c.-1512C>T
EMB,4238329,3) Uncertain significance,embC_c.-1534C>T
EMB,4238327,3) Uncertain significance,embC_c.-1536C>T
EMB,4238312,3) Uncertain significance,embC_c.-1551C>T
EMB,4238303,3) Uncertain significance,embC_c.-1560C>A
EMB,4238272,3) Uncertain significance,embC_c.-1591C>T
EMB,4238271,3) Uncertain significance,embC_c.-1592C>T
EMB,4238260,3) Uncertain significance,embC_c.-1603C>A
EMB,4238255,3) Uncertain significance,embC_c.-1608C>T
EMB,4238217,3) Uncertain significance,embC_c.-1646C>A
EMB,4238141,3) Uncertain significance,embC_c.-1722C>T
EMB,4238138,3) Uncertain significance,embC_c.-1725C>T
EMB,4239689,3) Uncertain significance,embC_c.-174C>T
EMB,4238107,3) Uncertain significance,embC_c.-1756C>G
EMB,4239687,3) Uncertain significance,embC_c.-176C>G
EMB,4238083,3) Uncertain significance,embC_c.-1780C>A
EMB,4238077,3) Uncertain significance,embC_c.-1786C>T
EMB,4238051,3) Uncertain significance,embC_c.-1812C>T
EMB,4238032,3) Uncertain significance,embC_c.-1831C>G
EMB,4239680,3) Uncertain significance,embC_c.-183C>A
EMB,4238022,3) Uncertain significance,embC_c.-1841C>A
EMB,4237998,3) Uncertain significance,embC_c.-1865C>T
EMB,4237953,3) Uncertain significance,embC_c.-1910C>T
CAP,1917726,3) Uncertain significance,tlyA_c.-214C>A
CAP,1917906,3) Uncertain significance,tlyA_c.-34G>A
CAP,1917754,3) Uncertain significance,tlyA_c.-186C>T
CAP,619814,3) Uncertain significance,ccsA_c.-77G>T
AMI,4268955,3) Uncertain significance,aftB_c.879A>G
AMI,4268958,3) Uncertain significance,aftB_p.Ile292Met
AMI,4268956,3) Uncertain significance,aftB_p.Ala293Val
AMI,4268946,3) Uncertain significance,aftB_c.888G>A
AMI,4268940,3) Uncertain significance,aftB_c.894T>C
AMI,4268949,3) Uncertain significance,aftB_c.885T>C
AMI,619869,3) Uncertain significance,ccsA_c.-22C>A
CAP,619869,3) Uncertain significance,ccsA_c.-22C>A
AMI,619822,3) Uncertain significance,ccsA_c.-69G>T
AMI,619815,3) Uncertain significance,ccsA_c.-76G>C
CAP,619815,3) Uncertain significance,ccsA_c.-76G>C
BDQ,2223380,3) Uncertain significance,Rv1979c_c.-234_-217delCCGGCCCAACCCAGGTAT
BDQ,2223416,3) Uncertain significance,Rv1979c_c.-253dupG
BDQ,2223517,3) Uncertain significance,Rv1979c_c.-361_-353delCAGACCGGAinsT
CFZ,2223517,3) Uncertain significance,Rv1979c_c.-361_-353delCAGACCGGAinsT
BDQ,2223382,3) Uncertain significance,Rv1979c_c.-218A>G
CFZ,2223382,3) Uncertain significance,Rv1979c_c.-218A>G
BDQ,2223400,3) Uncertain significance,Rv1979c_c.-236A>C
CFZ,2223400,3) Uncertain significance,Rv1979c_c.-236A>C
BDQ,2223542,3) Uncertain significance,Rv1979c_c.-378A>G
CFZ,2223542,3) Uncertain significance,Rv1979c_c.-378A>G
BDQ,2223562,3) Uncertain significance,Rv1979c_c.-398A>G
CFZ,2223562,3) Uncertain significance,Rv1979c_c.-398A>G
BDQ,2223611,3) Uncertain significance,Rv1979c_c.-447A>C
CFZ,2223611,3) Uncertain significance,Rv1979c_c.-447A>C
BDQ,2223372,3) Uncertain significance,Rv1979c_c.-208C>G
AMI,619814,3) Uncertain significance,ccsA_c.-77G>T
CFZ,2223372,3) Uncertain significance,Rv1979c_c.-208C>G
CAP,619798,3) Uncertain significance,ccsA_c.-93G>C
CAP,619802,3) Uncertain significance,ccsA_c.-89G>A
CAP,4268928,3) Uncertain significance,aftB_c.906C>T
AMI,4268964,3) Uncertain significance,aftB_c.870G>T
CAP,4268964,3) Uncertain significance,aftB_c.870G>T
AMI,619747,3) Uncertain significance,ccsA_c.-144C>A
CAP,619747,3) Uncertain significance,ccsA_c.-144C>A
AMI,619700,3) Uncertain significance,ccsA_c.-191C>T
CAP,619700,3) Uncertain significance,ccsA_c.-191C>T
AMI,619795,3) Uncertain significance,ccsA_c.-96C>G
AMI,619792,3) Uncertain significance,ccsA_c.-99C>T
CAP,619792,3) Uncertain significance,ccsA_c.-99C>T
AMI,619791,3) Uncertain significance,ccsA_c.-100G>A
CAP,619791,3) Uncertain significance,ccsA_c.-100G>A
AMI,619785,3) Uncertain significance,ccsA_c.-106G>C
CAP,619785,3) Uncertain significance,ccsA_c.-106G>C
AMI,619784,3) Uncertain significance,ccsA_c.-107G>A
CAP,619784,3) Uncertain significance,ccsA_c.-107G>A
AMI,619748,3) Uncertain significance,ccsA_c.-143G>A
CAP,619748,3) Uncertain significance,ccsA_c.-143G>A
AMI,619742,3) Uncertain significance,ccsA_c.-149G>A
AMI,619729,3) Uncertain significance,ccsA_c.-162G>A
CAP,619729,3) Uncertain significance,ccsA_c.-162G>A
AMI,619886,3) Uncertain significance,ccsA_c.-5G>A
AMI,619814,3) Uncertain significance,ccsA_c.-77G>A
CAP,619814,3) Uncertain significance,ccsA_c.-77G>A
AMI,619806,3) Uncertain significance,ccsA_c.-85G>A
CAP,619806,3) Uncertain significance,ccsA_c.-85G>A
AMI,619802,3) Uncertain significance,ccsA_c.-89G>A
AMI,619798,3) Uncertain significance,ccsA_c.-93G>C
EMB,4239217,3) Uncertain significance,embC_c.-646C>G
BDQ,2223463,3) Uncertain significance,Rv1979c_c.-299C>T
BDQ,2223575,3) Uncertain significance,Rv1979c_c.-411C>G
BDQ,2223622,3) Uncertain significance,Rv1979c_c.-458G>A
CFZ,2223622,3) Uncertain significance,Rv1979c_c.-458G>A
BDQ,2223566,3) Uncertain significance,Rv1979c_c.-402T>C
CFZ,2223566,3) Uncertain significance,Rv1979c_c.-402T>C
BDQ,2223604,3) Uncertain significance,Rv1979c_c.-440C>T
CFZ,2223604,3) Uncertain significance,Rv1979c_c.-440C>T
BDQ,2223479,3) Uncertain significance,Rv1979c_c.-315C>T
CFZ,2223479,3) Uncertain significance,Rv1979c_c.-315C>T
BDQ,2223550,3) Uncertain significance,Rv1979c_c.-386C>T
CFZ,2223550,3) Uncertain significance,Rv1979c_c.-386C>T
BDQ,2223491,3) Uncertain significance,Rv1979c_c.-327C>A
CFZ,2223491,3) Uncertain significance,Rv1979c_c.-327C>A
BDQ,2223553,3) Uncertain significance,Rv1979c_c.-389C>A
CAP,4268934,3) Uncertain significance,aftB_c.900C>T
CAP,4268970,3) Uncertain significance,aftB_c.864G>A
CAP,619853,3) Uncertain significance,ccsA_c.-38_-37insT
CAP,619757,3) Uncertain significance,ccsA_c.-134G>T
CAP,1917724,3) Uncertain significance,tlyA_c.-216A>G
CAP,1917718,3) Uncertain significance,tlyA_c.-222A>G
CAP,1917723,3) Uncertain significance,tlyA_c.-217C>A
CAP,1917706,3) Uncertain significance,tlyA_c.-234C>T
CAP,1917738,3) Uncertain significance,tlyA_c.-202G>A
CAP,1917735,3) Uncertain significance,tlyA_c.-205G>A
CAP,1917727,3) Uncertain significance,tlyA_c.-213G>A
CAP,1917720,3) Uncertain significance,tlyA_c.-220G>A
CAP,1917918,3) Uncertain significance,tlyA_c.-22G>C
CAP,1917896,3) Uncertain significance,tlyA_c.-44G>A
CFZ,2223593,3) Uncertain significance,Rv1979c_c.-429C>T
BDQ,2223520,3) Uncertain significance,Rv1979c_c.-356C>G
BDQ,2223593,3) Uncertain significance,Rv1979c_c.-429C>T
BDQ,2223422,3) Uncertain significance,Rv1979c_c.-258C>T
CFZ,2223575,3) Uncertain significance,Rv1979c_c.-411C>G
BDQ,2223405,3) Uncertain significance,Rv1979c_c.-241G>A
CFZ,2223405,3) Uncertain significance,Rv1979c_c.-241G>A
BDQ,2223419,3) Uncertain significance,Rv1979c_c.-255G>A
CFZ,2223419,3) Uncertain significance,Rv1979c_c.-255G>A
BDQ,2223439,3) Uncertain significance,Rv1979c_c.-275G>A
CFZ,2223439,3) Uncertain significance,Rv1979c_c.-275G>A
BDQ,2223441,3) Uncertain significance,Rv1979c_c.-277G>T
CFZ,2223441,3) Uncertain significance,Rv1979c_c.-277G>T
BDQ,2223443,3) Uncertain significance,Rv1979c_c.-279G>A
CFZ,2223443,3) Uncertain significance,Rv1979c_c.-279G>A
BDQ,2223444,3) Uncertain significance,Rv1979c_c.-280G>A
CFZ,2223444,3) Uncertain significance,Rv1979c_c.-280G>A
BDQ,2223492,3) Uncertain significance,Rv1979c_c.-328G>T
CFZ,2223492,3) Uncertain significance,Rv1979c_c.-328G>T
BDQ,2223414,3) Uncertain significance,Rv1979c_c.-250T>G
CFZ,2223414,3) Uncertain significance,Rv1979c_c.-250T>G
BDQ,2223429,3) Uncertain significance,Rv1979c_c.-265T>G
BDQ,2223455,3) Uncertain significance,Rv1979c_c.-291T>C
BDQ,2223509,3) Uncertain significance,Rv1979c_c.-345T>C
CFZ,2223509,3) Uncertain significance,Rv1979c_c.-345T>C
BDQ,2223590,3) Uncertain significance,Rv1979c_c.-426T>G
CFZ,2223590,3) Uncertain significance,Rv1979c_c.-426T>G
BDQ,2223616,3) Uncertain significance,Rv1979c_c.-452T>C
CFZ,2223616,3) Uncertain significance,Rv1979c_c.-452T>C
BDQ,2223374,3) Uncertain significance,Rv1979c_c.-210C>T
CFZ,2223374,3) Uncertain significance,Rv1979c_c.-210C>T
CFZ,2223422,3) Uncertain significance,Rv1979c_c.-258C>T
EMB,4239032,3) Uncertain significance,embC_c.-831T>C
EMB,4239794,3) Uncertain significance,embC_c.-69C>T
EMB,4239143,3) Uncertain significance,embC_c.-720C>T
EMB,4238187,3) Uncertain significance,embC_c.-1676T>C
EMB,4238140,3) Uncertain significance,embC_c.-1723T>C
EMB,4238104,3) Uncertain significance,embC_c.-1759T>G
EMB,4238067,3) Uncertain significance,embC_c.-1796T>C
EMB,4238017,3) Uncertain significance,embC_c.-1846T>C
EMB,4237986,3) Uncertain significance,embC_c.-1877T>C
EMB,4239522,3) Uncertain significance,embC_c.-341T>G
EMB,4239508,3) Uncertain significance,embC_c.-355T>G
EMB,4239481,3) Uncertain significance,embC_c.-382T>C
EMB,4239825,3) Uncertain significance,embC_c.-38T>C
EMB,4239360,3) Uncertain significance,embC_c.-503T>G
EMB,4239268,3) Uncertain significance,embC_c.-595T>C
EMB,4238236,3) Uncertain significance,embC_c.-1627T>C
EMB,4239055,3) Uncertain significance,embC_c.-808T>C
EMB,4238030,3) Uncertain significance,embC_c.-1833A>C
EMB,4237938,3) Uncertain significance,embC_c.-1925A>G
EMB,4239523,3) Uncertain significance,embC_c.-340A>G
EMB,4239007,3) Uncertain significance,embC_c.-856A>C
EMB,4238791,3) Uncertain significance,embC_c.-1072C>T
EMB,4238750,3) Uncertain significance,embC_c.-1113C>T
EMB,4238723,3) Uncertain significance,embC_c.-1140C>G
EMB,4238629,3) Uncertain significance,embC_c.-1234C>T
EMB,4238618,3) Uncertain significance,embC_c.-1245C>T
EMB,4239737,3) Uncertain significance,embC_c.-126C>T
EMB,4238454,3) Uncertain significance,embC_c.-1409C>A
EMB,4238434,3) Uncertain significance,embC_c.-1429C>T
EMB,4239048,3) Uncertain significance,embC_c.-815T>C
EMB,4238248,3) Uncertain significance,embC_c.-1615T>G
EMB,4238398,3) Uncertain significance,embC_c.-1465T>A
EMB,4238469,3) Uncertain significance,embC_c.-1394T>C
EMB,4239065,3) Uncertain significance,embC_c.-798G>A
EMB,4239053,3) Uncertain significance,embC_c.-810G>A
EMB,4239047,3) Uncertain significance,embC_c.-816G>T
EMB,4239031,3) Uncertain significance,embC_c.-832G>A
EMB,4239031,3) Uncertain significance,embC_c.-832G>C
EMB,4239026,3) Uncertain significance,embC_c.-837G>A
EMB,4239780,3) Uncertain significance,embC_c.-83G>A
EMB,4238985,3) Uncertain significance,embC_c.-878G>A
EMB,4238953,3) Uncertain significance,embC_c.-910G>A
EMB,4238949,3) Uncertain significance,embC_c.-914G>A
EMB,4238936,3) Uncertain significance,embC_c.-927G>T
EMB,4238931,3) Uncertain significance,embC_c.-932G>A
EMB,4238929,3) Uncertain significance,embC_c.-934G>A
EMB,4238883,3) Uncertain significance,embC_c.-980G>A
EMB,4238879,3) Uncertain significance,embC_c.-984G>A
EMB,4238868,3) Uncertain significance,embC_c.-995G>A
EMB,4239854,3) Uncertain significance,embC_c.-9G>T
EMB,4238827,3) Uncertain significance,embC_c.-1036T>C
EMB,4239759,3) Uncertain significance,embC_c.-104T>C
EMB,4238730,3) Uncertain significance,embC_c.-1133T>G
EMB,4238647,3) Uncertain significance,embC_c.-1216T>C
EMB,4238637,3) Uncertain significance,embC_c.-1226T>C
EMB,4238584,3) Uncertain significance,embC_c.-1279T>G
EMB,4238569,3) Uncertain significance,embC_c.-1294T>C
EMB,4238550,3) Uncertain significance,embC_c.-1313T>C
EMB,4238544,3) Uncertain significance,embC_c.-1319T>G
EMB,4238521,3) Uncertain significance,embC_c.-1342T>C
EMB,4238426,3) Uncertain significance,embC_c.-1437C>G
EMB,4238411,3) Uncertain significance,embC_c.-1452C>T
EMB,4238403,3) Uncertain significance,embC_c.-1460C>T
EMB,4238274,3) Uncertain significance,embC_c.-1589C>T
EMB,4238108,3) Uncertain significance,embC_c.-1755G>A
EMB,4238076,3) Uncertain significance,embC_c.-1787G>A
EMB,4238066,3) Uncertain significance,embC_c.-1797G>A
EMB,4239662,3) Uncertain significance,embC_c.-201G>A
EMB,4239509,3) Uncertain significance,embC_c.-354G>A
EMB,4239419,3) Uncertain significance,embC_c.-444G>A
EMB,4239398,3) Uncertain significance,embC_c.-465G>A
EMB,4239382,3) Uncertain significance,embC_c.-481G>C
EMB,4239366,3) Uncertain significance,embC_c.-497G>A
EMB,4239300,3) Uncertain significance,embC_c.-563G>T
EMB,4239258,3) Uncertain significance,embC_c.-605G>C
EMB,4239188,3) Uncertain significance,embC_c.-675G>C
EMB,4239081,3) Uncertain significance,embC_c.-782G>A
EMB,4238960,3) Uncertain significance,embC_c.-903G>A
EMB,4238925,3) Uncertain significance,embC_c.-938G>A
EMB,4238922,3) Uncertain significance,embC_c.-941G>A
EMB,4238906,3) Uncertain significance,embC_c.-957G>T
EMB,4238880,3) Uncertain significance,embC_c.-983G>C
EMB,4239764,3) Uncertain significance,embC_c.-99G>C
EMB,4238634,3) Uncertain significance,embC_c.-1229T>C
EMB,4238536,3) Uncertain significance,embC_c.-1327T>C
EMB,4239730,3) Uncertain significance,embC_c.-133T>C
EMB,4238247,3) Uncertain significance,embC_c.-1616T>A
EMB,4238247,3) Uncertain significance,embC_c.-1616T>G
EMB,4238015,3) Uncertain significance,embC_c.-1848T>G
EMB,4239657,3) Uncertain significance,embC_c.-206T>G
EMB,4239423,3) Uncertain significance,embC_c.-440T>C
EMB,4238148,3) Uncertain significance,embC_c.-1715G>T
EMB,4239077,3) Uncertain significance,embC_c.-786G>C
EMB,4238227,3) Uncertain significance,embC_c.-1636G>A
EMB,4238266,3) Uncertain significance,embC_c.-1597G>C
EMB,4238217,3) Uncertain significance,embC_c.-1646C>G
EMB,4239684,3) Uncertain significance,embC_c.-179C>T
EMB,4238012,3) Uncertain significance,embC_c.-1851C>T
EMB,4237936,3) Uncertain significance,embC_c.-1927C>T
EMB,4239836,3) Uncertain significance,embC_c.-27C>T
EMB,4239582,3) Uncertain significance,embC_c.-281C>T
EMB,4239491,3) Uncertain significance,embC_c.-372C>T
EMB,4239468,3) Uncertain significance,embC_c.-395C>G
EMB,4239450,3) Uncertain significance,embC_c.-413C>T
EMB,4239403,3) Uncertain significance,embC_c.-460C>T
EMB,4239365,3) Uncertain significance,embC_c.-498C>T
EMB,4239859,3) Uncertain significance,embC_c.-4C>G
EMB,4239347,3) Uncertain significance,embC_c.-516C>T
EMB,4239326,3) Uncertain significance,embC_c.-537C>T
EMB,4239158,3) Uncertain significance,embC_c.-705C>T
EMB,4239110,3) Uncertain significance,embC_c.-753C>T
EMB,4239781,3) Uncertain significance,embC_c.-82C>T
EMB,4238805,3) Uncertain significance,embC_c.-1058G>A
EMB,4238805,3) Uncertain significance,embC_c.-1058G>T
EMB,4238778,3) Uncertain significance,embC_c.-1085G>A
EMB,4238672,3) Uncertain significance,embC_c.-1191G>A
EMB,4238667,3) Uncertain significance,embC_c.-1196G>A
EMB,4238507,3) Uncertain significance,embC_c.-1356G>A
EMB,4238492,3) Uncertain significance,embC_c.-1371G>C
EMB,4239725,3) Uncertain significance,embC_c.-138G>A
EMB,4238385,3) Uncertain significance,embC_c.-1478G>C
EMB,4238318,3) Uncertain significance,embC_c.-1545G>A
EMB,4238253,3) Uncertain significance,embC_c.-1610G>A
EMB,4239085,3) Uncertain significance,embC_c.-778G>A
EMB,4239087,3) Uncertain significance,embC_c.-776G>A
EMB,4239093,3) Uncertain significance,embC_c.-770G>C
EMB,4238631,3) Uncertain significance,embC_c.-1232G>A
EMB,4238592,3) Uncertain significance,embC_c.-1271G>C
EMB,4238520,3) Uncertain significance,embC_c.-1343G>A
EMB,4238457,3) Uncertain significance,embC_c.-1406G>A
EMB,4238450,3) Uncertain significance,embC_c.-1413G>A
EMB,4238435,3) Uncertain significance,embC_c.-1428G>A
EMB,4238435,3) Uncertain significance,embC_c.-1428G>C
EMB,4239719,3) Uncertain significance,embC_c.-144G>T
EMB,4238375,3) Uncertain significance,embC_c.-1488G>A
EMB,4238344,3) Uncertain significance,embC_c.-1519G>A
EMB,4238310,3) Uncertain significance,embC_c.-1553G>A
EMB,4238297,3) Uncertain significance,embC_c.-1566G>A
EMB,4238291,3) Uncertain significance,embC_c.-1572G>C
EMB,4238277,3) Uncertain significance,embC_c.-1586G>A
EMB,4239848,3) Uncertain significance,embC_c.-15G>T
EMB,4238256,3) Uncertain significance,embC_c.-1607G>A
EMB,4238246,3) Uncertain significance,embC_c.-1617G>A
EMB,4238223,3) Uncertain significance,embC_c.-1640G>A
EMB,4238213,3) Uncertain significance,embC_c.-1650G>A
EMB,4238191,3) Uncertain significance,embC_c.-1672G>A
EMB,4238179,3) Uncertain significance,embC_c.-1684G>A
EMB,4238164,3) Uncertain significance,embC_c.-1699G>A
EMB,4238164,3) Uncertain significance,embC_c.-1699G>C
EMB,4238152,3) Uncertain significance,embC_c.-1711G>A
EMB,4238148,3) Uncertain significance,embC_c.-1715G>A
EMB,4239691,3) Uncertain significance,embC_c.-172G>A
EMB,4238127,3) Uncertain significance,embC_c.-1736G>A
EMB,4238636,3) Uncertain significance,embC_c.-1227G>A
EMB,4239690,3) Uncertain significance,embC_c.-173G>A
EMB,4238642,3) Uncertain significance,embC_c.-1221G>A
EMB,4238700,3) Uncertain significance,embC_c.-1163G>C
EMB,4239126,3) Uncertain significance,embC_c.-737C>T
EMB,4239124,3) Uncertain significance,embC_c.-739C>G
EMB,4239788,3) Uncertain significance,embC_c.-75C>T
EMB,4239094,3) Uncertain significance,embC_c.-769C>T
EMB,4239078,3) Uncertain significance,embC_c.-785C>T
EMB,4239051,3) Uncertain significance,embC_c.-812C>T
EMB,4239778,3) Uncertain significance,embC_c.-85C>T
EMB,4238947,3) Uncertain significance,embC_c.-916C>T
EMB,4238935,3) Uncertain significance,embC_c.-928C>A
EMB,4238935,3) Uncertain significance,embC_c.-928C>G
EMB,4239771,3) Uncertain significance,embC_c.-92C>T
EMB,4238913,3) Uncertain significance,embC_c.-950C>T
EMB,4238899,3) Uncertain significance,embC_c.-964C>T
EMB,4238885,3) Uncertain significance,embC_c.-978C>G
EMB,4238846,3) Uncertain significance,embC_c.-1017G>A
EMB,4238841,3) Uncertain significance,embC_c.-1022G>A
EMB,4238838,3) Uncertain significance,embC_c.-1025G>A
EMB,4238802,3) Uncertain significance,embC_c.-1061G>T
EMB,4238789,3) Uncertain significance,embC_c.-1074G>A
EMB,4238786,3) Uncertain significance,embC_c.-1077G>A
EMB,4238769,3) Uncertain significance,embC_c.-1094G>A
EMB,4238760,3) Uncertain significance,embC_c.-1103G>A
EMB,4239750,3) Uncertain significance,embC_c.-113G>A
EMB,4238716,3) Uncertain significance,embC_c.-1147G>C
EMB,4238709,3) Uncertain significance,embC_c.-1154G>A
EMB,4238705,3) Uncertain significance,embC_c.-1158G>C
EMB,4238703,3) Uncertain significance,embC_c.-1160G>A
EMB,4238657,3) Uncertain significance,embC_c.-1206G>A
EMB,4239857,3) Uncertain significance,embC_c.-6C>G
EMB,4238093,3) Uncertain significance,embC_c.-1770G>A
EMB,4238090,3) Uncertain significance,embC_c.-1773G>A
EMB,4239469,3) Uncertain significance,embC_c.-394G>A
EMB,4239469,3) Uncertain significance,embC_c.-394G>C
EMB,4239466,3) Uncertain significance,embC_c.-397G>A
EMB,4239460,3) Uncertain significance,embC_c.-403G>A
EMB,4239438,3) Uncertain significance,embC_c.-425G>A
EMB,4239416,3) Uncertain significance,embC_c.-447G>A
EMB,4239388,3) Uncertain significance,embC_c.-475G>C
EMB,4239372,3) Uncertain significance,embC_c.-491G>A
EMB,4239357,3) Uncertain significance,embC_c.-506G>T
EMB,4239813,3) Uncertain significance,embC_c.-50G>A
EMB,4239350,3) Uncertain significance,embC_c.-513G>A
EMB,4239340,3) Uncertain significance,embC_c.-523G>C
EMB,4239330,3) Uncertain significance,embC_c.-533G>T
EMB,4239810,3) Uncertain significance,embC_c.-53G>A
EMB,4239320,3) Uncertain significance,embC_c.-543G>A
EMB,4239807,3) Uncertain significance,embC_c.-56G>A
EMB,4239293,3) Uncertain significance,embC_c.-570G>A
EMB,4239228,3) Uncertain significance,embC_c.-635G>A
EMB,4239204,3) Uncertain significance,embC_c.-659G>C
EMB,4239197,3) Uncertain significance,embC_c.-666G>A
EMB,4239191,3) Uncertain significance,embC_c.-672G>C
EMB,4239131,3) Uncertain significance,embC_c.-732G>T
EMB,4239128,3) Uncertain significance,embC_c.-735G>A
EMB,4239122,3) Uncertain significance,embC_c.-741G>C
EMB,4239789,3) Uncertain significance,embC_c.-74G>A
EMB,4239107,3) Uncertain significance,embC_c.-756G>A
EMB,4239100,3) Uncertain significance,embC_c.-763G>T
EMB,4239475,3) Uncertain significance,embC_c.-388G>A
EMB,4238091,3) Uncertain significance,embC_c.-1772G>A
EMB,4239480,3) Uncertain significance,embC_c.-383G>A
EMB,4239528,3) Uncertain significance,embC_c.-335G>A
EMB,4238086,3) Uncertain significance,embC_c.-1777G>C
EMB,4239685,3) Uncertain significance,embC_c.-178G>C
EMB,4238072,3) Uncertain significance,embC_c.-1791G>C
EMB,4238040,3) Uncertain significance,embC_c.-1823G>A
EMB,4238037,3) Uncertain significance,embC_c.-1826G>A
EMB,4238004,3) Uncertain significance,embC_c.-1859G>T
EMB,4237999,3) Uncertain significance,embC_c.-1864G>C
EMB,4237999,3) Uncertain significance,embC_c.-1864G>T
EMB,4237995,3) Uncertain significance,embC_c.-1868G>A
EMB,4237993,3) Uncertain significance,embC_c.-1870G>A
EMB,4237985,3) Uncertain significance,embC_c.-1878G>A
EMB,4237977,3) Uncertain significance,embC_c.-1886G>A
EMB,4237974,3) Uncertain significance,embC_c.-1889G>A
EMB,4237974,3) Uncertain significance,embC_c.-1889G>C
EMB,4237964,3) Uncertain significance,embC_c.-1899G>A
EMB,4237963,3) Uncertain significance,embC_c.-1900G>A
EMB,4237962,3) Uncertain significance,embC_c.-1901G>T
EMB,4239672,3) Uncertain significance,embC_c.-191G>A
EMB,4237942,3) Uncertain significance,embC_c.-1921G>C
EMB,4239665,3) Uncertain significance,embC_c.-198G>T
EMB,4239641,3) Uncertain significance,embC_c.-222G>A
EMB,4239624,3) Uncertain significance,embC_c.-239G>A
EMB,4239621,3) Uncertain significance,embC_c.-242G>A
EMB,4239585,3) Uncertain significance,embC_c.-278G>A
EMB,4239576,3) Uncertain significance,embC_c.-287G>A
EMB,4239548,3) Uncertain significance,embC_c.-315G>A
EMB,4239542,3) Uncertain significance,embC_c.-321G>T
EMB,4239492,3) Uncertain significance,embC_c.-371G>T
INH,2156360,3) Uncertain significance,katG_c.-249T>G
INH,2156450,3) Uncertain significance,katG_c.-339T>C
INH,2156458,3) Uncertain significance,katG_c.-347T>C
CAP,4268676,3) Uncertain significance,aftB_p.Arg54Gln
AMI,4267102,3) Uncertain significance,aftB_p.Arg579Cys
CAP,4267102,3) Uncertain significance,aftB_p.Arg579Cys
AMI,4268416,3) Uncertain significance,aftB_p.Ser141Cys
AMI,"4268362,4268360",3) Uncertain significance,aftB_p.Ser159Ala
AMI,"4268125,4268123",3) Uncertain significance,aftB_p.Ser238Gly
AMI,4267623,3) Uncertain significance,aftB_p.Ser405Trp
CAP,4267623,3) Uncertain significance,aftB_p.Ser405Trp
AMI,4267056,3) Uncertain significance,aftB_p.Ser594Phe
AMI,4268566,3) Uncertain significance,aftB_p.Ser91Ala
CAP,4268566,3) Uncertain significance,aftB_p.Ser91Ala
AMI,4268532,3) Uncertain significance,aftB_p.Thr102Ile
AMI,4268676,3) Uncertain significance,aftB_p.Arg54Gln
AMI,4268850,3) Uncertain significance,aftB_c.-14T>C
AMI,4267503,3) Uncertain significance,aftB_p.Thr445Ile
AMI,4268845,3) Uncertain significance,aftB_c.-9T>C
AMI,4268407,3) Uncertain significance,aftB_p.Val144Met
CAP,4268407,3) Uncertain significance,aftB_p.Val144Met
AMI,4268371,3) Uncertain significance,aftB_p.Val156Leu
CAP,4268371,3) Uncertain significance,aftB_p.Val156Leu
AMI,4268794,3) Uncertain significance,aftB_p.Val15Met
CAP,4268794,3) Uncertain significance,aftB_p.Val15Met
AMI,4268205,3) Uncertain significance,aftB_p.Val211Gly
AMI,4268832,3) Uncertain significance,aftB_p.Val2Ala
AMI,4267890,3) Uncertain significance,aftB_p.Val316Ala
CAP,4267890,3) Uncertain significance,aftB_p.Val316Ala
CAP,4268850,3) Uncertain significance,aftB_c.-14T>C
AMI,4267329,3) Uncertain significance,aftB_p.Arg503Gln
CAP,4267437,3) Uncertain significance,aftB_p.Arg467Gln
AMI,4267437,3) Uncertain significance,aftB_p.Arg467Gln
AMI,4267300,3) Uncertain significance,aftB_p.Pro513Ser
CAP,4267300,3) Uncertain significance,aftB_p.Pro513Ser
AMI,4267236,3) Uncertain significance,aftB_p.Pro534Gln
CAP,4267236,3) Uncertain significance,aftB_p.Pro534Gln
AMI,4268610,3) Uncertain significance,aftB_p.Pro76Gln
AMI,4268331,3) Uncertain significance,aftB_p.Gln169Pro
AMI,4268164,3) Uncertain significance,aftB_p.Gln225Glu
AMI,4267920,3) Uncertain significance,aftB_p.Gln306Arg
CAP,4267920,3) Uncertain significance,aftB_p.Gln306Arg
AMI,4267388,3) Uncertain significance,aftB_p.Gln483His
CAP,4267388,3) Uncertain significance,aftB_p.Gln483His
AMI,4268497,3) Uncertain significance,aftB_p.Arg114Trp
CAP,4268497,3) Uncertain significance,aftB_p.Arg114Trp
AMI,4268442,3) Uncertain significance,aftB_p.Arg132Leu
CAP,4268442,3) Uncertain significance,aftB_p.Arg132Leu
AMI,4268764,3) Uncertain significance,aftB_p.Arg25Ser
CAP,4268764,3) Uncertain significance,aftB_p.Arg25Ser
AMI,4267986,3) Uncertain significance,aftB_p.Arg284His
CAP,4267986,3) Uncertain significance,aftB_p.Arg284His
AMI,4267929,3) Uncertain significance,aftB_p.Arg303Leu
CAP,4267929,3) Uncertain significance,aftB_p.Arg303Leu
AMI,4268721,3) Uncertain significance,aftB_p.Arg39His
AMI,4267636,3) Uncertain significance,aftB_p.Arg401Trp
CAP,4267636,3) Uncertain significance,aftB_p.Arg401Trp
AMI,4267605,3) Uncertain significance,aftB_p.Arg411His
CAP,4267605,3) Uncertain significance,aftB_p.Arg411His
AMI,4267602,3) Uncertain significance,aftB_p.Arg412His
AMI,4267788,3) Uncertain significance,aftB_p.Val350Ala
AMI,4268674,3) Uncertain significance,aftB_p.Val55Ile
CAP,4268674,3) Uncertain significance,aftB_p.Val55Ile
AMI,4267117,3) Uncertain significance,aftB_p.Val574Leu
AMI,620044,3) Uncertain significance,ccsA_p.Gly52Arg
CAP,620044,3) Uncertain significance,ccsA_p.Gly52Arg
AMI,620186,3) Uncertain significance,ccsA_p.Gly99Ala
AMI,619915,3) Uncertain significance,ccsA_p.Gly9Ser
CAP,619915,3) Uncertain significance,ccsA_p.Gly9Ser
AMI,619903,3) Uncertain significance,ccsA_p.His5Asn
CAP,619903,3) Uncertain significance,ccsA_p.His5Asn
AMI,620096,3) Uncertain significance,ccsA_p.His69Arg
AMI,"620257,620258",3) Uncertain significance,ccsA_p.Ile123Ala
AMI,620077,3) Uncertain significance,ccsA_p.Ile63Val
CAP,620077,3) Uncertain significance,ccsA_p.Ile63Val
AMI,620247,3) Uncertain significance,ccsA_p.Leu119Phe
AMI,620311,3) Uncertain significance,ccsA_p.Leu141Val
AMI,620725,3) Uncertain significance,ccsA_p.Leu279Val
CAP,620725,3) Uncertain significance,ccsA_p.Leu279Val
AMI,619900,3) Uncertain significance,ccsA_p.Leu4Met
AMI,620382,3) Uncertain significance,ccsA_p.Met164Ile
AMI,620777,3) Uncertain significance,ccsA_p.Asn296Ser
AMI,620026,3) Uncertain significance,ccsA_p.Pro46Ser
AMI,620071,3) Uncertain significance,ccsA_p.Pro61Ser
CAP,620071,3) Uncertain significance,ccsA_p.Pro61Ser
AMI,620102,3) Uncertain significance,ccsA_p.Pro71Leu
CAP,620102,3) Uncertain significance,ccsA_p.Pro71Leu
AMI,"620281,620282,620283",3) Uncertain significance,ccsA_p.Arg131Lys
AMI,620494,3) Uncertain significance,ccsA_p.Arg202Gly
AMI,620539,3) Uncertain significance,ccsA_p.Arg217Trp
CAP,620539,3) Uncertain significance,ccsA_p.Arg217Trp
CAP,620860,3) Uncertain significance,ccsA_p.Gly324Ser
CAP,4267300,3) Uncertain significance,aftB_p.Pro513Ala
AMI,620860,3) Uncertain significance,ccsA_p.Gly324Ser
AMI,620814,3) Uncertain significance,ccsA_p.Phe308Leu
AMI,4268780,3) Uncertain significance,aftB_p.Trp19Cys
AMI,4268649,3) Uncertain significance,aftB_p.Trp63Ser
CAP,4268649,3) Uncertain significance,aftB_p.Trp63Ser
AMI,"4268649,4268648",3) Uncertain significance,aftB_p.Trp63Tyr
AMI,4268596,3) Uncertain significance,aftB_p.Tyr81His
AMI,619922,3) Uncertain significance,ccsA_p.Ala11Val
CAP,619922,3) Uncertain significance,ccsA_p.Ala11Val
AMI,620260,3) Uncertain significance,ccsA_p.Ala124Thr
AMI,620455,3) Uncertain significance,ccsA_p.Ala189Thr
AMI,620528,3) Uncertain significance,ccsA_p.Ala213Val
CAP,620528,3) Uncertain significance,ccsA_p.Ala213Val
AMI,620633,3) Uncertain significance,ccsA_p.Ala248Val
AMI,620732,3) Uncertain significance,ccsA_p.Ala281Glu
CAP,620732,3) Uncertain significance,ccsA_p.Ala281Glu
AMI,620782,3) Uncertain significance,ccsA_p.Ala298Ser
CAP,620782,3) Uncertain significance,ccsA_p.Ala298Ser
AMI,620783,3) Uncertain significance,ccsA_p.Ala298Val
AMI,619988,3) Uncertain significance,ccsA_p.Ala33Val
AMI,620033,3) Uncertain significance,ccsA_p.Ala48Val
AMI,620054,3) Uncertain significance,ccsA_p.Ala55Val
AMI,620310,3) Uncertain significance,ccsA_p.Phe140Leu
AMI,620447,3) Uncertain significance,ccsA_p.Phe186Ser
CAP,620447,3) Uncertain significance,ccsA_p.Phe186Ser
AMI,620601,3) Uncertain significance,ccsA_p.Phe237Leu
CAP,620601,3) Uncertain significance,ccsA_p.Phe237Leu
AMI,620803,3) Uncertain significance,ccsA_p.Phe305Val
CAP,620803,3) Uncertain significance,ccsA_p.Phe305Val
CAP,620814,3) Uncertain significance,ccsA_p.Phe308Leu
AMI,4267300,3) Uncertain significance,aftB_p.Pro513Ala
AMI,4267405,3) Uncertain significance,aftB_p.Pro478Ser
CAP,4267500,3) Uncertain significance,aftB_p.Pro446Arg
CAP,4267455,3) Uncertain significance,aftB_p.Asp461Gly
AMI,4267172,3) Uncertain significance,aftB_p.Asp555Glu
CAP,4267172,3) Uncertain significance,aftB_p.Asp555Glu
AMI,4266982,3) Uncertain significance,aftB_p.Asp619Tyr
AMI,4267741,3) Uncertain significance,aftB_p.Glu366Lys
AMI,4268678,3) Uncertain significance,aftB_p.Glu53Asp
CAP,4268678,3) Uncertain significance,aftB_p.Glu53Asp
AMI,4267050,3) Uncertain significance,aftB_p.Glu596Gly
AMI,4267051,3) Uncertain significance,aftB_p.Glu596Lys
AMI,4266956,3) Uncertain significance,aftB_p.Glu627Asp
AMI,4267048,3) Uncertain significance,aftB_p.Phe597Leu
AMI,4268529,3) Uncertain significance,aftB_p.Gly103Ala
CAP,4268529,3) Uncertain significance,aftB_p.Gly103Ala
AMI,4268298,3) Uncertain significance,aftB_p.Gly180Ala
AMI,4268256,3) Uncertain significance,aftB_p.Gly194Ala
CAP,4268256,3) Uncertain significance,aftB_p.Gly194Ala
AMI,4268184,3) Uncertain significance,aftB_p.Gly218Ala
CAP,4268184,3) Uncertain significance,aftB_p.Gly218Ala
AMI,4267942,3) Uncertain significance,aftB_p.Gly299Ser
CAP,4267942,3) Uncertain significance,aftB_p.Gly299Ser
AMI,4268868,3) Uncertain significance,aftB_c.-32G>A
AMI,4267846,3) Uncertain significance,aftB_p.Gly331Ser
AMI,4267786,3) Uncertain significance,aftB_p.Gly351Trp
CAP,4267786,3) Uncertain significance,aftB_p.Gly351Trp
AMI,4267707,3) Uncertain significance,aftB_p.Gly377Ala
AMI,4267656,3) Uncertain significance,aftB_p.Gly394Asp
CAP,4267656,3) Uncertain significance,aftB_p.Gly394Asp
AMI,4267455,3) Uncertain significance,aftB_p.Asp461Gly
AMI,4267650,3) Uncertain significance,aftB_p.Gly396Val
AMI,4267546,3) Uncertain significance,aftB_p.Asp431Tyr
AMI,4268890,3) Uncertain significance,aftB_c.-54C>T
AMI,4267794,3) Uncertain significance,aftB_p.Ala348Asp
CAP,4267794,3) Uncertain significance,aftB_p.Ala348Asp
AMI,4267588,3) Uncertain significance,aftB_p.Ala417Ser
CAP,4267588,3) Uncertain significance,aftB_p.Ala417Ser
AMI,4267290,3) Uncertain significance,aftB_p.Ala516Val
CAP,4267290,3) Uncertain significance,aftB_p.Ala516Val
AMI,4267221,3) Uncertain significance,aftB_p.Ala539Val
AMI,4267147,3) Uncertain significance,aftB_p.Ala564Thr
CAP,4267147,3) Uncertain significance,aftB_p.Ala564Thr
AMI,4267143,3) Uncertain significance,aftB_p.Ala565Asp
AMI,4267099,3) Uncertain significance,aftB_p.Ala580Ser
CAP,4267099,3) Uncertain significance,aftB_p.Ala580Ser
AMI,4268584,3) Uncertain significance,aftB_p.Ala85Pro
CAP,4268584,3) Uncertain significance,aftB_p.Ala85Pro
AMI,4268848,3) Uncertain significance,aftB_c.-12C>T
CAP,4268848,3) Uncertain significance,aftB_c.-12C>T
AMI,4268837,3) Uncertain significance,aftB_c.-1C>G
AMI,4268837,3) Uncertain significance,aftB_c.-1C>T
CAP,4268837,3) Uncertain significance,aftB_c.-1C>T
AMI,4267802,3) Uncertain significance,aftB_p.Cys345Trp
CAP,4267802,3) Uncertain significance,aftB_p.Cys345Trp
AMI,4268873,3) Uncertain significance,aftB_c.-37C>T
AMI,4268839,3) Uncertain significance,aftB_c.-3C>A
AMI,4268839,3) Uncertain significance,aftB_c.-3C>T
CAP,4268839,3) Uncertain significance,aftB_c.-3C>T
AMI,4268881,3) Uncertain significance,aftB_c.-45C>T
CAP,4268881,3) Uncertain significance,aftB_c.-45C>T
CAP,4268890,3) Uncertain significance,aftB_c.-54C>T
AMI,620753,3) Uncertain significance,ccsA_p.Arg288Gln
CAP,4267650,3) Uncertain significance,aftB_p.Gly396Val
AMI,4268876,3) Uncertain significance,aftB_c.-40G>C
AMI,4268581,3) Uncertain significance,aftB_p.Leu86Met
CAP,4268581,3) Uncertain significance,aftB_p.Leu86Met
AMI,4268834,3) Uncertain significance,aftB_p.Met1=
CAP,4268834,3) Uncertain significance,aftB_p.Met1=
AMI,4268835,3) Uncertain significance,aftB_p.Met1?
AMI,4267652,3) Uncertain significance,aftB_p.Met395Ile
CAP,4267652,3) Uncertain significance,aftB_p.Met395Ile
AMI,4268062,3) Uncertain significance,aftB_p.Asn259His
AMI,4268688,3) Uncertain significance,aftB_p.Asn50Ser
CAP,4268688,3) Uncertain significance,aftB_p.Asn50Ser
AMI,4268515,3) Uncertain significance,aftB_p.Pro108Thr
CAP,4268515,3) Uncertain significance,aftB_p.Pro108Thr
AMI,4268452,3) Uncertain significance,aftB_p.Pro129Ser
AMI,4268448,3) Uncertain significance,aftB_p.Pro130Leu
AMI,4268356,3) Uncertain significance,aftB_p.Pro161Ser
CAP,4268356,3) Uncertain significance,aftB_p.Pro161Ser
AMI,4267911,3) Uncertain significance,aftB_p.Pro309Arg
CAP,4267911,3) Uncertain significance,aftB_p.Pro309Arg
AMI,4267813,3) Uncertain significance,aftB_p.Pro342Ser
CAP,4267813,3) Uncertain significance,aftB_p.Pro342Ser
AMI,4267791,3) Uncertain significance,aftB_p.Pro349Arg
AMI,4267764,3) Uncertain significance,aftB_p.Pro358Leu
CAP,4267764,3) Uncertain significance,aftB_p.Pro358Leu
AMI,4267569,3) Uncertain significance,aftB_p.Pro423Leu
AMI,4267500,3) Uncertain significance,aftB_p.Pro446Leu
CAP,4267500,3) Uncertain significance,aftB_p.Pro446Leu
AMI,4267500,3) Uncertain significance,aftB_p.Pro446Arg
AMI,4267969,3) Uncertain significance,aftB_p.Leu290Val
AMI,4268876,3) Uncertain significance,aftB_c.-40G>A
AMI,4268029,3) Uncertain significance,aftB_p.Leu270Met
AMI,4268353,3) Uncertain significance,aftB_p.Leu162Val
AMI,4268882,3) Uncertain significance,aftB_c.-46G>A
CAP,4268882,3) Uncertain significance,aftB_c.-46G>A
AMI,4267192,3) Uncertain significance,aftB_p.Gly549Ser
AMI,4268894,3) Uncertain significance,aftB_c.-58G>T
AMI,4266979,3) Uncertain significance,aftB_p.Gly620Arg
AMI,4266972,3) Uncertain significance,aftB_p.Gly622Val
AMI,4268616,3) Uncertain significance,aftB_p.Gly74Ala
CAP,4268616,3) Uncertain significance,aftB_p.Gly74Ala
AMI,4268614,3) Uncertain significance,aftB_p.Gly75Arg
CAP,4268614,3) Uncertain significance,aftB_p.Gly75Arg
AMI,4267060,3) Uncertain significance,aftB_p.His593Tyr
AMI,4268490,3) Uncertain significance,aftB_p.Ile116Thr
CAP,4268490,3) Uncertain significance,aftB_p.Ile116Thr
AMI,4268233,3) Uncertain significance,aftB_p.Ile202Val
CAP,4268233,3) Uncertain significance,aftB_p.Ile202Val
AMI,4268739,3) Uncertain significance,aftB_p.Ile33Thr
CAP,4268739,3) Uncertain significance,aftB_p.Ile33Thr
AMI,4267774,3) Uncertain significance,aftB_p.Ile355Val
CAP,4267774,3) Uncertain significance,aftB_p.Ile355Val
AMI,4267441,3) Uncertain significance,aftB_p.Ile466Val
CAP,4267441,3) Uncertain significance,aftB_p.Ile466Val
AMI,4267092,3) Uncertain significance,aftB_p.Ile582Thr
CAP,4267092,3) Uncertain significance,aftB_p.Ile582Thr
AMI,4268538,3) Uncertain significance,aftB_p.Leu100Pro
CAP,4268538,3) Uncertain significance,aftB_p.Leu100Pro
AMI,4268523,3) Uncertain significance,aftB_p.Leu105Ser
CAP,4268523,3) Uncertain significance,aftB_p.Leu105Ser
AMI,4268790,3) Uncertain significance,aftB_p.Leu16Pro
CAP,4267816,3) Uncertain significance,aftB_p.Ala341Pro
CAP,620753,3) Uncertain significance,ccsA_p.Arg288Gln
CAP,620489,3) Uncertain significance,ccsA_p.Thr200Ile
AMI,2714261,3) Uncertain significance,eis_p.Ser358Arg
AMI,2714234,3) Uncertain significance,eis_p.Ser367Pro
KAN,2714234,3) Uncertain significance,eis_p.Ser367Pro
AMI,2715166,3) Uncertain significance,eis_p.Ser56Cys
KAN,2715166,3) Uncertain significance,eis_p.Ser56Cys
AMI,2715167,3) Uncertain significance,eis_p.Ser56Pro
KAN,2715167,3) Uncertain significance,eis_p.Ser56Pro
AMI,2715085,3) Uncertain significance,eis_p.Ser83Thr
KAN,2715085,3) Uncertain significance,eis_p.Ser83Thr
AMI,2714827,3) Uncertain significance,eis_p.Thr169Ile
KAN,2714827,3) Uncertain significance,eis_p.Thr169Ile
AMI,2715333,3) Uncertain significance,eis_c.-1T>G
KAN,2715266,3) Uncertain significance,eis_p.Ser23Gly
AMI,2714474,3) Uncertain significance,eis_p.Thr287Ala
AMI,2715221,3) Uncertain significance,eis_p.Thr38Ala
KAN,2715221,3) Uncertain significance,eis_p.Thr38Ala
AMI,2714140,3) Uncertain significance,eis_p.Thr398Asn
KAN,2714140,3) Uncertain significance,eis_p.Thr398Asn
AMI,2714989,3) Uncertain significance,eis_p.Val115Ala
KAN,2714989,3) Uncertain significance,eis_p.Val115Ala
AMI,2714393,3) Uncertain significance,eis_p.Val314Leu
KAN,2714393,3) Uncertain significance,eis_p.Val314Leu
AMI,2714147,3) Uncertain significance,eis_p.Val396Ile
KAN,2714147,3) Uncertain significance,eis_p.Val396Ile
AMI,2715325,3) Uncertain significance,eis_p.Val3Ala
KAN,2715325,3) Uncertain significance,eis_p.Val3Ala
KAN,2714474,3) Uncertain significance,eis_p.Thr287Ala
AMI,2715266,3) Uncertain significance,eis_p.Ser23Gly
KAN,2715001,3) Uncertain significance,eis_p.Ser111Tyr
AMI,2715001,3) Uncertain significance,eis_p.Ser111Tyr
KAN,2714710,3) Uncertain significance,eis_p.Pro208Leu
AMI,2714512,3) Uncertain significance,eis_p.Pro274Leu
KAN,2714512,3) Uncertain significance,eis_p.Pro274Leu
AMI,2714507,3) Uncertain significance,eis_p.Pro276Ser
KAN,2714507,3) Uncertain significance,eis_p.Pro276Ser
AMI,2714428,3) Uncertain significance,eis_p.Pro302Gln
KAN,2714428,3) Uncertain significance,eis_p.Pro302Gln
AMI,2715244,3) Uncertain significance,eis_p.Pro30Leu
KAN,2715244,3) Uncertain significance,eis_p.Pro30Leu
AMI,2715118,3) Uncertain significance,eis_p.Pro72Leu
KAN,2715118,3) Uncertain significance,eis_p.Pro72Leu
AMI,2715101,3) Uncertain significance,eis_p.Pro78Ser
KAN,2715101,3) Uncertain significance,eis_p.Pro78Ser
AMI,2715016,3) Uncertain significance,eis_p.Arg106Leu
KAN,2715016,3) Uncertain significance,eis_p.Arg106Leu
AMI,2714698,3) Uncertain significance,eis_p.Arg212His
KAN,2714698,3) Uncertain significance,eis_p.Arg212His
AMI,2714572,3) Uncertain significance,eis_p.Arg254Gln
KAN,2714572,3) Uncertain significance,eis_p.Arg254Gln
AMI,2714444,3) Uncertain significance,eis_p.Arg297Cys
KAN,2714444,3) Uncertain significance,eis_p.Arg297Cys
AMI,2714207,3) Uncertain significance,eis_p.Arg376Cys
KAN,2714207,3) Uncertain significance,eis_p.Arg376Cys
AMI,2715188,3) Uncertain significance,eis_p.Arg49Cys
KAN,2715188,3) Uncertain significance,eis_p.Arg49Cys
AMI,2715059,3) Uncertain significance,eis_p.Arg92Cys
KAN,2715059,3) Uncertain significance,eis_p.Arg92Cys
AMI,2714788,3) Uncertain significance,eis_p.Trp182*
KAN,2714788,3) Uncertain significance,eis_p.Trp182*
AMI,2714576,3) Uncertain significance,eis_p.Trp253Arg
KAN,2714576,3) Uncertain significance,eis_p.Trp253Arg
AMI,1471766,3) Uncertain significance,rrs_n.-74delG
KAN,1471766,3) Uncertain significance,rrs_n.-74delG
LZD,1471766,3) Uncertain significance,rrs_n.-74delG
AMI,1471933,3) Uncertain significance,rrs_n.93dupT
KAN,1471933,3) Uncertain significance,rrs_n.93dupT
AMI,1472753,3) Uncertain significance,rrs_n.908_909insT
KAN,1472753,3) Uncertain significance,rrs_n.908_909insT
STM,1472753,3) Uncertain significance,rrs_n.908_909insT
AMI,1472903,3) Uncertain significance,rrs_n.1058A>G
CAP,1472903,3) Uncertain significance,rrs_n.1058A>G
KAN,1472903,3) Uncertain significance,rrs_n.1058A>G
STM,1472903,3) Uncertain significance,rrs_n.1058A>G
AMI,1472973,3) Uncertain significance,rrs_n.1128A>T
CAP,1472973,3) Uncertain significance,rrs_n.1128A>T
KAN,1472973,3) Uncertain significance,rrs_n.1128A>T
AMI,1471960,3) Uncertain significance,rrs_n.115A>G
CAP,1471960,3) Uncertain significance,rrs_n.115A>G
KAN,1471960,3) Uncertain significance,rrs_n.115A>G
AMI,1473016,3) Uncertain significance,rrs_n.1171A>C
CAP,1473016,3) Uncertain significance,rrs_n.1171A>C
KAN,1473016,3) Uncertain significance,rrs_n.1171A>C
AMI,1473056,3) Uncertain significance,rrs_n.1211A>T
CAP,1473056,3) Uncertain significance,rrs_n.1211A>T
KAN,1473056,3) Uncertain significance,rrs_n.1211A>T
AMI,1473066,3) Uncertain significance,rrs_n.1221A>G
CAP,1473066,3) Uncertain significance,rrs_n.1221A>G
KAN,1473066,3) Uncertain significance,rrs_n.1221A>G
KAN,1471922,3) Uncertain significance,rrs_n.84_85delCGinsT
AMI,2714710,3) Uncertain significance,eis_p.Pro208Leu
AMI,1471922,3) Uncertain significance,rrs_n.84_85delCGinsT
CAP,1471771,3) Uncertain significance,rrs_n.-74delG
AMI,2715226,3) Uncertain significance,eis_p.Trp36*
KAN,2715226,3) Uncertain significance,eis_p.Trp36*
AMI,1472953,3) Uncertain significance,rrs_n.1112dupC
KAN,1472953,3) Uncertain significance,rrs_n.1112dupC
AMI,1472143,3) Uncertain significance,rrs_n.298_299insT
KAN,1472143,3) Uncertain significance,rrs_n.298_299insT
AMI,1472146,3) Uncertain significance,rrs_n.304_305dupGT
CAP,1472146,3) Uncertain significance,rrs_n.304_305dupGT
KAN,1472146,3) Uncertain significance,rrs_n.304_305dupGT
STM,1472146,3) Uncertain significance,rrs_n.304_305dupGT
AMI,1471849,3) Uncertain significance,rrs_n.5_6delGTinsTGG
AMI,1472319,3) Uncertain significance,rrs_n.475_477dupGGT
KAN,1472319,3) Uncertain significance,rrs_n.475_477dupGGT
STM,1472319,3) Uncertain significance,rrs_n.475_477dupGGT
AMI,1472400,3) Uncertain significance,rrs_n.556dupT
CAP,1472400,3) Uncertain significance,rrs_n.556dupT
KAN,1472400,3) Uncertain significance,rrs_n.556dupT
AMI,1471788,3) Uncertain significance,rrs_n.-58_-57insT
CAP,1471788,3) Uncertain significance,rrs_n.-58_-57insT
KAN,1471788,3) Uncertain significance,rrs_n.-58_-57insT
AMI,1472436,3) Uncertain significance,rrs_n.593dupT
CAP,1472436,3) Uncertain significance,rrs_n.593dupT
KAN,2714992,3) Uncertain significance,eis_p.Pro114Leu
AMI,2714992,3) Uncertain significance,eis_p.Pro114Leu
KAN,2714282,3) Uncertain significance,eis_p.Met351Val
AMI,2715271,3) Uncertain significance,eis_p.Ala21Glu
KAN,2715271,3) Uncertain significance,eis_p.Ala21Glu
AMI,2714606,3) Uncertain significance,eis_p.Ala243Thr
KAN,2714606,3) Uncertain significance,eis_p.Ala243Thr
AMI,2714581,3) Uncertain significance,eis_p.Ala251Gly
KAN,2714581,3) Uncertain significance,eis_p.Ala251Gly
AMI,2714479,3) Uncertain significance,eis_p.Ala285Val
AMI,2714321,3) Uncertain significance,eis_p.Ala338Thr
KAN,2714321,3) Uncertain significance,eis_p.Ala338Thr
AMI,2715365,3) Uncertain significance,eis_c.-33A>G
KAN,2715365,3) Uncertain significance,eis_c.-33A>G
AMI,2714225,3) Uncertain significance,eis_p.Ala370Ser
KAN,2714225,3) Uncertain significance,eis_p.Ala370Ser
AMI,2714224,3) Uncertain significance,eis_p.Ala370Val
KAN,2714224,3) Uncertain significance,eis_p.Ala370Val
AMI,2714222,3) Uncertain significance,eis_p.Ala371Ser
KAN,2714222,3) Uncertain significance,eis_p.Ala371Ser
AMI,2715371,3) Uncertain significance,eis_c.-39A>G
KAN,2715371,3) Uncertain significance,eis_c.-39A>G
AMI,2715148,3) Uncertain significance,eis_p.Ala62Val
KAN,2715148,3) Uncertain significance,eis_p.Ala62Val
AMI,2715347,3) Uncertain significance,eis_c.-15C>T
KAN,2715347,3) Uncertain significance,eis_c.-15C>T
AMI,2715353,3) Uncertain significance,eis_c.-21C>T
KAN,2715353,3) Uncertain significance,eis_c.-21C>T
AMI,2715334,3) Uncertain significance,eis_c.-2C>G
AMI,2715316,3) Uncertain significance,eis_p.Cys6Tyr
AMI,2714714,3) Uncertain significance,eis_p.Ala207Thr
KAN,2715316,3) Uncertain significance,eis_p.Cys6Tyr
KAN,2714729,3) Uncertain significance,eis_p.Ala202Pro
KAN,2714881,3) Uncertain significance,eis_p.Ala151Val
AMI,620584,3) Uncertain significance,ccsA_p.Thr232Ala
AMI,620830,3) Uncertain significance,ccsA_p.Thr314Ala
CAP,620830,3) Uncertain significance,ccsA_p.Thr314Ala
AMI,620605,3) Uncertain significance,ccsA_p.Val239Ile
AMI,620698,3) Uncertain significance,ccsA_p.Val270Ile
AMI,620791,3) Uncertain significance,ccsA_p.Val301Leu
AMI,619906,3) Uncertain significance,ccsA_p.Val6Phe
AMI,620221,3) Uncertain significance,ccsA_p.Tyr111His
CAP,620221,3) Uncertain significance,ccsA_p.Tyr111His
AMI,620713,3) Uncertain significance,ccsA_p.Tyr275His
CAP,620713,3) Uncertain significance,ccsA_p.Tyr275His
AMI,2715054,3) Uncertain significance,eis_p.Thr90fs
KAN,2715054,3) Uncertain significance,eis_p.Thr90fs
AMI,2715368,3) Uncertain significance,eis_c.-54_-37delGTCGTCGTAATATTCACG
AMI,2714966,3) Uncertain significance,eis_p.Ser121fs
KAN,2714966,3) Uncertain significance,eis_p.Ser121fs
AMI,2714933,3) Uncertain significance,eis_p.Ala134fs
KAN,2714933,3) Uncertain significance,eis_p.Ala134fs
AMI,2714762,3) Uncertain significance,eis_p.Leu191fs
KAN,2714762,3) Uncertain significance,eis_p.Leu191fs
AMI,2714706,3) Uncertain significance,eis_p.Gly210fs
KAN,2714706,3) Uncertain significance,eis_p.Gly210fs
AMI,2714380,3) Uncertain significance,eis_p.Ser318fs
KAN,2714380,3) Uncertain significance,eis_p.Ser318fs
AMI,2714882,3) Uncertain significance,eis_p.Ala151Pro
AMI,2714881,3) Uncertain significance,eis_p.Ala151Val
AMI,2714729,3) Uncertain significance,eis_p.Ala202Pro
AMI,620489,3) Uncertain significance,ccsA_p.Thr200Ile
AMI,2714879,3) Uncertain significance,eis_p.Asp152Asn
AMI,2715257,3) Uncertain significance,eis_p.Asp26Tyr
KAN,2715355,3) Uncertain significance,eis_c.-23G>C
AMI,2714561,3) Uncertain significance,eis_p.Gly258Ser
KAN,2714561,3) Uncertain significance,eis_p.Gly258Ser
AMI,2714407,3) Uncertain significance,eis_p.Gly309Asp
KAN,2714407,3) Uncertain significance,eis_p.Gly309Asp
AMI,2715386,3) Uncertain significance,eis_c.-54G>A
KAN,2715386,3) Uncertain significance,eis_c.-54G>A
AMI,2715020,3) Uncertain significance,eis_p.His105Tyr
KAN,2715020,3) Uncertain significance,eis_p.His105Tyr
AMI,"2714885,2714884,2714883",3) Uncertain significance,eis_p.His150Thr
AMI,2714587,3) Uncertain significance,eis_p.His249Arg
AMI,2714533,3) Uncertain significance,eis_p.Ile267Thr
KAN,2714533,3) Uncertain significance,eis_p.Ile267Thr
AMI,2714632,3) Uncertain significance,eis_p.Lys234Met
AMI,2714631,3) Uncertain significance,eis_p.Lys234Asn
KAN,2714631,3) Uncertain significance,eis_p.Lys234Asn
AMI,2715280,3) Uncertain significance,eis_p.Leu18Pro
KAN,2715280,3) Uncertain significance,eis_p.Leu18Pro
AMI,2714735,3) Uncertain significance,eis_p.Leu200Val
KAN,2714735,3) Uncertain significance,eis_p.Leu200Val
AMI,2714209,3) Uncertain significance,eis_p.Leu375Ser
KAN,2714209,3) Uncertain significance,eis_p.Leu375Ser
AMI,2715103,3) Uncertain significance,eis_p.Leu77Pro
KAN,2715103,3) Uncertain significance,eis_p.Leu77Pro
AMI,2715035,3) Uncertain significance,eis_p.Met100Val
KAN,2715035,3) Uncertain significance,eis_p.Met100Val
AMI,2714282,3) Uncertain significance,eis_p.Met351Val
AMI,2715355,3) Uncertain significance,eis_c.-23G>C
KAN,2714879,3) Uncertain significance,eis_p.Asp152Asn
KAN,2714669,3) Uncertain significance,eis_p.Gly222Arg
KAN,2714668,3) Uncertain significance,eis_p.Gly222Ala
KAN,2715257,3) Uncertain significance,eis_p.Asp26Tyr
AMI,2714515,3) Uncertain significance,eis_p.Asp273Ala
KAN,2714515,3) Uncertain significance,eis_p.Asp273Ala
AMI,2714491,3) Uncertain significance,eis_p.Asp281Gly
KAN,2714491,3) Uncertain significance,eis_p.Asp281Gly
AMI,2714278,3) Uncertain significance,eis_p.Asp352Gly
AMI,2714273,3) Uncertain significance,eis_p.Asp354Asn
KAN,2714273,3) Uncertain significance,eis_p.Asp354Asn
AMI,2715026,3) Uncertain significance,eis_p.Glu103Lys
KAN,2715026,3) Uncertain significance,eis_p.Glu103Lys
AMI,2715305,3) Uncertain significance,eis_p.Glu10Lys
AMI,2714737,3) Uncertain significance,eis_p.Glu199Gly
AMI,2714289,3) Uncertain significance,eis_p.Glu348Asp
KAN,2714289,3) Uncertain significance,eis_p.Glu348Asp
AMI,2714291,3) Uncertain significance,eis_p.Glu348Lys
KAN,2714291,3) Uncertain significance,eis_p.Glu348Lys
AMI,2714948,3) Uncertain significance,eis_p.Phe129Leu
KAN,2714948,3) Uncertain significance,eis_p.Phe129Leu
AMI,2715082,3) Uncertain significance,eis_p.Phe84Tyr
KAN,2715082,3) Uncertain significance,eis_p.Phe84Tyr
AMI,2714867,3) Uncertain significance,eis_p.Gly156Cys
KAN,2714867,3) Uncertain significance,eis_p.Gly156Cys
AMI,2715348,3) Uncertain significance,eis_c.-16G>A
KAN,2715348,3) Uncertain significance,eis_c.-16G>A
AMI,2715348,3) Uncertain significance,eis_c.-16G>C
KAN,2715348,3) Uncertain significance,eis_c.-16G>C
AMI,2714668,3) Uncertain significance,eis_p.Gly222Ala
AMI,2714669,3) Uncertain significance,eis_p.Gly222Arg
AMI,4267816,3) Uncertain significance,aftB_p.Ala341Pro
CAP,4267926,3) Uncertain significance,aftB_p.Ala304Glu
AMI,4267926,3) Uncertain significance,aftB_p.Ala304Glu
INH,574705,3) Uncertain significance,mshA_c.-643C>T
INH,574994,3) Uncertain significance,mshA_c.-354G>C
INH,574874,3) Uncertain significance,mshA_c.-474G>C
INH,1407395,3) Uncertain significance,Rv1258c_c.-64_-56delTGCGGCAGC
PZA,1407395,3) Uncertain significance,Rv1258c_c.-64_-56delTGCGGCAGC
STM,1407395,3) Uncertain significance,Rv1258c_c.-64_-56delTGCGGCAGC
INH,2156607,3) Uncertain significance,katG_c.-497delA
INH,2156267,3) Uncertain significance,katG_c.-156A>C
INH,2156554,3) Uncertain significance,katG_c.-443G>A
INH,1407356,3) Uncertain significance,Rv1258c_c.-16T>C
STM,1407356,3) Uncertain significance,Rv1258c_c.-16T>C
INH,2156572,3) Uncertain significance,katG_c.-461C>T
INH,575080,3) Uncertain significance,mshA_c.-268A>G
INH,2156404,3) Uncertain significance,katG_c.-293G>A
INH,2156586,3) Uncertain significance,katG_c.-475T>G
INH,574782,3) Uncertain significance,mshA_c.-566C>T
INH,1407380,3) Uncertain significance,Rv1258c_c.-40C>T
STM,1407380,3) Uncertain significance,Rv1258c_c.-40C>T
INH,1673458,3) Uncertain significance,inhA_c.-744G>A
INH,2156482,3) Uncertain significance,katG_c.-371G>A
INH,3067141,3) Uncertain significance,Rv2752c_c.-951delC
RIF,3067141,3) Uncertain significance,Rv2752c_c.-951delC
INH,574980,3) Uncertain significance,mshA_c.-368C>T
INH,575088,3) Uncertain significance,mshA_c.-260G>A
INH,2156552,3) Uncertain significance,katG_c.-441C>T
INH,2156623,3) Uncertain significance,katG_c.-512G>A
INH,2156421,3) Uncertain significance,katG_c.-310G>T
INH,2156413,3) Uncertain significance,katG_c.-302G>C
STM,1407375,3) Uncertain significance,Rv1258c_c.-36delC
PZA,1407375,3) Uncertain significance,Rv1258c_c.-36delC
INH,575270,3) Uncertain significance,mshA_c.-78G>T
INH,575255,3) Uncertain significance,mshA_c.-93G>A
INH,574961,3) Uncertain significance,mshA_c.-387T>C
INH,574766,3) Uncertain significance,mshA_c.-582T>C
INH,1407376,3) Uncertain significance,Rv1258c_c.-36C>T
PZA,1407376,3) Uncertain significance,Rv1258c_c.-36C>T
INH,1407348,3) Uncertain significance,Rv1258c_c.-8C>T
PZA,1407348,3) Uncertain significance,Rv1258c_c.-8C>T
INH,1407385,3) Uncertain significance,Rv1258c_c.-45G>T
PZA,1407385,3) Uncertain significance,Rv1258c_c.-45G>T
STM,1407385,3) Uncertain significance,Rv1258c_c.-45G>T
INH,3067157,3) Uncertain significance,Rv2752c_c.-966G>T
RIF,3067157,3) Uncertain significance,Rv2752c_c.-966G>T
INH,1673994,3) Uncertain significance,inhA_c.-208C>T
INH,1674021,3) Uncertain significance,inhA_c.-181G>A
INH,2156317,3) Uncertain significance,katG_c.-206C>A
INH,2156448,3) Uncertain significance,katG_c.-337C>A
INH,2156570,3) Uncertain significance,katG_c.-459C>T
INH,2156384,3) Uncertain significance,katG_c.-273G>A
INH,2156578,3) Uncertain significance,katG_c.-467G>A
INH,2156611,3) Uncertain significance,katG_c.-500G>T
INH,2156638,3) Uncertain significance,katG_c.-527G>A
INH,2156606,3) Uncertain significance,katG_c.-495T>G
INH,574903,3) Uncertain significance,mshA_c.-445C>T
INH,575252,3) Uncertain significance,mshA_c.-96C>T
INH,575289,3) Uncertain significance,mshA_c.-59G>A
INH,1407375,3) Uncertain significance,Rv1258c_c.-36delC
INH,2156437,3) Uncertain significance,katG_c.-326C>T
INH,2156187,3) Uncertain significance,katG_c.-76G>A
INH,2156631,3) Uncertain significance,katG_c.-520T>C
INH,3067135,3) Uncertain significance,Rv2752c_c.-944C>T
PZA,3613160,3) Uncertain significance,Rv3236c_c.-44C>T
PZA,3613605,3) Uncertain significance,Rv3236c_c.-489C>T
PZA,3613139,3) Uncertain significance,Rv3236c_c.-23G>A
PZA,3613148,3) Uncertain significance,Rv3236c_c.-32G>A
PZA,3613150,3) Uncertain significance,Rv3236c_c.-34G>C
PZA,3613134,3) Uncertain significance,Rv3236c_c.-18T>C
PZA,4046217,3) Uncertain significance,panD_c.-1937delC
PZA,1407363,3) Uncertain significance,Rv1258c_c.-23C>T
STM,1407363,3) Uncertain significance,Rv1258c_c.-23C>T
PZA,3613628,3) Uncertain significance,Rv3236c_c.-512C>T
PZA,4046134,3) Uncertain significance,panD_c.-1853T>C
PZA,3613606,3) Uncertain significance,Rv3236c_c.-490C>T
PZA,4046199,3) Uncertain significance,panD_c.-1918A>C
PZA,4046161,3) Uncertain significance,panD_c.-1880C>T
PZA,4046210,3) Uncertain significance,panD_c.-1929T>C
PZA,4046135,3) Uncertain significance,panD_c.-1854C>T
RIF,3878875,3) Uncertain significance,rpoA_c.-368C>T
RIF,3878889,3) Uncertain significance,rpoA_c.-385_-383dupGTC
RIF,3878698,3) Uncertain significance,rpoA_c.-191A>C
RIF,3878709,3) Uncertain significance,rpoA_c.-202A>G
RIF,3878829,3) Uncertain significance,rpoA_c.-322A>C
RIF,3878876,3) Uncertain significance,rpoA_c.-369A>G
RIF,3878976,3) Uncertain significance,rpoA_c.-469A>G
RIF,3878677,3) Uncertain significance,rpoA_c.-170C>T
RIF,3878695,3) Uncertain significance,rpoA_c.-188C>T
RIF,3878707,3) Uncertain significance,rpoA_c.-200C>T
RIF,3878779,3) Uncertain significance,rpoA_c.-272C>T
PZA,3613151,3) Uncertain significance,Rv3236c_c.-35C>T
INH,575288,3) Uncertain significance,mshA_c.-60G>C
PZA,3613625,3) Uncertain significance,Rv3236c_c.-509A>G
PZA,4046202,3) Uncertain significance,panD_c.-1921T>A
RIF,3067135,3) Uncertain significance,Rv2752c_c.-944C>T
LZD,800479,3) Uncertain significance,rplC_c.-330_-329insGAGAAGCGT
LZD,800439,3) Uncertain significance,rplC_c.-370A>G
LZD,800780,3) Uncertain significance,rplC_c.-29C>T
LZD,800417,3) Uncertain significance,rplC_c.-392C>A
LZD,800485,3) Uncertain significance,rplC_c.-324G>A
LZD,800467,3) Uncertain significance,rplC_c.-342G>A
LZD,800420,3) Uncertain significance,rplC_c.-389G>T
LZD,800418,3) Uncertain significance,rplC_c.-391G>A
LZD,800413,3) Uncertain significance,rplC_c.-396G>A
LZD,800426,3) Uncertain significance,rplC_c.-383C>G
LZD,800471,3) Uncertain significance,rplC_c.-338G>A
LZD,800437,3) Uncertain significance,rplC_c.-372G>C
LZD,800450,3) Uncertain significance,rplC_c.-359C>T
PZA,4046176,3) Uncertain significance,panD_c.-1895C>A
PZA,4046175,3) Uncertain significance,panD_c.-1901_-1896delGGTGAC
PZA,4046137,3) Uncertain significance,panD_c.-1856A>G
PZA,4046139,3) Uncertain significance,panD_c.-1858A>C
PZA,4046145,3) Uncertain significance,panD_c.-1864A>G
PZA,4046136,3) Uncertain significance,panD_c.-1855C>A
PZA,4046161,3) Uncertain significance,panD_c.-1880C>A
PZA,4046173,3) Uncertain significance,panD_c.-1892C>T
PZA,4046185,3) Uncertain significance,panD_c.-1904C>T
PZA,4046204,3) Uncertain significance,panD_c.-1923C>T
PZA,4046170,3) Uncertain significance,panD_c.-1889G>T
PZA,4046175,3) Uncertain significance,panD_c.-1894G>A
PZA,4046201,3) Uncertain significance,panD_c.-1920G>A
PZA,1407356,3) Uncertain significance,Rv1258c_c.-16T>A
INH,574781,3) Uncertain significance,mshA_c.-567G>T
INH,574819,3) Uncertain significance,mshA_c.-529G>A
INH,575154,3) Uncertain significance,mshA_c.-194G>T
INH,574769,3) Uncertain significance,mshA_c.-579C>A
INH,574760,3) Uncertain significance,mshA_c.-588C>T
INH,574743,3) Uncertain significance,mshA_c.-605C>A
INH,574736,3) Uncertain significance,mshA_c.-612C>T
INH,574728,3) Uncertain significance,mshA_c.-620C>T
INH,574706,3) Uncertain significance,mshA_c.-642C>T
INH,575284,3) Uncertain significance,mshA_c.-64C>T
INH,575282,3) Uncertain significance,mshA_c.-66C>G
INH,575278,3) Uncertain significance,mshA_c.-70C>A
INH,575264,3) Uncertain significance,mshA_c.-84C>T
INH,575193,3) Uncertain significance,mshA_c.-155G>C
INH,575160,3) Uncertain significance,mshA_c.-188G>A
INH,575114,3) Uncertain significance,mshA_c.-234G>A
INH,575091,3) Uncertain significance,mshA_c.-257G>A
INH,575001,3) Uncertain significance,mshA_c.-347G>A
INH,574995,3) Uncertain significance,mshA_c.-353G>A
INH,574971,3) Uncertain significance,mshA_c.-377G>T
INH,574956,3) Uncertain significance,mshA_c.-392G>A
INH,574954,3) Uncertain significance,mshA_c.-394G>T
INH,574949,3) Uncertain significance,mshA_c.-399G>A
INH,574920,3) Uncertain significance,mshA_c.-428G>A
INH,574901,3) Uncertain significance,mshA_c.-447G>A
INH,574887,3) Uncertain significance,mshA_c.-461G>A
INH,574874,3) Uncertain significance,mshA_c.-474G>T
INH,574848,3) Uncertain significance,mshA_c.-500G>A
INH,574836,3) Uncertain significance,mshA_c.-512G>A
INH,574827,3) Uncertain significance,mshA_c.-521G>A
INH,574775,3) Uncertain significance,mshA_c.-573C>T
INH,574818,3) Uncertain significance,mshA_c.-530G>A
INH,574788,3) Uncertain significance,mshA_c.-560C>T
INH,574811,3) Uncertain significance,mshA_c.-537C>T
INH,2156586,3) Uncertain significance,katG_c.-475T>C
INH,2156596,3) Uncertain significance,katG_c.-485T>G
INH,2156601,3) Uncertain significance,katG_c.-490T>C
INH,2156175,3) Uncertain significance,katG_c.-64T>C
INH,2156191,3) Uncertain significance,katG_c.-80T>G
INH,2156193,3) Uncertain significance,katG_c.-82T>C
INH,575196,3) Uncertain significance,mshA_c.-152A>G
INH,575101,3) Uncertain significance,mshA_c.-247A>G
INH,575083,3) Uncertain significance,mshA_c.-265A>G
INH,574803,3) Uncertain significance,mshA_c.-545A>G
INH,574803,3) Uncertain significance,mshA_c.-545A>T
INH,574702,3) Uncertain significance,mshA_c.-646A>T
INH,574686,3) Uncertain significance,mshA_c.-662A>G
INH,575275,3) Uncertain significance,mshA_c.-73A>G
INH,575237,3) Uncertain significance,mshA_c.-111C>G
INH,575227,3) Uncertain significance,mshA_c.-121C>T
INH,575222,3) Uncertain significance,mshA_c.-126C>T
INH,575185,3) Uncertain significance,mshA_c.-163C>T
INH,575133,3) Uncertain significance,mshA_c.-215C>T
INH,575128,3) Uncertain significance,mshA_c.-220C>T
INH,575087,3) Uncertain significance,mshA_c.-261C>T
INH,574997,3) Uncertain significance,mshA_c.-351C>T
INH,574928,3) Uncertain significance,mshA_c.-420C>T
INH,574924,3) Uncertain significance,mshA_c.-424C>T
INH,574894,3) Uncertain significance,mshA_c.-454C>T
INH,574892,3) Uncertain significance,mshA_c.-456C>T
INH,574872,3) Uncertain significance,mshA_c.-476C>T
INH,574796,3) Uncertain significance,mshA_c.-552C>G
RIF,3878783,3) Uncertain significance,rpoA_c.-276C>T
INH,574758,3) Uncertain significance,mshA_c.-590G>A
INH,574716,3) Uncertain significance,mshA_c.-632G>A
INH,1674096,3) Uncertain significance,inhA_c.-106G>A
INH,1673787,3) Uncertain significance,inhA_c.-415G>A
INH,1673538,3) Uncertain significance,inhA_c.-664G>A
INH,2156263,3) Uncertain significance,katG_c.-152A>G
INH,2156513,3) Uncertain significance,katG_c.-402A>C
INH,2156633,3) Uncertain significance,katG_c.-522A>C
INH,2156357,3) Uncertain significance,katG_c.-246C>T
INH,2156517,3) Uncertain significance,katG_c.-406C>A
INH,2156579,3) Uncertain significance,katG_c.-468C>T
INH,2156588,3) Uncertain significance,katG_c.-477C>T
INH,2156211,3) Uncertain significance,katG_c.-100G>A
INH,2156235,3) Uncertain significance,katG_c.-124G>A
INH,2156274,3) Uncertain significance,katG_c.-163G>A
INH,2156393,3) Uncertain significance,katG_c.-282G>A
INH,2156427,3) Uncertain significance,katG_c.-316G>A
INH,2156610,3) Uncertain significance,katG_c.-499G>A
INH,2156632,3) Uncertain significance,katG_c.-521G>T
INH,2156151,3) Uncertain significance,katG_c.-40T>C
INH,2156600,3) Uncertain significance,katG_c.-489T>C
INH,2156188,3) Uncertain significance,katG_c.-77T>C
INH,574734,3) Uncertain significance,mshA_c.-614A>C
INH,575216,3) Uncertain significance,mshA_c.-132C>A
INH,575151,3) Uncertain significance,mshA_c.-197C>T
INH,575137,3) Uncertain significance,mshA_c.-211C>T
INH,574905,3) Uncertain significance,mshA_c.-443C>T
INH,574796,3) Uncertain significance,mshA_c.-552C>T
INH,575231,3) Uncertain significance,mshA_c.-117G>A
INH,1673553,3) Uncertain significance,inhA_c.-649C>T
INH,574725,3) Uncertain significance,mshA_c.-623G>A
INH,1673742,3) Uncertain significance,inhA_c.-460C>T
INH,3067164,3) Uncertain significance,Rv2752c_c.-973G>A
INH,575063,3) Uncertain significance,mshA_c.-285T>G
INH,574942,3) Uncertain significance,mshA_c.-406T>G
INH,574913,3) Uncertain significance,mshA_c.-435T>G
INH,574835,3) Uncertain significance,mshA_c.-513T>C
INH,574683,3) Uncertain significance,mshA_c.-665T>C
INH,1407362,3) Uncertain significance,Rv1258c_c.-22G>C
PZA,1407362,3) Uncertain significance,Rv1258c_c.-22G>C
INH,1407365,3) Uncertain significance,Rv1258c_c.-25G>A
STM,1407365,3) Uncertain significance,Rv1258c_c.-25G>A
INH,1407370,3) Uncertain significance,Rv1258c_c.-30G>A
PZA,1407370,3) Uncertain significance,Rv1258c_c.-30G>A
STM,1407370,3) Uncertain significance,Rv1258c_c.-30G>A
INH,1407355,3) Uncertain significance,Rv1258c_c.-15T>C
INH,3067126,3) Uncertain significance,Rv2752c_c.-937_-936delAG
RIF,3067126,3) Uncertain significance,Rv2752c_c.-937_-936delAG
INH,3067135,3) Uncertain significance,Rv2752c_c.-945delA
RIF,3067135,3) Uncertain significance,Rv2752c_c.-945delA
INH,3067151,3) Uncertain significance,Rv2752c_c.-960A>G
RIF,3067151,3) Uncertain significance,Rv2752c_c.-960A>G
INH,3067172,3) Uncertain significance,Rv2752c_c.-981A>G
RIF,3067172,3) Uncertain significance,Rv2752c_c.-981A>G
INH,3067152,3) Uncertain significance,Rv2752c_c.-961G>A
RIF,3067152,3) Uncertain significance,Rv2752c_c.-961G>A
INH,3067158,3) Uncertain significance,Rv2752c_c.-967G>A
RIF,3067158,3) Uncertain significance,Rv2752c_c.-967G>A
RIF,3067164,3) Uncertain significance,Rv2752c_c.-973G>A
RIF,3878784,3) Uncertain significance,rpoA_c.-277C>T
RIF,3878795,3) Uncertain significance,rpoA_c.-288C>T
RIF,3878805,3) Uncertain significance,rpoA_c.-298C>T
AMI,2714341,3) Uncertain significance,eis_p.Leu331Arg
KAN,2714341,3) Uncertain significance,eis_p.Leu331Arg
AMI,2715101,3) Uncertain significance,eis_p.Pro78Ala
KAN,2715101,3) Uncertain significance,eis_p.Pro78Ala
AMI,2714431,3) Uncertain significance,eis_p.Val301Gly
KAN,2714431,3) Uncertain significance,eis_p.Val301Gly
AMI,1472752,3) Uncertain significance,rrs_n.907A>C
KAN,1472752,3) Uncertain significance,rrs_n.907A>C
STM,1472752,3) Uncertain significance,rrs_n.907A>C
AMI,1473165,3) Uncertain significance,rrs_n.1320C>T
CAP,1473165,3) Uncertain significance,rrs_n.1320C>T
KAN,1473165,3) Uncertain significance,rrs_n.1320C>T
AMI,1473334,3) Uncertain significance,rrs_n.1489C>T
CAP,1473334,3) Uncertain significance,rrs_n.1489C>T
KAN,1473334,3) Uncertain significance,rrs_n.1489C>T
STM,1473334,3) Uncertain significance,rrs_n.1489C>T
AMI,1471926,3) Uncertain significance,rrs_n.81C>T
KAN,1471926,3) Uncertain significance,rrs_n.81C>T
AMI,1472011,3) Uncertain significance,rrs_n.166T>G
CAP,1472011,3) Uncertain significance,rrs_n.166T>G
KAN,1472011,3) Uncertain significance,rrs_n.166T>G
AMI,1472305,3) Uncertain significance,rrs_n.460T>C
CAP,1472305,3) Uncertain significance,rrs_n.460T>C
AMI,3568733,3) Uncertain significance,whiB7_c.-55delG
KAN,3568733,3) Uncertain significance,whiB7_c.-55delG
STM,3568733,3) Uncertain significance,whiB7_c.-55delG
AMI,2715079,3) Uncertain significance,eis_p.Val85Ala
AMI,2715154,3) Uncertain significance,eis_p.Gly60Glu
KAN,2715079,3) Uncertain significance,eis_p.Val85Ala
KAN,2714737,3) Uncertain significance,eis_p.Glu199Ala
KAN,2715393,3) Uncertain significance,eis_c.-61A>G
AMI,4267873,3) Uncertain significance,aftB_p.Gln322Glu
CAP,4267873,3) Uncertain significance,aftB_p.Gln322Glu
AMI,4267272,3) Uncertain significance,aftB_p.Lys522Arg
CAP,4267272,3) Uncertain significance,aftB_p.Lys522Arg
AMI,4338563,3) Uncertain significance,whiB6_c.-42G>T
STM,4338563,3) Uncertain significance,whiB6_c.-42G>T
AMI,2715227,3) Uncertain significance,eis_p.Trp36Arg
KAN,2715227,3) Uncertain significance,eis_p.Trp36Arg
AMI,3568555,3) Uncertain significance,whiB7_p.Leu42Pro
STM,3568555,3) Uncertain significance,whiB7_p.Leu42Pro
AMI,1472751,3) Uncertain significance,rrs_n.906A>G
KAN,1472751,3) Uncertain significance,rrs_n.906A>G
STM,1472751,3) Uncertain significance,rrs_n.906A>G
AMI,3568759,3) Uncertain significance,whiB7_c.-80A>C
KAN,3568759,3) Uncertain significance,whiB7_c.-80A>C
STM,3568759,3) Uncertain significance,whiB7_c.-80A>C
AMI,3568487,3) Uncertain significance,whiB7_p.Val65fs
KAN,3568487,3) Uncertain significance,whiB7_p.Val65fs
STM,3568487,3) Uncertain significance,whiB7_p.Val65fs
KAN,3568418,3) Uncertain significance,whiB7_p.Gly84_Arg87del
AMI,2715342,3) Uncertain significance,eis_c.-10G>C
KAN,2715342,3) Uncertain significance,eis_c.-10G>C
AMI,2714629,3) Uncertain significance,eis_p.Leu235Arg
KAN,2714629,3) Uncertain significance,eis_p.Leu235Arg
AMI,2715393,3) Uncertain significance,eis_c.-61A>G
AMI,2714737,3) Uncertain significance,eis_p.Glu199Ala
AMI,1473260,3) Uncertain significance,rrs_n.1415G>T
STM,1473260,3) Uncertain significance,rrs_n.1415G>T
CAP,1472307,3) Uncertain significance,rrs_n.462C>T
KAN,1472307,3) Uncertain significance,rrs_n.462C>T
STM,1472307,3) Uncertain significance,rrs_n.462C>T
AMI,1472978,3) Uncertain significance,rrs_n.1133T>C
AMI,1471923,3) Uncertain significance,rrs_n.78T>C
AMI,1471934,3) Uncertain significance,rrs_n.89A>G
CAP,1471934,3) Uncertain significance,rrs_n.89A>G
STM,1471934,3) Uncertain significance,rrs_n.89A>G
AMI,2715338,3) Uncertain significance,eis_c.-6G>T
KAN,2715338,3) Uncertain significance,eis_c.-6G>T
AMI,2715339,3) Uncertain significance,eis_c.-8delC
AMI,3568736,3) Uncertain significance,whiB7_c.-57T>G
KAN,3568736,3) Uncertain significance,whiB7_c.-57T>G
STM,3568736,3) Uncertain significance,whiB7_c.-57T>G
AMI,1471862,3) Uncertain significance,rrs_n.17T>G
CAP,1471862,3) Uncertain significance,rrs_n.17T>G
KAN,1471862,3) Uncertain significance,rrs_n.17T>G
STM,1471862,3) Uncertain significance,rrs_n.17T>G
AMI,1473288,3) Uncertain significance,rrs_n.1443C>G
CAP,1473288,3) Uncertain significance,rrs_n.1443C>G
KAN,1473288,3) Uncertain significance,rrs_n.1443C>G
STM,1473288,3) Uncertain significance,rrs_n.1443C>G
AMI,2715016,3) Uncertain significance,eis_p.Arg106His
KAN,2715016,3) Uncertain significance,eis_p.Arg106His
AMI,4268250,3) Uncertain significance,aftB_p.Ala196Glu
AMI,4268229,3) Uncertain significance,aftB_p.Ala203Val
CAP,4268229,3) Uncertain significance,aftB_p.Ala203Val
AMI,1472307,3) Uncertain significance,rrs_n.462C>T
CAP,1473260,3) Uncertain significance,rrs_n.1415G>T
AMI,1472969,3) Uncertain significance,rrs_n.1124A>G
STM,1471861,3) Uncertain significance,rrs_n.16T>C
AMI,1473329,3) Uncertain significance,rrs_n.1484G>A
CAP,1473329,3) Uncertain significance,rrs_n.1484G>A
KAN,1473329,3) Uncertain significance,rrs_n.1484G>A
AMI,1473336,3) Uncertain significance,rrs_n.1491T>A
CAP,1473336,3) Uncertain significance,rrs_n.1491T>A
KAN,1473336,3) Uncertain significance,rrs_n.1491T>A
STM,1473336,3) Uncertain significance,rrs_n.1491T>A
AMI,2715268,3) Uncertain significance,eis_p.Ala22Gly
KAN,2715268,3) Uncertain significance,eis_p.Ala22Gly
AMI,2715340,3) Uncertain significance,eis_c.-8C>T
KAN,2715340,3) Uncertain significance,eis_c.-8C>T
AMI,1472861,3) Uncertain significance,rrs_n.1016G>T
CAP,1472861,3) Uncertain significance,rrs_n.1016G>T
KAN,1472861,3) Uncertain significance,rrs_n.1016G>T
STM,1472861,3) Uncertain significance,rrs_n.1016G>T
AMI,1473368,3) Uncertain significance,rrs_n.1523G>A
CAP,1473368,3) Uncertain significance,rrs_n.1523G>A
KAN,1473368,3) Uncertain significance,rrs_n.1523G>A
STM,1473368,3) Uncertain significance,rrs_n.1523G>A
AMI,1473289,3) Uncertain significance,rrs_n.1445delCinsTTT
AMI,1472970,3) Uncertain significance,rrs_n.1125C>G
AMI,1472977,3) Uncertain significance,rrs_n.1132G>C
AMI,1471970,3) Uncertain significance,rrs_n.125G>A
AMI,1471969,3) Uncertain significance,rrs_n.124T>C
AMI,1471861,3) Uncertain significance,rrs_n.16T>C
CAP,1471861,3) Uncertain significance,rrs_n.16T>C
KAN,1471861,3) Uncertain significance,rrs_n.16T>C
STM,4338286,3) Uncertain significance,whiB6_p.Val79fs
CAP,4338473,3) Uncertain significance,whiB6_p.Arg17Gly
RIF,3878746,3) Uncertain significance,rpoA_c.-239A>G
RIF,3878693,3) Uncertain significance,rpoA_c.-186C>T
RIF,3878722,3) Uncertain significance,rpoA_c.-215C>G
RIF,3878791,3) Uncertain significance,rpoA_c.-284C>T
RIF,3878848,3) Uncertain significance,rpoA_c.-341C>T
RIF,3878974,3) Uncertain significance,rpoA_c.-467C>T
RIF,3878992,3) Uncertain significance,rpoA_c.-485C>T
RIF,3878998,3) Uncertain significance,rpoA_c.-491C>G
RIF,3879031,3) Uncertain significance,rpoA_c.-524C>T
RIF,3878662,3) Uncertain significance,rpoA_c.-155G>A
RIF,3878721,3) Uncertain significance,rpoA_c.-214G>C
RIF,3878803,3) Uncertain significance,rpoA_c.-296G>C
RIF,3878804,3) Uncertain significance,rpoA_c.-297G>T
RIF,3878947,3) Uncertain significance,rpoA_c.-440G>C
RIF,3878962,3) Uncertain significance,rpoA_c.-455G>A
RIF,3879022,3) Uncertain significance,rpoA_c.-515G>A
RIF,3878897,3) Uncertain significance,rpoA_c.-390T>C
RIF,3878914,3) Uncertain significance,rpoA_c.-407T>C
RIF,3878968,3) Uncertain significance,rpoA_c.-461T>C
RIF,3878665,3) Uncertain significance,rpoA_c.-158A>G
RIF,3878961,3) Uncertain significance,rpoA_c.-454C>T
RIF,3879039,3) Uncertain significance,rpoA_c.-532C>G
RIF,3878683,3) Uncertain significance,rpoA_c.-176G>A
RIF,3878760,3) Uncertain significance,rpoA_c.-253G>C
RIF,3878660,3) Uncertain significance,rpoA_c.-153A>G
RIF,3878895,3) Uncertain significance,rpoA_c.-388C>T
RIF,3878679,3) Uncertain significance,rpoA_c.-172G>A
RIF,3878709,3) Uncertain significance,rpoA_c.-202A>C
RIF,3878713,3) Uncertain significance,rpoA_c.-206G>A
RIF,3067142,3) Uncertain significance,Rv2752c_c.-951C>T
RIF,3878817,3) Uncertain significance,rpoA_c.-310T>C
RIF,3878905,3) Uncertain significance,rpoA_c.-398C>G
RIF,3878905,3) Uncertain significance,rpoA_c.-398C>T
RIF,3878916,3) Uncertain significance,rpoA_c.-409C>A
RIF,3878965,3) Uncertain significance,rpoA_c.-458C>T
RIF,3878966,3) Uncertain significance,rpoA_c.-459C>T
RIF,3878998,3) Uncertain significance,rpoA_c.-491C>T
RIF,3879033,3) Uncertain significance,rpoA_c.-526C>T
RIF,3878721,3) Uncertain significance,rpoA_c.-214G>A
RIF,3878749,3) Uncertain significance,rpoA_c.-242G>A
RIF,3878756,3) Uncertain significance,rpoA_c.-249G>C
RIF,3878758,3) Uncertain significance,rpoA_c.-251G>A
RIF,3878760,3) Uncertain significance,rpoA_c.-253G>A
RIF,3878761,3) Uncertain significance,rpoA_c.-254G>A
RIF,3878763,3) Uncertain significance,rpoA_c.-256G>T
RIF,3878788,3) Uncertain significance,rpoA_c.-281G>C
RIF,3878797,3) Uncertain significance,rpoA_c.-290G>T
RIF,3878800,3) Uncertain significance,rpoA_c.-293G>C
RIF,3878808,3) Uncertain significance,rpoA_c.-301G>A
RIF,3878812,3) Uncertain significance,rpoA_c.-305G>A
RIF,3878823,3) Uncertain significance,rpoA_c.-316G>A
RIF,3878917,3) Uncertain significance,rpoA_c.-410G>A
RIF,3878956,3) Uncertain significance,rpoA_c.-449G>A
RIF,3878956,3) Uncertain significance,rpoA_c.-449G>C
RIF,3879004,3) Uncertain significance,rpoA_c.-497G>C
RIF,3879010,3) Uncertain significance,rpoA_c.-503G>A
RIF,3879040,3) Uncertain significance,rpoA_c.-533G>A
RIF,3879042,3) Uncertain significance,rpoA_c.-535G>A
RIF,3878846,3) Uncertain significance,rpoA_c.-339T>G
STM,4338473,3) Uncertain significance,whiB6_p.Arg17Gly
RIF,3878845,3) Uncertain significance,rpoA_c.-338G>A
RIF,3878722,3) Uncertain significance,rpoA_c.-215C>T
AMI,4267671,3) Uncertain significance,aftB_p.Ala389Val
CAP,4267671,3) Uncertain significance,aftB_p.Ala389Val
AMI,4338234,3) Uncertain significance,whiB6_p.Ser97fs
CAP,4338234,3) Uncertain significance,whiB6_p.Ser97fs
AMI,4338555,3) Uncertain significance,whiB6_c.-34G>A
CAP,4338555,3) Uncertain significance,whiB6_c.-34G>A
STM,4338555,3) Uncertain significance,whiB6_c.-34G>A
AMI,4267879,3) Uncertain significance,aftB_p.Val320Met
CAP,4267879,3) Uncertain significance,aftB_p.Val320Met
AMI,4338247,3) Uncertain significance,whiB6_p.Leu92Ser
CAP,4338247,3) Uncertain significance,whiB6_p.Leu92Ser
STM,4338247,3) Uncertain significance,whiB6_p.Leu92Ser
AMI,620072,3) Uncertain significance,ccsA_p.Pro61Leu
CAP,620072,3) Uncertain significance,ccsA_p.Pro61Leu
AMI,3568840,3) Uncertain significance,whiB7_c.-161A>G
KAN,3568840,3) Uncertain significance,whiB7_c.-161A>G
AMI,1471705,3) Uncertain significance,rrs_n.-141A>G
CAP,1471705,3) Uncertain significance,rrs_n.-141A>G
KAN,1471705,3) Uncertain significance,rrs_n.-141A>G
LZD,1471705,3) Uncertain significance,rrs_n.-141A>G
STM,1471705,3) Uncertain significance,rrs_n.-141A>G
AMI,4338298,3) Uncertain significance,whiB6_p.Leu75Gln
CAP,4338298,3) Uncertain significance,whiB6_p.Leu75Gln
STM,4338298,3) Uncertain significance,whiB6_p.Leu75Gln
AMI,4338473,3) Uncertain significance,whiB6_p.Arg17Gly
CAP,4267927,3) Uncertain significance,aftB_p.Ala304Ser
RIF,3878745,3) Uncertain significance,rpoA_c.-238C>G
AMI,4267927,3) Uncertain significance,aftB_p.Ala304Ser
AMI,3568438,3) Uncertain significance,whiB7_p.Arg81His
RIF,3878857,3) Uncertain significance,rpoA_c.-350C>T
RIF,3878816,3) Uncertain significance,rpoA_c.-309T>G
RIF,3878878,3) Uncertain significance,rpoA_c.-371T>C
RIF,3878836,3) Uncertain significance,rpoA_c.-329G>C
RIF,3878680,3) Uncertain significance,rpoA_c.-173C>T
RIF,3878863,3) Uncertain significance,rpoA_c.-356G>T
RIF,3878923,3) Uncertain significance,rpoA_c.-416C>T
RIF,3878687,3) Uncertain significance,rpoA_c.-180A>C
STM,1407373,3) Uncertain significance,Rv1258c_c.-33A>G
STM,1407365,3) Uncertain significance,Rv1258c_c.-25G>T
STM,1473246,3) Uncertain significance,rrs_n.1401A>G
STM,1473329,3) Uncertain significance,rrs_n.1484G>T
STM,1473247,3) Uncertain significance,rrs_n.1402C>T
AMI,4338292,3) Uncertain significance,whiB6_p.Ala77Val
CAP,4338292,3) Uncertain significance,whiB6_p.Ala77Val
STM,4338292,3) Uncertain significance,whiB6_p.Ala77Val
AMI,4338365,3) Uncertain significance,whiB6_p.Cys53Arg
CAP,4338365,3) Uncertain significance,whiB6_p.Cys53Arg
STM,4338365,3) Uncertain significance,whiB6_p.Cys53Arg
AMI,2715369,3) Uncertain significance,eis_c.-37G>T
AMI,2715342,3) Uncertain significance,eis_c.-10G>A
AMI,3568434,3) Uncertain significance,whiB7_p.Arg83fs
STM,3568434,3) Uncertain significance,whiB7_p.Arg83fs
AMI,3568443,3) Uncertain significance,whiB7_p.His79Gln
STM,3568443,3) Uncertain significance,whiB7_p.His79Gln
AMI,3568442,3) Uncertain significance,whiB7_p.Lys80Gln
STM,3568442,3) Uncertain significance,whiB7_p.Lys80Gln
STM,3568438,3) Uncertain significance,whiB7_p.Arg81His
AMI,4338454,3) Uncertain significance,whiB6_p.Val23Gly
EMB,4249733,3) Uncertain significance,embB_p.Pro1074Ala
EMB,4249737,3) Uncertain significance,embB_p.Pro1075Leu
EMB,4246548,3) Uncertain significance,embB_p.Pro12Leu
EMB,4246919,3) Uncertain significance,embB_p.Pro136Ser
EMB,4247013,3) Uncertain significance,embB_p.Pro167Arg
EMB,4247043,3) Uncertain significance,embB_p.Pro177Leu
EMB,4247060,3) Uncertain significance,embB_p.Pro183Ser
EMB,4247153,3) Uncertain significance,embB_p.Pro214Ala
EMB,4247154,3) Uncertain significance,embB_p.Pro214Gln
EMB,4247570,3) Uncertain significance,embB_p.Pro353Ser
EMB,4247636,3) Uncertain significance,embB_p.Pro375Ser
EMB,4247724,3) Uncertain significance,embB_p.Pro404Leu
EMB,4246821,3) Uncertain significance,embB_p.Pro103His
EMB,4247802,3) Uncertain significance,embB_p.Pro430Leu
EMB,4247942,3) Uncertain significance,embB_p.Pro477Ala
EMB,4248105,3) Uncertain significance,embB_p.Pro531His
EMB,4246688,3) Uncertain significance,embB_p.Pro59Thr
EMB,4248359,3) Uncertain significance,embB_p.Pro616Thr
EMB,4248477,3) Uncertain significance,embB_p.Pro655Leu
EMB,4248629,3) Uncertain significance,embB_p.Pro706Ser
EMB,4248636,3) Uncertain significance,embB_p.Pro708Leu
EMB,4248810,3) Uncertain significance,embB_p.Pro766Leu
EMB,4246740,3) Uncertain significance,embB_p.Pro76Leu
EMB,4248966,3) Uncertain significance,embB_p.Pro818Leu
EMB,4249109,3) Uncertain significance,embB_p.Pro866Ser
EMB,4249232,3) Uncertain significance,embB_p.Pro907Ser
EMB,4246647,3) Uncertain significance,embB_p.Pro45Leu
EMB,4249304,3) Uncertain significance,embB_p.Asn931Asp
EMB,4248933,3) Uncertain significance,embB_p.Asn807Thr
EMB,4248885,3) Uncertain significance,embB_p.Asn791Ser
EMB,4248409,3) Uncertain significance,embB_p.Leu632Phe
EMB,4248408,3) Uncertain significance,embB_p.Leu632Ser
EMB,4248426,3) Uncertain significance,embB_p.Leu638Ser
EMB,4248774,3) Uncertain significance,embB_p.Leu754Arg
EMB,4249370,3) Uncertain significance,embB_p.Leu953Met
EMB,4249433,3) Uncertain significance,embB_p.Leu974Met
EMB,4247308,3) Uncertain significance,embB_p.Met265Ile
EMB,4247459,3) Uncertain significance,embB_p.Met316Val
EMB,4247562,3) Uncertain significance,embB_p.Met350Thr
EMB,4247680,3) Uncertain significance,embB_p.Met389Ile
EMB,4247678,3) Uncertain significance,embB_p.Met389Val
EMB,4247699,3) Uncertain significance,embB_p.Met396Leu
EMB,4247781,3) Uncertain significance,embB_p.Met423Thr
EMB,4247897,3) Uncertain significance,embB_p.Met462Leu
EMB,4247898,3) Uncertain significance,embB_p.Met462Thr
EMB,4248184,3) Uncertain significance,embB_p.Met557Ile
EMB,4248269,3) Uncertain significance,embB_p.Met586Val
EMB,4248389,3) Uncertain significance,embB_p.Met626Val
EMB,4248492,3) Uncertain significance,embB_p.Met660Arg
EMB,4248655,3) Uncertain significance,embB_p.Met714Ile
EMB,4248803,3) Uncertain significance,embB_p.Met764Leu
EMB,4249330,3) Uncertain significance,embB_p.Met939Ile
EMB,4249524,3) Uncertain significance,embB_p.Asn1004Thr
EMB,4246991,3) Uncertain significance,embB_p.Asn160Asp
EMB,4247712,3) Uncertain significance,embB_p.Asn400Ser
EMB,4248077,3) Uncertain significance,embB_p.Asn522His
EMB,4248482,3) Uncertain significance,embB_p.Asn657Asp
EMB,4249247,3) Uncertain significance,embB_p.Pro912Thr
EMB,4246791,3) Uncertain significance,embB_p.Pro93His
EMB,4249383,3) Uncertain significance,embB_p.Pro957Leu
EMB,4246521,3) Uncertain significance,embB_p.Gln3Arg
EMB,4247545,3) Uncertain significance,embB_p.Ser344Arg
EMB,4247748,3) Uncertain significance,embB_p.Ser412Leu
EMB,4248207,3) Uncertain significance,embB_p.Ser565Thr
EMB,4248363,3) Uncertain significance,embB_p.Ser617Leu
EMB,4248378,3) Uncertain significance,embB_p.Ser622Trp
EMB,4248461,3) Uncertain significance,embB_p.Ser650Pro
EMB,4248464,3) Uncertain significance,embB_p.Ser651Cys
EMB,4248486,3) Uncertain significance,embB_p.Ser658Asn
EMB,4248520,3) Uncertain significance,embB_p.Ser669Arg
EMB,4246710,3) Uncertain significance,embB_p.Ser66Asn
EMB,4246710,3) Uncertain significance,embB_p.Ser66Thr
EMB,4249079,3) Uncertain significance,embB_p.Ser856Arg
EMB,4249431,3) Uncertain significance,embB_p.Ser973Leu
EMB,4249451,3) Uncertain significance,embB_p.Ser980Ala
EMB,4249556,3) Uncertain significance,embB_p.Thr1015Ala
EMB,4249718,3) Uncertain significance,embB_p.Thr1069Pro
EMB,4246544,3) Uncertain significance,embB_p.Thr11Pro
EMB,4246935,3) Uncertain significance,embB_p.Thr141Arg
EMB,4246964,3) Uncertain significance,embB_p.Thr151Pro
EMB,4247157,3) Uncertain significance,embB_p.Thr215Ile
EMB,4247159,3) Uncertain significance,embB_p.Thr216Ala
EMB,4247337,3) Uncertain significance,embB_p.Thr275Asn
EMB,4246604,3) Uncertain significance,embB_p.Thr31Ala
EMB,4247534,3) Uncertain significance,embB_p.Thr341Ala
EMB,4247535,3) Uncertain significance,embB_p.Thr341Ile
EMB,4248005,3) Uncertain significance,embB_p.Thr498Ala
EMB,4248030,3) Uncertain significance,embB_p.Thr506Asn
EMB,4247463,3) Uncertain significance,embB_p.Ser317Phe
EMB,4248095,3) Uncertain significance,embB_p.Leu528Val
EMB,4247294,3) Uncertain significance,embB_p.Ser261Pro
EMB,4246578,3) Uncertain significance,embB_p.Ser22Phe
EMB,4248002,3) Uncertain significance,embB_p.Gln497Glu
EMB,4248003,3) Uncertain significance,embB_p.Gln497Leu
EMB,4248059,3) Uncertain significance,embB_p.Gln516Glu
EMB,4249647,3) Uncertain significance,embB_p.Arg1045Gln
EMB,4249676,3) Uncertain significance,embB_p.Arg1055Ser
EMB,4249688,3) Uncertain significance,embB_p.Arg1059Gly
EMB,4249689,3) Uncertain significance,embB_p.Arg1059Pro
EMB,4246878,3) Uncertain significance,embB_p.Arg122His
EMB,4246952,3) Uncertain significance,embB_p.Arg147Cys
EMB,4246953,3) Uncertain significance,embB_p.Arg147His
EMB,4247150,3) Uncertain significance,embB_p.Arg213Trp
EMB,4247226,3) Uncertain significance,embB_p.Arg238His
EMB,4247283,3) Uncertain significance,embB_p.Arg257Gln
EMB,4247904,3) Uncertain significance,embB_p.Arg464Leu
EMB,4247904,3) Uncertain significance,embB_p.Arg464Gln
EMB,4247916,3) Uncertain significance,embB_p.Arg468His
EMB,4247919,3) Uncertain significance,embB_p.Arg469His
EMB,4248189,3) Uncertain significance,embB_p.Arg559Pro
EMB,4248216,3) Uncertain significance,embB_p.Arg568His
EMB,4248381,3) Uncertain significance,embB_p.Arg623Pro
EMB,4248386,3) Uncertain significance,embB_p.Arg625Trp
EMB,4248612,3) Uncertain significance,embB_p.Arg700His
EMB,4248696,3) Uncertain significance,embB_p.Arg728Gln
EMB,4246779,3) Uncertain significance,embB_p.Arg89His
EMB,4249302,3) Uncertain significance,embB_p.Arg930His
EMB,4247016,3) Uncertain significance,embB_p.Ser168Leu
EMB,4247034,3) Uncertain significance,embB_p.Ser174Asn
EMB,4247294,3) Uncertain significance,embB_p.Ser261Ala
EMB,4248009,3) Uncertain significance,embB_p.Leu499Pro
EMB,4246653,3) Uncertain significance,embB_p.Leu47Arg
EMB,4247556,3) Uncertain significance,embB_p.Leu348Pro
EMB,4248504,3) Uncertain significance,embB_p.Asp664Gly
EMB,4248767,3) Uncertain significance,embB_p.Asp752His
EMB,4246747,3) Uncertain significance,embB_p.Asp78Glu
EMB,4249118,3) Uncertain significance,embB_p.Asp869His
EMB,4246769,3) Uncertain significance,embB_p.Asp86Asn
EMB,4249121,3) Uncertain significance,embB_p.Asp870Asn
EMB,4249422,3) Uncertain significance,embB_p.Asp970Ala
EMB,4249423,3) Uncertain significance,embB_p.Asp970Glu
EMB,4249536,3) Uncertain significance,embB_p.Glu1008Ala
EMB,4246925,3) Uncertain significance,embB_p.Glu138Lys
EMB,4248075,3) Uncertain significance,embB_p.Glu521Ala
EMB,4249216,3) Uncertain significance,embB_p.Glu901Asp
EMB,4249386,3) Uncertain significance,embB_p.Glu958Gly
EMB,4249439,3) Uncertain significance,embB_p.Glu976Gln
EMB,4246986,3) Uncertain significance,embB_p.Phe158Cys
EMB,4246996,3) Uncertain significance,embB_p.Phe161Leu
EMB,4247041,3) Uncertain significance,embB_p.Phe176Leu
EMB,4247142,3) Uncertain significance,embB_p.Phe210Cys
EMB,4247366,3) Uncertain significance,embB_p.Phe285Val
EMB,4247707,3) Uncertain significance,embB_p.Phe398Leu
EMB,4247832,3) Uncertain significance,embB_p.Phe440Ser
EMB,4248134,3) Uncertain significance,embB_p.Phe541Val
EMB,4248248,3) Uncertain significance,embB_p.Phe579Val
EMB,4248265,3) Uncertain significance,embB_p.Phe584Leu
EMB,4248742,3) Uncertain significance,embB_p.Phe743Leu
EMB,4248802,3) Uncertain significance,embB_p.Phe763Leu
EMB,4248800,3) Uncertain significance,embB_p.Phe763Val
EMB,4247999,3) Uncertain significance,embB_p.Asp496Asn
EMB,4246750,3) Uncertain significance,embB_p.Phe79Leu
EMB,4247574,3) Uncertain significance,embB_p.Asp354Gly
EMB,"4247444,4247445",3) Uncertain significance,embB_p.Asp311Phe
EMB,4248564,3) Uncertain significance,embB_p.Ala684Val
EMB,4248614,3) Uncertain significance,embB_p.Ala701Pro
EMB,4248672,3) Uncertain significance,embB_p.Ala720Val
EMB,4249032,3) Uncertain significance,embB_p.Ala840Gly
EMB,4249031,3) Uncertain significance,embB_p.Ala840Pro
EMB,4249032,3) Uncertain significance,embB_p.Ala840Val
EMB,4249068,3) Uncertain significance,embB_p.Ala852Val
EMB,4249094,3) Uncertain significance,embB_p.Ala861Thr
EMB,4249220,3) Uncertain significance,embB_p.Ala903Thr
EMB,4249251,3) Uncertain significance,embB_p.Ala913Val
EMB,4249334,3) Uncertain significance,embB_p.Ala941Thr
EMB,4249341,3) Uncertain significance,embB_p.Ala943Val
EMB,4249362,3) Uncertain significance,embB_p.Ala950Val
EMB,4249490,3) Uncertain significance,embB_p.Ala993Thr
EMB,4248158,3) Uncertain significance,embB_p.Cys549Gly
EMB,4249635,3) Uncertain significance,embB_p.Asp1041Ala
EMB,4249691,3) Uncertain significance,embB_p.Asp1060Asn
EMB,4246835,3) Uncertain significance,embB_p.Asp108Asn
EMB,4246893,3) Uncertain significance,embB_p.Asp127Ala
EMB,4247010,3) Uncertain significance,embB_p.Asp166Ala
EMB,4247134,3) Uncertain significance,embB_p.Asp207Glu
EMB,4247232,3) Uncertain significance,embB_p.Asp240Gly
EMB,4247231,3) Uncertain significance,embB_p.Asp240Tyr
EMB,4247240,3) Uncertain significance,embB_p.Asp243His
EMB,4247351,3) Uncertain significance,embB_p.Asp280Asn
EMB,4247413,3) Uncertain significance,embB_p.Asp300Glu
EMB,4247412,3) Uncertain significance,embB_p.Asp300Gly
EMB,4247496,3) Uncertain significance,embB_p.Asp328Ala
EMB,4248072,3) Uncertain significance,embB_p.Thr520Ser
EMB,4249527,3) Uncertain significance,embB_p.Gly1005Asp
EMB,4246829,3) Uncertain significance,embB_p.Gly106Arg
EMB,4249281,3) Uncertain significance,embB_p.Gly923Glu
EMB,4246800,3) Uncertain significance,embB_p.Gly96Glu
EMB,4246974,3) Uncertain significance,embB_p.His154Arg
EMB,4247537,3) Uncertain significance,embB_p.His342Asn
EMB,4249182,3) Uncertain significance,embB_p.His890Arg
EMB,4247363,3) Uncertain significance,embB_p.Ile284Leu
EMB,4248179,3) Uncertain significance,embB_p.Ile556Val
EMB,4248245,3) Uncertain significance,embB_p.Ile578Val
EMB,4248690,3) Uncertain significance,embB_p.Ile726Ser
EMB,4249160,3) Uncertain significance,embB_p.Ile883Val
EMB,4249544,3) Uncertain significance,embB_p.Lys1011Glu
EMB,4249545,3) Uncertain significance,embB_p.Lys1011Thr
EMB,4249578,3) Uncertain significance,embB_p.Lys1022Thr
EMB,4246832,3) Uncertain significance,embB_p.Lys107Glu
EMB,4246833,3) Uncertain significance,embB_p.Lys107Arg
EMB,4247167,3) Uncertain significance,embB_p.Lys218Asn
EMB,4248194,3) Uncertain significance,embB_p.Lys561Gln
EMB,4248498,3) Uncertain significance,embB_p.Lys662Thr
EMB,4248973,3) Uncertain significance,embB_p.Lys820Asn
EMB,4249157,3) Uncertain significance,embB_p.Lys882Glu
EMB,4249292,3) Uncertain significance,embB_p.Lys927Glu
EMB,4249293,3) Uncertain significance,embB_p.Lys927Arg
EMB,4249670,3) Uncertain significance,embB_p.Leu1053Val
EMB,4247028,3) Uncertain significance,embB_p.Leu172Arg
EMB,4247229,3) Uncertain significance,embB_p.Leu239Arg
EMB,4247270,3) Uncertain significance,embB_p.Leu253Ile
EMB,4247316,3) Uncertain significance,embB_p.Leu268Pro
EMB,4249253,3) Uncertain significance,embB_p.Gly914Arg
EMB,4249616,3) Uncertain significance,embB_p.Gly1035Ser
EMB,4249185,3) Uncertain significance,embB_p.Gly891Glu
EMB,4249065,3) Uncertain significance,embB_p.Gly851Asp
EMB,4246830,3) Uncertain significance,embB_p.Gly106Val
EMB,4249772,3) Uncertain significance,embB_p.Gly1087Cys
EMB,4249788,3) Uncertain significance,embB_p.Gly1092Ala
EMB,4249787,3) Uncertain significance,embB_p.Gly1092Arg
EMB,4249803,3) Uncertain significance,embB_p.Gly1097Ala
EMB,4249802,3) Uncertain significance,embB_p.Gly1097Ser
EMB,4247019,3) Uncertain significance,embB_p.Gly169Asp
EMB,4247109,3) Uncertain significance,embB_p.Gly199Glu
EMB,4247243,3) Uncertain significance,embB_p.Gly244Arg
EMB,4247393,3) Uncertain significance,embB_p.Gly294Ser
EMB,4247453,3) Uncertain significance,embB_p.Gly314Ser
EMB,4246614,3) Uncertain significance,embB_p.Gly34Glu
EMB,4247634,3) Uncertain significance,embB_p.Gly374Glu
EMB,4247885,3) Uncertain significance,embB_p.Gly458Cys
EMB,4247888,3) Uncertain significance,embB_p.Gly459Ser
EMB,4247934,3) Uncertain significance,embB_p.Gly474Asp
EMB,4248116,3) Uncertain significance,embB_p.Gly535Ser
EMB,4248321,3) Uncertain significance,embB_p.Gly603Ala
EMB,4248506,3) Uncertain significance,embB_p.Gly665Arg
EMB,4248594,3) Uncertain significance,embB_p.Gly694Asp
EMB,4248600,3) Uncertain significance,embB_p.Gly696Ala
EMB,4248599,3) Uncertain significance,embB_p.Gly696Arg
EMB,4248719,3) Uncertain significance,embB_p.Gly736Ser
EMB,4248747,3) Uncertain significance,embB_p.Gly745Ala
EMB,4248746,3) Uncertain significance,embB_p.Gly745Arg
EMB,4248987,3) Uncertain significance,embB_p.Gly825Asp
EMB,4249049,3) Uncertain significance,embB_p.Gly846Ser
EMB,4249065,3) Uncertain significance,embB_p.Gly851Val
EMB,4248563,3) Uncertain significance,embB_p.Ala684Thr
EMB,4248149,3) Uncertain significance,embB_p.Thr546Ala
EMB,4248512,3) Uncertain significance,embB_p.Thr667Ala
EMB,4242590,3) Uncertain significance,embC_p.His910Tyr
EMB,4242729,3) Uncertain significance,embC_p.His956Arg
EMB,4242965,3) Uncertain significance,embC_p.Ile1035Val
EMB,4239891,3) Uncertain significance,embC_p.Ile10Thr
EMB,4239944,3) Uncertain significance,embC_p.Ile28Val
EMB,4241141,3) Uncertain significance,embC_p.Ile427Val
EMB,4241151,3) Uncertain significance,embC_p.Ile430Ser
EMB,4241239,3) Uncertain significance,embC_p.Ile459Met
EMB,4241322,3) Uncertain significance,embC_p.Ile487Thr
EMB,4241411,3) Uncertain significance,embC_p.Ile517Val
EMB,4241566,3) Uncertain significance,embC_p.Ile568Met
EMB,4242044,3) Uncertain significance,embC_p.Ile728Val
EMB,4242590,3) Uncertain significance,embC_p.His910Asn
EMB,4242306,3) Uncertain significance,embC_p.Ile815Thr
EMB,4242734,3) Uncertain significance,embC_p.Ile958Leu
EMB,4240168,3) Uncertain significance,embC_p.Lys102Asn
EMB,4240205,3) Uncertain significance,embC_p.Lys115Glu
EMB,4241395,3) Uncertain significance,embC_p.Lys511Asn
EMB,4240497,3) Uncertain significance,embC_p.Leu212Pro
EMB,4240569,3) Uncertain significance,embC_p.Leu236Pro
EMB,4240581,3) Uncertain significance,embC_p.Leu240Pro
EMB,4240854,3) Uncertain significance,embC_p.Leu331Pro
EMB,4239978,3) Uncertain significance,embC_p.Leu39Pro
EMB,4241129,3) Uncertain significance,embC_p.Leu423Met
EMB,4241210,3) Uncertain significance,embC_p.Leu450Met
EMB,4241366,3) Uncertain significance,embC_p.Leu502Phe
EMB,4242669,3) Uncertain significance,embC_p.Ile936Thr
EMB,4242943,3) Uncertain significance,embC_p.His1027Gln
EMB,4242825,3) Uncertain significance,embC_p.Gly988Glu
EMB,4242789,3) Uncertain significance,embC_p.Gly976Asp
EMB,4241603,3) Uncertain significance,embC_p.Phe581Val
EMB,4241822,3) Uncertain significance,embC_p.Phe654Leu
EMB,4242534,3) Uncertain significance,embC_p.Phe891Tyr
EMB,4242833,3) Uncertain significance,embC_p.Phe991Leu
EMB,4242867,3) Uncertain significance,embC_p.Gly1002Asp
EMB,4240164,3) Uncertain significance,embC_p.Gly101Ala
EMB,4242951,3) Uncertain significance,embC_p.Gly1030Ala
EMB,4240479,3) Uncertain significance,embC_p.Gly206Glu
EMB,4239929,3) Uncertain significance,embC_p.Gly23Arg
EMB,4240586,3) Uncertain significance,embC_p.Gly242Ser
EMB,4240628,3) Uncertain significance,embC_p.Gly256Ser
EMB,4240673,3) Uncertain significance,embC_p.Gly271Ser
EMB,4240676,3) Uncertain significance,embC_p.Gly272Ser
EMB,4241010,3) Uncertain significance,embC_p.Gly383Asp
EMB,4241156,3) Uncertain significance,embC_p.Gly432Ser
EMB,4241264,3) Uncertain significance,embC_p.Gly468Ser
EMB,4241538,3) Uncertain significance,embC_p.Gly559Asp
EMB,4241664,3) Uncertain significance,embC_p.Gly601Glu
EMB,4241690,3) Uncertain significance,embC_p.Gly610Ser
EMB,4242153,3) Uncertain significance,embC_p.Gly764Asp
EMB,4242153,3) Uncertain significance,embC_p.Gly764Val
EMB,4242273,3) Uncertain significance,embC_p.Gly804Glu
EMB,4242323,3) Uncertain significance,embC_p.Gly821Ser
EMB,4242336,3) Uncertain significance,embC_p.Gly825Val
EMB,4242353,3) Uncertain significance,embC_p.Gly831Arg
EMB,4242417,3) Uncertain significance,embC_p.Gly852Asp
EMB,4242588,3) Uncertain significance,embC_p.Gly909Glu
EMB,4240011,3) Uncertain significance,embC_p.Leu50Pro
EMB,4240010,3) Uncertain significance,embC_p.Leu50Val
EMB,4242004,3) Uncertain significance,embC_p.Leu714Phe
EMB,4242192,3) Uncertain significance,embC_p.Leu777Pro
EMB,4240014,3) Uncertain significance,embC_p.Pro51Leu
EMB,4241535,3) Uncertain significance,embC_p.Pro558Leu
EMB,4241553,3) Uncertain significance,embC_p.Pro564Leu
EMB,4240047,3) Uncertain significance,embC_p.Pro62Leu
EMB,4241939,3) Uncertain significance,embC_p.Pro693Ser
EMB,4242056,3) Uncertain significance,embC_p.Pro732Ala
EMB,4239881,3) Uncertain significance,embC_p.Pro7Ser
EMB,4242396,3) Uncertain significance,embC_p.Pro845Arg
EMB,4242633,3) Uncertain significance,embC_p.Pro924Leu
EMB,4242746,3) Uncertain significance,embC_p.Pro962Ser
EMB,4242848,3) Uncertain significance,embC_p.Pro996Ala
EMB,4242848,3) Uncertain significance,embC_p.Pro996Thr
EMB,4240321,3) Uncertain significance,embC_p.Gln153His
EMB,4240320,3) Uncertain significance,embC_p.Gln153Arg
EMB,4240024,3) Uncertain significance,embC_p.Gln54His
EMB,4240049,3) Uncertain significance,embC_p.Gln63Glu
EMB,4241975,3) Uncertain significance,embC_p.Gln705Glu
EMB,4242052,3) Uncertain significance,embC_p.Gln730His
EMB,4242726,3) Uncertain significance,embC_p.Gln955Pro
EMB,4243026,3) Uncertain significance,embC_p.Arg1055Lys
EMB,4243107,3) Uncertain significance,embC_p.Arg1082His
EMB,4240236,3) Uncertain significance,embC_p.Arg125Gln
EMB,4240266,3) Uncertain significance,embC_p.Arg135His
EMB,4240322,3) Uncertain significance,embC_p.Arg154Trp
EMB,4239921,3) Uncertain significance,embC_p.Arg20Pro
EMB,4240523,3) Uncertain significance,embC_p.Arg221Cys
EMB,4240944,3) Uncertain significance,embC_p.Arg361His
EMB,4241384,3) Uncertain significance,embC_p.Pro508Thr
EMB,4241603,3) Uncertain significance,embC_p.Phe581Leu
EMB,4241133,3) Uncertain significance,embC_p.Pro424Leu
EMB,4240653,3) Uncertain significance,embC_p.Pro264His
EMB,4242303,3) Uncertain significance,embC_p.Leu814Pro
EMB,4240555,3) Uncertain significance,embC_p.Met231Ile
EMB,4240564,3) Uncertain significance,embC_p.Met234Ile
EMB,4240562,3) Uncertain significance,embC_p.Met234Leu
EMB,4240791,3) Uncertain significance,embC_p.Met310Thr
EMB,4241512,3) Uncertain significance,embC_p.Met550Ile
EMB,4241597,3) Uncertain significance,embC_p.Met579Val
EMB,4241701,3) Uncertain significance,embC_p.Met613Ile
EMB,4241700,3) Uncertain significance,embC_p.Met613Thr
EMB,4242606,3) Uncertain significance,embC_p.Met915Thr
EMB,4240242,3) Uncertain significance,embC_p.Asn127Ser
EMB,4240021,3) Uncertain significance,embC_p.Asn53Lys
EMB,4240041,3) Uncertain significance,embC_p.Asn60Thr
EMB,4240054,3) Uncertain significance,embC_p.Asn64Lys
EMB,4241912,3) Uncertain significance,embC_p.Asn684Asp
EMB,4242146,3) Uncertain significance,embC_p.Asn762Asp
EMB,4242224,3) Uncertain significance,embC_p.Asn788Asp
EMB,4242225,3) Uncertain significance,embC_p.Asn788Thr
EMB,4242386,3) Uncertain significance,embC_p.Asn842Tyr
EMB,4242483,3) Uncertain significance,embC_p.Asn874Ser
EMB,4243077,3) Uncertain significance,embC_p.Pro1072Leu
EMB,4240203,3) Uncertain significance,embC_p.Pro114Leu
EMB,4240274,3) Uncertain significance,embC_p.Pro138Ser
EMB,4240310,3) Uncertain significance,embC_p.Pro150Thr
EMB,4240385,3) Uncertain significance,embC_p.Pro175Thr
EMB,4240490,3) Uncertain significance,embC_p.Pro210Ser
EMB,4240538,3) Uncertain significance,embC_p.Pro226Ser
EMB,4240820,3) Uncertain significance,embC_p.Pro320Ser
EMB,4240812,3) Uncertain significance,embC_p.Phe317Ser
EMB,4240647,3) Uncertain significance,embC_p.Phe262Cys
EMB,4240503,3) Uncertain significance,embC_p.Phe214Ser
EMB,4249400,3) Uncertain significance,embB_p.Val963Met
EMB,4247331,3) Uncertain significance,embB_p.Trp273Leu
EMB,4246596,3) Uncertain significance,embB_p.Trp28Ser
EMB,4247508,3) Uncertain significance,embB_p.Trp332Leu
EMB,4247457,3) Uncertain significance,embB_p.Tyr315Cys
EMB,4247468,3) Uncertain significance,embB_p.Tyr319Asn
EMB,4247664,3) Uncertain significance,embB_p.Tyr384Ser
EMB,4248701,3) Uncertain significance,embB_p.Tyr730His
EMB,4249055,3) Uncertain significance,embB_p.Tyr848His
EMB,4249100,3) Uncertain significance,embB_p.Tyr863His
EMB,4249442,3) Uncertain significance,embB_p.Tyr977His
EMB,4241875,3) Uncertain significance,embC_p.Leu675del
EMB,4242481,3) Uncertain significance,embC_p.Asn874_Gln876del
EMB,4243147,3) Uncertain significance,embC_c.-85delA
EMB,4239948,3) Uncertain significance,embC_p.Arg30_Val32del
EMB,4242998,3) Uncertain significance,embC_p.Ala1046Ser
EMB,4243038,3) Uncertain significance,embC_p.Ala1059Val
EMB,4243079,3) Uncertain significance,embC_p.Ala1073Thr
EMB,4240208,3) Uncertain significance,embC_p.Ala116Thr
EMB,4239893,3) Uncertain significance,embC_p.Ala11Thr
EMB,4240238,3) Uncertain significance,embC_p.Ala126Thr
EMB,4240286,3) Uncertain significance,embC_p.Ala142Thr
EMB,4240355,3) Uncertain significance,embC_p.Ala165Thr
EMB,4240557,3) Uncertain significance,embC_p.Ala232Val
EMB,4240589,3) Uncertain significance,embC_p.Ala243Thr
EMB,4239933,3) Uncertain significance,embC_p.Ala24Val
EMB,4249205,3) Uncertain significance,embB_p.Val898Met
EMB,4240697,3) Uncertain significance,embC_p.Ala279Thr
EMB,4249175,3) Uncertain significance,embB_p.Val888Met
EMB,4246761,3) Uncertain significance,embB_p.Val83Ala
EMB,4248708,3) Uncertain significance,embB_p.Thr732Ile
EMB,4248969,3) Uncertain significance,embB_p.Thr819Ile
EMB,4249002,3) Uncertain significance,embB_p.Thr830Met
EMB,4249082,3) Uncertain significance,embB_p.Thr857Ala
EMB,4249380,3) Uncertain significance,embB_p.Thr956Ile
EMB,4249454,3) Uncertain significance,embB_p.Thr981Ala
EMB,4249724,3) Uncertain significance,embB_p.Val1071Phe
EMB,4246859,3) Uncertain significance,embB_p.Val116Ile
EMB,4246866,3) Uncertain significance,embB_p.Val118Ala
EMB,4247076,3) Uncertain significance,embB_p.Val188Ala
EMB,4247202,3) Uncertain significance,embB_p.Val230Ala
EMB,4247204,3) Uncertain significance,embB_p.Val231Ile
EMB,4247642,3) Uncertain significance,embB_p.Val377Met
EMB,4246628,3) Uncertain significance,embB_p.Val39Leu
EMB,4247753,3) Uncertain significance,embB_p.Val414Ile
EMB,4246637,3) Uncertain significance,embB_p.Val42Leu
EMB,4247987,3) Uncertain significance,embB_p.Val492Leu
EMB,4247987,3) Uncertain significance,embB_p.Val492Met
EMB,4248017,3) Uncertain significance,embB_p.Val502Leu
EMB,4248318,3) Uncertain significance,embB_p.Val602Ala
EMB,4248317,3) Uncertain significance,embB_p.Val602Ile
EMB,4248347,3) Uncertain significance,embB_p.Val612Met
EMB,4248353,3) Uncertain significance,embB_p.Val614Leu
EMB,4248473,3) Uncertain significance,embB_p.Val654Met
EMB,4248693,3) Uncertain significance,embB_p.Val727Ala
EMB,4248921,3) Uncertain significance,embB_p.Val803Ala
EMB,4248920,3) Uncertain significance,embB_p.Val803Met
EMB,4249037,3) Uncertain significance,embB_p.Val842Ile
EMB,4248254,3) Uncertain significance,embB_p.Thr581Ala
EMB,4240698,3) Uncertain significance,embC_p.Ala279Val
EMB,4240793,3) Uncertain significance,embC_p.Ala311Ser
EMB,4242446,3) Uncertain significance,embC_p.Ala862Thr
EMB,4242522,3) Uncertain significance,embC_p.Ala887Glu
EMB,4242525,3) Uncertain significance,embC_p.Ala888Gly
EMB,4242563,3) Uncertain significance,embC_p.Ala901Ser
EMB,4242581,3) Uncertain significance,embC_p.Ala907Thr
EMB,4242584,3) Uncertain significance,embC_p.Ala908Thr
EMB,4242636,3) Uncertain significance,embC_p.Ala925Gly
EMB,4242720,3) Uncertain significance,embC_p.Ala953Gly
EMB,4242719,3) Uncertain significance,embC_p.Ala953Ser
EMB,4242795,3) Uncertain significance,embC_p.Ala978Val
EMB,4241095,3) Uncertain significance,embC_p.Cys411Trp
EMB,4242839,3) Uncertain significance,embC_p.Cys993Arg
EMB,4240347,3) Uncertain significance,embC_p.Asp162Gly
EMB,4240627,3) Uncertain significance,embC_p.Asp255Glu
EMB,4240847,3) Uncertain significance,embC_p.Asp329His
EMB,4240847,3) Uncertain significance,embC_p.Asp329Asn
EMB,4241331,3) Uncertain significance,embC_p.Asp490Gly
EMB,4241918,3) Uncertain significance,embC_p.Asp686His
EMB,4242122,3) Uncertain significance,embC_p.Asp754Asn
EMB,4242392,3) Uncertain significance,embC_p.Asp844His
EMB,4242392,3) Uncertain significance,embC_p.Asp844Asn
EMB,4242495,3) Uncertain significance,embC_p.Asp878Ala
EMB,4242536,3) Uncertain significance,embC_p.Asp892Asn
EMB,4242569,3) Uncertain significance,embC_p.Asp903His
EMB,4242705,3) Uncertain significance,embC_p.Asp948Ala
EMB,4242018,3) Uncertain significance,embC_p.Glu719Gly
EMB,4242909,3) Uncertain significance,embC_p.Phe1016Ser
EMB,4242428,3) Uncertain significance,embC_p.Ala856Thr
EMB,4240781,3) Uncertain significance,embC_p.Ala307Ser
EMB,4242344,3) Uncertain significance,embC_p.Ala828Thr
EMB,4242236,3) Uncertain significance,embC_p.Ala792Thr
EMB,4240865,3) Uncertain significance,embC_p.Ala335Pro
EMB,4239959,3) Uncertain significance,embC_p.Ala33Thr
EMB,4240880,3) Uncertain significance,embC_p.Ala340Thr
EMB,4240991,3) Uncertain significance,embC_p.Ala377Thr
EMB,4240994,3) Uncertain significance,embC_p.Ala378Thr
EMB,4241114,3) Uncertain significance,embC_p.Ala418Pro
EMB,4241139,3) Uncertain significance,embC_p.Ala426Glu
EMB,4241138,3) Uncertain significance,embC_p.Ala426Pro
EMB,4239999,3) Uncertain significance,embC_p.Ala46Val
EMB,4241301,3) Uncertain significance,embC_p.Ala480Val
EMB,4241435,3) Uncertain significance,embC_p.Ala525Thr
EMB,4241489,3) Uncertain significance,embC_p.Ala543Thr
EMB,4241495,3) Uncertain significance,embC_p.Ala545Thr
EMB,4241595,3) Uncertain significance,embC_p.Ala578Val
EMB,4240031,3) Uncertain significance,embC_p.Ala57Thr
EMB,4240032,3) Uncertain significance,embC_p.Ala57Val
EMB,4241651,3) Uncertain significance,embC_p.Ala597Pro
EMB,"4241673,4241674",3) Uncertain significance,embC_p.Ala604Gly
EMB,4241681,3) Uncertain significance,embC_p.Ala607Pro
EMB,4241693,3) Uncertain significance,embC_p.Ala611Thr
EMB,4241697,3) Uncertain significance,embC_p.Ala612Val
EMB,4241729,3) Uncertain significance,embC_p.Ala623Thr
EMB,4241753,3) Uncertain significance,embC_p.Ala631Ser
EMB,4241888,3) Uncertain significance,embC_p.Ala676Thr
EMB,4241964,3) Uncertain significance,embC_p.Ala701Gly
EMB,4241963,3) Uncertain significance,embC_p.Ala701Ser
EMB,4242038,3) Uncertain significance,embC_p.Ala726Ser
EMB,4240097,3) Uncertain significance,embC_p.Ala79Thr
EMB,4241250,3) Uncertain significance,embC_p.Arg463Leu
EMB,4248561,3) Uncertain significance,embB_p.Ala683Val
EMB,4248543,3) Uncertain significance,embB_p.Ala677Glu
EMB,4246021,3) Uncertain significance,embA_p.Ala930Val
EMB,4246039,3) Uncertain significance,embA_p.Ala936Val
EMB,4246095,3) Uncertain significance,embA_p.Ala955Thr
EMB,4243515,3) Uncertain significance,embA_p.Ala95Thr
EMB,4246152,3) Uncertain significance,embA_p.Ala974Thr
EMB,4246182,3) Uncertain significance,embA_p.Ala984Thr
EMB,4243315,3) Uncertain significance,embA_p.Cys28Tyr
EMB,4243199,3) Uncertain significance,embA_c.-34C>T
EMB,4243197,3) Uncertain significance,embA_c.-36C>T
EMB,4243230,3) Uncertain significance,embA_c.-3C>T
EMB,4243183,3) Uncertain significance,embA_c.-50C>T
EMB,4244812,3) Uncertain significance,embA_p.Cys527Ser
EMB,4245787,3) Uncertain significance,embA_p.Ala852Val
EMB,4244812,3) Uncertain significance,embA_p.Cys527Tyr
EMB,"4243459,4243460",3) Uncertain significance,embA_p.Cys76Phe
EMB,4246378,3) Uncertain significance,embA_p.Asp1049Ala
EMB,4246390,3) Uncertain significance,embA_p.Asp1053Ala
EMB,4246389,3) Uncertain significance,embA_p.Asp1053Asn
EMB,4246445,3) Uncertain significance,embA_p.Asp1071Glu
EMB,4243663,3) Uncertain significance,embA_p.Asp144Gly
EMB,4243662,3) Uncertain significance,embA_p.Asp144Asn
EMB,4243935,3) Uncertain significance,embA_p.Asp235Asn
EMB,4244049,3) Uncertain significance,embA_p.Asp273Asn
EMB,4244053,3) Uncertain significance,embA_p.Asp274Gly
EMB,4244146,3) Uncertain significance,embA_p.Asp305Gly
EMB,4244650,3) Uncertain significance,embA_p.Asp473Gly
EMB,4243160,3) Uncertain significance,embA_c.-73C>T
EMB,4245786,3) Uncertain significance,embA_p.Ala852Ser
EMB,4245777,3) Uncertain significance,embA_p.Ala849Pro
EMB,4245735,3) Uncertain significance,embA_p.Ala835Pro
EMB,4244458,3) Uncertain significance,embA_p.Ala409Glu
EMB,4244457,3) Uncertain significance,embA_p.Ala409Thr
EMB,4244476,3) Uncertain significance,embA_p.Ala415Val
EMB,4244487,3) Uncertain significance,embA_p.Ala419Thr
EMB,4244515,3) Uncertain significance,embA_p.Ala428Val
EMB,4244520,3) Uncertain significance,embA_p.Ala430Thr
EMB,4244539,3) Uncertain significance,embA_p.Ala436Gly
EMB,4244544,3) Uncertain significance,embA_p.Ala438Thr
EMB,4244545,3) Uncertain significance,embA_p.Ala438Val
EMB,4244550,3) Uncertain significance,embA_p.Ala440Thr
EMB,4244575,3) Uncertain significance,embA_p.Ala448Gly
EMB,4244613,3) Uncertain significance,embA_p.Ala461Thr
EMB,4244712,3) Uncertain significance,embA_p.Ala494Ser
EMB,4244790,3) Uncertain significance,embA_p.Ala520Thr
EMB,4244865,3) Uncertain significance,embA_p.Ala545Pro
EMB,4244943,3) Uncertain significance,embA_p.Ala571Thr
EMB,4244998,3) Uncertain significance,embA_p.Ala589Glu
EMB,4243411,3) Uncertain significance,embA_p.Ala60Asp
EMB,4245081,3) Uncertain significance,embA_p.Ala617Thr
EMB,4245213,3) Uncertain significance,embA_p.Ala661Pro
EMB,4243429,3) Uncertain significance,embA_p.Ala66Val
EMB,4245387,3) Uncertain significance,embA_p.Ala719Thr
EMB,4245432,3) Uncertain significance,embA_p.Ala734Thr
EMB,4245439,3) Uncertain significance,embA_p.Ala736Val
EMB,4245642,3) Uncertain significance,embA_p.Ala804Thr
EMB,4243470,3) Uncertain significance,embA_p.Ala80Thr
EMB,4245669,3) Uncertain significance,embA_p.Ala813Thr
EMB,4243242,3) Uncertain significance,embA_p.Asp4Asn
EMB,4243386,3) Uncertain significance,embA_p.Asp52His
EMB,4245237,3) Uncertain significance,embA_p.Asp669Tyr
EMB,4245264,3) Uncertain significance,embA_p.Asp678Asn
EMB,4243861,3) Uncertain significance,embA_p.Gly210Val
EMB,4243293,3) Uncertain significance,embA_p.Gly21Arg
EMB,4243971,3) Uncertain significance,embA_p.Gly247Arg
EMB,4244055,3) Uncertain significance,embA_p.Gly275Ser
EMB,4244125,3) Uncertain significance,embA_p.Gly298Asp
EMB,4243317,3) Uncertain significance,embA_p.Gly29Ser
EMB,4243318,3) Uncertain significance,embA_p.Gly29Val
EMB,4244281,3) Uncertain significance,embA_p.Gly350Ala
EMB,4244364,3) Uncertain significance,embA_p.Gly378Ser
EMB,4243182,3) Uncertain significance,embA_c.-51G>A
EMB,4243182,3) Uncertain significance,embA_c.-51G>T
EMB,4244821,3) Uncertain significance,embA_p.Gly530Glu
EMB,4244872,3) Uncertain significance,embA_p.Gly547Asp
EMB,4244871,3) Uncertain significance,embA_p.Gly547Arg
EMB,4244892,3) Uncertain significance,embA_p.Gly554Ser
EMB,4245474,3) Uncertain significance,embA_p.Gly748Ser
EMB,4243158,3) Uncertain significance,embA_c.-75G>A
EMB,4245526,3) Uncertain significance,embA_p.Gly765Asp
EMB,4245544,3) Uncertain significance,embA_p.Gly771Asp
EMB,4243226,3) Uncertain significance,embA_c.-7G>A
EMB,4245681,3) Uncertain significance,embA_p.Gly817Ser
EMB,4245699,3) Uncertain significance,embA_p.Gly823Arg
EMB,4243150,3) Uncertain significance,embA_c.-83G>A
EMB,4245762,3) Uncertain significance,embA_p.Gly844Arg
EMB,4246146,3) Uncertain significance,embA_p.Gly972Trp
EMB,4246225,3) Uncertain significance,embA_p.Gly998Asp
EMB,4246263,3) Uncertain significance,embA_p.His1011Tyr
EMB,4243860,3) Uncertain significance,embA_p.Gly210Ser
EMB,4244343,3) Uncertain significance,embA_p.Ala371Thr
EMB,4243213,3) Uncertain significance,embA_c.-20G>A
EMB,4243701,3) Uncertain significance,embA_p.Gly157Arg
EMB,4245443,3) Uncertain significance,embA_p.Asp737Glu
EMB,4245514,3) Uncertain significance,embA_p.Asp761Gly
EMB,4245582,3) Uncertain significance,embA_p.Asp784Asn
EMB,4245827,3) Uncertain significance,embA_p.Asp865Glu
EMB,4245826,3) Uncertain significance,embA_p.Asp865Val
EMB,4245881,3) Uncertain significance,embA_p.Asp883Glu
EMB,4246456,3) Uncertain significance,embA_p.Glu1075Val
EMB,4244421,3) Uncertain significance,embA_p.Glu397Lys
EMB,4244756,3) Uncertain significance,embA_p.Glu508Asp
EMB,4244754,3) Uncertain significance,embA_p.Glu508Lys
EMB,4244767,3) Uncertain significance,embA_p.Glu512Ala
EMB,4245255,3) Uncertain significance,embA_p.Glu675Lys
EMB,4245567,3) Uncertain significance,embA_p.Glu779Gln
EMB,4245876,3) Uncertain significance,embA_p.Glu882Lys
EMB,4244256,3) Uncertain significance,embA_p.Phe342Val
EMB,4244316,3) Uncertain significance,embA_p.Phe362Val
EMB,4244819,3) Uncertain significance,embA_p.Phe529Leu
EMB,4244925,3) Uncertain significance,embA_p.Phe565Leu
EMB,4245182,3) Uncertain significance,embA_p.Phe650Leu
EMB,4246011,3) Uncertain significance,embA_p.Phe927Leu
EMB,4246374,3) Uncertain significance,embA_p.Gly1048Trp
EMB,4246461,3) Uncertain significance,embA_p.Gly1077Ser
EMB,4246480,3) Uncertain significance,embA_p.Gly1083Asp
EMB,4246485,3) Uncertain significance,embA_p.Gly1085Ser
EMB,4246486,3) Uncertain significance,embA_p.Gly1085Val
EMB,4246494,3) Uncertain significance,embA_p.Gly1088*
EMB,4243692,3) Uncertain significance,embA_p.Gly154Arg
EMB,4243830,3) Uncertain significance,embA_p.Gly200Ser
EMB,4244322,3) Uncertain significance,embA_p.Ala364Thr
EMB,4244310,3) Uncertain significance,embA_p.Ala360Ser
EMB,4244296,3) Uncertain significance,embA_p.Ala355Val
EMB,4244263,3) Uncertain significance,embA_p.Leu344Pro
EMB,4243416,3) Uncertain significance,embA_p.Leu62Met
EMB,4245396,3) Uncertain significance,embA_p.Asn722Asp
EMB,4244596,3) Uncertain significance,embA_p.Pro455Gln
EMB,4244596,3) Uncertain significance,embA_p.Pro455Arg
EMB,4243919,3) Uncertain significance,embA_p.Arg229Ser
EMB,4244371,3) Uncertain significance,embA_p.Arg380Leu
EMB,4244410,3) Uncertain significance,embA_p.Trp393Ser
EMB,4247882,3) Uncertain significance,embB_p.Ala457Thr
EMB,"4247495,4247496",3) Uncertain significance,embB_p.Asp328Ile
EMB,4247108,3) Uncertain significance,embB_p.Gly199Arg
EMB,4249449,3) Uncertain significance,embB_p.Gly979Ala
EMB,4247465,3) Uncertain significance,embB_p.Asn318Asp
EMB,4247709,3) Uncertain significance,embB_p.Asn399Thr
EMB,4247843,3) Uncertain significance,embB_p.Val444Met
EMB,4247990,3) Uncertain significance,embB_p.Val493Met
EMB,4248290,3) Uncertain significance,embB_p.Val593Met
EMB,4240601,3) Uncertain significance,embC_p.Ala247Ser
EMB,4240137,3) Uncertain significance,embC_p.Ala92Gly
EMB,4240926,3) Uncertain significance,embC_p.Cys355Phe
EMB,4241714,3) Uncertain significance,embC_p.Asn618His
EMB,4241267,3) Uncertain significance,embC_p.Val469Met
EMB,4243206,3) Uncertain significance,embA_c.-26delA
EMB,4243539,3) Uncertain significance,embA_p.Ala103Ser
EMB,4243854,3) Uncertain significance,embA_p.Leu208Phe
EMB,4243189,3) Uncertain significance,embA_c.-43delGinsCC
EMB,4245321,3) Uncertain significance,embA_p.Met697Val
EMB,4243204,3) Uncertain significance,embA_c.-28delT
EMB,4242783,3) Uncertain significance,embC_p.Val974Ala
EMB,4248444,3) Uncertain significance,embB_p.Asn644Ile
EMB,4247942,3) Uncertain significance,embB_p.Pro477Thr
EMB,4249072,3) Uncertain significance,embB_p.Gln853His
EMB,4248465,3) Uncertain significance,embB_p.Ser651Asn
EMB,4249763,3) Uncertain significance,embB_p.Thr1084Pro
EMB,4246965,3) Uncertain significance,embB_p.Thr151Ile
EMB,4246971,3) Uncertain significance,embB_p.Thr153Asn
EMB,4248150,3) Uncertain significance,embB_p.Thr546Ile
EMB,4248440,3) Uncertain significance,embB_p.Thr643Ala
EMB,4247509,3) Uncertain significance,embB_p.Trp332Cys
EMB,4240688,3) Uncertain significance,embC_p.Val277del
EMB,4240145,3) Uncertain significance,embC_p.Ala95Thr
EMB,4241094,3) Uncertain significance,embC_p.Cys411Tyr
EMB,4243067,3) Uncertain significance,embC_p.Asp1069Asn
EMB,4240394,3) Uncertain significance,embC_p.Glu178Lys
EMB,4241016,3) Uncertain significance,embC_p.Phe385Ser
EMB,4240307,3) Uncertain significance,embC_p.Gly149Ser
EMB,4240418,3) Uncertain significance,embC_p.Gly186Cys
EMB,4242110,3) Uncertain significance,embC_p.Gly750Arg
EMB,4242201,3) Uncertain significance,embC_p.Gly780Asp
EMB,4242624,3) Uncertain significance,embC_p.Gly921Asp
EMB,4242810,3) Uncertain significance,embC_p.Leu983Arg
EMB,4240040,3) Uncertain significance,embC_p.Asn60His
EMB,4242837,3) Uncertain significance,embC_p.Pro992Leu
EMB,4241336,3) Uncertain significance,embC_p.Thr492Ala
EMB,4242341,3) Uncertain significance,embC_p.Thr827Pro
EMB,4241741,3) Uncertain significance,embC_p.Val627Ile
EMB,4243231,3) Uncertain significance,embA_c.-1delC
EMB,4243650,3) Uncertain significance,embA_p.His140Asp
EMB,4245553,3) Uncertain significance,embA_p.Pro774His
EMB,4248159,3) Uncertain significance,embB_p.Cys549Phe
EMB,4245015,3) Uncertain significance,embA_p.Arg600_Arg601insLeuGlyLeuHisSerArg
EMB,4245277,3) Uncertain significance,embA_p.Arg683_Ala686del
EMB,4243211,3) Uncertain significance,embA_c.-23_-22delCG
EMB,4245776,3) Uncertain significance,embA_p.Ala850del
EMB,4245955,3) Uncertain significance,embA_p.Gly909dup
EMB,4243198,3) Uncertain significance,embA_c.-32delG
EMB,4243193,3) Uncertain significance,embA_c.-39_-31delCCTCACCGC
EMB,4243191,3) Uncertain significance,embA_c.-41delA
EMB,4243189,3) Uncertain significance,embA_c.-42delC
EMB,4243863,3) Uncertain significance,embA_p.Leu212del
EMB,4246230,3) Uncertain significance,embA_p.Ala1000Thr
EMB,4246438,3) Uncertain significance,embA_p.Ala1069Val
EMB,4243675,3) Uncertain significance,embA_p.Ala148Glu
EMB,4243680,3) Uncertain significance,embA_p.Ala150Thr
EMB,4243707,3) Uncertain significance,embA_p.Ala159Ser
EMB,4243900,3) Uncertain significance,embA_p.Ala223Val
EMB,4243300,3) Uncertain significance,embA_p.Ala23Gly
EMB,4243996,3) Uncertain significance,embA_p.Ala255Val
EMB,4244007,3) Uncertain significance,embA_p.Ala259Thr
EMB,4244082,3) Uncertain significance,embA_p.Ala284Ser
EMB,4244103,3) Uncertain significance,embA_p.Ala291Thr
EMB,4244176,3) Uncertain significance,embA_p.Ala315Val
EMB,4244179,3) Uncertain significance,embA_p.Ala316Gly
EMB,4244178,3) Uncertain significance,embA_p.Ala316Pro
EMB,4244223,3) Uncertain significance,embA_p.Ala331Pro
EMB,4244223,3) Uncertain significance,embA_p.Ala331Ser
EMB,4244295,3) Uncertain significance,embA_p.Ala355Ser
EMB,4244786,3) Uncertain significance,embA_p.Phe519fs
EMB,4245805,3) Uncertain significance,embA_p.Gln858Arg
EMB,4247121,3) Uncertain significance,embB_p.Ser203Leu
EMB,4245934,3) Uncertain significance,embA_p.Pro901Leu
EMB,4246683,3) Uncertain significance,embB_p.Asp57Gly
EMB,4247701,3) Uncertain significance,embB_p.Met396Ile
EMB,4247782,3) Uncertain significance,embB_p.Met423Ile
EMB,4247103,3) Uncertain significance,embB_p.Pro197Arg
EMB,4248441,3) Uncertain significance,embB_p.Thr643Ile
EMB,4246742,3) Uncertain significance,embB_p.Val77Ile
EMB,4240141,3) Uncertain significance,embC_p.Leu94del
EMB,4241164,3) Uncertain significance,embC_p.Leu434Phe
EMB,4240388,3) Uncertain significance,embC_p.Asn176Asp
EMB,4242992,3) Uncertain significance,embC_p.Thr1044Pro
EMB,4248027,3) Uncertain significance,embB_p.Ala505Val
EMB,4248427,3) Uncertain significance,embB_p.Leu638Phe
EMB,4239902,3) Uncertain significance,embC_p.Leu14Ile
EMB,4243567,3) Uncertain significance,embA_p.Asp112Gly
EMB,4248551,3) Uncertain significance,embB_p.Ala680Thr
EMB,4239918,3) Uncertain significance,embC_p.Val19Ala
EMB,4245209,3) Uncertain significance,embA_p.Leu659Phe
EMB,4240701,3) Uncertain significance,embC_p.Val280Ala
EMB,4248320,3) Uncertain significance,embB_p.Gly603Arg
EMB,4240388,3) Uncertain significance,embC_p.Asn176His
EMB,4246811,3) Uncertain significance,embB_p.Gly100Ser
EMB,4243697,3) Uncertain significance,embA_p.Ile155Met
EMB,4248365,3) Uncertain significance,embB_p.Val618Met
EMB,4241830,3) Uncertain significance,embC_p.Lys656Asn
EMB,4243760,3) Uncertain significance,embA_p.Asp176Glu
EMB,4248542,3) Uncertain significance,embB_p.Ala677Thr
EMB,4245705,3) Uncertain significance,embA_p.His825Tyr
EMB,4246251,3) Uncertain significance,embA_p.Ile1007Val
EMB,4245043,3) Uncertain significance,embA_p.Thr604Met
EMB,4245187,3) Uncertain significance,embA_p.Thr652Met
EMB,4245253,3) Uncertain significance,embA_p.Thr674Asn
EMB,4245295,3) Uncertain significance,embA_p.Thr688Met
EMB,4245928,3) Uncertain significance,embA_p.Thr899Ser
EMB,4246179,3) Uncertain significance,embA_p.Thr983Ala
EMB,4246180,3) Uncertain significance,embA_p.Thr983Asn
EMB,4246450,3) Uncertain significance,embA_p.Val1073Ala
EMB,4246453,3) Uncertain significance,embA_p.Val1074Ala
EMB,4243606,3) Uncertain significance,embA_p.Val125Glu
EMB,4243740,3) Uncertain significance,embA_p.Val170Phe
EMB,4243969,3) Uncertain significance,embA_p.Val246Gly
EMB,4245003,3) Uncertain significance,embA_p.Thr591Ala
EMB,4244070,3) Uncertain significance,embA_p.Val280Ile
EMB,4244248,3) Uncertain significance,embA_p.Val339Ala
EMB,4244413,3) Uncertain significance,embA_p.Val394Ala
EMB,4244472,3) Uncertain significance,embA_p.Val414Met
EMB,4244605,3) Uncertain significance,embA_p.Val458Ala
EMB,4244667,3) Uncertain significance,embA_p.Val479Met
EMB,4244697,3) Uncertain significance,embA_p.Val489Ile
EMB,4244832,3) Uncertain significance,embA_p.Val534Met
EMB,4244979,3) Uncertain significance,embA_p.Val583Met
EMB,4245069,3) Uncertain significance,embA_p.Val613Met
EMB,4245168,3) Uncertain significance,embA_p.Val646Leu
EMB,4245259,3) Uncertain significance,embA_p.Val676Ala
EMB,4245258,3) Uncertain significance,embA_p.Val676Ile
EMB,4243323,3) Uncertain significance,embA_p.Val31Phe
EMB,4244995,3) Uncertain significance,embA_p.Thr588Ile
EMB,4243398,3) Uncertain significance,embA_p.Thr56Pro
EMB,4244664,3) Uncertain significance,embA_p.Thr478Ala
EMB,4246305,3) Uncertain significance,embA_p.Ser1025Ala
EMB,4246306,3) Uncertain significance,embA_p.Ser1025Leu
EMB,4246351,3) Uncertain significance,embA_p.Ser1040Leu
EMB,4243642,3) Uncertain significance,embA_p.Ser137Asn
EMB,4243980,3) Uncertain significance,embA_p.Ser250Gly
EMB,4244185,3) Uncertain significance,embA_p.Ser318Thr
EMB,4244251,3) Uncertain significance,embA_p.Ser340Asn
EMB,4244772,3) Uncertain significance,embA_p.Ser514Pro
EMB,4244779,3) Uncertain significance,embA_p.Ser516Cys
EMB,4244778,3) Uncertain significance,embA_p.Ser516Pro
EMB,4245193,3) Uncertain significance,embA_p.Ser654Leu
EMB,4245535,3) Uncertain significance,embA_p.Ser768Ile
EMB,4245658,3) Uncertain significance,embA_p.Ser809Phe
EMB,4246213,3) Uncertain significance,embA_p.Ser994Phe
EMB,4246330,3) Uncertain significance,embA_p.Thr1033Ile
EMB,4243570,3) Uncertain significance,embA_p.Thr113Met
EMB,4243714,3) Uncertain significance,embA_p.Thr161Ile
EMB,4243945,3) Uncertain significance,embA_p.Thr238Ile
EMB,4243945,3) Uncertain significance,embA_p.Thr238Ser
EMB,4243205,3) Uncertain significance,embA_c.-28T>G
EMB,4244130,3) Uncertain significance,embA_p.Thr300Ala
EMB,4244155,3) Uncertain significance,embA_p.Thr308Lys
EMB,4244320,3) Uncertain significance,embA_p.Thr363Ile
EMB,4243350,3) Uncertain significance,embA_p.Thr40Ala
EMB,4243351,3) Uncertain significance,embA_p.Thr40Ile
EMB,4244491,3) Uncertain significance,embA_p.Thr420Met
EMB,4244532,3) Uncertain significance,embA_p.Thr434Ala
EMB,4245316,3) Uncertain significance,embA_p.Val695Ala
EMB,4245325,3) Uncertain significance,embA_p.Val698Ala
EMB,4245447,3) Uncertain significance,embA_p.Val739Met
EMB,4245588,3) Uncertain significance,embA_p.Val786Leu
EMB,4247187,3) Uncertain significance,embB_p.Ala225Glu
EMB,4247217,3) Uncertain significance,embB_p.Ala235Val
EMB,4247289,3) Uncertain significance,embB_p.Ala259Val
EMB,4247355,3) Uncertain significance,embB_p.Ala281Val
EMB,4247397,3) Uncertain significance,embB_p.Ala295Val
EMB,4247450,3) Uncertain significance,embB_p.Ala313Thr
EMB,4247580,3) Uncertain significance,embB_p.Ala356Val
EMB,4247582,3) Uncertain significance,embB_p.Ala357Thr
EMB,4247639,3) Uncertain significance,embB_p.Ala376Thr
EMB,4247649,3) Uncertain significance,embB_p.Ala379Val
EMB,4247661,3) Uncertain significance,embB_p.Ala383Val
EMB,4247676,3) Uncertain significance,embB_p.Ala388Val
EMB,4247804,3) Uncertain significance,embB_p.Ala431Pro
EMB,4247829,3) Uncertain significance,embB_p.Ala439Gly
EMB,4246640,3) Uncertain significance,embB_p.Ala43Pro
EMB,4247864,3) Uncertain significance,embB_p.Ala451Thr
EMB,4247873,3) Uncertain significance,embB_p.Ala454Pro
EMB,4247874,3) Uncertain significance,embB_p.Ala454Val
EMB,4247963,3) Uncertain significance,embB_p.Ala484Thr
EMB,4247996,3) Uncertain significance,embB_p.Ala495Thr
EMB,4248062,3) Uncertain significance,embB_p.Ala517Thr
EMB,4248213,3) Uncertain significance,embB_p.Ala567Asp
EMB,4248212,3) Uncertain significance,embB_p.Ala567Thr
EMB,4248224,3) Uncertain significance,embB_p.Ala571Thr
EMB,4248314,3) Uncertain significance,embB_p.Ala601Pro
EMB,4248393,3) Uncertain significance,embB_p.Ala627Val
EMB,4248401,3) Uncertain significance,embB_p.Ala630Thr
EMB,4247174,3) Uncertain significance,embB_p.Ala221Thr
EMB,4246303,3) Uncertain significance,embA_p.Ser1024Asn
EMB,4247174,3) Uncertain significance,embB_p.Ala221Ser
EMB,4247114,3) Uncertain significance,embB_p.Ala201Thr
EMB,4245687,3) Uncertain significance,embA_p.Val819Ile
EMB,4245924,3) Uncertain significance,embA_p.Val898Phe
EMB,4245924,3) Uncertain significance,embA_p.Val898Ile
EMB,4243497,3) Uncertain significance,embA_p.Val89Met
EMB,4245964,3) Uncertain significance,embA_p.Val911Ala
EMB,4245964,3) Uncertain significance,embA_p.Val911Gly
EMB,4246380,3) Uncertain significance,embA_p.Trp1050Gly
EMB,4244148,3) Uncertain significance,embA_p.Trp306Gly
EMB,4243365,3) Uncertain significance,embA_p.Trp45Gly
EMB,4244717,3) Uncertain significance,embA_p.Trp495Cys
EMB,4244881,3) Uncertain significance,embA_p.Trp550Ser
EMB,4245133,3) Uncertain significance,embA_p.Trp634Ser
EMB,4244059,3) Uncertain significance,embA_p.Tyr276Cys
EMB,4244098,3) Uncertain significance,embA_p.Tyr289Cys
EMB,4245135,3) Uncertain significance,embA_p.Tyr635His
EMB,4247572,3) Uncertain significance,embB_p.Asp354dup
EMB,4248349,3) Uncertain significance,embB_p.Leu613_Val614dup
EMB,4249533,3) Uncertain significance,embB_p.Ala1007Val
EMB,4246817,3) Uncertain significance,embB_p.Ala102Thr
EMB,4246818,3) Uncertain significance,embB_p.Ala102Val
EMB,4249686,3) Uncertain significance,embB_p.Ala1058Val
EMB,4249761,3) Uncertain significance,embB_p.Ala1083Val
EMB,4246838,3) Uncertain significance,embB_p.Ala109Thr
EMB,4246850,3) Uncertain significance,embB_p.Ala113Thr
EMB,4246977,3) Uncertain significance,embB_p.Ala155Val
EMB,4246988,3) Uncertain significance,embB_p.Ala159Thr
EMB,4246556,3) Uncertain significance,embB_p.Ala15Pro
EMB,4247123,3) Uncertain significance,embB_p.Ala204Thr
EMB,4246302,3) Uncertain significance,embA_p.Ser1024Cys
EMB,4246137,3) Uncertain significance,embA_p.Arg969Trp
EMB,4246050,3) Uncertain significance,embA_p.Arg940Ser
EMB,4245198,3) Uncertain significance,embA_p.Leu656Val
EMB,4245399,3) Uncertain significance,embA_p.Leu723Val
EMB,4245574,3) Uncertain significance,embA_p.Leu781His
EMB,4245728,3) Uncertain significance,embA_p.Leu832Phe
EMB,4245906,3) Uncertain significance,embA_p.Leu892Val
EMB,4245912,3) Uncertain significance,embA_p.Leu894Val
EMB,4246005,3) Uncertain significance,embA_p.Leu925Val
EMB,4246165,3) Uncertain significance,embA_p.Leu978Trp
EMB,4243689,3) Uncertain significance,embA_p.Met153Val
EMB,4243853,3) Uncertain significance,embA_p.Met207Ile
EMB,4243884,3) Uncertain significance,embA_p.Met218Leu
EMB,4244202,3) Uncertain significance,embA_p.Met324Val
EMB,4245236,3) Uncertain significance,embA_p.Met668Ile
EMB,4245750,3) Uncertain significance,embA_p.Met840Val
EMB,"4244361,4244362",3) Uncertain significance,embA_p.Asn377Gly
EMB,4243342,3) Uncertain significance,embA_p.Asn37Ser
EMB,4244761,3) Uncertain significance,embA_p.Asn510Thr
EMB,4243393,3) Uncertain significance,embA_p.Asn54Ser
EMB,4245268,3) Uncertain significance,embA_p.Asn679Ser
EMB,4245641,3) Uncertain significance,embA_p.Asn803Lys
EMB,4245772,3) Uncertain significance,embA_p.Asn847Ser
EMB,4243485,3) Uncertain significance,embA_p.Asn85Tyr
EMB,4246477,3) Uncertain significance,embA_p.Pro1082Leu
EMB,4246491,3) Uncertain significance,embA_p.Pro1087Ser
EMB,4243699,3) Uncertain significance,embA_p.Pro156Leu
EMB,4243722,3) Uncertain significance,embA_p.Pro164Ala
EMB,4243723,3) Uncertain significance,embA_p.Pro164Leu
EMB,4245072,3) Uncertain significance,embA_p.Leu614Met
EMB,4243722,3) Uncertain significance,embA_p.Pro164Ser
EMB,4245039,3) Uncertain significance,embA_p.Leu603Phe
EMB,4244916,3) Uncertain significance,embA_p.Leu562Met
EMB,4243803,3) Uncertain significance,embA_p.Ile191Val
EMB,4243818,3) Uncertain significance,embA_p.Ile196Val
EMB,4243320,3) Uncertain significance,embA_p.Ile30Val
EMB,4244469,3) Uncertain significance,embA_p.Ile413Val
EMB,4245093,3) Uncertain significance,embA_p.Ile621Val
EMB,4245197,3) Uncertain significance,embA_p.Ile655Met
EMB,4245196,3) Uncertain significance,embA_p.Ile655Thr
EMB,4245694,3) Uncertain significance,embA_p.Ile821Thr
EMB,4245861,3) Uncertain significance,embA_p.Ile877Val
EMB,4245892,3) Uncertain significance,embA_p.Ile887Thr
EMB,4245978,3) Uncertain significance,embA_p.Ile916Val
EMB,4246267,3) Uncertain significance,embA_p.Lys1012Met
EMB,4245261,3) Uncertain significance,embA_p.Lys677Glu
EMB,4245577,3) Uncertain significance,embA_p.Lys782Arg
EMB,4245597,3) Uncertain significance,embA_p.Lys789Gln
EMB,4243866,3) Uncertain significance,embA_p.Leu212Val
EMB,4243875,3) Uncertain significance,embA_p.Leu215Met
EMB,4243893,3) Uncertain significance,embA_p.Leu221Met
EMB,4243911,3) Uncertain significance,embA_p.Leu227Phe
EMB,4244019,3) Uncertain significance,embA_p.Leu263Phe
EMB,4244020,3) Uncertain significance,embA_p.Leu263Pro
EMB,4244065,3) Uncertain significance,embA_p.Leu278Arg
EMB,4244263,3) Uncertain significance,embA_p.Leu344Arg
EMB,4244272,3) Uncertain significance,embA_p.Leu347Arg
EMB,4243333,3) Uncertain significance,embA_p.Leu34Arg
EMB,4244806,3) Uncertain significance,embA_p.Leu525Pro
EMB,4244887,3) Uncertain significance,embA_p.Leu552Pro
EMB,4244919,3) Uncertain significance,embA_p.Leu563Val
EMB,4246251,3) Uncertain significance,embA_p.Ile1007Leu
EMB,4243957,3) Uncertain significance,embA_p.Pro242Arg
EMB,4244212,3) Uncertain significance,embA_p.Pro327Leu
EMB,4246417,3) Uncertain significance,embA_p.Arg1062Leu
EMB,4243263,3) Uncertain significance,embA_p.Arg11Trp
EMB,4243795,3) Uncertain significance,embA_p.Arg188His
EMB,4243918,3) Uncertain significance,embA_p.Arg229Lys
EMB,4243918,3) Uncertain significance,embA_p.Arg229Thr
EMB,4243933,3) Uncertain significance,embA_p.Arg234Pro
EMB,4243954,3) Uncertain significance,embA_p.Arg241His
EMB,4243965,3) Uncertain significance,embA_p.Arg245Trp
EMB,4243984,3) Uncertain significance,embA_p.Arg251Gln
EMB,4244205,3) Uncertain significance,embA_p.Arg325Cys
EMB,4244269,3) Uncertain significance,embA_p.Arg346Pro
EMB,4244269,3) Uncertain significance,embA_p.Arg346Gln
EMB,4244268,3) Uncertain significance,embA_p.Arg346Trp
EMB,4244305,3) Uncertain significance,embA_p.Arg358Gln
EMB,4244443,3) Uncertain significance,embA_p.Arg404Gln
EMB,4244557,3) Uncertain significance,embA_p.Arg442Lys
EMB,4244562,3) Uncertain significance,embA_p.Arg444Trp
EMB,4244566,3) Uncertain significance,embA_p.Arg445Pro
EMB,4244571,3) Uncertain significance,embA_p.Arg447Gly
EMB,4244647,3) Uncertain significance,embA_p.Arg472Leu
EMB,4244845,3) Uncertain significance,embA_p.Arg538His
EMB,4245270,3) Uncertain significance,embA_p.Arg680Trp
EMB,4245280,3) Uncertain significance,embA_p.Arg683Leu
EMB,4243435,3) Uncertain significance,embA_p.Arg68His
EMB,4245738,3) Uncertain significance,embA_p.Arg836Cys
EMB,4245829,3) Uncertain significance,embA_p.Arg866Leu
EMB,4245943,3) Uncertain significance,embA_p.Arg904His
EMB,4246202,3) Uncertain significance,embA_p.Gln990His
EMB,4244212,3) Uncertain significance,embA_p.Pro327His
EMB,4245484,3) Uncertain significance,embA_p.Gln751Pro
EMB,4243737,3) Uncertain significance,embA_p.Gln169Glu
EMB,4243327,3) Uncertain significance,embA_p.Pro32Leu
EMB,4243336,3) Uncertain significance,embA_p.Pro35Gln
EMB,4244596,3) Uncertain significance,embA_p.Pro455Leu
EMB,4244704,3) Uncertain significance,embA_p.Pro491Leu
EMB,4244875,3) Uncertain significance,embA_p.Pro548Leu
EMB,4245129,3) Uncertain significance,embA_p.Pro633Ser
EMB,4245166,3) Uncertain significance,embA_p.Pro645Leu
EMB,4245298,3) Uncertain significance,embA_p.Pro689Leu
EMB,4245487,3) Uncertain significance,embA_p.Pro752Leu
EMB,4245492,3) Uncertain significance,embA_p.Pro754Ala
EMB,4243456,3) Uncertain significance,embA_p.Pro75Leu
EMB,4245520,3) Uncertain significance,embA_p.Pro763Leu
EMB,4245552,3) Uncertain significance,embA_p.Pro774Ser
EMB,4245744,3) Uncertain significance,embA_p.Pro838Ala
EMB,4245744,3) Uncertain significance,embA_p.Pro838Ser
EMB,4245811,3) Uncertain significance,embA_p.Pro860Leu
EMB,4245813,3) Uncertain significance,embA_p.Pro861Ser
EMB,4245823,3) Uncertain significance,embA_p.Pro864Gln
EMB,4245831,3) Uncertain significance,embA_p.Pro867Ser
EMB,"4245969,4245970",3) Uncertain significance,embA_p.Pro913Leu
EMB,4246033,3) Uncertain significance,embA_p.Pro934Arg
EMB,4246032,3) Uncertain significance,embA_p.Pro934Ser
EMB,4246105,3) Uncertain significance,embA_p.Pro958Leu
EMB,4246159,3) Uncertain significance,embA_p.Pro976Leu
EMB,4246195,3) Uncertain significance,embA_p.Pro988Leu
EMB,4246243,3) Uncertain significance,embA_p.Gln1004Arg
EMB,4243564,3) Uncertain significance,embA_p.Gln111Arg
EMB,4243401,3) Uncertain significance,embA_p.Gln57Glu
EMB,4241259,3) Uncertain significance,embC_p.Arg466Gln
EMB,4241327,3) Uncertain significance,embC_p.Arg489Cys
EMB,4241520,3) Uncertain significance,embC_p.Arg553His
EMB,4242993,3) Uncertain significance,embC_p.Thr1044Met
EMB,4240817,3) Uncertain significance,embC_p.Thr319Ala
EMB,4242683,3) Uncertain significance,embC_p.Thr941Ala
EMB,4239917,3) Uncertain significance,embC_p.Val19Met
EMB,4241738,3) Uncertain significance,embC_p.Val626Met
EMB,4242785,3) Uncertain significance,embC_p.Val975Met
EMB,1417346,3) Uncertain significance,embR_p.Met1fs
EMB,1416966,3) Uncertain significance,embR_p.Ala128Pro
EMB,1416707,3) Uncertain significance,embR_p.Ala214Val
EMB,1416432,3) Uncertain significance,embR_p.Ala306Thr
EMB,1417065,3) Uncertain significance,embR_p.Ala95Thr
EMB,1416954,3) Uncertain significance,embR_p.Glu132*
EMB,4239888,3) Uncertain significance,embC_p.Arg9His
EMB,1416417,3) Uncertain significance,embR_p.Gly311Arg
EMB,1416939,3) Uncertain significance,embR_p.His137Tyr
EMB,1416548,3) Uncertain significance,embR_p.Lys267Arg
EMB,1416322,3) Uncertain significance,embR_p.Asn342Lys
EMB,1416662,3) Uncertain significance,embR_p.Arg229His
EMB,1417211,3) Uncertain significance,embR_p.Arg46His
EMB,1416506,3) Uncertain significance,embR_p.Thr281Ile
EMB,1416197,3) Uncertain significance,embR_p.Thr384Met
EMB,1417071,3) Uncertain significance,embR_p.Val93Met
EMB,4269298,3) Uncertain significance,ubiA_p.Ile179Thr
EMB,4269742,3) Uncertain significance,ubiA_p.Leu31Pro
EMB,4269294,3) Uncertain significance,ubiA_p.Met180Ile
EMB,4269470,3) Uncertain significance,ubiA_p.Pro122Ala
EMB,1417440,3) Uncertain significance,embR_c.-93G>A
EMB,4239950,3) Uncertain significance,embC_p.Arg30Trp
EMB,4239951,3) Uncertain significance,embC_p.Arg30Gln
EMB,4242407,3) Uncertain significance,embC_p.Pro849Ser
EMB,4247313,3) Uncertain significance,embB_p.Arg267Pro
EMB,4246938,3) Uncertain significance,embB_p.Ser142Cys
EMB,4247328,3) Uncertain significance,embB_p.Ser272Asn
EMB,4248276,3) Uncertain significance,embB_p.Thr588Met
EMB,4248902,3) Uncertain significance,embB_p.Thr797Ala
EMB,4249058,3) Uncertain significance,embB_p.Thr849Ala
EMB,4247387,3) Uncertain significance,embB_p.Val292Phe
EMB,4247763,3) Uncertain significance,embB_p.Val417Ala
EMB,4248035,3) Uncertain significance,embB_p.Val508Phe
EMB,4248890,3) Uncertain significance,embB_p.Val793Ile
EMB,4249344,3) Uncertain significance,embB_p.Val944Ala
EMB,4240475,3) Uncertain significance,embC_p.Ala205Ser
EMB,4240559,3) Uncertain significance,embC_p.Ala233Thr
EMB,4241478,3) Uncertain significance,embC_p.Ala539Val
EMB,4242059,3) Uncertain significance,embC_p.Ala733Thr
EMB,4240616,3) Uncertain significance,embC_p.Asp252His
EMB,4240073,3) Uncertain significance,embC_p.Glu71Lys
EMB,4242533,3) Uncertain significance,embC_p.Phe891Leu
EMB,4241222,3) Uncertain significance,embC_p.Gly454Arg
EMB,4241691,3) Uncertain significance,embC_p.Gly610Ala
EMB,4242312,3) Uncertain significance,embC_p.Gly817Asp
EMB,4242431,3) Uncertain significance,embC_p.Gly857Ser
EMB,4242896,3) Uncertain significance,embC_p.Leu1012Met
EMB,4240548,3) Uncertain significance,embC_p.Leu229Arg
EMB,4241670,3) Uncertain significance,embC_p.Leu603Arg
EMB,4242041,3) Uncertain significance,embC_p.Met727Val
EMB,4242176,3) Uncertain significance,embC_p.Pro772Ser
EMB,4269703,3) Uncertain significance,ubiA_p.Val44Ala
EMB,4269311,3) Uncertain significance,ubiA_p.Trp175Gly
EMB,4245834,3) Uncertain significance,embA_p.Val871dup
EMB,4244696,3) Uncertain significance,embA_p.Lys488Asn
EMB,4241850,3) Uncertain significance,embC_p.Thr663Asn
EMB,1416471,3) Uncertain significance,embR_p.His293Asp
EMB,1416212,3) Uncertain significance,embR_p.Gln379Arg
EMB,1417328,3) Uncertain significance,embR_p.Val7Gly
EMB,4269361,3) Uncertain significance,ubiA_p.Leu158Ser
EMB,4269295,3) Uncertain significance,ubiA_p.Met180Thr
EMB,4269115,3) Uncertain significance,ubiA_p.Arg240Pro
EMB,4269523,3) Uncertain significance,ubiA_p.Thr104Ile
EMB,4269820,3) Uncertain significance,ubiA_p.Val5Gly
EMB,4269309,3) Uncertain significance,ubiA_p.Trp175Cys
EMB,4243881,3) Uncertain significance,embA_p.Ala217Thr
EMB,4244610,3) Uncertain significance,embA_p.Ala460Thr
EMB,4243251,3) Uncertain significance,embA_p.Glu7Lys
EMB,4244286,3) Uncertain significance,embA_p.Gly352Ser
EMB,4243245,3) Uncertain significance,embA_p.Gly5Arg
EMB,4243290,3) Uncertain significance,embA_p.Ser20Ala
EMB,4243290,3) Uncertain significance,embA_p.Ser20Pro
EMB,4243570,3) Uncertain significance,embA_p.Thr113Arg
EMB,4245415,3) Uncertain significance,embA_p.Thr728Ile
EMB,4246449,3) Uncertain significance,embA_p.Val1073Ile
EMB,4244181,3) Uncertain significance,embA_p.Val317Leu
EMB,4243419,3) Uncertain significance,embA_p.Val63Ile
EMB,4247195,3) Uncertain significance,embB_p.Ala228Thr
EMB,4247670,3) Uncertain significance,embB_p.Ala386Glu
EMB,4247084,3) Uncertain significance,embB_p.Asp191Tyr
EMB,4246746,3) Uncertain significance,embB_p.Asp78Gly
EMB,"4246587,4246588",3) Uncertain significance,embB_p.Gly25Ala
EMB,4240542,3) Uncertain significance,embC_p.Thr227Lys
EMB,4247057,3) Uncertain significance,embB_p.Arg182Cys
EMB,4240535,3) Uncertain significance,embC_p.Ser225Arg
EMB,4239921,3) Uncertain significance,embC_p.Arg20Leu
EMB,4245551,3) Uncertain significance,embA_p.Lys773Asn
EMB,4246255,3) Uncertain significance,embA_p.Leu1008Pro
EMB,4245637,3) Uncertain significance,embA_p.Pro802Leu
EMB,4243813,3) Uncertain significance,embA_p.Arg194Gln
EMB,4245741,3) Uncertain significance,embA_p.Thr837Ala
EMB,4245051,3) Uncertain significance,embA_p.Val607Met
EMB,4246976,3) Uncertain significance,embB_p.Ala155Pro
EMB,4248152,3) Uncertain significance,embB_p.Ala547Ser
EMB,4249386,3) Uncertain significance,embB_p.Glu958Ala
EMB,4249547,3) Uncertain significance,embB_p.Phe1012Leu
EMB,4246707,3) Uncertain significance,embB_p.Gly65Asp
EMB,4248506,3) Uncertain significance,embB_p.Gly665Trp
EMB,4248477,3) Uncertain significance,embB_p.Pro655Gln
EMB,4248982,3) Uncertain significance,embB_p.Ser823Arg
EMB,4246983,3) Uncertain significance,embB_p.Thr157Ile
EMB,4248006,3) Uncertain significance,embB_p.Thr498Asn
EMB,4248903,3) Uncertain significance,embB_p.Thr797Met
EMB,4247069,3) Uncertain significance,embB_p.Val186Leu
EMB,4247468,3) Uncertain significance,embB_p.Tyr319Asp
EMB,4241147,3) Uncertain significance,embC_p.Cys429Gly
EMB,4241465,3) Uncertain significance,embC_p.Phe535Ile
EMB,4241580,3) Uncertain significance,embC_p.Ile573Thr
EMB,4242668,3) Uncertain significance,embC_p.Ile936Val
EMB,4240614,3) Uncertain significance,embC_p.Leu251Arg
EMB,4242981,3) Uncertain significance,embC_p.Met1040Thr
EMB,4241535,3) Uncertain significance,embC_p.Pro558Arg
EMB,4240080,3) Uncertain significance,embC_p.Pro73Gln
EMB,4239887,3) Uncertain significance,embC_p.Arg9Gly
EMB,4249170,3) Uncertain significance,embB_p.Asn886Thr
EMB,4247533,3) Uncertain significance,embB_p.Met340Ile
EMB,4249327,3) Uncertain significance,embB_p.Lys938Asn
EMB,1417355,3) Uncertain significance,embR_c.-8G>C
EMB,1416977,3) Uncertain significance,embR_p.His124Arg
EMB,1416802,3) Uncertain significance,embR_p.Ile182Met
EMB,1417040,3) Uncertain significance,embR_p.Leu103Pro
EMB,1417316,3) Uncertain significance,embR_p.Leu11Arg
EMB,1416936,3) Uncertain significance,embR_p.Leu138Met
EMB,1416833,3) Uncertain significance,embR_p.Leu172Arg
EMB,1417290,3) Uncertain significance,embR_p.Gln20*
EMB,1416489,3) Uncertain significance,embR_p.Gln287*
EMB,1417043,3) Uncertain significance,embR_p.Arg102Pro
EMB,1416606,3) Uncertain significance,embR_p.Arg248Cys
EMB,1416369,3) Uncertain significance,embR_p.Arg327Cys
EMB,1416944,3) Uncertain significance,embR_p.Ser135Asn
EMB,1416546,3) Uncertain significance,embR_p.Thr268Ala
EMB,1416527,3) Uncertain significance,embR_p.Val274Asp
EMB,1417236,3) Uncertain significance,embR_p.Val38Met
EMB,1416702,3) Uncertain significance,embR_p.Tyr216His
EMB,4269437,3) Uncertain significance,ubiA_p.Ala133Thr
EMB,4269424,3) Uncertain significance,ubiA_p.Ala137Gly
EMB,4269731,3) Uncertain significance,ubiA_p.Ala35Ser
EMB,4269827,3) Uncertain significance,ubiA_p.Glu3Lys
EMB,4269599,3) Uncertain significance,ubiA_p.Glu79Gln
EMB,4269120,3) Uncertain significance,ubiA_p.Phe238Leu
EMB,4269090,3) Uncertain significance,ubiA_p.Phe248Leu
EMB,4269569,3) Uncertain significance,ubiA_p.Phe89Val
EMB,4269313,3) Uncertain significance,ubiA_p.Lys174Arg
EMB,1417403,3) Uncertain significance,embR_c.-56G>A
EMB,4269716,3) Uncertain significance,ubiA_p.Leu40Met
EMB,1416534,3) Uncertain significance,embR_p.Gly272Ser
EMB,1416468,3) Uncertain significance,embR_p.Asp294Asn
EMB,4243097,3) Uncertain significance,embC_p.Thr1079Ala
EMB,4240367,3) Uncertain significance,embC_p.Val169Ile
EMB,4240599,3) Uncertain significance,embC_p.Val246Ala
EMB,4240950,3) Uncertain significance,embC_p.Val363Asp
EMB,4240949,3) Uncertain significance,embC_p.Val363Ile
EMB,4241024,3) Uncertain significance,embC_p.Val388Ile
EMB,4241636,3) Uncertain significance,embC_p.Val592Met
EMB,4241684,3) Uncertain significance,embC_p.Val608Leu
EMB,4241771,3) Uncertain significance,embC_p.Val637Ile
EMB,4242620,3) Uncertain significance,embC_p.Val920Ile
EMB,4242698,3) Uncertain significance,embC_p.Val946Ile
EMB,1417166,3) Uncertain significance,embR_p.Glu61fs
EMB,1417161,3) Uncertain significance,embR_p.Glu62del
EMB,1417096,3) Uncertain significance,embR_p.Gly84fs
EMB,1416545,3) Uncertain significance,embR_p.Thr268fs
EMB,1417267,3) Uncertain significance,embR_p.Val28fs
EMB,1416986,3) Uncertain significance,embR_p.Ala121Glu
EMB,1416821,3) Uncertain significance,embR_p.Ala176Gly
EMB,1416815,3) Uncertain significance,embR_p.Ala178Val
EMB,1416204,3) Uncertain significance,embR_p.Ala382Thr
EMB,1417402,3) Uncertain significance,embR_c.-55A>G
EMB,1417064,3) Uncertain significance,embR_p.Ala95Gly
EMB,1417062,3) Uncertain significance,embR_p.Ala96Thr
EMB,1417387,3) Uncertain significance,embR_c.-40C>G
EMB,1417351,3) Uncertain significance,embR_c.-4C>A
EMB,1417278,3) Uncertain significance,embR_p.Asp24Asn
EMB,1417278,3) Uncertain significance,embR_p.Asp24Tyr
EMB,1417010,3) Uncertain significance,embR_p.Gly113Ala
EMB,4246622,3) Uncertain significance,embB_p.Gly37Ser
EMB,4269296,3) Uncertain significance,ubiA_p.Met180Val
EMB,4269811,3) Uncertain significance,ubiA_p.Gln8Arg
EMB,4243377,3) Uncertain significance,embA_p.Ser49Arg
EMB,4243461,3) Uncertain significance,embA_p.Ser77Pro
EMB,4245385,3) Uncertain significance,embA_p.Thr718Ile
EMB,4245927,3) Uncertain significance,embA_p.Thr899Ala
EMB,4244151,3) Uncertain significance,embA_p.Tyr307His
EMB,4244737,3) Uncertain significance,embA_p.Tyr502Cys
EMB,4247423,3) Uncertain significance,embB_p.Leu304_Gly305insVal
EMB,4247115,3) Uncertain significance,embB_p.Ala201Glu
EMB,4247648,3) Uncertain significance,embB_p.Ala379Thr
EMB,4247825,3) Uncertain significance,embB_p.Ala438Thr
EMB,4248041,3) Uncertain significance,embB_p.Ala510Thr
EMB,4248626,3) Uncertain significance,embB_p.Ala705Thr
EMB,4248159,3) Uncertain significance,embB_p.Cys549Tyr
EMB,4249681,3) Uncertain significance,embB_p.Asp1056Glu
EMB,4247231,3) Uncertain significance,embB_p.Asp240Asn
EMB,4248954,3) Uncertain significance,embB_p.Asp814Ala
EMB,4249120,3) Uncertain significance,embB_p.Asp869Glu
EMB,4246980,3) Uncertain significance,embB_p.Gly156Asp
EMB,4247036,3) Uncertain significance,embB_p.Gly175Arg
EMB,4246586,3) Uncertain significance,embB_p.Gly25Arg
EMB,4247426,3) Uncertain significance,embB_p.Gly305Cys
EMB,4246697,3) Uncertain significance,embB_p.Gly62Arg
EMB,4246706,3) Uncertain significance,embB_p.Gly65Ser
EMB,4247189,3) Uncertain significance,embB_p.Ile226Val
EMB,4245437,3) Uncertain significance,embA_p.Met735Ile
EMB,4269833,3) Uncertain significance,ubiA_p.Met1=
EMB,4244608,3) Uncertain significance,embA_p.Leu459Arg
EMB,4243623,3) Uncertain significance,embA_p.Ile131Val
EMB,4269116,3) Uncertain significance,ubiA_p.Arg240Cys
EMB,4269589,3) Uncertain significance,ubiA_p.Arg82Gln
EMB,4269521,3) Uncertain significance,ubiA_p.Val105Met
EMB,4269449,3) Uncertain significance,ubiA_p.Val129Ile
EMB,4269395,3) Uncertain significance,ubiA_p.Val147Met
EMB,4269391,3) Uncertain significance,ubiA_p.Val148Ala
EMB,4269793,3) Uncertain significance,ubiA_p.Val14Ala
EMB,4269782,3) Uncertain significance,ubiA_p.Val18Phe
EMB,4269704,3) Uncertain significance,ubiA_p.Val44Leu
EMB,4269670,3) Uncertain significance,ubiA_p.Val55Ala
EMB,4246278,3) Uncertain significance,embA_p.Ala1016Ser
EMB,4244679,3) Uncertain significance,embA_p.Ala483Thr
EMB,4244901,3) Uncertain significance,embA_p.Ala557Thr
EMB,4245736,3) Uncertain significance,embA_p.Ala835Glu
EMB,4246185,3) Uncertain significance,embA_p.Ala985Pro
EMB,4246390,3) Uncertain significance,embA_p.Asp1053Gly
EMB,4244050,3) Uncertain significance,embA_p.Asp273Gly
EMB,4244643,3) Uncertain significance,embA_p.Phe471Leu
EMB,4243920,3) Uncertain significance,embA_p.Gly230Ser
EMB,4244227,3) Uncertain significance,embA_p.Gly332Glu
EMB,4244289,3) Uncertain significance,embA_p.Gly353Arg
EMB,4244871,3) Uncertain significance,embA_p.Gly547Ser
EMB,4243158,3) Uncertain significance,embA_c.-75G>C
EMB,4245700,3) Uncertain significance,embA_p.Gly823Glu
EMB,4245754,3) Uncertain significance,embA_p.Gly841Ala
EMB,4243489,3) Uncertain significance,embA_p.Gly86Val
EMB,4245958,3) Uncertain significance,embA_p.Gly909Glu
EMB,4243876,3) Uncertain significance,embA_p.Leu215Pro
EMB,4241813,3) Uncertain significance,embC_p.Ser651Pro
EMB,4249531,3) Uncertain significance,embB_p.Ile1006Met
EMB,4248840,3) Uncertain significance,embB_p.Pro776Leu
ETH,575721,3) Uncertain significance,mshA_p.Pro126fs
ETH,575871,3) Uncertain significance,mshA_p.Thr176fs
ETH,576045,3) Uncertain significance,mshA_p.Ala233Glu
ETH,575802,3) Uncertain significance,mshA_p.His152Arg
ETH,576179,3) Uncertain significance,mshA_p.Lys278Glu
ETH,575381,3) Uncertain significance,mshA_p.Leu12Val
INH,575381,3) Uncertain significance,mshA_p.Leu12Val
ETH,576417,3) Uncertain significance,mshA_p.Leu357Arg
ETH,576164,3) Uncertain significance,mshA_p.Arg273Gly
ETH,2102038,3) Uncertain significance,ndh_p.Ala336fs
ETH,2102365,3) Uncertain significance,ndh_p.Lys227fs
ETH,2102072,3) Uncertain significance,ndh_p.Ala324fs
ETH,575585,3) Uncertain significance,mshA_p.Arg81fs
ETH,2103064,3) Uncertain significance,ndh_c.-22A>G
ETH,2103041,3) Uncertain significance,ndh_p.Met1?
INH,2103041,3) Uncertain significance,ndh_p.Met1?
ETH,3449093,3) Uncertain significance,Rv3083_p.Ala197Val
ETH,3448637,3) Uncertain significance,Rv3083_p.Trp45Leu
ETH,4327859,3) Uncertain significance,ethR_p.Arg104Leu
ETH,575664,3) Uncertain significance,mshA_p.Gly106Ala
INH,575664,3) Uncertain significance,mshA_p.Gly106Ala
ETH,4326339,3) Uncertain significance,ethA_p.Asn379Asp
ETH,4327065,3) Uncertain significance,ethA_p.Cys137Arg
ETH,4326474,3) Uncertain significance,ethA_p.Pro334Ala
ETH,4327208,3) Uncertain significance,ethA_p.Ala89Glu
ETH,4326116,3) Uncertain significance,ethA_p.Thr453Ile
ETH,2101877,3) Uncertain significance,ndh_p.Gly389Asp
ETH,4327692,3) Uncertain significance,ethR_p.Asp48Glu
INH,1674262,3) Uncertain significance,inhA_p.Ile21Val
ETH,1674262,3) Uncertain significance,inhA_p.Ile21Val
INH,1674481,3) Uncertain significance,inhA_p.Ser94Ala
ETH,575907,3) Uncertain significance,mshA_p.Ala187Val
ETH,3448714,3) Uncertain significance,Rv3083_p.Asp71His
ETH,575679,3) Uncertain significance,mshA_p.Asn111Ser
ETH,4326676,3) Uncertain significance,ethA_p.Ser266Arg
ETH,4326632,3) Uncertain significance,ethA_p.His281Pro
ETH,4326439,3) Uncertain significance,ethA_p.Asn345Lys
ETH,4326333,3) Uncertain significance,ethA_p.Ala381Pro
ETH,2102990,3) Uncertain significance,ndh_p.Val18Ala
ETH,1674263,3) Uncertain significance,inhA_p.Ile21Thr
INH,1674263,3) Uncertain significance,inhA_p.Ile21Thr
ETH,1674782,3) Uncertain significance,inhA_p.Ile194Thr
INH,1674782,3) Uncertain significance,inhA_p.Ile194Thr
ETH,4326513,3) Uncertain significance,ethA_p.Thr321Pro
ETH,4326533,3) Uncertain significance,ethA_p.Thr314Ile
ETH,4327484,3) Uncertain significance,ethA_c.-11A>G
ETH,3449437,3) Uncertain significance,Rv3083_p.Ala313fs
ETH,576000,3) Uncertain significance,mshA_p.Asp218Ala
ETH,1674917,3) Uncertain significance,inhA_p.Ala239Val
INH,1674917,3) Uncertain significance,inhA_p.Ala239Val
ETH,4327424,3) Uncertain significance,ethA_p.Val17Ala
ETH,4327370,3) Uncertain significance,ethA_p.Leu35Arg
ETH,4327295,3) Uncertain significance,ethA_p.Tyr60Cys
ETH,4326893,3) Uncertain significance,ethA_p.Leu194Pro
ETH,4327352,3) Uncertain significance,ethA_p.Met41Arg
ETH,4327311,3) Uncertain significance,ethA_p.Ser55Pro
ETH,4326299,3) Uncertain significance,ethA_p.Thr392Arg
ETH,4327121,3) Uncertain significance,ethA_p.Val118Gly
ETH,4326284,3) Uncertain significance,ethA_p.Leu397Pro
ETH,1674908,3) Uncertain significance,inhA_p.Thr236Met
INH,1674908,3) Uncertain significance,inhA_p.Thr236Met
ETH,4326113,3) Uncertain significance,ethA_p.Pro454Leu
ETH,4327292,3) Uncertain significance,ethA_p.Thr61Met
ETH,4326632,3) Uncertain significance,ethA_p.His281Arg
ETH,4327325,3) Uncertain significance,ethA_p.Tyr50Cys
ETH,4327484,3) Uncertain significance,ethA_c.-11A>T
ETH,4326914,3) Uncertain significance,ethA_p.Ala187Val
ETH,4326287,3) Uncertain significance,ethA_p.Asp396Gly
ETH,4326288,3) Uncertain significance,ethA_p.Asp396Asn
ETH,4327004,3) Uncertain significance,ethA_p.Phe157Ser
ETH,4327331,3) Uncertain significance,ethA_p.Phe48Ser
ETH,4326923,3) Uncertain significance,ethA_p.Gly184Asp
ETH,4327373,3) Uncertain significance,ethA_p.Ile34Ser
ETH,4327073,3) Uncertain significance,ethA_p.Leu134Arg
ETH,4326590,3) Uncertain significance,ethA_p.Leu295Trp
ETH,4327289,3) Uncertain significance,ethA_p.Leu62Arg
ETH,4326339,3) Uncertain significance,ethA_p.Asn379His
ETH,4326167,3) Uncertain significance,ethA_p.Pro436Leu
ETH,4326857,3) Uncertain significance,ethA_p.Gln206Pro
ETH,4327326,3) Uncertain significance,ethA_p.Tyr50Asp
EMB,4269341,3) Uncertain significance,ubiA_p.Gly165Ser
ETH,4326368,3) Uncertain significance,ethA_p.Tyr369Cys
ETH,4326903,3) Uncertain significance,ethA_p.Val191Met
ETH,4326534,3) Uncertain significance,ethA_p.Thr314Ala
ETH,4326842,3) Uncertain significance,ethA_p.Tyr211Ser
ETH,4326265,3) Uncertain significance,ethA_p.Cys403Trp
ETH,4327344,3) Uncertain significance,ethA_p.Thr44Ala
ETH,4327301,3) Uncertain significance,ethA_p.Asp58Gly
ETH,4326912,3) Uncertain significance,ethA_p.Val188Ile
ETH,4326900,3) Uncertain significance,ethA_p.Pro192Ser
ETH,4326872,3) Uncertain significance,ethA_p.His201Pro
ETH,4326134,3) Uncertain significance,ethA_p.Pro447Leu
ETH,4326450,3) Uncertain significance,ethA_p.Thr342Ala
ETH,4326869,3) Uncertain significance,ethA_p.Val202Gly
ETH,4327394,3) Uncertain significance,ethA_p.Cys27Tyr
ETH,4327347,3) Uncertain significance,ethA_p.Gly43Ser
ETH,4327067,3) Uncertain significance,ethA_p.Leu136Arg
ETH,4326656,3) Uncertain significance,ethA_p.Pro273Leu
ETH,4327064,3) Uncertain significance,ethA_p.Cys137Tyr
ETH,4326713,3) Uncertain significance,ethA_p.Gln254Pro
ETH,4326900,3) Uncertain significance,ethA_p.Pro192Thr
ETH,4326337,3) Uncertain significance,ethA_p.Asn379Lys
ETH,4326452,3) Uncertain significance,ethA_p.Ala341Glu
ETH,4327103,3) Uncertain significance,ethA_p.Gly124Val
ETH,4327349,3) Uncertain significance,ethA_p.Gly42Val
ETH,4327088,3) Uncertain significance,ethA_p.Leu129Arg
ETH,4326860,3) Uncertain significance,ethA_p.Leu205Pro
ETH,4326602,3) Uncertain significance,ethA_p.Gln291Pro
ETH,4327061,3) Uncertain significance,ethA_p.Ser138Ile
ETH,4326449,3) Uncertain significance,ethA_p.Thr342Lys
ETH,4327034,3) Uncertain significance,ethA_p.Tyr147Ser
EMB,4269088,3) Uncertain significance,ubiA_p.Ala249Val
EMB,1416633,3) Uncertain significance,embR_p.Leu239Val
EMB,1417140,3) Uncertain significance,embR_p.Ala70Thr
EMB,4241353,3) Uncertain significance,embC_p.Ile497Met
EMB,4241318,3) Uncertain significance,embC_p.Pro486Thr
EMB,4242132,3) Uncertain significance,embC_p.Val757Ala
EMB,1417029,3) Uncertain significance,embR_p.Asp107Asn
EMB,1416960,3) Uncertain significance,embR_p.Arg130Trp
EMB,1416522,3) Uncertain significance,embR_p.Val276Met
EMB,4269124,3) Uncertain significance,ubiA_p.Ala237Val
EMB,4269089,3) Uncertain significance,ubiA_p.Ala249Thr
EMB,4244454,3) Uncertain significance,embA_p.Ala408Ser
EMB,4243482,3) Uncertain significance,embA_p.Ala84Ser
EMB,4245250,3) Uncertain significance,embA_p.His673Arg
EMB,4244244,3) Uncertain significance,embA_p.Ile338Leu
EMB,4245015,3) Uncertain significance,embA_p.Ile595Val
EMB,4245963,3) Uncertain significance,embA_p.Val911Ile
EMB,4247368,3) Uncertain significance,embB_p.Phe285Leu
EMB,4249019,3) Uncertain significance,embB_p.Gly836Arg
EMB,4246791,3) Uncertain significance,embB_p.Pro93Leu
EMB,4248371,3) Uncertain significance,embB_p.Arg620Cys
EMB,4246533,3) Uncertain significance,embB_p.Arg7Thr
EMB,4247535,3) Uncertain significance,embB_p.Thr341Asn
EMB,4240860,3) Uncertain significance,embC_p.Leu333Arg
EMB,4240390,3) Uncertain significance,embC_p.Asn176Lys
EMB,4243056,3) Uncertain significance,embC_p.Pro1065Leu
EMB,4243045,3) Uncertain significance,embC_p.Gln1061His
EMB,1417416,3) Uncertain significance,embR_c.-69G>A
EMB,4243695,3) Uncertain significance,embA_p.Ile155Val
EMB,4249731,3) Uncertain significance,embB_p.Ala1073Asp
EMB,4241237,3) Uncertain significance,embC_p.Ile459Val
EMB,4248548,3) Uncertain significance,embB_p.Ala679Thr
EMB,4240572,3) Uncertain significance,embC_p.Gly237Ala
EMB,4247525,3) Uncertain significance,embB_p.Ala338Thr
EMB,4248938,3) Uncertain significance,embB_p.Pro809Ser
EMB,4246665,3) Uncertain significance,embB_p.Gln51Pro
EMB,4248372,3) Uncertain significance,embB_p.Arg620Pro
EMB,4247790,3) Uncertain significance,embB_p.Ser426Asn
EMB,4248206,3) Uncertain significance,embB_p.Ser565Gly
EMB,4241205,3) Uncertain significance,embC_p.Ala448Val
EMB,4241993,3) Uncertain significance,embC_p.Ala711Thr
EMB,4240061,3) Uncertain significance,embC_p.Phe67Val
EMB,4242088,3) Uncertain significance,embC_p.Gln742His
EMB,4242491,3) Uncertain significance,embC_p.Arg877Trp
EMB,4240500,3) Uncertain significance,embC_p.Ser213Asn
EMB,4241337,3) Uncertain significance,embC_p.Thr492Asn
EMB,4241111,3) Uncertain significance,embC_p.Val417Met
EMB,1416968,3) Uncertain significance,embR_p.Ala127Asp
EMB,1416462,3) Uncertain significance,embR_p.Ala296Thr
EMB,1417298,3) Uncertain significance,embR_p.Gly17Glu
EMB,1416260,3) Uncertain significance,embR_p.Leu363Pro
EMB,1416710,3) Uncertain significance,embR_p.Thr213Ser
EMB,1416724,3) Uncertain significance,embR_p.Trp208*
EMB,4269491,3) Uncertain significance,ubiA_p.Ala115Thr
EMB,4269721,3) Uncertain significance,ubiA_p.Ala38Val
EMB,4269015,3) Uncertain significance,ubiA_p.Glu273Asp
EMB,4243192,3) Uncertain significance,embA_c.-40delT
EMB,4244457,3) Uncertain significance,embA_p.Ala409Pro
EMB,4244244,3) Uncertain significance,embA_p.Ile338Val
EMB,4244131,3) Uncertain significance,embA_p.Thr300Met
EMB,4245789,3) Uncertain significance,embA_p.Thr853Ala
EMB,4249630,3) Uncertain significance,embB_p.Ile1039Met
EMB,4248195,3) Uncertain significance,embB_p.Lys561Arg
EMB,4249119,3) Uncertain significance,embB_p.Asp869Gly
EMB,4249007,3) Uncertain significance,embB_p.Pro832Ser
EMB,4246243,3) Uncertain significance,embA_p.Gln1004Pro
EMB,4249364,3) Uncertain significance,embB_p.Glu951Gln
EMB,4248734,3) Uncertain significance,embB_p.Arg741Trp
EMB,4248830,3) Uncertain significance,embB_p.Ser773Pro
EMB,4242485,3) Uncertain significance,embC_p.Glu875Gln
EMB,4241922,3) Uncertain significance,embC_p.Gly687Glu
EMB,1416306,3) Uncertain significance,embR_p.Asn348fs
EMB,1416290,3) Uncertain significance,embR_p.Gln353Arg
EMB,4244583,3) Uncertain significance,embA_p.Gly451Arg
EMB,4244118,3) Uncertain significance,embA_p.Tyr296His
EMB,4248639,3) Uncertain significance,embB_p.Ile709Thr
EMB,4242680,3) Uncertain significance,embC_p.Ala940Ser
EMB,"4242642,4242643",3) Uncertain significance,embC_p.Arg927His
EMB,4243929,3) Uncertain significance,embA_p.Leu233Met
EMB,4247622,3) Uncertain significance,embB_p.Leu370Arg
EMB,4243730,3) Uncertain significance,embA_p.Lys166Asn
EMB,4248705,3) Uncertain significance,embB_p.Pro731Leu
EMB,4243692,3) Uncertain significance,embA_p.Gly154Ser
EMB,4246275,3) Uncertain significance,embA_p.Ala1015Thr
EMB,4269469,3) Uncertain significance,ubiA_p.Pro122Gln
EMB,4245786,3) Uncertain significance,embA_p.Ala852Thr
EMB,4242806,3) Uncertain significance,embC_p.Phe982Ile
EMB,4246904,3) Uncertain significance,embB_p.Val131Met
EMB,4242185,3) Uncertain significance,embC_p.Asp775Asn
EMB,4243324,3) Uncertain significance,embA_p.Val31Ala
EMB,1416410,3) Uncertain significance,embR_p.Leu313Arg
EMB,4247595,3) Uncertain significance,embB_p.Cys361Ser
EMB,1416375,3) Uncertain significance,embR_p.Val325Ile
EMB,4248932,3) Uncertain significance,embB_p.Asn807Asp
EMB,1416450,3) Uncertain significance,embR_p.Gly300Cys
EMB,4247360,3) Uncertain significance,embB_p.Val283Met
EMB,4248944,3) Uncertain significance,embB_p.Thr811Ala
EMB,4240914,3) Uncertain significance,embC_p.Met351Thr
EMB,1416290,3) Uncertain significance,embR_p.Gln353Pro
EMB,1416545,3) Uncertain significance,embR_p.Thr268Ile
EMB,4269548,3) Uncertain significance,ubiA_p.Val96Met
EMB,4246820,3) Uncertain significance,embB_p.Pro103Thr
EMB,4247097,3) Uncertain significance,embB_p.Pro195His
EMB,1416561,3) Uncertain significance,embR_p.Lys263Glu
EMB,1417038,3) Uncertain significance,embR_p.Ser104Arg
EMB,1417272,3) Uncertain significance,embR_p.Thr26Ala
EMB,4269308,3) Uncertain significance,ubiA_p.Phe176Leu
EMB,4244237,3) Uncertain significance,embA_p.Cys335Trp
EMB,4244745,3) Uncertain significance,embA_p.Leu505Phe
EMB,4247348,3) Uncertain significance,embB_p.Thr279Pro
EMB,4240382,3) Uncertain significance,embC_p.Gly174Arg
EMB,4239915,3) Uncertain significance,embC_p.Ser18Phe
EMB,1416937,3) Uncertain significance,embR_p.His137Gln
EMB,1417179,3) Uncertain significance,embR_p.Thr57Ala
EMB,4243705,3) Uncertain significance,embA_p.Gly158Asp
EMB,4244904,3) Uncertain significance,embA_p.Val558Leu
EMB,4246722,3) Uncertain significance,embB_p.Pro70Arg
EMB,4242788,3) Uncertain significance,embC_p.Gly976Ser
EMB,4242262,3) Uncertain significance,embC_p.Met800Ile
EMB,1417152,3) Uncertain significance,embR_p.Ser66Ala
EMB,4245883,3) Uncertain significance,embA_p.Gly884Asp
EMB,4247451,3) Uncertain significance,embB_p.Ala313Val
EMB,4242356,3) Uncertain significance,embC_p.Ile832Val
EMB,4241555,3) Uncertain significance,embC_p.Ser565Gly
EMB,4242369,3) Uncertain significance,embC_p.Arg836His
EMB,4242074,3) Uncertain significance,embC_p.Arg738Trp
EMB,1417196,3) Uncertain significance,embR_p.Gly51Glu
EMB,1417403,3) Uncertain significance,embR_c.-56G>C
EMB,1417098,3) Uncertain significance,embR_p.Gly84Ser
EMB,1416976,3) Uncertain significance,embR_p.His124Gln
EMB,1416195,3) Uncertain significance,embR_p.His385Tyr
EMB,1416714,3) Uncertain significance,embR_p.Ile212Leu
EMB,1416714,3) Uncertain significance,embR_p.Ile212Val
EMB,1416396,3) Uncertain significance,embR_p.Ile318Val
EMB,1417218,3) Uncertain significance,embR_p.Ile44Val
EMB,1417181,3) Uncertain significance,embR_p.Ile56Thr
EMB,1417086,3) Uncertain significance,embR_p.Ile88Val
EMB,1416839,3) Uncertain significance,embR_p.Lys170Thr
EMB,1417395,3) Uncertain significance,embR_c.-48G>C
EMB,1416557,3) Uncertain significance,embR_p.Lys264Thr
EMB,1416890,3) Uncertain significance,embR_p.Leu153Arg
EMB,1416440,3) Uncertain significance,embR_p.Leu303Arg
EMB,1416389,3) Uncertain significance,embR_p.Leu320Pro
EMB,1417101,3) Uncertain significance,embR_p.Leu83Phe
EMB,1417068,3) Uncertain significance,embR_p.Leu94Met
EMB,1417345,3) Uncertain significance,embR_p.Met1=
EMB,1417346,3) Uncertain significance,embR_p.Met1?
EMB,1416503,3) Uncertain significance,embR_p.Met282Thr
EMB,1416504,3) Uncertain significance,embR_p.Met282Val
EMB,1416306,3) Uncertain significance,embR_p.Asn348Asp
EMB,1416305,3) Uncertain significance,embR_p.Asn348Ser
EMB,1416900,3) Uncertain significance,embR_p.Leu150Phe
EMB,1417395,3) Uncertain significance,embR_c.-48G>A
EMB,1417340,3) Uncertain significance,embR_p.Gly3Asp
EMB,1417350,3) Uncertain significance,embR_c.-3G>C
EMB,1416468,3) Uncertain significance,embR_p.Asp294Tyr
EMB,1416397,3) Uncertain significance,embR_p.Asp317Glu
EMB,1416399,3) Uncertain significance,embR_p.Asp317Asn
EMB,1416346,3) Uncertain significance,embR_p.Asp334Glu
EMB,1416254,3) Uncertain significance,embR_p.Asp365Ala
EMB,1416995,3) Uncertain significance,embR_p.Glu118Gly
EMB,1416996,3) Uncertain significance,embR_p.Glu118Lys
EMB,1416917,3) Uncertain significance,embR_p.Glu144Gly
EMB,1416918,3) Uncertain significance,embR_p.Glu144Gln
EMB,1416806,3) Uncertain significance,embR_p.Glu181Gly
EMB,1417004,3) Uncertain significance,embR_p.Phe115Ser
EMB,1416864,3) Uncertain significance,embR_p.Phe162Val
EMB,1416214,3) Uncertain significance,embR_p.Phe378Leu
EMB,1416215,3) Uncertain significance,embR_p.Phe378Tyr
EMB,1417049,3) Uncertain significance,embR_p.Gly100Asp
EMB,1417049,3) Uncertain significance,embR_p.Gly100Val
EMB,1417448,3) Uncertain significance,embR_c.-101G>A
EMB,1416984,3) Uncertain significance,embR_p.Gly122Ser
EMB,1416962,3) Uncertain significance,embR_p.Gly129Asp
EMB,1416963,3) Uncertain significance,embR_p.Gly129Ser
EMB,1417257,3) Uncertain significance,embR_p.Gly31Ser
EMB,1416341,3) Uncertain significance,embR_p.Gly336Asp
EMB,1416342,3) Uncertain significance,embR_p.Gly336Ser
EMB,1416302,3) Uncertain significance,embR_p.Gly349Asp
EMB,1416200,3) Uncertain significance,embR_p.Gly383Glu
EMB,1416188,3) Uncertain significance,embR_p.Gly387Asp
EMB,1417350,3) Uncertain significance,embR_c.-3G>A
EMB,1416443,3) Uncertain significance,embR_p.Pro302Leu
EMB,1417202,3) Uncertain significance,embR_p.Pro49Arg
EMB,1417079,3) Uncertain significance,embR_p.Pro90Leu
EMB,1417053,3) Uncertain significance,embR_p.Pro99Ala
EMB,1416482,3) Uncertain significance,embR_p.Val289Gly
EMB,1416483,3) Uncertain significance,embR_p.Val289Leu
EMB,1417265,3) Uncertain significance,embR_p.Val28Ala
EMB,1416393,3) Uncertain significance,embR_p.Val319Ile
EMB,1417235,3) Uncertain significance,embR_p.Val38Ala
EMB,1417200,3) Uncertain significance,embR_p.Val50Ile
EMB,1417200,3) Uncertain significance,embR_p.Val50Leu
EMB,1417074,3) Uncertain significance,embR_p.Val92Met
EMB,1416915,3) Uncertain significance,embR_p.Trp145Arg
EMB,1416739,3) Uncertain significance,embR_p.Tyr203*
EMB,1416666,3) Uncertain significance,embR_p.Tyr228His
EMB,4269791,3) Uncertain significance,ubiA_p.Ala15Pro
EMB,4269790,3) Uncertain significance,ubiA_p.Ala15Val
EMB,4269353,3) Uncertain significance,ubiA_p.Ala161Pro
EMB,4269335,3) Uncertain significance,ubiA_p.Ala167Thr
EMB,4269293,3) Uncertain significance,ubiA_p.Ala181Thr
EMB,4269292,3) Uncertain significance,ubiA_p.Ala181Val
EMB,4269221,3) Uncertain significance,ubiA_p.Ala205Pro
EMB,4269733,3) Uncertain significance,ubiA_p.Ala34Val
EMB,4269722,3) Uncertain significance,ubiA_p.Ala38Ser
EMB,4269722,3) Uncertain significance,ubiA_p.Ala38Thr
EMB,4269718,3) Uncertain significance,ubiA_p.Ala39Glu
EMB,4269718,3) Uncertain significance,ubiA_p.Ala39Gly
EMB,4269596,3) Uncertain significance,ubiA_p.Ala80Thr
EMB,4269382,3) Uncertain significance,ubiA_p.Cys151Tyr
EMB,4269007,3) Uncertain significance,ubiA_p.Asp276Gly
EMB,4269824,3) Uncertain significance,ubiA_p.Asp4Asn
EMB,1416657,3) Uncertain significance,embR_p.Val231Leu
EMB,1416515,3) Uncertain significance,embR_p.Asp278Gly
EMB,1416849,3) Uncertain significance,embR_p.Val167Leu
EMB,1417415,3) Uncertain significance,embR_c.-68T>C
EMB,1416575,3) Uncertain significance,embR_p.Gln258Pro
EMB,1416490,3) Uncertain significance,embR_p.Gln286His
EMB,1417319,3) Uncertain significance,embR_p.Arg10Gln
EMB,1416959,3) Uncertain significance,embR_p.Arg130Gln
EMB,1416737,3) Uncertain significance,embR_p.Arg204Leu
EMB,1416738,3) Uncertain significance,embR_p.Arg204Trp
EMB,1416690,3) Uncertain significance,embR_p.Arg220Trp
EMB,1416369,3) Uncertain significance,embR_p.Arg327Ser
EMB,1416933,3) Uncertain significance,embR_p.Ser139Pro
EMB,1416785,3) Uncertain significance,embR_p.Ser188Asn
EMB,1416696,3) Uncertain significance,embR_p.Ser218Ala
EMB,1416695,3) Uncertain significance,embR_p.Ser218Tyr
EMB,1417260,3) Uncertain significance,embR_p.Ser30Pro
EMB,1416372,3) Uncertain significance,embR_p.Ser326Arg
EMB,1417337,3) Uncertain significance,embR_p.Ser4Asn
EMB,1416857,3) Uncertain significance,embR_p.Thr164Arg
EMB,1416824,3) Uncertain significance,embR_p.Thr175Asn
EMB,1416755,3) Uncertain significance,embR_p.Thr198Ile
EMB,1416651,3) Uncertain significance,embR_p.Thr233Pro
EMB,1416612,3) Uncertain significance,embR_p.Thr246Ala
EMB,1416611,3) Uncertain significance,embR_p.Thr246Met
EMB,1417271,3) Uncertain significance,embR_p.Thr26Ser
EMB,1416525,3) Uncertain significance,embR_p.Thr275Ala
EMB,1416345,3) Uncertain significance,embR_p.Thr335Ala
EMB,1416339,3) Uncertain significance,embR_p.Thr337Pro
EMB,1416263,3) Uncertain significance,embR_p.Thr362Met
EMB,1417397,3) Uncertain significance,embR_c.-50T>C
EMB,1417441,3) Uncertain significance,embR_c.-94T>C
EMB,1416624,3) Uncertain significance,embR_p.Asp242Tyr
EMB,1416622,3) Uncertain significance,embR_p.Asp242Glu
EMB,1416693,3) Uncertain significance,embR_p.Asp219Asn
EMB,4240058,3) Uncertain significance,embC_p.Thr66Pro
EMB,4241931,3) Uncertain significance,embC_p.Thr690Ile
EMB,4241996,3) Uncertain significance,embC_p.Thr712Ala
EMB,4242032,3) Uncertain significance,embC_p.Thr724Ala
EMB,4242105,3) Uncertain significance,embC_p.Thr748Ile
EMB,4242218,3) Uncertain significance,embC_p.Thr786Ala
EMB,4242308,3) Uncertain significance,embC_p.Thr816Ala
EMB,4242479,3) Uncertain significance,embC_p.Thr873Ala
EMB,4242518,3) Uncertain significance,embC_p.Thr886Ala
EMB,4242770,3) Uncertain significance,embC_p.Thr970Pro
EMB,4242996,3) Uncertain significance,embC_p.Val1045Glu
EMB,4240187,3) Uncertain significance,embC_p.Val109Met
EMB,4240280,3) Uncertain significance,embC_p.Val140Ile
EMB,4240301,3) Uncertain significance,embC_p.Val147Met
EMB,4240376,3) Uncertain significance,embC_p.Val172Met
EMB,4239917,3) Uncertain significance,embC_p.Val19Leu
EMB,4240515,3) Uncertain significance,embC_p.Val218Ala
EMB,4240574,3) Uncertain significance,embC_p.Val238Ile
EMB,4240598,3) Uncertain significance,embC_p.Val246Met
EMB,4240871,3) Uncertain significance,embC_p.Val337Ile
EMB,4239962,3) Uncertain significance,embC_p.Val34Met
EMB,4240935,3) Uncertain significance,embC_p.Val358Ala
EMB,4239965,3) Uncertain significance,embC_p.Val35Met
EMB,4241307,3) Uncertain significance,embC_p.Val482Ala
EMB,4241504,3) Uncertain significance,embC_p.Val548Met
EMB,4241735,3) Uncertain significance,embC_p.Val625Leu
EMB,4241876,3) Uncertain significance,embC_p.Val672Leu
EMB,4241687,3) Uncertain significance,embC_p.Thr609Ser
EMB,4242008,3) Uncertain significance,embC_p.Val716Met
EMB,4241687,3) Uncertain significance,embC_p.Thr609Ala
EMB,4240923,3) Uncertain significance,embC_p.Thr354Asn
EMB,4241528,3) Uncertain significance,embC_p.Arg556Ser
EMB,4241703,3) Uncertain significance,embC_p.Arg614Pro
EMB,4241924,3) Uncertain significance,embC_p.Arg688Cys
EMB,4241925,3) Uncertain significance,embC_p.Arg688Leu
EMB,4241946,3) Uncertain significance,embC_p.Arg695Gln
EMB,4241958,3) Uncertain significance,embC_p.Arg699Leu
EMB,4242267,3) Uncertain significance,embC_p.Arg802His
EMB,4242279,3) Uncertain significance,embC_p.Arg806Leu
EMB,4242375,3) Uncertain significance,embC_p.Arg838Gln
EMB,4242402,3) Uncertain significance,embC_p.Arg847His
EMB,4242471,3) Uncertain significance,embC_p.Arg870Leu
EMB,4242768,3) Uncertain significance,embC_p.Arg969His
EMB,4240181,3) Uncertain significance,embC_p.Ser107Ala
EMB,4239908,3) Uncertain significance,embC_p.Ser16Pro
EMB,4240505,3) Uncertain significance,embC_p.Ser215Ala
EMB,4240668,3) Uncertain significance,embC_p.Ser269Leu
EMB,4241120,3) Uncertain significance,embC_p.Ser420Gly
EMB,4241502,3) Uncertain significance,embC_p.Ser547Leu
EMB,4241514,3) Uncertain significance,embC_p.Ser551Trp
EMB,4240067,3) Uncertain significance,embC_p.Ser69Arg
EMB,4242969,3) Uncertain significance,embC_p.Thr1036Asn
EMB,4242993,3) Uncertain significance,embC_p.Thr1044Lys
EMB,4240314,3) Uncertain significance,embC_p.Thr151Ile
EMB,4240335,3) Uncertain significance,embC_p.Thr158Ile
EMB,4240620,3) Uncertain significance,embC_p.Thr253Ile
EMB,4240686,3) Uncertain significance,embC_p.Thr275Ile
EMB,4240818,3) Uncertain significance,embC_p.Thr319Ile
EMB,4241576,3) Uncertain significance,embC_p.Thr572Ala
EMB,4269118,3) Uncertain significance,ubiA_p.Glu239Ala
EMB,4242242,3) Uncertain significance,embC_p.Val794Ile
EMB,4242434,3) Uncertain significance,embC_p.Val858Met
EMB,1417361,3) Uncertain significance,embR_c.-14A>G
EMB,1416816,3) Uncertain significance,embR_p.Ala178Thr
EMB,1416809,3) Uncertain significance,embR_p.Ala180Asp
EMB,1416800,3) Uncertain significance,embR_p.Ala183Val
EMB,1416789,3) Uncertain significance,embR_p.Ala187Pro
EMB,1416789,3) Uncertain significance,embR_p.Ala187Thr
EMB,1416500,3) Uncertain significance,embR_p.Ala283Gly
EMB,1416479,3) Uncertain significance,embR_p.Ala290Val
EMB,1417344,3) Uncertain significance,embR_p.Ala2Thr
EMB,1417230,3) Uncertain significance,embR_p.Ala40Thr
EMB,1417390,3) Uncertain significance,embR_c.-43A>G
EMB,1417405,3) Uncertain significance,embR_c.-58A>C
EMB,1417175,3) Uncertain significance,embR_p.Ala58Asp
EMB,1417406,3) Uncertain significance,embR_c.-59A>G
EMB,1417335,3) Uncertain significance,embR_p.Ala5Thr
EMB,1417408,3) Uncertain significance,embR_c.-61A>G
EMB,1417146,3) Uncertain significance,embR_p.Ala68Thr
EMB,1417091,3) Uncertain significance,embR_p.Ala86Gly
EMB,1417092,3) Uncertain significance,embR_p.Ala86Thr
EMB,1416798,3) Uncertain significance,embR_p.Cys184Arg
EMB,1417378,3) Uncertain significance,embR_c.-31C>T
EMB,1417389,3) Uncertain significance,embR_c.-42C>T
EMB,1417016,3) Uncertain significance,embR_p.Asp111Gly
EMB,1416896,3) Uncertain significance,embR_p.Asp151Ala
EMB,1416883,3) Uncertain significance,embR_p.Asp155Glu
EMB,1416885,3) Uncertain significance,embR_p.Asp155Asn
EMB,1416885,3) Uncertain significance,embR_p.Asp155Tyr
EMB,1416926,3) Uncertain significance,embR_p.Ala141Glu
EMB,4242434,3) Uncertain significance,embC_p.Val858Leu
EMB,1416986,3) Uncertain significance,embR_p.Ala121Val
EMB,1417249,3) Uncertain significance,embR_p.Val28_Pro33del
EMB,4242689,3) Uncertain significance,embC_p.Val943Ile
EMB,4242822,3) Uncertain significance,embC_p.Val987Ala
EMB,4243021,3) Uncertain significance,embC_p.Trp1053Cys
EMB,4243019,3) Uncertain significance,embC_p.Trp1053Arg
EMB,4240666,3) Uncertain significance,embC_p.Trp268Cys
EMB,4240890,3) Uncertain significance,embC_p.Trp343Leu
EMB,4243058,3) Uncertain significance,embC_p.Tyr1066His
EMB,1417348,3) Uncertain significance,embR_c.-2delC
EMB,1416226,3) Uncertain significance,embR_p.His374fs
EMB,1416224,3) Uncertain significance,embR_p.Glu375fs
EMB,1417152,3) Uncertain significance,embR_p.Ser66fs
EMB,1417111,3) Uncertain significance,embR_p.Leu79fs
EMB,1417064,3) Uncertain significance,embR_p.Val93_Leu94del
EMB,1417379,3) Uncertain significance,embR_c.-33_-32insC
EMB,1417009,3) Uncertain significance,embR_p.Ser104_Gly113delinsArg
EMB,1416974,3) Uncertain significance,embR_p.His124_Ala125delinsPro
EMB,1416901,3) Uncertain significance,embR_p.Val149fs
EMB,1416869,3) Uncertain significance,embR_p.Glu160fs
EMB,1416854,3) Uncertain significance,embR_p.Asp152_Thr164del
EMB,1416807,3) Uncertain significance,embR_p.Lys177_Ala180del
EMB,1416670,3) Uncertain significance,embR_p.Gly226fs
EMB,1416668,3) Uncertain significance,embR_p.Tyr215fs
EMB,1416618,3) Uncertain significance,embR_p.Gly244fs
EMB,1416612,3) Uncertain significance,embR_p.Thr246fs
EMB,1416552,3) Uncertain significance,embR_p.Asp261fs
EMB,1416493,3) Uncertain significance,embR_p.Gly285fs
EMB,1416422,3) Uncertain significance,embR_p.Arg309fs
EMB,1416999,3) Uncertain significance,embR_p.Ala117Thr
EMB,4269539,3) Uncertain significance,ubiA_p.Glu99Lys
EMB,4269416,3) Uncertain significance,ubiA_p.Phe140Val
EMB,4269307,3) Uncertain significance,ubiA_p.Phe176Cys
EMB,4248148,3) Uncertain significance,embB_p.Ile545Met
EMB,4248195,3) Uncertain significance,embB_p.Lys561Met
EMB,4248972,3) Uncertain significance,embB_p.Lys820Thr
EMB,4249622,3) Uncertain significance,embB_p.Leu1037Ile
EMB,4246563,3) Uncertain significance,embB_p.Leu17Trp
EMB,4249424,3) Uncertain significance,embB_p.Leu971Val
EMB,4248237,3) Uncertain significance,embB_p.Met575Arg
EMB,4248236,3) Uncertain significance,embB_p.Met575Val
EMB,4249225,3) Uncertain significance,embB_p.Met904Ile
EMB,4249260,3) Uncertain significance,embB_p.Met916Thr
EMB,4246786,3) Uncertain significance,embB_p.Met91Ile
EMB,4246898,3) Uncertain significance,embB_p.Asn129Asp
EMB,4249785,3) Uncertain significance,embB_p.Pro1091Gln
EMB,4246548,3) Uncertain significance,embB_p.Pro12Gln
EMB,4246940,3) Uncertain significance,embB_p.Pro143Ser
EMB,4247625,3) Uncertain significance,embB_p.Pro371Arg
EMB,4248810,3) Uncertain significance,embB_p.Pro766Arg
EMB,4248965,3) Uncertain significance,embB_p.Pro818Thr
EMB,4248984,3) Uncertain significance,embB_p.Pro824Leu
EMB,4246944,3) Uncertain significance,embB_p.Gln144Pro
EMB,4247282,3) Uncertain significance,embB_p.Arg257Trp
EMB,4247313,3) Uncertain significance,embB_p.Arg267Gln
EMB,4247613,3) Uncertain significance,embB_p.Arg367His
EMB,4246869,3) Uncertain significance,embB_p.Ser119Ile
EMB,4246869,3) Uncertain significance,embB_p.Ser119Asn
EMB,4247952,3) Uncertain significance,embB_p.Ser480Leu
EMB,4247136,3) Uncertain significance,embB_p.Thr208Ile
EMB,4247979,3) Uncertain significance,embB_p.Ile489Thr
EMB,4247147,3) Uncertain significance,embB_p.Thr212Ala
EMB,4246608,3) Uncertain significance,embB_p.Ile32Thr
EMB,4249020,3) Uncertain significance,embB_p.Gly836Glu
EMB,4247676,3) Uncertain significance,embB_p.Ala388Asp
EMB,4247829,3) Uncertain significance,embB_p.Ala439Val
EMB,4247967,3) Uncertain significance,embB_p.Ala485Val
EMB,4248170,3) Uncertain significance,embB_p.Ala553Thr
EMB,4246526,3) Uncertain significance,embB_p.Ala5Thr
EMB,4248335,3) Uncertain significance,embB_p.Ala608Thr
EMB,4248590,3) Uncertain significance,embB_p.Ala693Thr
EMB,4248614,3) Uncertain significance,embB_p.Ala701Thr
EMB,4248684,3) Uncertain significance,embB_p.Ala724Val
EMB,4248795,3) Uncertain significance,embB_p.Ala761Val
EMB,4248908,3) Uncertain significance,embB_p.Ala799Thr
EMB,4248914,3) Uncertain significance,embB_p.Ala801Thr
EMB,4246794,3) Uncertain significance,embB_p.Ala94Val
EMB,4247086,3) Uncertain significance,embB_p.Asp191Glu
EMB,4247445,3) Uncertain significance,embB_p.Asp311Ala
EMB,4247573,3) Uncertain significance,embB_p.Asp354Asn
EMB,4248785,3) Uncertain significance,embB_p.Asp758Asn
EMB,4249369,3) Uncertain significance,embB_p.Asp952Glu
EMB,4249422,3) Uncertain significance,embB_p.Asp970Gly
EMB,4246926,3) Uncertain significance,embB_p.Glu138Gly
EMB,4247501,3) Uncertain significance,embB_p.Phe330Ile
EMB,4248396,3) Uncertain significance,embB_p.Phe628Ser
EMB,4248540,3) Uncertain significance,embB_p.Phe676Ser
EMB,4247093,3) Uncertain significance,embB_p.Gly194Arg
EMB,4246614,3) Uncertain significance,embB_p.Gly34Val
EMB,4247840,3) Uncertain significance,embB_p.Gly443Ser
EMB,4248756,3) Uncertain significance,embB_p.Gly748Glu
EMB,4248572,3) Uncertain significance,embB_p.His687Tyr
EMB,4247324,3) Uncertain significance,embB_p.Ala271Thr
EMB,4248006,3) Uncertain significance,embB_p.Thr498Ile
EMB,4248902,3) Uncertain significance,embB_p.Thr797Pro
EMB,4242495,3) Uncertain significance,embC_p.Asp878Gly
EMB,4242571,3) Uncertain significance,embC_p.Asp903Glu
EMB,4242704,3) Uncertain significance,embC_p.Asp948Asn
EMB,4241862,3) Uncertain significance,embC_p.Glu667Val
EMB,4240430,3) Uncertain significance,embC_p.Gly190Ser
EMB,4241537,3) Uncertain significance,embC_p.Gly559Arg
EMB,4242300,3) Uncertain significance,embC_p.Gly813Glu
EMB,4240870,3) Uncertain significance,embC_p.His336Gln
EMB,4242595,3) Uncertain significance,embC_p.His911Gln
EMB,4241151,3) Uncertain significance,embC_p.Ile430Thr
EMB,4241567,3) Uncertain significance,embC_p.Ile569Val
EMB,4242755,3) Uncertain significance,embC_p.Ile965Leu
EMB,4239990,3) Uncertain significance,embC_p.Leu43Pro
EMB,4241241,3) Uncertain significance,embC_p.Leu460Arg
EMB,4240915,3) Uncertain significance,embC_p.Met351Ile
EMB,4242176,3) Uncertain significance,embC_p.Pro772Ala
EMB,4242233,3) Uncertain significance,embC_p.Pro791Thr
EMB,4242444,3) Uncertain significance,embC_p.Pro861Leu
EMB,4240450,3) Uncertain significance,embC_p.Gln196His
EMB,4241335,3) Uncertain significance,embC_p.Gln491His
EMB,4242087,3) Uncertain significance,embC_p.Gln742Arg
EMB,4240959,3) Uncertain significance,embC_p.Arg366Leu
EMB,4241247,3) Uncertain significance,embC_p.Arg462Leu
EMB,4241529,3) Uncertain significance,embC_p.Arg556Leu
EMB,4241718,3) Uncertain significance,embC_p.Arg619Gln
EMB,4241945,3) Uncertain significance,embC_p.Arg695Trp
EMB,4242296,3) Uncertain significance,embC_p.Asp812Asn
EMB,4248107,3) Uncertain significance,embB_p.Thr532Ala
EMB,4242275,3) Uncertain significance,embC_p.Asp805Asn
EMB,4243013,3) Uncertain significance,embC_p.Asp1051Asn
EMB,4249655,3) Uncertain significance,embB_p.Val1048Ile
EMB,4246916,3) Uncertain significance,embB_p.Val135Met
EMB,4247358,3) Uncertain significance,embB_p.Val282Ala
EMB,4247618,3) Uncertain significance,embB_p.Val369Met
EMB,4246629,3) Uncertain significance,embB_p.Val39Gly
EMB,4247754,3) Uncertain significance,embB_p.Val414Gly
EMB,4247867,3) Uncertain significance,embB_p.Val452Leu
EMB,4248209,3) Uncertain significance,embB_p.Val566Met
EMB,4248516,3) Uncertain significance,embB_p.Val668Ala
EMB,4246712,3) Uncertain significance,embB_p.Val67Leu
EMB,4248744,3) Uncertain significance,embB_p.Val744Ala
EMB,4248776,3) Uncertain significance,embB_p.Val755Ile
EMB,4248860,3) Uncertain significance,embB_p.Val783Ile
EMB,4248375,3) Uncertain significance,embB_p.Trp621Ser
EMB,4248950,3) Uncertain significance,embB_p.Tyr813Asp
EMB,4242483,3) Uncertain significance,embC_p.Asp878_Arg879insSerGluGlnArgAsp
EMB,4243037,3) Uncertain significance,embC_p.Ala1059Thr
EMB,4240781,3) Uncertain significance,embC_p.Ala307Thr
EMB,4241312,3) Uncertain significance,embC_p.Ala484Thr
EMB,4241375,3) Uncertain significance,embC_p.Ala505Thr
EMB,4241544,3) Uncertain significance,embC_p.Ala561Val
EMB,4241546,3) Uncertain significance,embC_p.Ala562Pro
EMB,4241853,3) Uncertain significance,embC_p.Ala664Glu
EMB,4239878,3) Uncertain significance,embC_p.Ala6Thr
EMB,4242095,3) Uncertain significance,embC_p.Ala745Thr
EMB,4242635,3) Uncertain significance,embC_p.Ala925Thr
EMB,4241093,3) Uncertain significance,embC_p.Cys411Arg
EMB,4240247,3) Uncertain significance,embC_p.Asp129Asn
EMB,4248078,3) Uncertain significance,embB_p.Asn522Thr
EMB,4247207,3) Uncertain significance,embB_p.Ala232Thr
EMB,4247099,3) Uncertain significance,embB_p.Ala196Thr
EMB,4269520,3) Uncertain significance,ubiA_p.Val105Ala
EMB,4269515,3) Uncertain significance,ubiA_p.Val107Met
EMB,4269502,3) Uncertain significance,ubiA_p.Val111Gly
EMB,4269445,3) Uncertain significance,ubiA_p.Val130Ala
EMB,4269446,3) Uncertain significance,ubiA_p.Val130Ile
EMB,4269392,3) Uncertain significance,ubiA_p.Val148Met
EMB,4269272,3) Uncertain significance,ubiA_p.Val188Leu
EMB,4269148,3) Uncertain significance,ubiA_p.Val229Gly
EMB,4269755,3) Uncertain significance,ubiA_p.Val27Leu
EMB,4269688,3) Uncertain significance,ubiA_p.Val49Ala
EMB,4269689,3) Uncertain significance,ubiA_p.Val49Phe
EMB,4269671,3) Uncertain significance,ubiA_p.Val55Met
EMB,4269602,3) Uncertain significance,ubiA_p.Val78Ile
EMB,4269547,3) Uncertain significance,ubiA_p.Val96Ala
EMB,4269697,3) Uncertain significance,ubiA_p.Tyr46Cys
EMB,4245303,3) Uncertain significance,embA_p.Val693dup
EMB,4246446,3) Uncertain significance,embA_p.Ala1072Thr
EMB,4243557,3) Uncertain significance,embA_p.Ala109Thr
EMB,4243612,3) Uncertain significance,embA_p.Ala127Val
EMB,4244190,3) Uncertain significance,embA_p.Ala320Thr
EMB,4244877,3) Uncertain significance,embA_p.Ala549Pro
EMB,4244902,3) Uncertain significance,embA_p.Ala557Val
EMB,4244973,3) Uncertain significance,embA_p.Ala581Thr
EMB,4244988,3) Uncertain significance,embA_p.Ala586Thr
EMB,4245010,3) Uncertain significance,embA_p.Ala593Val
EMB,4245393,3) Uncertain significance,embA_p.Ala721Thr
EMB,4245993,3) Uncertain significance,embA_p.Ala921Ser
EMB,4268953,3) Uncertain significance,ubiA_p.Thr294Met
EMB,4243204,3) Uncertain significance,embA_c.-29C>T
EMB,4269187,3) Uncertain significance,ubiA_p.Thr216Ser
EMB,4268996,3) Uncertain significance,ubiA_p.Arg280Gly
EMB,4269658,3) Uncertain significance,ubiA_p.Phe59Cys
EMB,4269658,3) Uncertain significance,ubiA_p.Phe59Ser
EMB,4269413,3) Uncertain significance,ubiA_p.Gly141Ser
EMB,4269340,3) Uncertain significance,ubiA_p.Gly165Ala
EMB,4269340,3) Uncertain significance,ubiA_p.Gly165Val
EMB,4269032,3) Uncertain significance,ubiA_p.Gly268Ser
EMB,4269707,3) Uncertain significance,ubiA_p.Gly43Ser
EMB,4269839,3) Uncertain significance,ubiA_c.-6G>T
EMB,4269245,3) Uncertain significance,ubiA_p.His197Asn
EMB,4269245,3) Uncertain significance,ubiA_p.His197Tyr
EMB,"4269299,4269298",3) Uncertain significance,ubiA_p.Ile179Ala
EMB,4269299,3) Uncertain significance,ubiA_p.Ile179Leu
EMB,4269059,3) Uncertain significance,ubiA_p.Ile259Val
EMB,4269313,3) Uncertain significance,ubiA_p.Lys174Thr
EMB,4269211,3) Uncertain significance,ubiA_p.Lys208Arg
EMB,4269439,3) Uncertain significance,ubiA_p.Leu132His
EMB,4269319,3) Uncertain significance,ubiA_p.Leu172Pro
EMB,4269319,3) Uncertain significance,ubiA_p.Leu172Gln
EMB,4269242,3) Uncertain significance,ubiA_p.Leu198Val
EMB,4269743,3) Uncertain significance,ubiA_p.Leu31Val
EMB,4269737,3) Uncertain significance,ubiA_p.Leu33Met
EMB,4269715,3) Uncertain significance,ubiA_p.Leu40Ser
EMB,4269450,3) Uncertain significance,ubiA_p.Met128Ile
EMB,4269274,3) Uncertain significance,ubiA_p.Met187Thr
EMB,4269805,3) Uncertain significance,ubiA_p.Pro10Gln
EMB,4269469,3) Uncertain significance,ubiA_p.Pro122Leu
EMB,4269767,3) Uncertain significance,ubiA_p.Pro23Ser
EMB,4269570,3) Uncertain significance,ubiA_p.Arg88Ser
EMB,4247208,3) Uncertain significance,embB_p.Ala232Glu
EMB,4243759,3) Uncertain significance,embA_p.Asp176Ala
EMB,4243701,3) Uncertain significance,embA_p.Gly157Cys
EMB,4245829,3) Uncertain significance,embA_p.Arg866Gln
EMB,4246281,3) Uncertain significance,embA_p.Ser1017Ala
EMB,4243981,3) Uncertain significance,embA_p.Ser250Asn
EMB,4243378,3) Uncertain significance,embA_p.Ser49Thr
EMB,4243531,3) Uncertain significance,embA_p.Thr100Ser
EMB,4246272,3) Uncertain significance,embA_p.Thr1014Ala
EMB,4243945,3) Uncertain significance,embA_p.Thr238Asn
EMB,4244154,3) Uncertain significance,embA_p.Thr308Pro
EMB,4244532,3) Uncertain significance,embA_p.Thr434Pro
EMB,4244929,3) Uncertain significance,embA_p.Thr566Met
EMB,4245003,3) Uncertain significance,embA_p.Thr591Pro
EMB,4245043,3) Uncertain significance,embA_p.Thr604Arg
EMB,4243151,3) Uncertain significance,embA_c.-82T>C
EMB,4246180,3) Uncertain significance,embA_p.Thr983Ile
EMB,4246464,3) Uncertain significance,embA_p.Val1078Met
EMB,4243284,3) Uncertain significance,embA_p.Val18Ile
EMB,4244403,3) Uncertain significance,embA_p.Val391Ile
EMB,4244403,3) Uncertain significance,embA_p.Val391Leu
EMB,4244418,3) Uncertain significance,embA_p.Val396Met
EMB,"4244604,4244605",3) Uncertain significance,embA_p.Val458Pro
EMB,4244832,3) Uncertain significance,embA_p.Val534Leu
EMB,4245112,3) Uncertain significance,embA_p.Val627Ala
EMB,4245324,3) Uncertain significance,embA_p.Val698Ile
EMB,4243524,3) Uncertain significance,embA_p.Val98Leu
EMB,4249455,3) Uncertain significance,embB_p.Gln982del
EMB,4249731,3) Uncertain significance,embB_p.Ala1073Val
EMB,4249739,3) Uncertain significance,embB_p.Ala1076Thr
EMB,4245738,3) Uncertain significance,embA_p.Arg836Gly
EMB,4243533,3) Uncertain significance,embA_p.Gly101Ser
EMB,4243435,3) Uncertain significance,embA_p.Arg68Pro
EMB,4246371,3) Uncertain significance,embA_p.Arg1047Gly
EMB,4243770,3) Uncertain significance,embA_p.Gly180Arg
EMB,4244194,3) Uncertain significance,embA_p.Gly321Ala
EMB,4244275,3) Uncertain significance,embA_p.Gly348Ala
EMB,4245019,3) Uncertain significance,embA_p.Gly596Asp
EMB,4243157,3) Uncertain significance,embA_c.-76G>A
EMB,4243519,3) Uncertain significance,embA_p.Gly96Asp
EMB,4246146,3) Uncertain significance,embA_p.Gly972Arg
EMB,4245226,3) Uncertain significance,embA_p.His665Arg
EMB,4245225,3) Uncertain significance,embA_p.His665Tyr
EMB,4243654,3) Uncertain significance,embA_p.Ile141Thr
EMB,4244889,3) Uncertain significance,embA_p.Ile553Leu
EMB,4245862,3) Uncertain significance,embA_p.Ile877Thr
EMB,4245680,3) Uncertain significance,embA_p.Lys816Asn
EMB,4244014,3) Uncertain significance,embA_p.Leu261Ser
EMB,4244805,3) Uncertain significance,embA_p.Leu525Met
EMB,4246131,3) Uncertain significance,embA_p.Leu967Met
EMB,4243690,3) Uncertain significance,embA_p.Met153Thr
EMB,4245346,3) Uncertain significance,embA_p.Met705Thr
EMB,4243560,3) Uncertain significance,embA_p.Asn110Asp
EMB,4243720,3) Uncertain significance,embA_p.Pro163Leu
EMB,4244374,3) Uncertain significance,embA_p.Pro381Leu
EMB,4245166,3) Uncertain significance,embA_p.Pro645Gln
EMB,4245166,3) Uncertain significance,embA_p.Pro645Arg
EMB,4245745,3) Uncertain significance,embA_p.Pro838Leu
EMB,4246158,3) Uncertain significance,embA_p.Pro976Thr
EMB,4243373,3) Uncertain significance,embA_p.Gln47His
EMB,4243264,3) Uncertain significance,embA_p.Arg11Gln
EMB,4249612,3) Uncertain significance,embB_p.Asn1033Lys
EMB,4248229,3) Uncertain significance,embB_p.Trp572Cys
EMB,4247910,3) Uncertain significance,embB_p.Leu466Ser
BDQ,2222981,3) Uncertain significance,Rv1979c_p.Ala62Thr
CFZ,2222981,3) Uncertain significance,Rv1979c_p.Ala62Thr
BDQ,2222969,3) Uncertain significance,Rv1979c_p.Ala66Ser
CFZ,2222969,3) Uncertain significance,Rv1979c_p.Ala66Ser
BDQ,2222915,3) Uncertain significance,Rv1979c_p.Ala84Thr
CFZ,2222915,3) Uncertain significance,Rv1979c_p.Ala84Thr
BDQ,2223182,3) Uncertain significance,Rv1979c_c.-18C>T
CFZ,2223182,3) Uncertain significance,Rv1979c_c.-18C>T
BDQ,2223260,3) Uncertain significance,Rv1979c_c.-96C>T
CFZ,2223260,3) Uncertain significance,Rv1979c_c.-96C>T
BDQ,2222801,3) Uncertain significance,Rv1979c_p.Phe122Leu
CFZ,2222801,3) Uncertain significance,Rv1979c_p.Phe122Leu
BDQ,2222267,3) Uncertain significance,Rv1979c_p.Phe300Val
CFZ,2222267,3) Uncertain significance,Rv1979c_p.Phe300Val
BDQ,2222009,3) Uncertain significance,Rv1979c_p.Phe386Val
CFZ,2222009,3) Uncertain significance,Rv1979c_p.Phe386Val
BDQ,2223271,3) Uncertain significance,Rv1979c_c.-107G>A
CFZ,2223271,3) Uncertain significance,Rv1979c_c.-107G>A
BDQ,2223287,3) Uncertain significance,Rv1979c_c.-123G>T
CFZ,2223287,3) Uncertain significance,Rv1979c_c.-123G>T
BDQ,2223289,3) Uncertain significance,Rv1979c_c.-125G>C
BDQ,2223183,3) Uncertain significance,Rv1979c_c.-19G>A
CFZ,2223183,3) Uncertain significance,Rv1979c_c.-19G>A
BDQ,2222518,3) Uncertain significance,Rv1979c_p.Gly216Asp
CFZ,2222518,3) Uncertain significance,Rv1979c_p.Gly216Asp
BDQ,2223223,3) Uncertain significance,Rv1979c_c.-59A>G
BDQ,2223131,3) Uncertain significance,Rv1979c_p.His12Tyr
CFZ,2223017,3) Uncertain significance,Rv1979c_p.Ala50Thr
CFZ,2223026,3) Uncertain significance,Rv1979c_p.Ala47Thr
CFZ,2222780,3) Uncertain significance,Rv1979c_p.Asp129fs
BDQ,2222447,3) Uncertain significance,Rv1979c_p.Asn240fs
BDQ,2222851,3) Uncertain significance,Rv1979c_p.Ala105Asp
CFZ,2222851,3) Uncertain significance,Rv1979c_p.Ala105Asp
BDQ,2223136,3) Uncertain significance,Rv1979c_p.Ala10Val
CFZ,2223136,3) Uncertain significance,Rv1979c_p.Ala10Val
BDQ,2222789,3) Uncertain significance,Rv1979c_p.Ala126Thr
CFZ,2222789,3) Uncertain significance,Rv1979c_p.Ala126Thr
BDQ,2223294,3) Uncertain significance,Rv1979c_c.-130A>C
CFZ,2223294,3) Uncertain significance,Rv1979c_c.-130A>C
BDQ,2223342,3) Uncertain significance,Rv1979c_c.-178A>C
CFZ,2223342,3) Uncertain significance,Rv1979c_c.-178A>C
BDQ,2222561,3) Uncertain significance,Rv1979c_p.Ala202Ser
CFZ,2222561,3) Uncertain significance,Rv1979c_p.Ala202Ser
BDQ,2222426,3) Uncertain significance,Rv1979c_p.Ala247Thr
CFZ,2222426,3) Uncertain significance,Rv1979c_p.Ala247Thr
BDQ,2222389,3) Uncertain significance,Rv1979c_p.Ala259Glu
CFZ,2222389,3) Uncertain significance,Rv1979c_p.Ala259Glu
BDQ,2223190,3) Uncertain significance,Rv1979c_c.-26A>C
CFZ,2223190,3) Uncertain significance,Rv1979c_c.-26A>C
BDQ,2222033,3) Uncertain significance,Rv1979c_p.Ala378Thr
CFZ,2222033,3) Uncertain significance,Rv1979c_p.Ala378Thr
BDQ,2221952,3) Uncertain significance,Rv1979c_p.Ala405Pro
CFZ,2221952,3) Uncertain significance,Rv1979c_p.Ala405Pro
BDQ,2223026,3) Uncertain significance,Rv1979c_p.Ala47Thr
BDQ,2223017,3) Uncertain significance,Rv1979c_p.Ala50Thr
BDQ,2221955,3) Uncertain significance,Rv1979c_p.His404Tyr
CFZ,2221955,3) Uncertain significance,Rv1979c_p.His404Tyr
BDQ,2222488,3) Uncertain significance,Rv1979c_p.Ile226Thr
BDQ,2222759,3) Uncertain significance,Rv1979c_p.Val136Leu
BDQ,2222596,3) Uncertain significance,Rv1979c_p.Val190Ala
CFZ,2222596,3) Uncertain significance,Rv1979c_p.Val190Ala
BDQ,2223164,3) Uncertain significance,Rv1979c_p.Val1=
CFZ,2223164,3) Uncertain significance,Rv1979c_p.Val1=
BDQ,2223162,3) Uncertain significance,Rv1979c_p.Val1?
CFZ,2223162,3) Uncertain significance,Rv1979c_p.Val1?
BDQ,2222537,3) Uncertain significance,Rv1979c_p.Val210Phe
CFZ,2222537,3) Uncertain significance,Rv1979c_p.Val210Phe
BDQ,2222015,3) Uncertain significance,Rv1979c_p.Val384Ile
CFZ,2222015,3) Uncertain significance,Rv1979c_p.Val384Ile
BDQ,2221918,3) Uncertain significance,Rv1979c_p.Val416Ala
CFZ,2221918,3) Uncertain significance,Rv1979c_p.Val416Ala
BDQ,2221898,3) Uncertain significance,Rv1979c_p.Val423Leu
CFZ,2221898,3) Uncertain significance,Rv1979c_p.Val423Leu
BDQ,2221790,3) Uncertain significance,Rv1979c_p.Val459Ile
CFZ,2221790,3) Uncertain significance,Rv1979c_p.Val459Ile
BDQ,2222879,3) Uncertain significance,Rv1979c_p.Val96Ile
BDQ,2222847,3) Uncertain significance,Rv1979c_p.Trp106*
CFZ,2222847,3) Uncertain significance,Rv1979c_p.Trp106*
BDQ,2222929,3) Uncertain significance,Rv1979c_p.Tyr79Cys
CFZ,2222929,3) Uncertain significance,Rv1979c_p.Tyr79Cys
BDQ,776273,3) Uncertain significance,mmpL5_p.Ala736_Lys737insArgIleAla
CFZ,776273,3) Uncertain significance,mmpL5_p.Ala736_Lys737insArgIleAla
BDQ,775727,3) Uncertain significance,mmpL5_p.Thr918fs
BDQ,2223208,3) Uncertain significance,Rv1979c_c.-44T>G
CFZ,2222455,3) Uncertain significance,Rv1979c_p.Ser237Leu
BDQ,2222455,3) Uncertain significance,Rv1979c_p.Ser237Leu
CFZ,2222510,3) Uncertain significance,Rv1979c_p.Ser219Ala
CFZ,2222488,3) Uncertain significance,Rv1979c_p.Ile226Thr
BDQ,2222452,3) Uncertain significance,Rv1979c_p.Ile238Thr
CFZ,2222452,3) Uncertain significance,Rv1979c_p.Ile238Thr
BDQ,2222398,3) Uncertain significance,Rv1979c_p.Ile256Thr
CFZ,2222398,3) Uncertain significance,Rv1979c_p.Ile256Thr
BDQ,2221984,3) Uncertain significance,Rv1979c_p.Ile394Thr
CFZ,2221984,3) Uncertain significance,Rv1979c_p.Ile394Thr
BDQ,2222479,3) Uncertain significance,Rv1979c_p.Leu229Ser
BDQ,2222177,3) Uncertain significance,Rv1979c_p.Leu330Val
CFZ,2222177,3) Uncertain significance,Rv1979c_p.Leu330Val
BDQ,2221910,3) Uncertain significance,Rv1979c_p.Leu419Phe
CFZ,2221910,3) Uncertain significance,Rv1979c_p.Leu419Phe
BDQ,2222780,3) Uncertain significance,Rv1979c_p.Asp129fs
BDQ,2222341,3) Uncertain significance,Rv1979c_p.Met275Thr
BDQ,2222275,3) Uncertain significance,Rv1979c_p.Asn297Ser
BDQ,2221786,3) Uncertain significance,Rv1979c_p.Pro460Leu
CFZ,2221786,3) Uncertain significance,Rv1979c_p.Pro460Leu
BDQ,2223155,3) Uncertain significance,Rv1979c_p.Pro4Ala
CFZ,2223155,3) Uncertain significance,Rv1979c_p.Pro4Ala
BDQ,2222012,3) Uncertain significance,Rv1979c_p.Gln385*
CFZ,2222012,3) Uncertain significance,Rv1979c_p.Gln385*
BDQ,2222902,3) Uncertain significance,Rv1979c_p.Arg88Leu
CFZ,2222902,3) Uncertain significance,Rv1979c_p.Arg88Leu
BDQ,2222548,3) Uncertain significance,Rv1979c_p.Ser206Leu
CFZ,2222548,3) Uncertain significance,Rv1979c_p.Ser206Leu
BDQ,2222510,3) Uncertain significance,Rv1979c_p.Ser219Ala
CFZ,2222341,3) Uncertain significance,Rv1979c_p.Met275Thr
CFZ,2222864,3) Uncertain significance,Rv1979c_p.Ile100del
BDQ,2222864,3) Uncertain significance,Rv1979c_p.Ile100del
CFZ,2221862,3) Uncertain significance,Rv1979c_p.Ala429fs
BDQ,779125,3) Uncertain significance,Rv0678_p.Cys46Gly
CFZ,779125,3) Uncertain significance,Rv0678_p.Cys46Gly
BDQ,779125,3) Uncertain significance,Rv0678_p.Cys46Arg
BDQ,779003,3) Uncertain significance,Rv0678_p.Asp5Gly
BDQ,779012,3) Uncertain significance,Rv0678_p.Asp8Gly
BDQ,779300,3) Uncertain significance,Rv0678_p.Glu104Gly
CFZ,779300,3) Uncertain significance,Rv0678_p.Glu104Gly
BDQ,779326,3) Uncertain significance,Rv0678_p.Glu113Lys
CFZ,779326,3) Uncertain significance,Rv0678_p.Glu113Lys
BDQ,779050,3) Uncertain significance,Rv0678_p.Glu21Lys
CFZ,779050,3) Uncertain significance,Rv0678_p.Glu21Lys
BDQ,779062,3) Uncertain significance,Rv0678_p.Gly25Cys
CFZ,779062,3) Uncertain significance,Rv0678_p.Gly25Cys
BDQ,779248,3) Uncertain significance,Rv0678_p.Gly87Arg
CFZ,779248,3) Uncertain significance,Rv0678_p.Gly87Arg
BDQ,779229,3) Uncertain significance,Rv0678_p.Ile80Met
CFZ,779229,3) Uncertain significance,Rv0678_p.Ile80Met
BDQ,779228,3) Uncertain significance,Rv0678_p.Ile80Ser
CFZ,779228,3) Uncertain significance,Rv0678_p.Ile80Ser
BDQ,779084,3) Uncertain significance,Rv0678_p.Leu32Ser
CFZ,779084,3) Uncertain significance,Rv0678_p.Leu32Ser
BDQ,779108,3) Uncertain significance,Rv0678_p.Leu40Ser
CFZ,779108,3) Uncertain significance,Rv0678_p.Leu40Ser
BDQ,779209,3) Uncertain significance,Rv0678_p.Leu74Met
BDQ,779209,3) Uncertain significance,Rv0678_p.Leu74Val
CFZ,779173,3) Uncertain significance,Rv0678_p.Ala62Thr
BDQ,779173,3) Uncertain significance,Rv0678_p.Ala62Thr
CFZ,779165,3) Uncertain significance,Rv0678_p.Ala59Val
BDQ,779165,3) Uncertain significance,Rv0678_p.Ala59Val
CFZ,2859359,3) Uncertain significance,pepQ_p.Thr354Ala
BDQ,2860118,3) Uncertain significance,pepQ_p.Val101Leu
CFZ,2860118,3) Uncertain significance,pepQ_p.Val101Leu
BDQ,2860418,3) Uncertain significance,pepQ_p.Val1=
BDQ,2859449,3) Uncertain significance,pepQ_p.Val324Met
CFZ,2859449,3) Uncertain significance,pepQ_p.Val324Met
BDQ,2859391,3) Uncertain significance,pepQ_p.Val343Ala
CFZ,2859391,3) Uncertain significance,pepQ_p.Val343Ala
BDQ,779121,3) Uncertain significance,Rv0678_p.Asp47fs
BDQ,779135,3) Uncertain significance,Rv0678_p.Arg50dup
CFZ,779135,3) Uncertain significance,Rv0678_p.Arg50dup
BDQ,779007,3) Uncertain significance,Rv0678_p.Val7del
CFZ,779209,3) Uncertain significance,Rv0678_p.Leu74Val
CFZ,779007,3) Uncertain significance,Rv0678_p.Val7del
BDQ,779018,3) Uncertain significance,Rv0678_p.Gly11fs
CFZ,779018,3) Uncertain significance,Rv0678_p.Gly11fs
BDQ,779360,3) Uncertain significance,Rv0678_p.Leu125fs
CFZ,779360,3) Uncertain significance,Rv0678_p.Leu125fs
BDQ,779390,3) Uncertain significance,Rv0678_p.Arg135_Glu138del
BDQ,779407,3) Uncertain significance,Rv0678_p.Asp141fs
CFZ,779407,3) Uncertain significance,Rv0678_p.Asp141fs
BDQ,779454,3) Uncertain significance,Rv0678_p.Arg156fs
CFZ,779454,3) Uncertain significance,Rv0678_p.Arg156fs
BDQ,779481,3) Uncertain significance,Rv0678_p.Asp165fs
BDQ,779291,3) Uncertain significance,Rv0678_p.Ala101Glu
CFZ,779291,3) Uncertain significance,Rv0678_p.Ala101Glu
BDQ,779200,3) Uncertain significance,Rv0678_p.Arg72fs
CFZ,775727,3) Uncertain significance,mmpL5_p.Thr918fs
BDQ,779237,3) Uncertain significance,Rv0678_p.Leu83Pro
BDQ,779019,3) Uncertain significance,Rv0678_p.Met10Ile
BDQ,779463,3) Uncertain significance,Rv0678_p.Ser158Arg
CFZ,779463,3) Uncertain significance,Rv0678_p.Ser158Arg
BDQ,778994,3) Uncertain significance,Rv0678_p.Ser2Ile
CFZ,778994,3) Uncertain significance,Rv0678_p.Ser2Ile
BDQ,779143,3) Uncertain significance,Rv0678_p.Ser52Pro
CFZ,779143,3) Uncertain significance,Rv0678_p.Ser52Pro
BDQ,779191,3) Uncertain significance,Rv0678_p.Ser68Gly
CFZ,779191,3) Uncertain significance,Rv0678_p.Ser68Gly
BDQ,"779192,779193",3) Uncertain significance,Rv0678_p.Ser68Ile
BDQ,779161,3) Uncertain significance,Rv0678_p.Thr58Pro
BDQ,779048,3) Uncertain significance,Rv0678_p.Val20Ala
CFZ,779048,3) Uncertain significance,Rv0678_p.Val20Ala
BDQ,779243,3) Uncertain significance,Rv0678_p.Val85Ala
CFZ,779243,3) Uncertain significance,Rv0678_p.Val85Ala
BDQ,779113,3) Uncertain significance,Rv0678_p.Trp42Arg
CFZ,779113,3) Uncertain significance,Rv0678_p.Trp42Arg
BDQ,779066,3) Uncertain significance,Rv0678_p.Tyr26Cys
CFZ,779066,3) Uncertain significance,Rv0678_p.Tyr26Cys
BDQ,2223274,3) Uncertain significance,Rv1979c_c.-111delC
CFZ,2223274,3) Uncertain significance,Rv1979c_c.-111delC
BDQ,2223176,3) Uncertain significance,Rv1979c_c.-13_-12insC
CFZ,2223176,3) Uncertain significance,Rv1979c_c.-13_-12insC
BDQ,2221862,3) Uncertain significance,Rv1979c_p.Ala429fs
CFZ,779275,3) Uncertain significance,Rv0678_p.Arg96Trp
BDQ,779275,3) Uncertain significance,Rv0678_p.Arg96Trp
BDQ,779276,3) Uncertain significance,Rv0678_p.Arg96Leu
CFZ,779275,3) Uncertain significance,Rv0678_p.Arg96Gly
BDQ,779038,3) Uncertain significance,Rv0678_p.Met17Val
CFZ,779038,3) Uncertain significance,Rv0678_p.Met17Val
BDQ,779197,3) Uncertain significance,Rv0678_p.Asn70Asp
BDQ,779030,3) Uncertain significance,Rv0678_p.Pro14Leu
CFZ,779030,3) Uncertain significance,Rv0678_p.Pro14Leu
BDQ,779029,3) Uncertain significance,Rv0678_p.Pro14Ser
CFZ,779029,3) Uncertain significance,Rv0678_p.Pro14Ser
BDQ,779332,3) Uncertain significance,Rv0678_p.Gln115*
CFZ,779332,3) Uncertain significance,Rv0678_p.Gln115*
BDQ,779054,3) Uncertain significance,Rv0678_p.Gln22Arg
CFZ,779054,3) Uncertain significance,Rv0678_p.Gln22Arg
BDQ,779140,3) Uncertain significance,Rv0678_p.Gln51Lys
CFZ,779237,3) Uncertain significance,Rv0678_p.Leu83Pro
CFZ,779140,3) Uncertain significance,Rv0678_p.Gln51Lys
BDQ,779315,3) Uncertain significance,Rv0678_p.Arg109Gln
CFZ,779315,3) Uncertain significance,Rv0678_p.Arg109Gln
BDQ,779456,3) Uncertain significance,Rv0678_p.Arg156Gln
CFZ,779456,3) Uncertain significance,Rv0678_p.Arg156Gln
BDQ,779101,3) Uncertain significance,Rv0678_p.Arg38*
CFZ,779101,3) Uncertain significance,Rv0678_p.Arg38*
BDQ,779138,3) Uncertain significance,Rv0678_p.Arg50Gln
BDQ,779203,3) Uncertain significance,Rv0678_p.Arg72Trp
CFZ,779203,3) Uncertain significance,Rv0678_p.Arg72Trp
BDQ,779269,3) Uncertain significance,Rv0678_p.Arg94Trp
CFZ,779269,3) Uncertain significance,Rv0678_p.Arg94Trp
BDQ,779275,3) Uncertain significance,Rv0678_p.Arg96Gly
BDQ,779308,3) Uncertain significance,Rv0678_p.Arg107Cys
BDQ,778134,3) Uncertain significance,mmpL5_p.Arg115fs
BDQ,777630,3) Uncertain significance,mmpL5_p.Arg284fs
CFZ,777630,3) Uncertain significance,mmpL5_p.Arg284fs
BDQ,2859859,3) Uncertain significance,pepQ_p.Ala187Glu
CFZ,2859859,3) Uncertain significance,pepQ_p.Ala187Glu
BDQ,2859695,3) Uncertain significance,pepQ_p.Ala242Thr
CFZ,2859695,3) Uncertain significance,pepQ_p.Ala242Thr
BDQ,2859841,3) Uncertain significance,pepQ_p.Ile193Thr
CFZ,2859841,3) Uncertain significance,pepQ_p.Ile193Thr
BDQ,2859437,3) Uncertain significance,pepQ_p.Val328Phe
CFZ,2859437,3) Uncertain significance,pepQ_p.Val328Phe
BDQ,779339,3) Uncertain significance,Rv0678_p.Leu117Arg
CFZ,779339,3) Uncertain significance,Rv0678_p.Leu117Arg
BDQ,778995,3) Uncertain significance,Rv0678_p.Ser2Arg
CFZ,778995,3) Uncertain significance,Rv0678_p.Ser2Arg
BDQ,2222841,3) Uncertain significance,Rv1979c_p.Val108fs
CFZ,2222841,3) Uncertain significance,Rv1979c_p.Val108fs
BDQ,2222476,3) Uncertain significance,Rv1979c_p.Leu229del
CFZ,2222476,3) Uncertain significance,Rv1979c_p.Leu229del
BDQ,2223284,3) Uncertain significance,Rv1979c_c.-120C>T
CFZ,2223284,3) Uncertain significance,Rv1979c_c.-120C>T
BDQ,2222902,3) Uncertain significance,Rv1979c_p.Arg88His
CFZ,2222902,3) Uncertain significance,Rv1979c_p.Arg88His
BDQ,2222380,3) Uncertain significance,Rv1979c_p.Ser262Leu
CFZ,2222380,3) Uncertain significance,Rv1979c_p.Ser262Leu
BDQ,2222347,3) Uncertain significance,Rv1979c_p.Val273Ala
CFZ,2222347,3) Uncertain significance,Rv1979c_p.Val273Ala
BDQ,2221897,3) Uncertain significance,Rv1979c_p.Val423Ala
CFZ,2860048,3) Uncertain significance,pepQ_p.Ala124Val
BDQ,2860048,3) Uncertain significance,pepQ_p.Ala124Val
CFZ,778835,3) Uncertain significance,mmpS5_p.Thr24Met
BDQ,778835,3) Uncertain significance,mmpS5_p.Thr24Met
BDQ,2222918,3) Uncertain significance,Rv1979c_p.Thr83Ala
CFZ,2222918,3) Uncertain significance,Rv1979c_p.Thr83Ala
BDQ,2223160,3) Uncertain significance,Rv1979c_p.Val2Ala
CFZ,2223160,3) Uncertain significance,Rv1979c_p.Val2Ala
BDQ,777431,3) Uncertain significance,mmpL5_p.Ala350del
CFZ,777431,3) Uncertain significance,mmpL5_p.Ala350del
BDQ,777076,3) Uncertain significance,mmpL5_p.Lys467fs
CFZ,777076,3) Uncertain significance,mmpL5_p.Lys467fs
BDQ,777663,3) Uncertain significance,mmpL5_p.Ala273Gly
CFZ,777663,3) Uncertain significance,mmpL5_p.Ala273Gly
BDQ,778099,3) Uncertain significance,mmpL5_p.Asp128Asn
CFZ,778099,3) Uncertain significance,mmpL5_p.Asp128Asn
CFZ,2221897,3) Uncertain significance,Rv1979c_p.Val423Ala
BDQ,776312,3) Uncertain significance,mmpL5_p.Glu723Asp
BDQ,776371,3) Uncertain significance,mmpL5_p.Gly704Cys
CFZ,776371,3) Uncertain significance,mmpL5_p.Gly704Cys
BDQ,777838,3) Uncertain significance,mmpL5_p.Ile215Val
CFZ,777838,3) Uncertain significance,mmpL5_p.Ile215Val
BDQ,"775639,775638",3) Uncertain significance,mmpL5_p.Ile948Ala
CFZ,"775639,775638",3) Uncertain significance,mmpL5_p.Ile948Ala
BDQ,777824,3) Uncertain significance,mmpL5_p.Leu219Phe
CFZ,777824,3) Uncertain significance,mmpL5_p.Leu219Phe
EMB,4246785,3) Uncertain significance,embB_p.Met91Thr
CFZ,777942,3) Uncertain significance,mmpL5_p.Pro180Leu
BDQ,777472,3) Uncertain significance,mmpL5_p.Val337Met
CFZ,777472,3) Uncertain significance,mmpL5_p.Val337Met
CFZ,776312,3) Uncertain significance,mmpL5_p.Glu723Asp
CFZ,2222092,3) Uncertain significance,Rv1979c_p.Ser358Leu
BDQ,2221864,3) Uncertain significance,Rv1979c_p.Tyr434Cys
BDQ,778270,3) Uncertain significance,mmpL5_p.Ser71Pro
CFZ,777171,3) Uncertain significance,mmpL5_p.His437Arg
BDQ,777841,3) Uncertain significance,mmpL5_p.Val214Leu
CFZ,777841,3) Uncertain significance,mmpL5_p.Val214Leu
BDQ,2860213,3) Uncertain significance,pepQ_p.Pro69Leu
CFZ,2860213,3) Uncertain significance,pepQ_p.Pro69Leu
BDQ,2222076,3) Uncertain significance,Rv1979c_p.Ser352fs
CFZ,2222076,3) Uncertain significance,Rv1979c_p.Ser352fs
BDQ,2223233,3) Uncertain significance,Rv1979c_c.-69G>C
CFZ,2223233,3) Uncertain significance,Rv1979c_c.-69G>C
BDQ,2223234,3) Uncertain significance,Rv1979c_c.-70G>A
CFZ,2223234,3) Uncertain significance,Rv1979c_c.-70G>A
BDQ,2223010,3) Uncertain significance,Rv1979c_p.Val52Gly
CFZ,2223010,3) Uncertain significance,Rv1979c_p.Val52Gly
CFZ,779127,3) Uncertain significance,Rv0678_p.Asp47fs
BDQ,2223318,3) Uncertain significance,Rv1979c_c.-154A>G
CFZ,2223318,3) Uncertain significance,Rv1979c_c.-154A>G
BDQ,778086,3) Uncertain significance,mmpL5_p.Asp132fs
CFZ,778086,3) Uncertain significance,mmpL5_p.Asp132fs
BDQ,779154,3) Uncertain significance,Rv0678_p.Glu55Asp
CFZ,779154,3) Uncertain significance,Rv0678_p.Glu55Asp
BDQ,776181,3) Uncertain significance,mmpL5_p.Asp767Ala
CFZ,776181,3) Uncertain significance,mmpL5_p.Asp767Ala
BDQ,2222730,3) Uncertain significance,Rv1979c_p.Phe144fs
CFZ,2222730,3) Uncertain significance,Rv1979c_p.Phe144fs
BDQ,777171,3) Uncertain significance,mmpL5_p.His437Arg
CFZ,776826,3) Uncertain significance,mmpL5_p.Glu552Gly
BDQ,776826,3) Uncertain significance,mmpL5_p.Glu552Gly
CFZ,2223297,3) Uncertain significance,Rv1979c_c.-133G>C
CFZ,778270,3) Uncertain significance,mmpL5_p.Ser71Pro
BDQ,775800,3) Uncertain significance,mmpL5_p.Ser894*
CFZ,775800,3) Uncertain significance,mmpL5_p.Ser894*
BDQ,2860399,3) Uncertain significance,pepQ_p.Arg7Gln
CFZ,2860399,3) Uncertain significance,pepQ_p.Arg7Gln
BDQ,779181,3) Uncertain significance,Rv0678_p.Ile67fs
CFZ,779181,3) Uncertain significance,Rv0678_p.Ile67fs
BDQ,2222645,3) Uncertain significance,Rv1979c_p.Leu174Phe
CFZ,2222645,3) Uncertain significance,Rv1979c_p.Leu174Phe
BDQ,776947,3) Uncertain significance,mmpL5_p.Glu512Gln
CFZ,776947,3) Uncertain significance,mmpL5_p.Glu512Gln
BDQ,778305,3) Uncertain significance,mmpL5_p.Ile59Thr
CFZ,2221864,3) Uncertain significance,Rv1979c_p.Tyr434Cys
CFZ,778305,3) Uncertain significance,mmpL5_p.Ile59Thr
CFZ,776723,3) Uncertain significance,mmpL5_p.Tyr586*
BDQ,778941,3) Uncertain significance,mmpS5_c.-36A>G
CFZ,778941,3) Uncertain significance,mmpS5_c.-36A>G
BDQ,779281,3) Uncertain significance,Rv0678_p.Asn98Asp
CFZ,779281,3) Uncertain significance,Rv0678_p.Asn98Asp
BDQ,2223053,3) Uncertain significance,Rv1979c_p.Glu38Lys
CFZ,2223053,3) Uncertain significance,Rv1979c_p.Glu38Lys
BDQ,2221957,3) Uncertain significance,Rv1979c_p.Glu403Gly
CFZ,2221957,3) Uncertain significance,Rv1979c_p.Glu403Gly
BDQ,2223297,3) Uncertain significance,Rv1979c_c.-133G>C
BDQ,776723,3) Uncertain significance,mmpL5_p.Tyr586*
BDQ,2859359,3) Uncertain significance,pepQ_p.Thr354Ala
BDQ,2222092,3) Uncertain significance,Rv1979c_p.Ser358Leu
BDQ,2222092,3) Uncertain significance,Rv1979c_p.Ser358*
CFZ,776166,3) Uncertain significance,mmpL5_p.Asn772Ser
BDQ,776137,3) Uncertain significance,mmpL5_p.Ser782Ala
CFZ,776137,3) Uncertain significance,mmpL5_p.Ser782Ala
BDQ,776665,3) Uncertain significance,mmpL5_p.Thr606Ala
CFZ,776665,3) Uncertain significance,mmpL5_p.Thr606Ala
BDQ,777336,3) Uncertain significance,mmpL5_p.Val382Ala
BDQ,775983,3) Uncertain significance,mmpL5_p.Trp833*
CFZ,775983,3) Uncertain significance,mmpL5_p.Trp833*
BDQ,775675,3) Uncertain significance,mmpL5_p.Trp936Arg
CFZ,775675,3) Uncertain significance,mmpL5_p.Trp936Arg
BDQ,778509,3) Uncertain significance,mmpS5_p.Ala133Thr
CFZ,778509,3) Uncertain significance,mmpS5_p.Ala133Thr
BDQ,778883,3) Uncertain significance,mmpS5_p.Ala8Val
CFZ,778883,3) Uncertain significance,mmpS5_p.Ala8Val
BDQ,778936,3) Uncertain significance,mmpS5_c.-31C>G
CFZ,778936,3) Uncertain significance,mmpS5_c.-31C>G
BDQ,778660,3) Uncertain significance,mmpS5_p.Asp82Glu
CFZ,778660,3) Uncertain significance,mmpS5_p.Asp82Glu
BDQ,778580,3) Uncertain significance,mmpS5_p.Gly109Asp
CFZ,778580,3) Uncertain significance,mmpS5_p.Gly109Asp
BDQ,778581,3) Uncertain significance,mmpS5_p.Gly109Ser
CFZ,778581,3) Uncertain significance,mmpS5_p.Gly109Ser
BDQ,778518,3) Uncertain significance,mmpS5_p.Gly130Arg
BDQ,778820,3) Uncertain significance,mmpS5_p.Arg29Leu
CFZ,778820,3) Uncertain significance,mmpS5_p.Arg29Leu
BDQ,776166,3) Uncertain significance,mmpL5_p.Asn772Ser
CFZ,775772,3) Uncertain significance,mmpL5_p.Met903Ile
BDQ,775772,3) Uncertain significance,mmpL5_p.Met903Ile
CFZ,775807,3) Uncertain significance,mmpL5_p.Met892Val
BDQ,777792,3) Uncertain significance,mmpL5_p.Ala230Val
BDQ,777406,3) Uncertain significance,mmpL5_p.Ala359Thr
CFZ,777406,3) Uncertain significance,mmpL5_p.Ala359Thr
BDQ,775795,3) Uncertain significance,mmpL5_p.Ala896Thr
CFZ,775795,3) Uncertain significance,mmpL5_p.Ala896Thr
BDQ,777211,3) Uncertain significance,mmpL5_p.Asp424Asn
CFZ,777211,3) Uncertain significance,mmpL5_p.Asp424Asn
BDQ,777117,3) Uncertain significance,mmpL5_p.Asp455Gly
CFZ,777117,3) Uncertain significance,mmpL5_p.Asp455Gly
BDQ,777295,3) Uncertain significance,mmpL5_p.Gly396Cys
CFZ,777295,3) Uncertain significance,mmpL5_p.Gly396Cys
BDQ,777052,3) Uncertain significance,mmpL5_p.Gly477Arg
BDQ,778614,3) Uncertain significance,mmpS5_p.Ser98Pro
CFZ,777052,3) Uncertain significance,mmpL5_p.Gly477Arg
CFZ,776656,3) Uncertain significance,mmpL5_p.Gly609Arg
BDQ,778116,3) Uncertain significance,mmpL5_p.His122Arg
CFZ,778116,3) Uncertain significance,mmpL5_p.His122Arg
BDQ,776712,3) Uncertain significance,mmpL5_p.His590Pro
CFZ,776712,3) Uncertain significance,mmpL5_p.His590Pro
BDQ,776287,3) Uncertain significance,mmpL5_p.Ile732Val
CFZ,776287,3) Uncertain significance,mmpL5_p.Ile732Val
BDQ,776546,3) Uncertain significance,mmpL5_p.Met645Ile
CFZ,776546,3) Uncertain significance,mmpL5_p.Met645Ile
BDQ,776483,3) Uncertain significance,mmpL5_p.Met666Ile
CFZ,776483,3) Uncertain significance,mmpL5_p.Met666Ile
BDQ,775807,3) Uncertain significance,mmpL5_p.Met892Val
BDQ,776656,3) Uncertain significance,mmpL5_p.Gly609Arg
CFZ,2222092,3) Uncertain significance,Rv1979c_p.Ser358*
CFZ,778614,3) Uncertain significance,mmpS5_p.Ser98Pro
CFZ,778896,3) Uncertain significance,mmpS5_p.Thr4Pro
CFZ,2222595,3) Uncertain significance,Rv1979c_p.Gln188fs
BDQ,2222852,3) Uncertain significance,Rv1979c_p.Ala105Thr
CFZ,2222852,3) Uncertain significance,Rv1979c_p.Ala105Thr
BDQ,2222693,3) Uncertain significance,Rv1979c_p.Ala158Thr
CFZ,2222693,3) Uncertain significance,Rv1979c_p.Ala158Thr
BDQ,2223332,3) Uncertain significance,Rv1979c_c.-168A>C
CFZ,2223332,3) Uncertain significance,Rv1979c_c.-168A>C
BDQ,2223332,3) Uncertain significance,Rv1979c_c.-168A>G
CFZ,2223332,3) Uncertain significance,Rv1979c_c.-168A>G
BDQ,2223180,3) Uncertain significance,Rv1979c_c.-16A>C
CFZ,2223180,3) Uncertain significance,Rv1979c_c.-16A>C
BDQ,2222273,3) Uncertain significance,Rv1979c_p.Ala298Ser
CFZ,2222273,3) Uncertain significance,Rv1979c_p.Ala298Ser
BDQ,2222173,3) Uncertain significance,Rv1979c_p.Ala331Val
CFZ,2222173,3) Uncertain significance,Rv1979c_p.Ala331Val
BDQ,2222125,3) Uncertain significance,Rv1979c_p.Asp347Gly
CFZ,2222125,3) Uncertain significance,Rv1979c_p.Asp347Gly
BDQ,2222650,3) Uncertain significance,Rv1979c_p.Phe172Ser
CFZ,2222650,3) Uncertain significance,Rv1979c_p.Phe172Ser
BDQ,2222873,3) Uncertain significance,Rv1979c_p.His98Tyr
CFZ,2222873,3) Uncertain significance,Rv1979c_p.His98Tyr
BDQ,2221732,3) Uncertain significance,Rv1979c_p.Pro478Gln
CFZ,2221732,3) Uncertain significance,Rv1979c_p.Pro478Gln
BDQ,2222641,3) Uncertain significance,Rv1979c_p.Ser175Leu
CFZ,2222641,3) Uncertain significance,Rv1979c_p.Ser175Leu
BDQ,2222595,3) Uncertain significance,Rv1979c_p.Gln188fs
CFZ,2222826,3) Uncertain significance,Rv1979c_p.Val114fs
BDQ,2222826,3) Uncertain significance,Rv1979c_p.Val114fs
CFZ,779215,3) Uncertain significance,Rv0678_p.Gln76Glu
BDQ,778706,3) Uncertain significance,mmpS5_p.Val67Gly
CFZ,778706,3) Uncertain significance,mmpS5_p.Val67Gly
BDQ,2859505,3) Uncertain significance,pepQ_p.Ala305Val
CFZ,2859505,3) Uncertain significance,pepQ_p.Ala305Val
BDQ,2859398,3) Uncertain significance,pepQ_p.Thr341Ala
CFZ,2859398,3) Uncertain significance,pepQ_p.Thr341Ala
BDQ,2860109,3) Uncertain significance,pepQ_p.Val104Leu
CFZ,2860109,3) Uncertain significance,pepQ_p.Val104Leu
BDQ,779129,3) Uncertain significance,Rv0678_p.Pro48fs
BDQ,779223,3) Uncertain significance,Rv0678_p.Ile80fs
CFZ,779223,3) Uncertain significance,Rv0678_p.Ile80fs
BDQ,779296,3) Uncertain significance,Rv0678_p.Gly103Ser
BDQ,778896,3) Uncertain significance,mmpS5_p.Thr4Pro
CFZ,779296,3) Uncertain significance,Rv0678_p.Gly103Ser
CFZ,779474,3) Uncertain significance,Rv0678_p.Gly162Glu
BDQ,779312,3) Uncertain significance,Rv0678_p.Ile108Thr
CFZ,779312,3) Uncertain significance,Rv0678_p.Ile108Thr
BDQ,779406,3) Uncertain significance,Rv0678_p.Met139Ile
CFZ,779406,3) Uncertain significance,Rv0678_p.Met139Ile
BDQ,779056,3) Uncertain significance,Rv0678_p.Met23Val
CFZ,779056,3) Uncertain significance,Rv0678_p.Met23Val
BDQ,779000,3) Uncertain significance,Rv0678_p.Asn4Thr
CFZ,779000,3) Uncertain significance,Rv0678_p.Asn4Thr
BDQ,779215,3) Uncertain significance,Rv0678_p.Gln76Glu
BDQ,779474,3) Uncertain significance,Rv0678_p.Gly162Glu
CFZ,2860122,3) Uncertain significance,pepQ_p.Ser99Arg
BDQ,2860122,3) Uncertain significance,pepQ_p.Ser99Arg
CFZ,2860222,3) Uncertain significance,pepQ_p.Ser66Leu
BDQ,775994,3) Uncertain significance,mmpL5_p.His825fs
CFZ,775994,3) Uncertain significance,mmpL5_p.His825fs
BDQ,778454,3) Uncertain significance,mmpL5_p.Thr10fs
CFZ,778454,3) Uncertain significance,mmpL5_p.Thr10fs
BDQ,775616,3) Uncertain significance,mmpL5_p.Ala956fs
CFZ,775616,3) Uncertain significance,mmpL5_p.Ala956fs
BDQ,778092,3) Uncertain significance,mmpL5_p.Trp130fs
CFZ,778092,3) Uncertain significance,mmpL5_p.Trp130fs
BDQ,778063,3) Uncertain significance,mmpL5_p.Ala136_Ala139del
BDQ,777856,3) Uncertain significance,mmpL5_p.Ala209Thr
CFZ,777856,3) Uncertain significance,mmpL5_p.Ala209Thr
BDQ,777793,3) Uncertain significance,mmpL5_p.Ala230Thr
CFZ,777793,3) Uncertain significance,mmpL5_p.Ala230Thr
BDQ,777664,3) Uncertain significance,mmpL5_p.Ala273Thr
CFZ,777664,3) Uncertain significance,mmpL5_p.Ala273Thr
BDQ,777619,3) Uncertain significance,mmpL5_p.Ala288Pro
CFZ,777619,3) Uncertain significance,mmpL5_p.Ala288Pro
BDQ,777328,3) Uncertain significance,mmpL5_p.Ala385Thr
CFZ,777328,3) Uncertain significance,mmpL5_p.Ala385Thr
BDQ,777181,3) Uncertain significance,mmpL5_p.Ala434Thr
CFZ,777181,3) Uncertain significance,mmpL5_p.Ala434Thr
BDQ,778350,3) Uncertain significance,mmpL5_p.Ala44Gly
BDQ,776766,3) Uncertain significance,mmpL5_p.Ala572Val
CFZ,776766,3) Uncertain significance,mmpL5_p.Ala572Val
BDQ,776482,3) Uncertain significance,mmpL5_p.Ala667Ser
CFZ,778234,3) Uncertain significance,mmpL5_p.Phe82fs
BDQ,778234,3) Uncertain significance,mmpL5_p.Phe82fs
BDQ,776278,3) Uncertain significance,mmpL5_p.Ile735fs
BDQ,776299,3) Uncertain significance,mmpL5_p.Ser728fs
CFZ,779141,3) Uncertain significance,Rv0678_p.Gln51Arg
BDQ,779257,3) Uncertain significance,Rv0678_p.Arg90Cys
CFZ,779257,3) Uncertain significance,Rv0678_p.Arg90Cys
BDQ,778979,3) Uncertain significance,mmpS5_c.-74G>T
CFZ,778979,3) Uncertain significance,mmpS5_c.-74G>T
BDQ,1461096,3) Uncertain significance,atpE_p.Ala18Ser
BDQ,1461178,3) Uncertain significance,atpE_p.Ala45Val
BDQ,1461228,3) Uncertain significance,atpE_p.Ala62Thr
BDQ,1461078,3) Uncertain significance,atpE_p.Gly12Ser
BDQ,1461153,3) Uncertain significance,atpE_p.Ser37Ala
CFZ,776482,3) Uncertain significance,mmpL5_p.Ala667Ser
BDQ,1461004,3) Uncertain significance,atpE_c.-41T>C
BDQ,1461159,3) Uncertain significance,atpE_p.Val39Ile
BDQ,777481,3) Uncertain significance,mmpL5_p.Thr334fs
CFZ,777481,3) Uncertain significance,mmpL5_p.Thr334fs
BDQ,777312,3) Uncertain significance,mmpL5_p.Pro390fs
CFZ,777312,3) Uncertain significance,mmpL5_p.Pro390fs
BDQ,777045,3) Uncertain significance,mmpL5_p.Ser479fs
CFZ,777045,3) Uncertain significance,mmpL5_p.Ser479fs
BDQ,776801,3) Uncertain significance,mmpL5_p.Ile555_Gly559del
BDQ,776714,3) Uncertain significance,mmpL5_p.Lys589fs
CFZ,776714,3) Uncertain significance,mmpL5_p.Lys589fs
BDQ,776555,3) Uncertain significance,mmpL5_p.Met638_Met641del
CFZ,776555,3) Uncertain significance,mmpL5_p.Met638_Met641del
BDQ,1461196,3) Uncertain significance,atpE_p.Thr51Ile
BDQ,779141,3) Uncertain significance,Rv0678_p.Gln51Arg
BDQ,776445,3) Uncertain significance,mmpL5_p.Ala679Asp
CFZ,778275,3) Uncertain significance,mmpL5_p.Ala69Val
CFZ,778176,3) Uncertain significance,mmpL5_p.Gly102Asp
BDQ,777939,3) Uncertain significance,mmpL5_p.Gly181Asp
CFZ,777939,3) Uncertain significance,mmpL5_p.Gly181Asp
BDQ,777712,3) Uncertain significance,mmpL5_p.Gly257Arg
CFZ,777712,3) Uncertain significance,mmpL5_p.Gly257Arg
BDQ,777475,3) Uncertain significance,mmpL5_p.Gly336Ser
CFZ,777475,3) Uncertain significance,mmpL5_p.Gly336Ser
BDQ,776968,3) Uncertain significance,mmpL5_p.Gly505Ser
CFZ,776968,3) Uncertain significance,mmpL5_p.Gly505Ser
BDQ,776805,3) Uncertain significance,mmpL5_p.Gly559Ala
CFZ,776805,3) Uncertain significance,mmpL5_p.Gly559Ala
BDQ,776238,3) Uncertain significance,mmpL5_p.Gly748Asp
CFZ,776238,3) Uncertain significance,mmpL5_p.Gly748Asp
BDQ,776206,3) Uncertain significance,mmpL5_p.Gly759Ser
CFZ,776206,3) Uncertain significance,mmpL5_p.Gly759Ser
BDQ,778227,3) Uncertain significance,mmpL5_p.Gly85Glu
CFZ,778227,3) Uncertain significance,mmpL5_p.Gly85Glu
BDQ,775858,3) Uncertain significance,mmpL5_p.Gly875Arg
CFZ,775858,3) Uncertain significance,mmpL5_p.Gly875Arg
BDQ,775854,3) Uncertain significance,mmpL5_p.Gly876Asp
CFZ,775854,3) Uncertain significance,mmpL5_p.Gly876Asp
BDQ,777001,3) Uncertain significance,mmpL5_p.His494Tyr
CFZ,777001,3) Uncertain significance,mmpL5_p.His494Tyr
BDQ,776862,3) Uncertain significance,mmpL5_p.His540Arg
BDQ,776515,3) Uncertain significance,mmpL5_p.His656Tyr
BDQ,778176,3) Uncertain significance,mmpL5_p.Gly102Asp
CFZ,775734,3) Uncertain significance,mmpL5_p.Phe916Ser
BDQ,775734,3) Uncertain significance,mmpL5_p.Phe916Ser
CFZ,778237,3) Uncertain significance,mmpL5_p.Phe82Leu
BDQ,776083,3) Uncertain significance,mmpL5_p.Ala800Ser
BDQ,776079,3) Uncertain significance,mmpL5_p.Ala801Val
BDQ,778458,3) Uncertain significance,mmpL5_p.Ala8Val
CFZ,778458,3) Uncertain significance,mmpL5_p.Ala8Val
BDQ,778098,3) Uncertain significance,mmpL5_p.Asp128Ala
CFZ,778098,3) Uncertain significance,mmpL5_p.Asp128Ala
BDQ,778099,3) Uncertain significance,mmpL5_p.Asp128His
CFZ,778099,3) Uncertain significance,mmpL5_p.Asp128His
BDQ,778053,3) Uncertain significance,mmpL5_p.Asp143Gly
BDQ,776659,3) Uncertain significance,mmpL5_p.Asp608Tyr
CFZ,776659,3) Uncertain significance,mmpL5_p.Asp608Tyr
BDQ,777961,3) Uncertain significance,mmpL5_p.Glu174Gln
BDQ,778275,3) Uncertain significance,mmpL5_p.Ala69Val
CFZ,777961,3) Uncertain significance,mmpL5_p.Glu174Gln
CFZ,777054,3) Uncertain significance,mmpL5_p.Glu476Ala
BDQ,776946,3) Uncertain significance,mmpL5_p.Glu512Ala
CFZ,776946,3) Uncertain significance,mmpL5_p.Glu512Ala
BDQ,776910,3) Uncertain significance,mmpL5_p.Glu524Gly
CFZ,776910,3) Uncertain significance,mmpL5_p.Glu524Gly
BDQ,778234,3) Uncertain significance,mmpL5_p.Glu83Lys
CFZ,778234,3) Uncertain significance,mmpL5_p.Glu83Lys
BDQ,778095,3) Uncertain significance,mmpL5_p.Phe129Ser
CFZ,778095,3) Uncertain significance,mmpL5_p.Phe129Ser
BDQ,776035,3) Uncertain significance,mmpL5_p.Phe816Leu
CFZ,776035,3) Uncertain significance,mmpL5_p.Phe816Leu
BDQ,778237,3) Uncertain significance,mmpL5_p.Phe82Leu
BDQ,777054,3) Uncertain significance,mmpL5_p.Glu476Ala
CFZ,776515,3) Uncertain significance,mmpL5_p.His656Tyr
BDQ,1461227,3) Uncertain significance,atpE_p.Glu61Asp
BDQ,779132,3) Uncertain significance,Rv0678_p.Pro48Leu
AMI,3568795,3) Uncertain significance,whiB7_c.-116A>G
KAN,3568795,3) Uncertain significance,whiB7_c.-116A>G
STM,3568795,3) Uncertain significance,whiB7_c.-116A>G
AMI,4338575,3) Uncertain significance,whiB6_c.-54A>G
CAP,4338575,3) Uncertain significance,whiB6_c.-54A>G
STM,4338575,3) Uncertain significance,whiB6_c.-54A>G
AMI,2715340,3) Uncertain significance,eis_c.-8C>A
KAN,2715340,3) Uncertain significance,eis_c.-8C>A
AMI,4268719,3) Uncertain significance,aftB_p.Asn40Asp
CAP,4268719,3) Uncertain significance,aftB_p.Asn40Asp
AMI,4268861,3) Uncertain significance,aftB_c.-25T>C
CAP,4268861,3) Uncertain significance,aftB_c.-25T>C
AMI,4338635,3) Uncertain significance,whiB6_c.-114A>C
CAP,4338635,3) Uncertain significance,whiB6_c.-114A>C
STM,4338635,3) Uncertain significance,whiB6_c.-114A>C
AMI,620659,3) Uncertain significance,ccsA_p.Arg257Cys
CAP,620659,3) Uncertain significance,ccsA_p.Arg257Cys
AMI,1471842,3) Uncertain significance,rrs_n.-4T>G
CAP,1471842,3) Uncertain significance,rrs_n.-4T>G
KAN,1471842,3) Uncertain significance,rrs_n.-4T>G
LZD,1471842,3) Uncertain significance,rrs_n.-4T>G
STM,1471842,3) Uncertain significance,rrs_n.-4T>G
CAP,4338233,3) Uncertain significance,whiB6_p.Ser97Pro
AMI,4338233,3) Uncertain significance,whiB6_p.Ser97Pro
STM,4338365,3) Uncertain significance,whiB6_p.Cys53Gly
CAP,4338365,3) Uncertain significance,whiB6_p.Cys53Gly
AMI,4267858,3) Uncertain significance,aftB_p.Ile327Val
CAP,4267858,3) Uncertain significance,aftB_p.Ile327Val
AMI,4338441,3) Uncertain significance,whiB6_p.Tyr27*
CAP,4338441,3) Uncertain significance,whiB6_p.Tyr27*
STM,4338441,3) Uncertain significance,whiB6_p.Tyr27*
AMI,4338410,3) Uncertain significance,whiB6_p.Pro38Ala
CAP,4338410,3) Uncertain significance,whiB6_p.Pro38Ala
AMI,4338409,3) Uncertain significance,whiB6_p.Pro38Leu
AMI,3568732,3) Uncertain significance,whiB7_c.-53C>T
STM,3568732,3) Uncertain significance,whiB7_c.-53C>T
AMI,4267431,3) Uncertain significance,aftB_p.Ser469Leu
CAP,4267431,3) Uncertain significance,aftB_p.Ser469Leu
AMI,2715347,3) Uncertain significance,eis_c.-15C>G
KAN,2715347,3) Uncertain significance,eis_c.-15C>G
AMI,4338326,3) Uncertain significance,whiB6_p.Ala66Thr
CAP,4338326,3) Uncertain significance,whiB6_p.Ala66Thr
STM,4338326,3) Uncertain significance,whiB6_p.Ala66Thr
AMI,4338365,3) Uncertain significance,whiB6_p.Cys53Gly
KAN,3568732,3) Uncertain significance,whiB7_c.-53C>T
CFZ,779132,3) Uncertain significance,Rv0678_p.Pro48Leu
CAP,4338409,3) Uncertain significance,whiB6_p.Pro38Leu
AMI,1472723,3) Uncertain significance,rrs_n.878G>A
CFZ,779096,3) Uncertain significance,Rv0678_p.Arg38fs
BDQ,779004,3) Uncertain significance,Rv0678_p.Val7fs
CFZ,779004,3) Uncertain significance,Rv0678_p.Val7fs
BDQ,779313,3) Uncertain significance,Rv0678_p.Ala110fs
BDQ,779284,3) Uncertain significance,Rv0678_p.Ala99Pro
CFZ,779284,3) Uncertain significance,Rv0678_p.Ala99Pro
BDQ,779045,3) Uncertain significance,Rv0678_p.Phe19Ser
BDQ,779350,3) Uncertain significance,Rv0678_p.Gly121Arg
BDQ,779188,3) Uncertain significance,Rv0678_p.Ile67Leu
CFZ,779188,3) Uncertain significance,Rv0678_p.Ile67Leu
BDQ,779189,3) Uncertain significance,Rv0678_p.Ile67Ser
CFZ,779189,3) Uncertain significance,Rv0678_p.Ile67Ser
BDQ,779396,3) Uncertain significance,Rv0678_p.Leu136Pro
CFZ,779396,3) Uncertain significance,Rv0678_p.Leu136Pro
BDQ,779109,3) Uncertain significance,Rv0678_p.Leu40Phe
BDQ,779107,3) Uncertain significance,Rv0678_p.Leu40Met
BDQ,779315,3) Uncertain significance,Rv0678_p.Arg109Pro
BDQ,779192,3) Uncertain significance,Rv0678_p.Ser68Asn
BDQ,778114,3) Uncertain significance,mmpL5_p.Val123Ile
CFZ,778114,3) Uncertain significance,mmpL5_p.Val123Ile
BDQ,2859601,3) Uncertain significance,pepQ_p.Val273fs
BDQ,779263,3) Uncertain significance,Rv0678_p.Tyr92fs
CFZ,779263,3) Uncertain significance,Rv0678_p.Tyr92fs
BDQ,779311,3) Uncertain significance,Rv0678_p.Ile108Val
CFZ,779311,3) Uncertain significance,Rv0678_p.Ile108Val
BDQ,779096,3) Uncertain significance,Rv0678_p.Arg38fs
BDQ,776356,3) Uncertain significance,mmpL5_p.Leu709Ile
CFZ,779096,3) Uncertain significance,Rv0678_p.Ala36Val
BDQ,779096,3) Uncertain significance,Rv0678_p.Ala36Val
CAP,1472723,3) Uncertain significance,rrs_n.878G>A
KAN,1472723,3) Uncertain significance,rrs_n.878G>A
AMI,3568921,3) Uncertain significance,whiB7_c.-242G>C
KAN,3568921,3) Uncertain significance,whiB7_c.-242G>C
STM,3568921,3) Uncertain significance,whiB7_c.-242G>C
AMI,3568854,3) Uncertain significance,whiB7_c.-176delG
KAN,3568854,3) Uncertain significance,whiB7_c.-176delG
AMI,4338242,3) Uncertain significance,whiB6_p.Gln94Glu
CAP,4338242,3) Uncertain significance,whiB6_p.Gln94Glu
STM,4338242,3) Uncertain significance,whiB6_p.Gln94Glu
STM,4338409,3) Uncertain significance,whiB6_p.Pro38Leu
STM,4338371,3) Uncertain significance,whiB6_p.Thr51Pro
STM,4338203,3) Uncertain significance,whiB6_p.Arg107Cys
KAN,3568488,3) Uncertain significance,whiB7_p.Gly64fs
STM,3568857,3) Uncertain significance,whiB7_c.-178C>T
BDQ,2221939,3) Uncertain significance,Rv1979c_p.Arg409Gln
CFZ,2221939,3) Uncertain significance,Rv1979c_p.Arg409Gln
BDQ,779130,3) Uncertain significance,Rv0678_p.Glu49fs
CFZ,779130,3) Uncertain significance,Rv0678_p.Glu49fs
BDQ,2222418,3) Uncertain significance,Rv1979c_p.Asp249Glu
CFZ,2222418,3) Uncertain significance,Rv1979c_p.Asp249Glu
BDQ,2222308,3) Uncertain significance,Rv1979c_p.Asp286Gly
BDQ,779453,3) Uncertain significance,Rv0678_p.Tyr157fs
STM,4338603,3) Uncertain significance,whiB6_c.-82C>T
BDQ,776659,3) Uncertain significance,mmpL5_p.Asp608Asn
BDQ,778252,3) Uncertain significance,mmpL5_p.His77Asn
BDQ,778143,3) Uncertain significance,mmpL5_p.Ile113Thr
CFZ,778969,3) Uncertain significance,mmpS5_c.-65_-64insGAA
BDQ,778912,3) Uncertain significance,mmpS5_c.-9_-8delCG
BDQ,778508,3) Uncertain significance,mmpS5_p.Ala133Val
CFZ,778508,3) Uncertain significance,mmpS5_p.Ala133Val
BDQ,778919,3) Uncertain significance,mmpS5_c.-14A>C
CFZ,778919,3) Uncertain significance,mmpS5_c.-14A>C
BDQ,778970,3) Uncertain significance,mmpS5_c.-65A>G
CFZ,778970,3) Uncertain significance,mmpS5_c.-65A>G
BDQ,778565,3) Uncertain significance,mmpS5_p.Cys114Ser
CFZ,778565,3) Uncertain significance,mmpS5_p.Cys114Ser
BDQ,778927,3) Uncertain significance,mmpS5_c.-22C>T
CFZ,778927,3) Uncertain significance,mmpS5_c.-22C>T
BDQ,778961,3) Uncertain significance,mmpS5_c.-56C>T
CFZ,778961,3) Uncertain significance,mmpS5_c.-56C>T
BDQ,778976,3) Uncertain significance,mmpS5_c.-71C>T
BDQ,778517,3) Uncertain significance,mmpS5_p.Gly130Asp
CFZ,778517,3) Uncertain significance,mmpS5_p.Gly130Asp
BDQ,778924,3) Uncertain significance,mmpS5_c.-19G>A
CFZ,778924,3) Uncertain significance,mmpS5_c.-19G>A
BDQ,778956,3) Uncertain significance,mmpS5_c.-51G>A
CFZ,778956,3) Uncertain significance,mmpS5_c.-51G>A
BDQ,778960,3) Uncertain significance,mmpS5_c.-55G>C
CFZ,778960,3) Uncertain significance,mmpS5_c.-55G>C
BDQ,778965,3) Uncertain significance,mmpS5_c.-60G>A
CFZ,778965,3) Uncertain significance,mmpS5_c.-60G>A
BDQ,778969,3) Uncertain significance,mmpS5_c.-65_-64insGAA
CFZ,778513,3) Uncertain significance,mmpS5_p.Val131_Asp132insThrGlyVal
BDQ,778513,3) Uncertain significance,mmpS5_p.Val131_Asp132insThrGlyVal
CFZ,778868,3) Uncertain significance,mmpS5_p.Leu13fs
CFZ,775657,3) Uncertain significance,mmpL5_p.Val942Ile
BDQ,775591,3) Uncertain significance,mmpL5_p.Val964Leu
CFZ,775591,3) Uncertain significance,mmpL5_p.Val964Leu
BDQ,776689,3) Uncertain significance,mmpL5_p.Trp598Gly
CFZ,776689,3) Uncertain significance,mmpL5_p.Trp598Gly
BDQ,776014,3) Uncertain significance,mmpL5_p.Trp823Arg
CFZ,776014,3) Uncertain significance,mmpL5_p.Trp823Arg
BDQ,775669,3) Uncertain significance,mmpL5_p.Trp938Arg
CFZ,775669,3) Uncertain significance,mmpL5_p.Trp938Arg
BDQ,775626,3) Uncertain significance,mmpL5_p.Trp952Leu
CFZ,775626,3) Uncertain significance,mmpL5_p.Trp952Leu
BDQ,777926,3) Uncertain significance,mmpL5_p.Tyr185*
BDQ,778987,3) Uncertain significance,mmpS5_c.-82G>T
CFZ,777926,3) Uncertain significance,mmpL5_p.Tyr185*
CFZ,777585,3) Uncertain significance,mmpL5_p.Tyr299Cys
BDQ,777250,3) Uncertain significance,mmpL5_p.Tyr411Asp
CFZ,777250,3) Uncertain significance,mmpL5_p.Tyr411Asp
BDQ,776940,3) Uncertain significance,mmpL5_p.Tyr514Cys
CFZ,776940,3) Uncertain significance,mmpL5_p.Tyr514Cys
BDQ,778771,3) Uncertain significance,mmpS5_p.Ala45fs
CFZ,778771,3) Uncertain significance,mmpS5_p.Ala45fs
BDQ,778551,3) Uncertain significance,mmpS5_p.Asp119fs
CFZ,778551,3) Uncertain significance,mmpS5_p.Asp119fs
BDQ,778539,3) Uncertain significance,mmpS5_p.Lys123fs
CFZ,778539,3) Uncertain significance,mmpS5_p.Lys123fs
BDQ,778868,3) Uncertain significance,mmpS5_p.Leu13fs
BDQ,777585,3) Uncertain significance,mmpL5_p.Tyr299Cys
BDQ,775657,3) Uncertain significance,mmpL5_p.Val942Ile
CFZ,778987,3) Uncertain significance,mmpS5_c.-82G>T
CFZ,778560,3) Uncertain significance,mmpS5_p.Ile116Leu
CFZ,2860342,3) Uncertain significance,pepQ_p.Asp26Gly
BDQ,2859888,3) Uncertain significance,pepQ_p.Glu177Asp
CFZ,2859888,3) Uncertain significance,pepQ_p.Glu177Asp
BDQ,2860152,3) Uncertain significance,pepQ_p.Glu89Asp
BDQ,2860166,3) Uncertain significance,pepQ_p.Gly85Cys
BDQ,2860348,3) Uncertain significance,pepQ_p.Ile24Thr
CFZ,2860348,3) Uncertain significance,pepQ_p.Ile24Thr
BDQ,2860336,3) Uncertain significance,pepQ_p.Ile28Arg
CFZ,2860336,3) Uncertain significance,pepQ_p.Ile28Arg
BDQ,2860137,3) Uncertain significance,pepQ_p.Lys94Asn
BDQ,2860099,3) Uncertain significance,pepQ_p.Leu107Arg
CFZ,2860099,3) Uncertain significance,pepQ_p.Leu107Arg
BDQ,2859880,3) Uncertain significance,pepQ_p.Met180Thr
CFZ,2859880,3) Uncertain significance,pepQ_p.Met180Thr
BDQ,2859881,3) Uncertain significance,pepQ_p.Met180Val
CFZ,2859881,3) Uncertain significance,pepQ_p.Met180Val
BDQ,2860067,3) Uncertain significance,pepQ_p.Asn118Asp
CFZ,2860067,3) Uncertain significance,pepQ_p.Asn118Asp
BDQ,2859925,3) Uncertain significance,pepQ_p.Pro165Gln
CFZ,2859925,3) Uncertain significance,pepQ_p.Pro165Gln
BDQ,2859911,3) Uncertain significance,pepQ_p.Arg170Trp
CFZ,2859911,3) Uncertain significance,pepQ_p.Arg170Trp
BDQ,2860030,3) Uncertain significance,pepQ_p.Ser130Leu
CFZ,2860030,3) Uncertain significance,pepQ_p.Ser130Leu
BDQ,2860222,3) Uncertain significance,pepQ_p.Ser66Leu
BDQ,2860342,3) Uncertain significance,pepQ_p.Asp26Gly
BDQ,2860342,3) Uncertain significance,pepQ_p.Asp26Ala
CFZ,2859792,3) Uncertain significance,pepQ_p.Asp209Glu
BDQ,2859792,3) Uncertain significance,pepQ_p.Asp209Glu
BDQ,778781,3) Uncertain significance,mmpS5_p.Lys42Arg
CFZ,778781,3) Uncertain significance,mmpS5_p.Lys42Arg
BDQ,778604,3) Uncertain significance,mmpS5_p.Pro101Arg
BDQ,778748,3) Uncertain significance,mmpS5_p.Pro53Leu
CFZ,778748,3) Uncertain significance,mmpS5_p.Pro53Leu
BDQ,778568,3) Uncertain significance,mmpS5_p.Thr113Asn
CFZ,778568,3) Uncertain significance,mmpS5_p.Thr113Asn
BDQ,778836,3) Uncertain significance,mmpS5_p.Thr24Ala
CFZ,778836,3) Uncertain significance,mmpS5_p.Thr24Ala
BDQ,778895,3) Uncertain significance,mmpS5_p.Thr4Ile
CFZ,778895,3) Uncertain significance,mmpS5_p.Thr4Ile
BDQ,778743,3) Uncertain significance,mmpS5_p.Val55Met
BDQ,778560,3) Uncertain significance,mmpS5_p.Ile116Leu
CFZ,778743,3) Uncertain significance,mmpS5_p.Val55Met
CFZ,778740,3) Uncertain significance,mmpS5_p.Val56Met
BDQ,2860120,3) Uncertain significance,pepQ_p.His100fs
BDQ,2860010,3) Uncertain significance,pepQ_p.Ala137Ser
CFZ,2860010,3) Uncertain significance,pepQ_p.Ala137Ser
BDQ,2859961,3) Uncertain significance,pepQ_p.Ala153Gly
CFZ,2859961,3) Uncertain significance,pepQ_p.Ala153Gly
BDQ,2859631,3) Uncertain significance,pepQ_p.Ala263Val
CFZ,2859631,3) Uncertain significance,pepQ_p.Ala263Val
BDQ,2859310,3) Uncertain significance,pepQ_p.Ala370Val
CFZ,2859310,3) Uncertain significance,pepQ_p.Ala370Val
BDQ,2860097,3) Uncertain significance,pepQ_p.Asp108Asn
CFZ,2860097,3) Uncertain significance,pepQ_p.Asp108Asn
BDQ,778740,3) Uncertain significance,mmpS5_p.Val56Met
CFZ,778252,3) Uncertain significance,mmpL5_p.His77Asn
CFZ,775945,3) Uncertain significance,mmpL5_p.Val846Ile
BDQ,776647,3) Uncertain significance,mmpL5_p.Val612Ile
BDQ,778197,3) Uncertain significance,mmpL5_p.Leu95Arg
CFZ,778197,3) Uncertain significance,mmpL5_p.Leu95Arg
BDQ,778478,3) Uncertain significance,mmpL5_p.Met1=
BDQ,777829,3) Uncertain significance,mmpL5_p.Met218Val
BDQ,777152,3) Uncertain significance,mmpL5_p.Met443Ile
CFZ,777152,3) Uncertain significance,mmpL5_p.Met443Ile
BDQ,777153,3) Uncertain significance,mmpL5_p.Met443Thr
CFZ,777153,3) Uncertain significance,mmpL5_p.Met443Thr
BDQ,776972,3) Uncertain significance,mmpL5_p.Met503Ile
CFZ,776972,3) Uncertain significance,mmpL5_p.Met503Ile
BDQ,776973,3) Uncertain significance,mmpL5_p.Met503Arg
CFZ,776973,3) Uncertain significance,mmpL5_p.Met503Arg
BDQ,776802,3) Uncertain significance,mmpL5_p.Met560Thr
CFZ,776802,3) Uncertain significance,mmpL5_p.Met560Thr
BDQ,776611,3) Uncertain significance,mmpL5_p.Met624Val
CFZ,776611,3) Uncertain significance,mmpL5_p.Met624Val
BDQ,776517,3) Uncertain significance,mmpL5_p.Met655Thr
CFZ,776517,3) Uncertain significance,mmpL5_p.Met655Thr
BDQ,775805,3) Uncertain significance,mmpL5_p.Met892Ile
CFZ,775805,3) Uncertain significance,mmpL5_p.Met892Ile
BDQ,775806,3) Uncertain significance,mmpL5_p.Met892Thr
BDQ,777109,3) Uncertain significance,mmpL5_p.Asn458Asp
CFZ,777109,3) Uncertain significance,mmpL5_p.Asn458Asp
BDQ,777084,3) Uncertain significance,mmpL5_p.Asn466Ser
CFZ,777084,3) Uncertain significance,mmpL5_p.Asn466Ser
CFZ,775973,3) Uncertain significance,mmpL5_p.Leu836Phe
BDQ,775973,3) Uncertain significance,mmpL5_p.Leu836Phe
CFZ,776051,3) Uncertain significance,mmpL5_p.Leu810Phe
BDQ,776051,3) Uncertain significance,mmpL5_p.Leu810Phe
CFZ,778143,3) Uncertain significance,mmpL5_p.Ile113Thr
BDQ,777637,3) Uncertain significance,mmpL5_p.Ile282Leu
CFZ,777637,3) Uncertain significance,mmpL5_p.Ile282Leu
BDQ,777030,3) Uncertain significance,mmpL5_p.Ile484Thr
CFZ,777030,3) Uncertain significance,mmpL5_p.Ile484Thr
BDQ,775996,3) Uncertain significance,mmpL5_p.Ile829Val
CFZ,775996,3) Uncertain significance,mmpL5_p.Ile829Val
BDQ,775960,3) Uncertain significance,mmpL5_p.Ile841Val
CFZ,775960,3) Uncertain significance,mmpL5_p.Ile841Val
BDQ,775753,3) Uncertain significance,mmpL5_p.Ile910Val
CFZ,775753,3) Uncertain significance,mmpL5_p.Ile910Val
BDQ,777081,3) Uncertain significance,mmpL5_p.Lys467Arg
BDQ,777946,3) Uncertain significance,mmpL5_p.Pro179Thr
CFZ,777081,3) Uncertain significance,mmpL5_p.Lys467Arg
CFZ,776545,3) Uncertain significance,mmpL5_p.Lys646Gln
BDQ,776535,3) Uncertain significance,mmpL5_p.Lys649Thr
CFZ,776535,3) Uncertain significance,mmpL5_p.Lys649Thr
BDQ,778243,3) Uncertain significance,mmpL5_p.Lys80Gln
CFZ,778243,3) Uncertain significance,mmpL5_p.Lys80Gln
BDQ,778135,3) Uncertain significance,mmpL5_p.Leu116Val
BDQ,777495,3) Uncertain significance,mmpL5_p.Leu329Arg
CFZ,777495,3) Uncertain significance,mmpL5_p.Leu329Arg
BDQ,776913,3) Uncertain significance,mmpL5_p.Leu523Pro
CFZ,776913,3) Uncertain significance,mmpL5_p.Leu523Pro
BDQ,776682,3) Uncertain significance,mmpL5_p.Leu600Arg
BDQ,776228,3) Uncertain significance,mmpL5_p.Leu751Phe
BDQ,776545,3) Uncertain significance,mmpL5_p.Lys646Gln
BDQ,775945,3) Uncertain significance,mmpL5_p.Val846Ile
CFZ,777946,3) Uncertain significance,mmpL5_p.Pro179Thr
CFZ,777147,3) Uncertain significance,mmpL5_p.Pro445Leu
BDQ,775845,3) Uncertain significance,mmpL5_p.Ser879Leu
CFZ,775845,3) Uncertain significance,mmpL5_p.Ser879Leu
BDQ,778453,3) Uncertain significance,mmpL5_p.Thr10Ala
CFZ,778453,3) Uncertain significance,mmpL5_p.Thr10Ala
BDQ,778453,3) Uncertain significance,mmpL5_p.Thr10Ser
CFZ,778453,3) Uncertain significance,mmpL5_p.Thr10Ser
BDQ,778123,3) Uncertain significance,mmpL5_p.Thr120Ala
CFZ,778123,3) Uncertain significance,mmpL5_p.Thr120Ala
BDQ,778036,3) Uncertain significance,mmpL5_p.Val149Ile
CFZ,778036,3) Uncertain significance,mmpL5_p.Val149Ile
BDQ,778029,3) Uncertain significance,mmpL5_p.Val151Gly
CFZ,778029,3) Uncertain significance,mmpL5_p.Val151Gly
BDQ,777816,3) Uncertain significance,mmpL5_p.Val222Gly
CFZ,777816,3) Uncertain significance,mmpL5_p.Val222Gly
BDQ,777679,3) Uncertain significance,mmpL5_p.Val268Met
CFZ,777679,3) Uncertain significance,mmpL5_p.Val268Met
BDQ,777444,3) Uncertain significance,mmpL5_p.Val346Ala
CFZ,777444,3) Uncertain significance,mmpL5_p.Val346Ala
BDQ,777403,3) Uncertain significance,mmpL5_p.Val360Met
BDQ,777091,3) Uncertain significance,mmpL5_p.Val464Met
CFZ,777091,3) Uncertain significance,mmpL5_p.Val464Met
BDQ,777040,3) Uncertain significance,mmpL5_p.Val481Met
CFZ,777040,3) Uncertain significance,mmpL5_p.Val481Met
BDQ,776646,3) Uncertain significance,mmpL5_p.Val612Gly
CFZ,776646,3) Uncertain significance,mmpL5_p.Val612Gly
CFZ,776520,3) Uncertain significance,mmpL5_p.Ser654Thr
BDQ,776520,3) Uncertain significance,mmpL5_p.Ser654Thr
CFZ,776733,3) Uncertain significance,mmpL5_p.Ser583Asn
BDQ,776733,3) Uncertain significance,mmpL5_p.Ser583Asn
BDQ,775701,3) Uncertain significance,mmpL5_p.Pro927Arg
CFZ,775701,3) Uncertain significance,mmpL5_p.Pro927Arg
BDQ,775642,3) Uncertain significance,mmpL5_p.Pro947Ser
CFZ,775642,3) Uncertain significance,mmpL5_p.Pro947Ser
BDQ,775624,3) Uncertain significance,mmpL5_p.Pro953Ser
CFZ,775624,3) Uncertain significance,mmpL5_p.Pro953Ser
BDQ,777484,3) Uncertain significance,mmpL5_p.Gln333Glu
CFZ,777484,3) Uncertain significance,mmpL5_p.Gln333Glu
BDQ,776971,3) Uncertain significance,mmpL5_p.Gln504*
BDQ,778303,3) Uncertain significance,mmpL5_p.Gln60*
CFZ,778303,3) Uncertain significance,mmpL5_p.Gln60*
BDQ,776377,3) Uncertain significance,mmpL5_p.Gln702*
BDQ,777147,3) Uncertain significance,mmpL5_p.Pro445Leu
CFZ,776377,3) Uncertain significance,mmpL5_p.Gln702*
CFZ,776362,3) Uncertain significance,mmpL5_p.Gln707Lys
BDQ,777750,3) Uncertain significance,mmpL5_p.Arg244Leu
CFZ,777750,3) Uncertain significance,mmpL5_p.Arg244Leu
BDQ,777615,3) Uncertain significance,mmpL5_p.Arg289His
CFZ,777615,3) Uncertain significance,mmpL5_p.Arg289His
BDQ,777342,3) Uncertain significance,mmpL5_p.Arg380His
CFZ,777342,3) Uncertain significance,mmpL5_p.Arg380His
BDQ,778107,3) Uncertain significance,mmpL5_p.Ser125Cys
CFZ,778107,3) Uncertain significance,mmpL5_p.Ser125Cys
BDQ,777166,3) Uncertain significance,mmpL5_p.Ser439Ala
BDQ,776860,3) Uncertain significance,mmpL5_p.Ser541Arg
CFZ,776860,3) Uncertain significance,mmpL5_p.Ser541Arg
BDQ,776362,3) Uncertain significance,mmpL5_p.Gln707Lys
CFZ,776659,3) Uncertain significance,mmpL5_p.Asp608Asn
BDQ,777942,3) Uncertain significance,mmpL5_p.Pro180Leu
CFZ,777451,3) Uncertain significance,mmpL5_p.Val344Leu
DLM,491417,3) Uncertain significance,fgd1_p.Arg212Leu
DLM,491545,3) Uncertain significance,fgd1_p.Thr255Pro
DLM,491135,3) Uncertain significance,fgd1_p.Tyr118Ser
DLM,491270,3) Uncertain significance,fgd1_p.Tyr163Cys
DLM,491023,3) Uncertain significance,fgd1_p.Tyr81His
DLM,3339473,3) Uncertain significance,Rv2983_p.Ala119Val
DLM,3339587,3) Uncertain significance,Rv2983_p.Ala157Glu
DLM,3339745,3) Uncertain significance,Rv2983_p.Ala210Ser
DLM,3339746,3) Uncertain significance,Rv2983_p.Ala210Val
DLM,3339178,3) Uncertain significance,Rv2983_p.Ala21Thr
DLM,3339319,3) Uncertain significance,Rv2983_p.Ala68Thr
DLM,3339117,3) Uncertain significance,Rv2983_c.-1C>A
DLM,491342,3) Uncertain significance,fgd1_p.Arg187His
DLM,3339349,3) Uncertain significance,Rv2983_p.Asp78Asn
DLM,3339337,3) Uncertain significance,Rv2983_p.Gly74Arg
DLM,3339343,3) Uncertain significance,Rv2983_p.Gly76Ser
DLM,3339140,3) Uncertain significance,Rv2983_p.Gly8Asp
DLM,3339154,3) Uncertain significance,Rv2983_p.Ile13Leu
DLM,3339547,3) Uncertain significance,Rv2983_p.Leu144Val
DLM,3339485,3) Uncertain significance,Rv2983_p.Gln123Arg
DLM,3339419,3) Uncertain significance,Rv2983_p.Arg101His
DLM,3339419,3) Uncertain significance,Rv2983_p.Arg101Leu
DLM,3339287,3) Uncertain significance,Rv2983_p.Arg57Leu
DLM,3339232,3) Uncertain significance,Rv2983_p.Val39Met
DLM,3987201,3) Uncertain significance,ddn_p.Ala120Ser
DLM,3986820,3) Uncertain significance,ddn_c.-24C>A
DLM,3339580,3) Uncertain significance,Rv2983_p.Gly155Ser
DLM,490922,3) Uncertain significance,fgd1_p.Gln47Leu
DLM,490936,3) Uncertain significance,fgd1_p.Pro52Ser
DLM,490979,3) Uncertain significance,fgd1_p.Asn66Ser
DLM,1304918,3) Uncertain significance,fbiC_p.Thr663Asn
DLM,1302854,3) Uncertain significance,fbiC_c.-77T>C
DLM,1304023,3) Uncertain significance,fbiC_p.Val365Ile
DLM,1303040,3) Uncertain significance,fbiC_p.Val37Ala
DLM,1303051,3) Uncertain significance,fbiC_p.Val41Met
DLM,1304791,3) Uncertain significance,fbiC_p.Val621Ile
DLM,1305104,3) Uncertain significance,fbiC_p.Val725Ala
DLM,1305163,3) Uncertain significance,fbiC_p.Val745Met
DLM,1304145,3) Uncertain significance,fbiC_p.Trp405Cys
DLM,490811,3) Uncertain significance,fgd1_p.Ala10Val
DLM,491344,3) Uncertain significance,fgd1_p.Ala188Thr
DLM,491429,3) Uncertain significance,fgd1_p.Ala216Gly
DLM,491548,3) Uncertain significance,fgd1_p.Ala256Thr
DLM,490880,3) Uncertain significance,fgd1_p.Asp33Gly
DLM,490839,3) Uncertain significance,fgd1_p.Glu19Asp
DLM,491501,3) Uncertain significance,fgd1_p.Glu240Gly
DLM,491587,3) Uncertain significance,fgd1_p.Glu269Lys
DLM,491616,3) Uncertain significance,fgd1_p.Glu278Asp
DLM,491693,3) Uncertain significance,fgd1_p.Gly304Asp
DLM,491561,3) Uncertain significance,fgd1_p.His260Pro
DLM,491725,3) Uncertain significance,fgd1_p.His315Asp
DLM,491725,3) Uncertain significance,fgd1_p.His315Tyr
DLM,491468,3) Uncertain significance,fgd1_p.Ile229Thr
DLM,491038,3) Uncertain significance,fgd1_p.Ile86Leu
DLM,491330,3) Uncertain significance,fgd1_p.Lys183Thr
DLM,491669,3) Uncertain significance,fgd1_p.Lys296Arg
DLM,491199,3) Uncertain significance,fgd1_p.Met139Ile
DLM,3987052,3) Uncertain significance,ddn_p.Gly70Val
DLM,1302887,3) Uncertain significance,fbiC_c.-44T>C
DLM,3987058,3) Uncertain significance,ddn_p.Arg72Gln
DLM,3640669,3) Uncertain significance,fbiA_p.Ala43Thr
DLM,3339623,3) Uncertain significance,Rv2983_p.Arg169Gln
DLM,3987092,3) Uncertain significance,ddn_p.Glu83Asp
DLM,3987057,3) Uncertain significance,ddn_p.Arg72Trp
DLM,3641158,3) Uncertain significance,fbiA_p.Ala206Thr
DLM,3640606,3) Uncertain significance,fbiA_p.Leu22Val
DLM,3640622,3) Uncertain significance,fbiA_p.Gln27Pro
DLM,3641458,3) Uncertain significance,fbiA_p.Val306Met
DLM,3642055,3) Uncertain significance,fbiB_p.Arg174His
DLM,3642328,3) Uncertain significance,fbiB_p.Arg265Gln
DLM,3642411,3) Uncertain significance,fbiB_p.Arg293Gly
DLM,3642535,3) Uncertain significance,fbiB_p.Arg334Gln
DLM,3642655,3) Uncertain significance,fbiB_p.Thr374Lys
DLM,3339388,3) Uncertain significance,Rv2983_p.Pro91Ser
DLM,3642576,3) Uncertain significance,fbiB_p.Val348Ile
DLM,1302927,3) Uncertain significance,fbiC_c.-4C>T
DLM,1303868,3) Uncertain significance,fbiC_p.Asp313Gly
DLM,1304452,3) Uncertain significance,fbiC_p.Gly508Ser
DLM,1305007,3) Uncertain significance,fbiC_p.Ile693Val
DLM,1305057,3) Uncertain significance,fbiC_p.Met709Ile
DLM,1304990,3) Uncertain significance,fbiC_p.Thr687Met
DLM,1304671,3) Uncertain significance,fbiC_p.Val581Leu
DLM,1305067,3) Uncertain significance,fbiC_p.Val713Leu
DLM,491668,3) Uncertain significance,fgd1_p.Lys296Glu
DLM,491545,3) Uncertain significance,fgd1_p.Thr255Ala
DLM,3339176,3) Uncertain significance,Rv2983_p.Ala20Val
DLM,3339550,3) Uncertain significance,Rv2983_p.Gly145Arg
DLM,1302962,3) Uncertain significance,fbiC_p.Ala11Val
DLM,3339490,3) Uncertain significance,Rv2983_p.Leu125Ile
DLM,3339114,3) Uncertain significance,Rv2983_c.-4C>T
DLM,3339211,3) Uncertain significance,Rv2983_p.Ala32Thr
DLM,3640462,3) Uncertain significance,fbiA_c.-81G>A
DLM,3640901,3) Uncertain significance,fbiA_p.Gln120Arg
DLM,3641778,3) Uncertain significance,fbiB_p.Ala82Thr
DLM,3642844,3) Uncertain significance,fbiB_p.Asp437Gly
DLM,3641802,3) Uncertain significance,fbiB_p.Asp90Asn
DLM,3641946,3) Uncertain significance,fbiB_p.Glu138Lys
DLM,3642507,3) Uncertain significance,fbiB_p.Gly325Ser
DLM,3642550,3) Uncertain significance,fbiB_p.Gln339Arg
DLM,3641740,3) Uncertain significance,fbiB_p.Gln69Arg
DLM,3642292,3) Uncertain significance,fbiB_p.Arg253His
DLM,3642627,3) Uncertain significance,fbiB_p.Arg365Gly
DLM,1304788,3) Uncertain significance,fbiC_p.Ala620Thr
DLM,1305191,3) Uncertain significance,fbiC_p.Ala754Val
DLM,1303745,3) Uncertain significance,fbiC_p.Asp272Gly
DLM,1303826,3) Uncertain significance,fbiC_p.Glu299Val
DLM,1302821,3) Uncertain significance,fbiC_c.-110G>A
DLM,1302916,3) Uncertain significance,fbiC_c.-15G>T
DLM,1302898,3) Uncertain significance,fbiC_c.-33G>A
DLM,1304494,3) Uncertain significance,fbiC_p.Gly522Arg
DLM,1305446,3) Uncertain significance,fbiC_p.Gly839Asp
DLM,1304287,3) Uncertain significance,fbiC_p.Ile453Val
DLM,1305271,3) Uncertain significance,fbiC_p.Ile781Val
DLM,1303445,3) Uncertain significance,fbiC_p.Ser172Cys
DLM,1305215,3) Uncertain significance,fbiC_p.Ser762Asn
DLM,490787,3) Uncertain significance,fgd1_p.Ala2Val
DLM,491284,3) Uncertain significance,fgd1_p.Gly168Arg
DLM,490892,3) Uncertain significance,fgd1_p.Val37Gly
DLM,3641110,3) Uncertain significance,fbiA_p.Ala190Thr
DLM,3986944,3) Uncertain significance,ddn_p.Gly34Glu
DLM,1304863,3) Uncertain significance,fbiC_p.Ser645Gly
DLM,1302949,3) Uncertain significance,fbiC_p.Arg7Gly
DLM,3642672,3) Uncertain significance,fbiB_p.Ala380Ser
DLM,3641861,3) Uncertain significance,fbiB_p.Asp109Glu
DLM,3642204,3) Uncertain significance,fbiB_p.Asp224Asn
DLM,3641803,3) Uncertain significance,fbiB_p.Asp90Gly
DLM,3642105,3) Uncertain significance,fbiB_p.Glu191Gln
DLM,3641771,3) Uncertain significance,fbiB_p.Glu79Asp
DLM,3642743,3) Uncertain significance,fbiB_p.Phe403Leu
BDQ,777451,3) Uncertain significance,mmpL5_p.Val344Leu
DLM,3641587,3) Uncertain significance,fbiB_p.Ile18Thr
DLM,3642871,3) Uncertain significance,fbiB_p.Ile446Thr
DLM,3642152,3) Uncertain significance,fbiB_p.Lys206Asn
DLM,3642866,3) Uncertain significance,fbiB_p.Leu444Phe
DLM,3641643,3) Uncertain significance,fbiB_p.Ala37Ser
DLM,3641898,3) Uncertain significance,fbiB_p.Pro122Ala
DLM,3642441,3) Uncertain significance,fbiB_p.Pro303Thr
DLM,3642852,3) Uncertain significance,fbiB_p.Pro440Ser
DLM,3642003,3) Uncertain significance,fbiB_p.Arg157Cys
DLM,3642759,3) Uncertain significance,fbiB_p.Arg409Ser
DLM,3642168,3) Uncertain significance,fbiB_p.Thr212Ala
DLM,3642336,3) Uncertain significance,fbiB_p.Thr268Ala
DLM,3642408,3) Uncertain significance,fbiB_p.Thr292Ala
DLM,3641583,3) Uncertain significance,fbiB_p.Val17Ile
DLM,3642108,3) Uncertain significance,fbiB_p.Val192Ile
DLM,3642174,3) Uncertain significance,fbiB_p.Val214Leu
DLM,3642780,3) Uncertain significance,fbiB_p.Val416Ile
DLM,3642787,3) Uncertain significance,fbiB_p.Trp418Ser
DLM,3641608,3) Uncertain significance,fbiB_p.Pro25Arg
DLM,3642660,3) Uncertain significance,fbiB_p.Ala376Thr
DLM,3641641,3) Uncertain significance,fbiB_p.Ala36Val
DLM,3642445,3) Uncertain significance,fbiB_p.Ala304Asp
DLM,3640492,3) Uncertain significance,fbiA_c.-51G>A
DLM,3640774,3) Uncertain significance,fbiA_p.Gly78Ser
DLM,3641426,3) Uncertain significance,fbiA_p.His295Arg
DLM,3641229,3) Uncertain significance,fbiA_p.Ile229Met
DLM,3640699,3) Uncertain significance,fbiA_p.Ile53Val
DLM,3641221,3) Uncertain significance,fbiA_p.Pro227Thr
DLM,3641275,3) Uncertain significance,fbiA_p.Pro245Ser
DLM,3640604,3) Uncertain significance,fbiA_p.Gln21Leu
DLM,3641066,3) Uncertain significance,fbiA_p.Arg175His
DLM,3641072,3) Uncertain significance,fbiA_p.Arg177His
DLM,3641453,3) Uncertain significance,fbiA_p.Arg304Gln
DLM,3640637,3) Uncertain significance,fbiA_p.Ser32Phe
DLM,3640666,3) Uncertain significance,fbiA_p.Ser42Cys
DLM,3640666,3) Uncertain significance,fbiA_p.Ser42Gly
DLM,3640438,3) Uncertain significance,fbiA_c.-105T>C
DLM,3641446,3) Uncertain significance,fbiA_p.Thr302Ala
DLM,3640553,3) Uncertain significance,fbiA_p.Thr4Asn
DLM,3640474,3) Uncertain significance,fbiA_c.-69T>C
DLM,3640882,3) Uncertain significance,fbiA_p.Val114Leu
DLM,3641020,3) Uncertain significance,fbiA_p.Val160Ile
DLM,3641080,3) Uncertain significance,fbiA_p.Val180Met
DLM,3641105,3) Uncertain significance,fbiA_p.Val188Ala
DLM,3641104,3) Uncertain significance,fbiA_p.Val188Phe
DLM,3641191,3) Uncertain significance,fbiA_p.Val217Met
DLM,3641335,3) Uncertain significance,fbiA_p.Val265Met
DLM,3640681,3) Uncertain significance,fbiA_p.Val47Ile
DLM,3641913,3) Uncertain significance,fbiB_p.Ala127Thr
DLM,1302954,3) Uncertain significance,fbiC_p.Ser9_Pro15dup
DLM,1303585,3) Uncertain significance,fbiC_p.Ser219Ala
DLM,1305476,3) Uncertain significance,fbiC_p.Ala856fs
DLM,1303358,3) Uncertain significance,fbiC_p.Ala143Val
DLM,1303784,3) Uncertain significance,fbiC_p.Gly285Glu
DLM,1303949,3) Uncertain significance,fbiC_p.Gly340Asp
DLM,1304083,3) Uncertain significance,fbiC_p.Gly385Cys
DLM,1304084,3) Uncertain significance,fbiC_p.Gly385Asp
DLM,1304978,3) Uncertain significance,fbiC_p.Gly683Ala
DLM,1303238,3) Uncertain significance,fbiC_p.His103Arg
DLM,1303828,3) Uncertain significance,fbiC_p.His300Tyr
DLM,1304705,3) Uncertain significance,fbiC_p.His592Arg
DLM,1305378,3) Uncertain significance,fbiC_p.Ile816Met
DLM,1303204,3) Uncertain significance,fbiC_p.Ile92Val
DLM,1303268,3) Uncertain significance,fbiC_p.Lys113Thr
DLM,1304795,3) Uncertain significance,fbiC_p.Lys622Arg
DLM,1303333,3) Uncertain significance,fbiC_p.Gly135Ser
DLM,1304975,3) Uncertain significance,fbiC_p.Lys682Arg
DLM,1304479,3) Uncertain significance,fbiC_p.Leu517Ile
DLM,1304870,3) Uncertain significance,fbiC_p.Leu647Arg
DLM,1304814,3) Uncertain significance,fbiC_p.Met628Ile
DLM,1303304,3) Uncertain significance,fbiC_p.Pro125His
DLM,1303930,3) Uncertain significance,fbiC_p.Pro334Ala
DLM,1304005,3) Uncertain significance,fbiC_p.Pro359Ser
DLM,1304189,3) Uncertain significance,fbiC_p.Pro420Leu
DLM,1304243,3) Uncertain significance,fbiC_p.Pro438Leu
DLM,1303657,3) Uncertain significance,fbiC_p.Arg243Gly
DLM,1303918,3) Uncertain significance,fbiC_p.Arg330Cys
DLM,1303126,3) Uncertain significance,fbiC_p.Arg66Ser
DLM,1305109,3) Uncertain significance,fbiC_p.Arg727Cys
DLM,1303271,3) Uncertain significance,fbiC_p.Leu114Arg
DLM,1302818,3) Uncertain significance,fbiC_c.-113G>A
DLM,1304338,3) Uncertain significance,fbiC_p.Phe470Val
DLM,1305425,3) Uncertain significance,fbiC_p.Glu832Gly
DLM,1303976,3) Uncertain significance,fbiC_p.Ala349Val
DLM,1304063,3) Uncertain significance,fbiC_p.Ala378Glu
DLM,1304335,3) Uncertain significance,fbiC_p.Ala469Pro
DLM,1302873,3) Uncertain significance,fbiC_c.-58A>C
DLM,1303117,3) Uncertain significance,fbiC_p.Ala63Thr
DLM,1304906,3) Uncertain significance,fbiC_p.Ala659Val
DLM,1303147,3) Uncertain significance,fbiC_p.Ala73Ser
DLM,1302855,3) Uncertain significance,fbiC_c.-76A>G
DLM,1305485,3) Uncertain significance,fbiC_p.Ala852Val
DLM,1302831,3) Uncertain significance,fbiC_c.-100C>G
DLM,1302831,3) Uncertain significance,fbiC_c.-100C>T
DLM,1302820,3) Uncertain significance,fbiC_c.-111C>T
DLM,1302817,3) Uncertain significance,fbiC_c.-114C>T
DLM,1302913,3) Uncertain significance,fbiC_c.-18C>T
DLM,1302930,3) Uncertain significance,fbiC_c.-1C>T
DLM,1302850,3) Uncertain significance,fbiC_c.-81C>A
DLM,1302841,3) Uncertain significance,fbiC_c.-90C>T
DLM,1303320,3) Uncertain significance,fbiC_p.Asp130Glu
DLM,1303434,3) Uncertain significance,fbiC_p.Asp168Glu
DLM,1303634,3) Uncertain significance,fbiC_p.Asp235Gly
DLM,1303985,3) Uncertain significance,fbiC_p.Asp352Gly
DLM,1304209,3) Uncertain significance,fbiC_p.Asp427His
DLM,1304492,3) Uncertain significance,fbiC_p.Asp521Gly
DLM,1304506,3) Uncertain significance,fbiC_p.Glu526Lys
DLM,1303091,3) Uncertain significance,fbiC_p.Glu54Gly
DLM,1305332,3) Uncertain significance,fbiC_p.Glu801Gly
DLM,1305369,3) Uncertain significance,fbiC_p.Glu813Asp
DLM,1302842,3) Uncertain significance,fbiC_c.-89_-88insACTGTTGCGC
DLM,3640684,3) Uncertain significance,fbiA_p.Gly48Ser
DLM,3986910,3) Uncertain significance,ddn_p.Arg23Trp
DLM,3641732,3) Uncertain significance,fbiB_p.Asp66Glu
EMB,4247873,3) Uncertain significance,embB_p.Ala454Thr
EMB,4247503,3) Uncertain significance,embB_p.Phe330Leu
EMB,4248251,3) Uncertain significance,embB_p.Gly580Ser
EMB,4248925,3) Uncertain significance,embB_p.Met804Ile
EMB,4248359,3) Uncertain significance,embB_p.Pro616Ser
EMB,4248084,3) Uncertain significance,embB_p.Arg524His
EMB,4248353,3) Uncertain significance,embB_p.Val614Ile
EMB,4249778,3) Uncertain significance,embB_p.Trp1089Arg
EMB,4240720,3) Uncertain significance,embC_p.Phe286Leu
EMB,4244400,3) Uncertain significance,embA_p.Leu390Met
EMB,4248962,3) Uncertain significance,embB_p.Ala817Thr
EMB,4242636,3) Uncertain significance,embC_p.Ala925Val
EMB,4245318,3) Uncertain significance,embA_p.Ile696Leu
EMB,4246601,3) Uncertain significance,embB_p.Ala30Thr
EMB,4240142,3) Uncertain significance,embC_p.Leu94Val
EMB,4242515,3) Uncertain significance,embC_p.Val885Met
EMB,4246559,3) Uncertain significance,embB_p.Ile16Leu
EMB,4247723,3) Uncertain significance,embB_p.Pro404Ser
EMB,4241078,3) Uncertain significance,embC_p.Ile406Val
EMB,4245825,3) Uncertain significance,embA_p.Asp865Asn
EMB,4245315,3) Uncertain significance,embA_p.Val695Met
EMB,4245018,3) Uncertain significance,embA_p.Gly596Ser
EMB,4243174,3) Uncertain significance,embA_c.-59C>A
EMB,4244167,3) Uncertain significance,embA_p.Ala312Val
EMB,4243218,3) Uncertain significance,embA_c.-15_-14insTACCATCGAG
EMB,4243216,3) Uncertain significance,embA_c.-16delC
EMB,4241852,3) Uncertain significance,embC_p.Ala664Thr
EMB,4245025,3) Uncertain significance,embA_p.His598Arg
EMB,4243189,3) Uncertain significance,embA_c.-43delG
EMB,4243007,3) Uncertain significance,embC_p.Leu1049Val
EMB,4243198,3) Uncertain significance,embA_c.-29_-28delCT
EMB,4243191,3) Uncertain significance,embA_c.-41_-40delAT
EMB,4245433,3) Uncertain significance,embA_p.Ala734Val
EMB,4243590,3) Uncertain significance,embA_p.Asp120Asn
EMB,4243228,3) Uncertain significance,embA_c.-5G>A
EMB,4249532,3) Uncertain significance,embB_p.Ala1007Thr
EMB,4248315,3) Uncertain significance,embB_p.Ala601Gly
EMB,"4247495,4247496",3) Uncertain significance,embB_p.Asp328Phe
EMB,4247496,3) Uncertain significance,embB_p.Asp328Val
EMB,4248024,3) Uncertain significance,embB_p.Glu504Gly
EMB,4247706,3) Uncertain significance,embB_p.Phe398Cys
EMB,4247420,3) Uncertain significance,embB_p.Ile303Leu
EMB,4247422,3) Uncertain significance,embB_p.Ile303Met
EMB,4247862,3) Uncertain significance,embB_p.Ile450Ser
EMB,4248146,3) Uncertain significance,embB_p.Ile545Phe
EMB,4247008,3) Uncertain significance,embB_p.Lys165Asn
EMB,4247430,3) Uncertain significance,embB_p.Met306Thr
EMB,4247399,3) Uncertain significance,embB_p.Asn296Tyr
EMB,4249287,3) Uncertain significance,embB_p.Gln925Pro
EMB,4247031,3) Uncertain significance,embB_p.Arg173Leu
EMB,4247564,3) Uncertain significance,embB_p.Arg351Cys
EMB,4248005,3) Uncertain significance,embB_p.Thr498Pro
EMB,4246662,3) Uncertain significance,embB_p.Val50Ala
EMB,4242039,3) Uncertain significance,embC_p.Ala726Gly
EMB,4243198,3) Uncertain significance,embA_c.-34delC
EMB,4243206,3) Uncertain significance,embA_c.-25_-23delACC
EMB,4243205,3) Uncertain significance,embA_c.-25_-24delAC
EMB,4243926,3) Uncertain significance,embA_p.Thr232Pro
EMB,4245187,3) Uncertain significance,embA_p.Thr652Arg
EMB,4246044,3) Uncertain significance,embA_p.Val938Leu
EMB,4245136,3) Uncertain significance,embA_p.Tyr635Cys
EMB,4247422,3) Uncertain significance,embB_p.Leu304dup
EMB,4247114,3) Uncertain significance,embB_p.Ala201Ser
EMB,4248549,3) Uncertain significance,embB_p.Ala679Val
EMB,4249238,3) Uncertain significance,embB_p.Ala909Thr
EMB,4247595,3) Uncertain significance,embB_p.Cys361Tyr
EMB,4248959,3) Uncertain significance,embB_p.Asp816His
EMB,4249271,3) Uncertain significance,embB_p.Asp920Asn
EMB,4248024,3) Uncertain significance,embB_p.Glu504Ala
EMB,4245412,3) Uncertain significance,embA_p.Ser727Asn
EMB,4248074,3) Uncertain significance,embB_p.Glu521Gln
EMB,4249714,3) Uncertain significance,embB_p.Phe1067Leu
EMB,4247482,3) Uncertain significance,embB_p.Phe323Leu
EMB,4247501,3) Uncertain significance,embB_p.Phe330Val
EMB,4249604,3) Uncertain significance,embB_p.Gly1031Ser
EMB,4249754,3) Uncertain significance,embB_p.Gly1081Ser
EMB,4249773,3) Uncertain significance,embB_p.Gly1087Asp
EMB,4247730,3) Uncertain significance,embB_p.Gly406Val
EMB,4247861,3) Uncertain significance,embB_p.Ile450Leu
EMB,4249619,3) Uncertain significance,embB_p.Leu1036Val
EMB,4247588,3) Uncertain significance,embB_p.Leu359Ile
EMB,4247742,3) Uncertain significance,embB_p.Leu410Pro
EMB,4247858,3) Uncertain significance,embB_p.Leu449Met
EMB,4249283,3) Uncertain significance,embB_p.Glu924Lys
EMB,4246204,3) Uncertain significance,embA_p.Arg991Gln
EMB,4246287,3) Uncertain significance,embA_p.Asn1019Asp
EMB,4245190,3) Uncertain significance,embA_p.Leu653Pro
EMB,4243198,3) Uncertain significance,embA_c.-32_-31delGCinsT
EMB,4243194,3) Uncertain significance,embA_c.-38_-37delCT
EMB,4243192,3) Uncertain significance,embA_c.-40_-38delTCC
EMB,4243188,3) Uncertain significance,embA_c.-44_-43delCG
EMB,4243300,3) Uncertain significance,embA_p.Ala23Glu
EMB,4243977,3) Uncertain significance,embA_p.Ala249Thr
EMB,4244322,3) Uncertain significance,embA_p.Ala364Ser
EMB,4244434,3) Uncertain significance,embA_p.Ala401Gly
EMB,4245216,3) Uncertain significance,embA_p.Ala662Thr
EMB,4245406,3) Uncertain significance,embA_p.Ala725Val
EMB,4245735,3) Uncertain significance,embA_p.Ala835Thr
EMB,4243758,3) Uncertain significance,embA_p.Asp176His
EMB,4243242,3) Uncertain significance,embA_p.Asp4Tyr
EMB,4245937,3) Uncertain significance,embA_p.Asp902Ala
EMB,4244134,3) Uncertain significance,embA_p.Glu301Ala
EMB,4243636,3) Uncertain significance,embA_p.Gly135Asp
EMB,4244275,3) Uncertain significance,embA_p.Gly348Glu
EMB,4244859,3) Uncertain significance,embA_p.Gly543Trp
EMB,4243245,3) Uncertain significance,embA_p.Gly5Cys
EMB,4245564,3) Uncertain significance,embA_p.Gly778Ser
EMB,4245024,3) Uncertain significance,embA_p.His598Tyr
EMB,4245972,3) Uncertain significance,embA_p.Ile914Val
EMB,4244695,3) Uncertain significance,embA_p.Lys488Met
EMB,4243311,3) Uncertain significance,embA_p.Leu27Val
DLM,3640407,3) Uncertain significance,fbiA_c.-136G>A
EMB,4243157,3) Uncertain significance,embA_c.-76G>C
EMB,4244148,3) Uncertain significance,embA_p.Trp306Arg
DLM,1302920,3) Uncertain significance,fbiC_c.-11G>A
DLM,490972,3) Uncertain significance,fgd1_p.Arg64Ser
EMB,4241022,3) Uncertain significance,embC_p.Ala387Val
EMB,4243217,3) Uncertain significance,embA_c.-16C>T
EMB,4269271,3) Uncertain significance,ubiA_p.Val188Ala
EMB,4249583,3) Uncertain significance,embB_p.Asp1024Asn
EMB,4243217,3) Uncertain significance,embA_c.-16C>G
EMB,4243222,3) Uncertain significance,embA_c.-11C>A
EMB,4247513,3) Uncertain significance,embB_p.Tyr334His
EMB,4243217,3) Uncertain significance,embA_c.-16C>A
EMB,4243190,3) Uncertain significance,embA_c.-43G>C
EMB,4247880,3) Uncertain significance,embB_p.Val456Ala
DLM,3641625,3) Uncertain significance,fbiB_p.Ala31Thr
EMB,4247847,3) Uncertain significance,embB_p.Gln445Arg
EMB,4243392,3) Uncertain significance,embA_p.Asn54Asp
EMB,1416476,3) Uncertain significance,embR_p.Tyr291Cys
EMB,4243225,3) Uncertain significance,embA_c.-8C>T
EMB,4244958,3) Uncertain significance,embA_p.Ala576Thr
EMB,4247496,3) Uncertain significance,embB_p.Asp328Gly
EMB,4247728,3) Uncertain significance,embB_p.Glu405Asp
EMB,4248003,3) Uncertain significance,embB_p.Gln497Pro
EMB,4243222,3) Uncertain significance,embA_c.-11C>T
EMB,4247738,3) Uncertain significance,embB_p.Ala409Pro
EMB,4269122,3) Uncertain significance,ubiA_p.Phe238Ile
EMB,4269121,3) Uncertain significance,ubiA_p.Phe238Ser
EMB,4247402,3) Uncertain significance,embB_p.Ser297Ala
DLM,3641447,3) Uncertain significance,fbiA_p.Thr302Met
DLM,1304443,3) Uncertain significance,fbiC_p.Ala505Thr
DLM,3641164,3) Uncertain significance,fbiA_p.Ile208Val
DLM,3641584,3) Uncertain significance,fbiB_p.Val17Ala
DLM,1302883,3) Uncertain significance,fbiC_c.-48C>T
DLM,490886,3) Uncertain significance,fgd1_p.Ala35Val
DLM,491749,3) Uncertain significance,fgd1_p.Leu323Phe
DLM,3339385,3) Uncertain significance,Rv2983_p.Asp90Asn
DLM,3986818,3) Uncertain significance,ddn_c.-26G>T
DLM,3986931,3) Uncertain significance,ddn_p.Arg30Ser
DLM,1303928,3) Uncertain significance,fbiC_p.Ala333Val
DLM,1304501,3) Uncertain significance,fbiC_p.Ala524Gly
DLM,1304053,3) Uncertain significance,fbiC_p.Asp375Asn
DLM,1304777,3) Uncertain significance,fbiC_p.Asp616Gly
DLM,1305446,3) Uncertain significance,fbiC_p.Gly839Ala
DLM,491330,3) Uncertain significance,fgd1_p.Lys183Met
DLM,3339480,3) Uncertain significance,Rv2983_p.Gln121His
DLM,3640446,3) Uncertain significance,fbiA_c.-97A>T
DLM,1302917,3) Uncertain significance,fbiC_c.-14_-13insA
DLM,490915,3) Uncertain significance,fgd1_p.Arg45Cys
DLM,3339292,3) Uncertain significance,Rv2983_p.Ile59Leu
DLM,491060,3) Uncertain significance,fgd1_p.Met93Thr
DLM,3641104,3) Uncertain significance,fbiA_p.Val188Ile
DLM,1302818,3) Uncertain significance,fbiC_c.-113G>C
DLM,1303747,3) Uncertain significance,fbiC_p.Thr273Ala
DLM,1302899,3) Uncertain significance,fbiC_c.-32A>G
DLM,3642874,3) Uncertain significance,fbiB_p.Leu447Arg
DLM,1303230,3) Uncertain significance,fbiC_p.Asp100Glu
DLM,3641332,3) Uncertain significance,fbiA_p.Gly264Arg
DLM,1304962,3) Uncertain significance,fbiC_p.Trp678Gly
EMB,4269115,3) Uncertain significance,ubiA_p.Arg240Leu
EMB,4247249,3) Uncertain significance,embB_p.Gly246Arg
EMB,4269148,3) Uncertain significance,ubiA_p.Val229Ala
EMB,4269317,3) Uncertain significance,ubiA_p.Ser173Ala
EMB,4247507,3) Uncertain significance,embB_p.Trp332Arg
EMB,4244350,3) Uncertain significance,embA_p.Leu373Pro
EMB,4249564,3) Uncertain significance,embB_p.Asp1017Glu
EMB,4247502,3) Uncertain significance,embB_p.Phe330Ser
EMB,4248437,3) Uncertain significance,embB_p.Thr642Ala
EMB,4243190,3) Uncertain significance,embA_c.-43G>T
EMB,4247553,3) Uncertain significance,embB_p.Ser347Ile
EMB,4243198,3) Uncertain significance,embA_c.-31delC
EMB,4242036,3) Uncertain significance,embC_p.Gln725Arg
EMB,4247495,3) Uncertain significance,embB_p.Asp328His
EMB,4243225,3) Uncertain significance,embA_c.-8C>G
EMB,4245507,3) Uncertain significance,embA_p.Gly759Arg
EMB,4240190,3) Uncertain significance,embC_p.Pro110Ser
EMB,4244223,3) Uncertain significance,embA_p.Ala331Thr
EMB,4245966,3) Uncertain significance,embA_p.Phe912Leu
EMB,4245187,3) Uncertain significance,embA_p.Thr652Lys
EMB,4249512,3) Uncertain significance,embB_p.Met1000Arg
EMB,4241721,3) Uncertain significance,embC_p.Thr620Ile
EMB,4242653,3) Uncertain significance,embC_p.Ala931Thr
EMB,4239930,3) Uncertain significance,embC_p.Gly23Glu
EMB,4242782,3) Uncertain significance,embC_p.Val974Leu
EMB,4242497,3) Uncertain significance,embC_p.Arg879Gly
EMB,4244823,3) Uncertain significance,embA_p.Val531Leu
EMB,4247717,3) Uncertain significance,embB_p.Leu402Val
EMB,4249071,3) Uncertain significance,embB_p.Gln853Arg
EMB,4243246,3) Uncertain significance,embA_p.Gly5Val
EMB,1416858,3) Uncertain significance,embR_p.Thr164Ala
EMB,4269152,3) Uncertain significance,ubiA_p.Ala228Ser
EMB,1416989,3) Uncertain significance,embR_p.Thr120fs
EMB,1416699,3) Uncertain significance,embR_p.Leu217Val
EMB,4247399,3) Uncertain significance,embB_p.Asn296His
EMB,4243225,3) Uncertain significance,embA_c.-8C>A
EMB,4249518,3) Uncertain significance,embB_p.His1002Arg
EMB,4241699,3) Uncertain significance,embC_p.Met613Val
EMB,4243218,3) Uncertain significance,embA_c.-15C>G
EMB,4248004,3) Uncertain significance,embB_p.Gln497His
EMB,4249071,3) Uncertain significance,embB_p.Gln853Pro
EMB,4248200,3) Uncertain significance,embB_p.Ile563Leu
EMB,4245055,3) Uncertain significance,embA_p.Thr608Asn
EMB,4248025,3) Uncertain significance,embB_p.Glu504Asp
EMB,4247553,3) Uncertain significance,embB_p.Ser347Thr
EMB,4243192,3) Uncertain significance,embA_c.-41A>C
EMB,4243229,3) Uncertain significance,embA_c.-4C>T
EMB,4243216,3) Uncertain significance,embA_c.-17G>A
EMB,4243245,3) Uncertain significance,embA_p.Gly5Ser
EMB,4245417,3) Uncertain significance,embA_p.Gly729Arg
EMB,4245945,3) Uncertain significance,embA_p.Ile905Val
EMB,4246554,3) Uncertain significance,embB_p.Arg14Gln
EMB,4243210,3) Uncertain significance,embA_c.-22delG
EMB,4269302,3) Uncertain significance,ubiA_p.Leu178Val
DLM,3641420,3) Uncertain significance,fbiA_p.Gly293Ala
DLM,3641587,3) Uncertain significance,fbiB_p.Ile18Asn
DLM,3641371,3) Uncertain significance,fbiA_p.Gly277Ser
CAP,1918340,3) Uncertain significance,tlyA_p.Thr134Ile
CAP,1918262,3) Uncertain significance,tlyA_p.Val108Ala
CAP,1918390,3) Uncertain significance,tlyA_p.Val151Ile
CAP,1918532,3) Uncertain significance,tlyA_p.Val198Gly
CAP,1918033,3) Uncertain significance,tlyA_p.Val32Leu
CAP,1917958,3) Uncertain significance,tlyA_p.Val7Phe
CAP,1918234,3) Uncertain significance,tlyA_p.Val99Ile
CAP,4338638,3) Uncertain significance,whiB6_c.-118delT
CAP,4338207,3) Uncertain significance,whiB6_p.Pro105fs
STM,4338207,3) Uncertain significance,whiB6_p.Pro105fs
CAP,4338592,3) Uncertain significance,whiB6_c.-81_-72delACTAGAGCTC
CAP,1918694,3) Uncertain significance,tlyA_p.Ser252Leu
STM,4338592,3) Uncertain significance,whiB6_c.-81_-72delACTAGAGCTC
CAP,4338595,3) Uncertain significance,whiB6_c.-76_-75delAGinsT
CAP,4338595,3) Uncertain significance,whiB6_c.-79_-75delTAGAGinsCCGA
STM,4338595,3) Uncertain significance,whiB6_c.-79_-75delTAGAGinsCCGA
CAP,4338251,3) Uncertain significance,whiB6_p.Ala91Ser
STM,4338251,3) Uncertain significance,whiB6_p.Ala91Ser
CAP,4338356,3) Uncertain significance,whiB6_p.Cys56Gly
CAP,4338406,3) Uncertain significance,whiB6_p.Asp39Gly
STM,4338406,3) Uncertain significance,whiB6_p.Asp39Gly
CAP,4338275,3) Uncertain significance,whiB6_p.Glu83Lys
STM,4338275,3) Uncertain significance,whiB6_p.Glu83Lys
CAP,4338508,3) Uncertain significance,whiB6_p.Phe5Ser
STM,4338508,3) Uncertain significance,whiB6_p.Phe5Ser
CAP,1918405,3) Uncertain significance,tlyA_p.Ser156Ala
CAP,1917947,3) Uncertain significance,tlyA_p.Arg3Pro
CAP,1918685,3) Uncertain significance,tlyA_p.Arg249Gln
CAP,1918164,3) Uncertain significance,tlyA_p.Phe77_Ala78dup
CAP,1918574,3) Uncertain significance,tlyA_p.Ala212Val
CAP,1918687,3) Uncertain significance,tlyA_p.Ala250Thr
CAP,1918714,3) Uncertain significance,tlyA_p.Ala259Thr
CAP,1917952,3) Uncertain significance,tlyA_p.Ala5Thr
CAP,1918195,3) Uncertain significance,tlyA_p.Cys86Gly
CAP,"1918681,1918682",3) Uncertain significance,tlyA_p.Asp248Cys
CAP,1918109,3) Uncertain significance,tlyA_p.Asp57Gly
CAP,1918334,3) Uncertain significance,tlyA_p.Glu132Ala
CAP,1918334,3) Uncertain significance,tlyA_p.Glu132Gly
CAP,1918333,3) Uncertain significance,tlyA_p.Glu132Gln
CAP,1918651,3) Uncertain significance,tlyA_p.Glu238Lys
CAP,1918285,3) Uncertain significance,tlyA_p.Gly116Ser
CAP,"1918372,1918373",3) Uncertain significance,tlyA_p.Gly145Asn
CAP,1918502,3) Uncertain significance,tlyA_p.Gly188Glu
CAP,1918507,3) Uncertain significance,tlyA_p.Gly190Arg
CAP,1918643,3) Uncertain significance,tlyA_p.Gly235Asp
CAP,1918469,3) Uncertain significance,tlyA_p.Ile177Thr
CAP,1918040,3) Uncertain significance,tlyA_p.Ile34Thr
CAP,1918144,3) Uncertain significance,tlyA_p.Lys69Glu
CAP,1918418,3) Uncertain significance,tlyA_p.Leu160Trp
CAP,1918430,3) Uncertain significance,tlyA_p.Leu164Ser
CAP,1918199,3) Uncertain significance,tlyA_p.Leu87Pro
CAP,1918625,3) Uncertain significance,tlyA_p.Pro229Arg
CAP,1918636,3) Uncertain significance,tlyA_p.Pro233Ser
CAP,1918512,3) Uncertain significance,tlyA_p.Gln191His
CAP,1917998,3) Uncertain significance,tlyA_p.Arg20His
CAP,4338299,3) Uncertain significance,whiB6_p.Leu75Met
STM,1471757,3) Uncertain significance,rrs_n.-89T>C
CAP,4338259,3) Uncertain significance,whiB6_p.Arg88Gln
DLM,3640516,3) Uncertain significance,fbiA_c.-27G>A
CFZ,778246,3) Uncertain significance,mmpL5_p.Gly79Ser
CFZ,777119,3) Uncertain significance,mmpL5_p.His454Gln
CFZ,776712,3) Uncertain significance,mmpL5_p.His590Arg
CFZ,778373,3) Uncertain significance,mmpL5_p.Ile36Met
CFZ,776894,3) Uncertain significance,mmpL5_p.Ile529Met
CFZ,776120,3) Uncertain significance,mmpL5_p.Ile787Met
CFZ,775676,3) Uncertain significance,mmpL5_p.Lys935Asn
CFZ,778197,3) Uncertain significance,mmpL5_p.Leu95Pro
CFZ,776803,3) Uncertain significance,mmpL5_p.Met560Leu
CFZ,776516,3) Uncertain significance,mmpL5_p.Met655Ile
CFZ,776455,3) Uncertain significance,mmpL5_p.Met676Val
CFZ,777469,3) Uncertain significance,mmpL5_p.Pro338Ala
CFZ,777310,3) Uncertain significance,mmpL5_p.Gly391Ser
CFZ,778061,3) Uncertain significance,mmpL5_p.Gln140His
CFZ,776506,3) Uncertain significance,mmpL5_p.Gln659*
CFZ,777351,3) Uncertain significance,mmpL5_p.Arg377Gln
CFZ,778286,3) Uncertain significance,mmpL5_p.Ser65Arg
CFZ,777426,3) Uncertain significance,mmpL5_p.Thr352Ile
CFZ,777925,3) Uncertain significance,mmpL5_p.Val186Ile
CFZ,777925,3) Uncertain significance,mmpL5_p.Val186Leu
CFZ,777681,3) Uncertain significance,mmpL5_p.Val267Gly
CFZ,778339,3) Uncertain significance,mmpL5_p.Val48Ile
CFZ,777237,3) Uncertain significance,mmpL5_p.Tyr415Cys
CFZ,778655,3) Uncertain significance,mmpS5_p.Ala84Glu
CFZ,778940,3) Uncertain significance,mmpS5_c.-35C>T
CFZ,778944,3) Uncertain significance,mmpS5_c.-39C>T
CFZ,777483,3) Uncertain significance,mmpL5_p.Gln333Pro
CFZ,777606,3) Uncertain significance,mmpL5_p.Gly292Asp
CFZ,776759,3) Uncertain significance,mmpL5_p.Phe574Leu
CFZ,778157,3) Uncertain significance,mmpL5_p.Phe108Leu
CAP,1472690,3) Uncertain significance,rrs_n.845C>T
KAN,1472690,3) Uncertain significance,rrs_n.845C>T
STM,1472690,3) Uncertain significance,rrs_n.845C>T
CAP,1918436,3) Uncertain significance,tlyA_p.Ala166Val
CAP,1917953,3) Uncertain significance,tlyA_p.Ala5Val
CAP,1918659,3) Uncertain significance,tlyA_p.Phe240Leu
CAP,4338594,3) Uncertain significance,whiB6_c.-75_-74delGCinsT
CAP,4338229,3) Uncertain significance,whiB6_p.Leu98Pro
STM,4338229,3) Uncertain significance,whiB6_p.Leu98Pro
CAP,1918043,3) Uncertain significance,tlyA_p.Asp35Gly
CAP,1918474,3) Uncertain significance,tlyA_p.Pro179Ser
CAP,1471778,3) Uncertain significance,rrs_n.-68G>C
STM,1471778,3) Uncertain significance,rrs_n.-68G>C
CAP,1918025,3) Uncertain significance,tlyA_p.Ala29Val
CAP,1918142,3) Uncertain significance,tlyA_p.His68Arg
CFZ,2859725,3) Uncertain significance,pepQ_p.Asp232fs
CFZ,779326,3) Uncertain significance,Rv0678_p.Glu113*
CFZ,776470,3) Uncertain significance,mmpL5_p.Ala668fs
CFZ,777979,3) Uncertain significance,mmpL5_p.Ala168Ser
CFZ,778423,3) Uncertain significance,mmpL5_p.Ala20Thr
CFZ,777292,3) Uncertain significance,mmpL5_p.Ala397Ser
CFZ,777279,3) Uncertain significance,mmpL5_p.Ala401Val
CFZ,776337,3) Uncertain significance,mmpL5_p.Ala715Val
CFZ,776635,3) Uncertain significance,mmpL5_p.Asp616Asn
CFZ,776783,3) Uncertain significance,mmpL5_p.Glu566Asp
CFZ,778230,3) Uncertain significance,mmpL5_p.Glu84Ala
CAP,4338206,3) Uncertain significance,whiB6_p.Val106Met
CFZ,778731,3) Uncertain significance,mmpS5_p.Glu59Lys
KAN,1471757,3) Uncertain significance,rrs_n.-89T>C
STM,1471790,3) Uncertain significance,rrs_n.-56T>C
CFZ,2222501,3) Uncertain significance,Rv1979c_p.Ala222Thr
BDQ,777745,3) Uncertain significance,mmpL5_p.Gly246Ser
CFZ,777745,3) Uncertain significance,mmpL5_p.Gly246Ser
BDQ,2221746,3) Uncertain significance,Rv1979c_p.Arg473dup
CFZ,2221746,3) Uncertain significance,Rv1979c_p.Arg473dup
BDQ,2223051,3) Uncertain significance,Rv1979c_p.Glu38Asp
CFZ,2223051,3) Uncertain significance,Rv1979c_p.Glu38Asp
BDQ,776395,3) Uncertain significance,mmpL5_p.Phe696Leu
BDQ,2221889,3) Uncertain significance,Rv1979c_p.Val426Ile
CFZ,2221889,3) Uncertain significance,Rv1979c_p.Val426Ile
BDQ,2223214,3) Uncertain significance,Rv1979c_c.-50A>C
CFZ,2223214,3) Uncertain significance,Rv1979c_c.-50A>C
BDQ,2222501,3) Uncertain significance,Rv1979c_p.Ala222Thr
BDQ,777581,3) Uncertain significance,mmpL5_p.Tyr300*
BDQ,2223014,3) Uncertain significance,Rv1979c_p.Tyr51Asn
CFZ,2223014,3) Uncertain significance,Rv1979c_p.Tyr51Asn
CAP,4267512,3) Uncertain significance,aftB_p.Leu442His
CAP,4267194,3) Uncertain significance,aftB_p.Pro548Gln
CAP,4338421,3) Uncertain significance,whiB6_p.Cys34Ser
CAP,4338472,3) Uncertain significance,whiB6_p.Arg17Met
CAP,1471878,3) Uncertain significance,rrs_n.33C>T
STM,1471878,3) Uncertain significance,rrs_n.33C>T
CAP,1918388,3) Uncertain significance,tlyA_p.Leu150Pro
CAP,1918591,3) Uncertain significance,tlyA_p.Leu218Met
CAP,1918623,3) Uncertain significance,tlyA_p.Ser228Arg
CAP,1918140,3) Uncertain significance,tlyA_p.His68_Leu70dup
CFZ,777581,3) Uncertain significance,mmpL5_p.Tyr300*
CFZ,2859830,3) Uncertain significance,pepQ_p.Gly197Arg
BDQ,2859830,3) Uncertain significance,pepQ_p.Gly197Arg
CFZ,776689,3) Uncertain significance,mmpL5_p.Trp598Arg
BDQ,779107,3) Uncertain significance,Rv0678_p.Leu40Val
CFZ,779107,3) Uncertain significance,Rv0678_p.Leu40Val
BDQ,779426,3) Uncertain significance,Rv0678_p.Met146Thr
CFZ,779426,3) Uncertain significance,Rv0678_p.Met146Thr
BDQ,778042,3) Uncertain significance,mmpL5_p.Ala147Thr
CFZ,778042,3) Uncertain significance,mmpL5_p.Ala147Thr
BDQ,2860286,3) Uncertain significance,pepQ_p.Val45Leu
CFZ,2860286,3) Uncertain significance,pepQ_p.Val45Leu
BDQ,2860281,3) Uncertain significance,pepQ_p.Phe46Leu
CFZ,2860281,3) Uncertain significance,pepQ_p.Phe46Leu
BDQ,2223144,3) Uncertain significance,Rv1979c_p.Arg7Ser
CFZ,2223144,3) Uncertain significance,Rv1979c_p.Arg7Ser
BDQ,777741,3) Uncertain significance,mmpL5_p.Val247Ala
CFZ,777741,3) Uncertain significance,mmpL5_p.Val247Ala
BDQ,2222854,3) Uncertain significance,Rv1979c_p.Ile104Thr
CFZ,2222854,3) Uncertain significance,Rv1979c_p.Ile104Thr
BDQ,2222357,3) Uncertain significance,Rv1979c_p.Thr270Ala
CFZ,2222357,3) Uncertain significance,Rv1979c_p.Thr270Ala
BDQ,777875,3) Uncertain significance,mmpL5_p.Arg202fs
CFZ,777875,3) Uncertain significance,mmpL5_p.Arg202fs
BDQ,776689,3) Uncertain significance,mmpL5_p.Trp598Arg
CAP,1918195,3) Uncertain significance,tlyA_p.Cys86Arg
CAP,1471757,3) Uncertain significance,rrs_n.-89T>C
CAP,1918400,3) Uncertain significance,tlyA_p.Asp154Ala
CAP,1918223,3) Uncertain significance,tlyA_p.Gly95Glu
STM,1472957,3) Uncertain significance,rrs_n.1112C>A
CAP,1473227,3) Uncertain significance,rrs_n.1382C>G
KAN,1473227,3) Uncertain significance,rrs_n.1382C>G
STM,1473227,3) Uncertain significance,rrs_n.1382C>G
CAP,1472010,3) Uncertain significance,rrs_n.165C>A
KAN,1472010,3) Uncertain significance,rrs_n.165C>A
CAP,1472124,3) Uncertain significance,rrs_n.279C>A
KAN,1472124,3) Uncertain significance,rrs_n.279C>A
STM,1472124,3) Uncertain significance,rrs_n.279C>A
CAP,1472774,3) Uncertain significance,rrs_n.929C>T
KAN,1472774,3) Uncertain significance,rrs_n.929C>T
STM,1472774,3) Uncertain significance,rrs_n.929C>T
CAP,1472957,3) Uncertain significance,rrs_n.1112C>A
CAP,1473324,3) Uncertain significance,rrs_n.1479G>A
CAP,1472062,3) Uncertain significance,rrs_n.217G>A
KAN,1472062,3) Uncertain significance,rrs_n.217G>A
STM,1472062,3) Uncertain significance,rrs_n.217G>A
CAP,1472501,3) Uncertain significance,rrs_n.656G>C
KAN,1472501,3) Uncertain significance,rrs_n.656G>C
CAP,1471776,3) Uncertain significance,rrs_n.-70G>C
KAN,1471776,3) Uncertain significance,rrs_n.-70G>C
STM,1471776,3) Uncertain significance,rrs_n.-70G>C
CAP,1472732,3) Uncertain significance,rrs_n.887G>T
KAN,1472732,3) Uncertain significance,rrs_n.887G>T
STM,1472732,3) Uncertain significance,rrs_n.887G>T
CAP,1471790,3) Uncertain significance,rrs_n.-56T>C
KAN,1473324,3) Uncertain significance,rrs_n.1479G>A
STM,1472815,3) Uncertain significance,rrs_n.970A>C
KAN,1472815,3) Uncertain significance,rrs_n.970A>C
CAP,1472815,3) Uncertain significance,rrs_n.970A>C
CAP,1918403,3) Uncertain significance,tlyA_p.Leu155Arg
CAP,1918478,3) Uncertain significance,tlyA_p.Leu180Arg
CAP,1918307,3) Uncertain significance,tlyA_p.Arg123Pro
CAP,1918670,3) Uncertain significance,tlyA_p.Arg244Pro
CAP,1918472,3) Uncertain significance,tlyA_p.Val178Ala
CAP,1917941,3) Uncertain significance,tlyA_p.Val1?
CAP,1472210,3) Uncertain significance,rrs_n.365A>G
KAN,1472210,3) Uncertain significance,rrs_n.365A>G
STM,1472210,3) Uncertain significance,rrs_n.365A>G
CAP,1918474,3) Uncertain significance,tlyA_p.Pro179Ala
CAP,4267762,3) Uncertain significance,aftB_p.Asp359Asn
CAP,4267351,3) Uncertain significance,aftB_p.Met496Leu
CAP,4268702,3) Uncertain significance,aftB_p.Asn45Lys
CAP,620387,3) Uncertain significance,ccsA_p.Ala166Val
CAP,620522,3) Uncertain significance,ccsA_p.Ala211Val
CAP,620576,3) Uncertain significance,ccsA_p.Ala229Val
CAP,620321,3) Uncertain significance,ccsA_p.Pro144Leu
CAP,620540,3) Uncertain significance,ccsA_p.Arg217Leu
CAP,620116,3) Uncertain significance,ccsA_p.Val76Ile
CAP,1471826,3) Uncertain significance,rrs_n.-20_-19insTCCAAAGGGA
CAP,1472144,3) Uncertain significance,rrs_n.299A>G
KAN,1472144,3) Uncertain significance,rrs_n.299A>G
CAP,1472399,3) Uncertain significance,rrs_n.554A>T
KAN,1472399,3) Uncertain significance,rrs_n.554A>T
STM,1472399,3) Uncertain significance,rrs_n.554A>T
CAP,1918400,3) Uncertain significance,tlyA_p.Asp154Gly
CFZ,778701,3) Uncertain significance,mmpS5_p.Ile69Val
STM,4338206,3) Uncertain significance,whiB6_p.Val106Met
CFZ,777313,3) Uncertain significance,mmpL5_p.Pro390Thr
CFZ,2223165,3) Uncertain significance,Rv1979c_c.-1G>A
CFZ,2223055,3) Uncertain significance,Rv1979c_p.Gly37Val
CFZ,779239,3) Uncertain significance,Rv0678_p.Ala84Thr
CFZ,779033,3) Uncertain significance,Rv0678_p.Asp15Gly
CFZ,2221892,3) Uncertain significance,Rv1979c_p.Ser425Ala
CFZ,2221960,3) Uncertain significance,Rv1979c_p.Val402Gly
DLM,491591,3) Uncertain significance,fgd1_p.Lys270Met
DLM,3987205,3) Uncertain significance,ddn_p.Tyr122_Met129del
DLM,3986934,3) Uncertain significance,ddn_p.Arg31fs
DLM,3986902,3) Uncertain significance,ddn_p.Trp20*
DLM,3987106,3) Uncertain significance,ddn_p.Trp88*
DLM,3641503,3) Uncertain significance,fbiA_p.Arg321Ser
DLM,3986950,3) Uncertain significance,ddn_p.Gly38fs
DLM,3987109,3) Uncertain significance,ddn_p.Leu90fs
DLM,3987149,3) Uncertain significance,ddn_p.Lys104fs
DLM,3986849,3) Uncertain significance,ddn_p.Pro5fs
CFZ,2222826,3) Uncertain significance,Rv1979c_p.Phe113fs
DLM,3986927,3) Uncertain significance,ddn_p.Tyr29del
CFZ,779431,3) Uncertain significance,Rv0678_p.Asn148His
CFZ,2859527,3) Uncertain significance,pepQ_p.Val298Ile
CFZ,2222340,3) Uncertain significance,Rv1979c_p.Met275Ile
CFZ,2223091,3) Uncertain significance,Rv1979c_p.Asn25Thr
CFZ,2223059,3) Uncertain significance,Rv1979c_p.Pro36Ser
CFZ,2221760,3) Uncertain significance,Rv1979c_p.Arg469*
CFZ,2221759,3) Uncertain significance,Rv1979c_p.Arg469Leu
CFZ,2221969,3) Uncertain significance,Rv1979c_p.Ser399Phe
CFZ,2223184,3) Uncertain significance,Rv1979c_c.-20T>G
CFZ,2222098,3) Uncertain significance,Rv1979c_p.Thr356Lys
CFZ,2221927,3) Uncertain significance,Rv1979c_p.Thr413Asn
CFZ,2222966,3) Uncertain significance,Rv1979c_p.Thr67Ala
CFZ,2223172,3) Uncertain significance,Rv1979c_c.-8T>C
CFZ,2222824,3) Uncertain significance,Rv1979c_p.Val114Gly
CFZ,2222251,3) Uncertain significance,Rv1979c_p.Val305Asp
CFZ,2221919,3) Uncertain significance,Rv1979c_p.Val416Met
CFZ,2223011,3) Uncertain significance,Rv1979c_p.Val52Leu
CFZ,2222924,3) Uncertain significance,Rv1979c_p.Tyr81Asp
CFZ,776569,3) Uncertain significance,mmpL5_p.Met638Leu
CFZ,778914,3) Uncertain significance,mmpS5_c.-9C>T
CFZ,2859659,3) Uncertain significance,pepQ_p.Ala254Thr
CFZ,779280,3) Uncertain significance,Rv0678_p.Asn98fs
CFZ,2222158,3) Uncertain significance,Rv1979c_p.Leu336Arg
DLM,3987259,3) Uncertain significance,ddn_p.Trp139*
DLM,3641091,3) Uncertain significance,fbiA_p.His183Gln
DLM,3987057,3) Uncertain significance,ddn_p.Arg72Gly
DLM,3987186,3) Uncertain significance,ddn_p.Thr115Ala
DLM,3986812,3) Uncertain significance,ddn_c.-32T>G
DLM,3641402,3) Uncertain significance,fbiA_p.Cys287Tyr
DLM,3986961,3) Uncertain significance,ddn_p.Thr40Ala
DLM,3987159,3) Uncertain significance,ddn_p.Val106Met
DLM,3987136,3) Uncertain significance,ddn_p.Val98Ala
DLM,3640479,3) Uncertain significance,fbiA_c.-63_-59delCGTGT
DLM,3641206,3) Uncertain significance,fbiA_p.Ala222Thr
DLM,3641381,3) Uncertain significance,fbiA_p.Cys280Ser
DLM,3640439,3) Uncertain significance,fbiA_c.-104C>A
DLM,3640640,3) Uncertain significance,fbiA_p.Ala33Asp
DLM,3641521,3) Uncertain significance,fbiA_p.Ala327Thr
DLM,3640444,3) Uncertain significance,fbiA_c.-98delA
DLM,3640442,3) Uncertain significance,fbiA_c.-101A>T
DLM,3640530,3) Uncertain significance,fbiA_c.-13A>C
DLM,3640627,3) Uncertain significance,fbiA_p.Ala29Thr
DLM,3641074,3) Uncertain significance,fbiA_p.Ala178Thr
DLM,3641137,3) Uncertain significance,fbiA_p.Ala199Thr
DLM,3986859,3) Uncertain significance,ddn_p.Pro6Thr
DLM,3987105,3) Uncertain significance,ddn_p.Trp88Arg
DLM,3986977,3) Uncertain significance,ddn_p.Pro45Leu
DLM,3987274,3) Uncertain significance,ddn_p.Ile144Thr
DLM,3641484,3) Uncertain significance,fbiA_p.Asn314Lys
DLM,1304724,3) Uncertain significance,fbiC_p.Glu598Asp
DLM,1305366,3) Uncertain significance,fbiC_p.Met812Ile
DLM,3640468,3) Uncertain significance,fbiA_c.-75G>C
DLM,3641093,3) Uncertain significance,fbiA_p.Ser184Thr
DLM,1304710,3) Uncertain significance,fbiC_p.Ala594Ser
DLM,3987037,3) Uncertain significance,ddn_p.Tyr65Ser
DLM,3640645,3) Uncertain significance,fbiA_p.Ser35Ala
DLM,3986943,3) Uncertain significance,ddn_p.Gly34Arg
DLM,3642877,3) Uncertain significance,fbiB_p.Lys448Arg
DLM,491290,3) Uncertain significance,fgd1_p.Val170Met
DLM,3986838,3) Uncertain significance,ddn_c.-6A>C
DLM,3986840,3) Uncertain significance,ddn_c.-4C>T
DLM,3986893,3) Uncertain significance,ddn_p.Phe17Ser
DLM,3987040,3) Uncertain significance,ddn_p.Phe66Ser
DLM,3986834,3) Uncertain significance,ddn_c.-10G>A
DLM,3986818,3) Uncertain significance,ddn_c.-26G>C
DLM,3987001,3) Uncertain significance,ddn_p.Gly53Asp
DLM,3987114,3) Uncertain significance,ddn_p.Asn91Asp
CFZ,2222839,3) Uncertain significance,Rv1979c_p.Leu109Ser
DLM,3641237,3) Uncertain significance,fbiA_p.Ala232Glu
CFZ,2223213,3) Uncertain significance,Rv1979c_c.-49G>A
CFZ,2860238,3) Uncertain significance,pepQ_p.Arg61Cys
CFZ,2860331,3) Uncertain significance,pepQ_p.Val30Leu
CFZ,2860262,3) Uncertain significance,pepQ_p.Val53Met
CFZ,779121,3) Uncertain significance,Rv0678_p.Cys46_Asp47insGly
CFZ,779174,3) Uncertain significance,Rv0678_p.Ser64dup
CFZ,779017,3) Uncertain significance,Rv0678_p.Met10fs
CFZ,779313,3) Uncertain significance,Rv0678_p.Arg109fs
CFZ,779318,3) Uncertain significance,Rv0678_p.Met111fs
CFZ,2221985,3) Uncertain significance,Rv1979c_p.Ile394Val
CFZ,779359,3) Uncertain significance,Rv0678_p.Ala124Pro
CFZ,2859623,3) Uncertain significance,pepQ_p.Pro266Ser
CFZ,779240,3) Uncertain significance,Rv0678_p.Ala84Val
CFZ,779268,3) Uncertain significance,Rv0678_p.Phe93Leu
CFZ,779212,3) Uncertain significance,Rv0678_p.Ile75Val
CFZ,779236,3) Uncertain significance,Rv0678_p.Leu83Phe
CFZ,779321,3) Uncertain significance,Rv0678_p.Met111Thr
CFZ,779208,3) Uncertain significance,Rv0678_p.Met73Ile
CFZ,779204,3) Uncertain significance,Rv0678_p.Arg72Gln
CFZ,779162,3) Uncertain significance,Rv0678_p.Thr58Lys
CFZ,778990,3) Uncertain significance,Rv0678_c.-85C>A
CFZ,779115,3) Uncertain significance,Rv0678_p.Trp42Cys
CFZ,2221721,3) Uncertain significance,Rv1979c_p.Arg481fs
CFZ,779149,3) Uncertain significance,Rv0678_p.Glu54Lys
CFZ,2222954,3) Uncertain significance,Rv1979c_p.Arg70fs
CFZ,2859883,3) Uncertain significance,pepQ_p.Leu179Pro
CFZ,2860423,3) Uncertain significance,pepQ_c.-5G>A
DLM,3640517,3) Uncertain significance,fbiA_c.-26G>A
DLM,3640523,3) Uncertain significance,fbiA_c.-20G>A
DLM,3641107,3) Uncertain significance,fbiA_p.Gly189Ser
DLM,3640414,3) Uncertain significance,fbiA_c.-129G>T
DLM,3640414,3) Uncertain significance,fbiA_c.-129G>A
DLM,3640533,3) Uncertain significance,fbiA_c.-10G>A
DLM,3640846,3) Uncertain significance,fbiA_p.Phe102Leu
DLM,3640930,3) Uncertain significance,fbiA_p.Glu130Lys
DLM,3640932,3) Uncertain significance,fbiA_p.Glu130Asp
DLM,3640840,3) Uncertain significance,fbiA_p.Asp100Asn
CFZ,2859371,3) Uncertain significance,pepQ_p.Lys350Glu
DLM,3640536,3) Uncertain significance,fbiA_c.-7C>G
CFZ,778821,3) Uncertain significance,mmpS5_p.Arg29Cys
CFZ,778925,3) Uncertain significance,mmpS5_c.-20T>C
CFZ,778980,3) Uncertain significance,mmpS5_c.-75T>C
CFZ,778707,3) Uncertain significance,mmpS5_p.Val67Ile
CFZ,2860372,3) Uncertain significance,pepQ_p.Ala16Gly
CFZ,2860150,3) Uncertain significance,pepQ_p.Ala90Val
CFZ,2860191,3) Uncertain significance,pepQ_p.Glu76Asp
CFZ,2860084,3) Uncertain significance,pepQ_p.Gly112Asp
CFZ,2860440,3) Uncertain significance,pepQ_c.-22G>A
CFZ,2859548,3) Uncertain significance,pepQ_p.Gly291Ser
DLM,3640477,3) Uncertain significance,fbiA_c.-66C>T
CFZ,2222706,3) Uncertain significance,Rv1979c_p.Phe154fs
CFZ,2223229,3) Uncertain significance,Rv1979c_c.-78_-67delACAGGCCGGGAG
CFZ,2222512,3) Uncertain significance,Rv1979c_p.Phe218Ser
CFZ,2223278,3) Uncertain significance,Rv1979c_c.-114G>A
CFZ,2222729,3) Uncertain significance,Rv1979c_p.Gly146Ser
CFZ,2221964,3) Uncertain significance,Rv1979c_p.Ala401Thr
CFZ,2223324,3) Uncertain significance,Rv1979c_c.-160G>A
CFZ,2222676,3) Uncertain significance,Rv1979c_p.Ala162fs
CFZ,2221949,3) Uncertain significance,Rv1979c_p.Ala406Thr
CFZ,2221784,3) Uncertain significance,Rv1979c_p.Ala461Thr
CFZ,2222371,3) Uncertain significance,Rv1979c_p.Ala265Val
CFZ,2222482,3) Uncertain significance,Rv1979c_p.Ala228Val
CFZ,2222734,3) Uncertain significance,Rv1979c_p.Phe144Cys
CFZ,2222525,3) Uncertain significance,Rv1979c_p.Gly214Ser
CFZ,2222531,3) Uncertain significance,Rv1979c_p.Glu212Lys
CFZ,2223174,3) Uncertain significance,Rv1979c_c.-10C>T
CFZ,2222259,3) Uncertain significance,Rv1979c_p.Phe300dup
CFZ,2223200,3) Uncertain significance,Rv1979c_c.-36G>T
CFZ,2222344,3) Uncertain significance,Rv1979c_p.Ala274fs
CFZ,2221826,3) Uncertain significance,Rv1979c_p.Phe447Val
CFZ,2222845,3) Uncertain significance,Rv1979c_p.Gly107Ala
PZA,2288730,4) Not assoc w R - Interim,pncA_p.Ala171Val
EMB,4248515,4) Not assoc w R - Interim,embB_p.Val668Ile
INH,2156389,4) Not assoc w R - Interim,katG_c.-278G>C
INH,2103112,4) Not assoc w R - Interim,ndh_c.-70G>T
INH,2102240,4) Not assoc w R - Interim,ndh_p.Arg268His
EMB,4246085,4) Not assoc w R - Interim,embA_p.Glu951Asp
PZA,2289243,4) Not assoc w R - Interim,pncA_c.-3_-2insC
PZA,2288982,4) Not assoc w R - Interim,pncA_p.Thr87Met
PZA,2289045,4) Not assoc w R - Interim,pncA_p.Ser66Leu
INH,1674434,4) Not assoc w R - Interim,inhA_p.Val78Ala
PZA,2289180,4) Not assoc w R - Interim,pncA_p.Val21Ala
PZA,2289226,4) Not assoc w R - Interim,pncA_p.Ile6Leu
LEV,7570,4) Not assoc w R - Interim,gyrA_p.Ala90Gly
MXF,7570,4) Not assoc w R - Interim,gyrA_p.Ala90Gly
LEV,7539,4) Not assoc w R - Interim,gyrA_p.Thr80Ala
EMB,4245670,4) Not assoc w R - Interim,embA_p.Ala813Gly
PZA,2289138,4) Not assoc w R - Interim,pncA_p.Leu35Arg
PZA,2289007,4) Not assoc w R - Interim,pncA_p.Ala79Thr
MXF,7539,4) Not assoc w R - Interim,gyrA_p.Thr80Ala
PZA,2288739,4) Not assoc w R - Interim,pncA_p.Thr168Ile
PZA,2288901,4) Not assoc w R - Interim,pncA_p.Thr114Met
EMB,4246979,4) Not assoc w R - Interim,embB_p.Gly156Cys
PZA,2289198,4) Not assoc w R - Interim,pncA_p.Glu15Gly
PZA,2289274,4) Not assoc w R - Interim,pncA_c.-33G>A
PZA,2288836,4) Not assoc w R - Interim,pncA_p.Asp136Asn
KAN,1473183,4) Not assoc w R - Interim,rrs_n.1338A>C
PZA,2289006,4) Not assoc w R - Interim,pncA_p.Ala79Val
EMB,4249757,4) Not assoc w R - Interim,embB_p.Thr1082Ala
CAP,1472359,5) Not assoc w R,rrs_n.514A>C
AMI,1472359,5) Not assoc w R,rrs_n.514A>C
BDQ,775639,5) Not assoc w R,mmpL5_p.Ile948Val
KAN,1472359,5) Not assoc w R,rrs_n.514A>C
AMI,2714846,5) Not assoc w R,eis_p.Val163Ile
CFZ,776100,5) Not assoc w R,mmpL5_p.Thr794Ile
AMI,4338371,5) Not assoc w R,whiB6_p.Thr51Pro
AMI,2715344,5) Not assoc w R,eis_c.-12C>T
AMI,619969,5) Not assoc w R,ccsA_p.Val27Ile
CAP,619969,5) Not assoc w R,ccsA_p.Val27Ile
AMI,4338203,5) Not assoc w R,whiB6_p.Arg107Cys
CAP,4338203,5) Not assoc w R,whiB6_p.Arg107Cys
BDQ,776100,5) Not assoc w R,mmpL5_p.Thr794Ile
CFZ,2223553,5) Not assoc w R,Rv1979c_c.-389C>A
CAP,4338371,5) Not assoc w R,whiB6_p.Thr51Pro
AMI,1472337,5) Not assoc w R,rrs_n.492C>T
BDQ,776182,5) Not assoc w R,mmpL5_p.Asp767Asn
KAN,1472362,5) Not assoc w R,rrs_n.517C>T
INH,576000,5) Not assoc w R,mshA_p.Asp218Ala
CAP,4338603,5) Not assoc w R,whiB6_c.-82C>T
CFZ,776182,5) Not assoc w R,mmpL5_p.Asp767Asn
KAN,2714846,5) Not assoc w R,eis_p.Val163Ile
CAP,1472337,5) Not assoc w R,rrs_n.492C>T
AMI,1472362,5) Not assoc w R,rrs_n.517C>T
CAP,1472362,5) Not assoc w R,rrs_n.517C>T
INH,2102990,5) Not assoc w R,ndh_p.Val18Ala
KAN,1472337,5) Not assoc w R,rrs_n.492C>T
STM,1472337,5) Not assoc w R,rrs_n.492C>T
AMI,4338603,5) Not assoc w R,whiB6_c.-82C>T
RIF,762579,5) Not assoc w R,rpoB_p.Ile925Val
INH,2154707,5) Not assoc w R,katG_p.Val469Leu
RIF,3064889,5) Not assoc w R,Rv2752c_p.Lys435Glu
INH,3064889,5) Not assoc w R,Rv2752c_p.Lys435Glu
RIF,3066099,5) Not assoc w R,Rv2752c_p.Met31Ile
INH,3066099,5) Not assoc w R,Rv2752c_p.Met31Ile
RIF,3065305,5) Not assoc w R,Rv2752c_p.Ala296Val
INH,3065305,5) Not assoc w R,Rv2752c_p.Ala296Val
RIF,3065824,5) Not assoc w R,Rv2752c_p.Pro123Leu
INH,3065824,5) Not assoc w R,Rv2752c_p.Pro123Leu
INH,1406613,5) Not assoc w R,Rv1258c_p.Glu243Ala
INH,2726105,5) Not assoc w R,ahpC_c.-88G>A
INH,2154724,5) Not assoc w R,katG_p.Arg463Leu
PZA,1407079,5) Not assoc w R,Rv1258c_p.Gly88fs
STM,781395,5) Not assoc w R,rpsL_c.-165T>C
STM,4407927,5) Not assoc w R,gid_p.Glu92Asp
PZA,1406613,5) Not assoc w R,Rv1258c_p.Glu243Ala
PZA,2168604,5) Not assoc w R,PPE35_p.Pro670Leu
CAP,620625,5) Not assoc w R,ccsA_p.Ile245Met
AMI,620625,5) Not assoc w R,ccsA_p.Ile245Met
CAP,4267647,5) Not assoc w R,aftB_p.Asp397Gly
AMI,4267647,5) Not assoc w R,aftB_p.Asp397Gly
PZA,1406101,5) Not assoc w R,Rv1258c_p.Pro414Ser
CFZ,776395,5) Not assoc w R,mmpL5_p.Phe696Leu
INH,1406101,5) Not assoc w R,Rv1258c_p.Pro414Ser
RIF,3065374,5) Not assoc w R,Rv2752c_p.Ala273Val
PZA,2168479,5) Not assoc w R,PPE35_p.Thr712Pro
INH,3065374,5) Not assoc w R,Rv2752c_p.Ala273Val
INH,3065293,5) Not assoc w R,Rv2752c_p.Val300Ala
AMI,4338361,5) Not assoc w R,whiB6_p.Arg54Gln
PZA,2167926,5) Not assoc w R,PPE35_p.Leu896Ser
PZA,3612813,5) Not assoc w R,Rv3236c_p.Thr102Ala
PZA,4040517,5) Not assoc w R,clpC1_p.Val63Ala
PZA,2168149,5) Not assoc w R,PPE35_p.Pro822Ser
PZA,3612009,5) Not assoc w R,Rv3236c_p.Ala370Thr
PZA,3612665,5) Not assoc w R,Rv3236c_p.Val151Ala
PZA,4038318,5) Not assoc w R,clpC1_p.Pro796Leu
RIF,3065293,5) Not assoc w R,Rv2752c_p.Val300Ala
INH,575679,5) Not assoc w R,mshA_p.Asn111Ser
INH,2156196,5) Not assoc w R,katG_c.-85C>T
STM,4338361,5) Not assoc w R,whiB6_p.Arg54Gln
LEV,6140,5) Not assoc w R,gyrB_p.Val301Leu
LEV,6446,5) Not assoc w R,gyrB_p.Ala403Ser
LEV,8056,5) Not assoc w R,gyrA_p.Arg252Leu
MXF,5520,5) Not assoc w R,gyrB_p.Pro94Leu
LEV,5520,5) Not assoc w R,gyrB_p.Pro94Leu
LEV,9138,5) Not assoc w R,gyrA_p.Gln613Glu
MXF,7268,5) Not assoc w R,gyrA_c.-34C>T
LEV,7268,5) Not assoc w R,gyrA_c.-34C>T
INH,576675,5) Not assoc w R,mshA_p.Arg443His
MXF,8688,5) Not assoc w R,gyrA_p.Ala463Ser
LEV,8688,5) Not assoc w R,gyrA_p.Ala463Ser
MXF,6112,5) Not assoc w R,gyrB_p.Met291Ile
LEV,6112,5) Not assoc w R,gyrB_p.Met291Ile
MXF,8452,5) Not assoc w R,gyrA_p.Ala384Val
LEV,8452,5) Not assoc w R,gyrA_p.Ala384Val
MXF,8040,5) Not assoc w R,gyrA_p.Gly247Ser
LEV,8040,5) Not assoc w R,gyrA_p.Gly247Ser
MXF,7585,5) Not assoc w R,gyrA_p.Ser95Thr
LEV,7585,5) Not assoc w R,gyrA_p.Ser95Thr
MXF,9304,5) Not assoc w R,gyrA_p.Gly668Asp
LEV,9304,5) Not assoc w R,gyrA_p.Gly668Asp
MXF,7362,5) Not assoc w R,gyrA_p.Glu21Gln
LEV,7362,5) Not assoc w R,gyrA_p.Glu21Gln
PZA,4046218,5) Not assoc w R,panD_c.-1937C>T
PZA,3613636,5) Not assoc w R,Rv3236c_c.-520A>G
INH,2102106,5) Not assoc w R,ndh_p.Gly313Arg
INH,2156465,5) Not assoc w R,katG_c.-354C>T
MXF,6140,5) Not assoc w R,gyrB_p.Val301Leu
RIF,761723,5) Not assoc w R,rpoB_p.Glu639Asp
RIF,3878817,5) Not assoc w R,rpoA_c.-310T>A
KAN,3568555,5) Not assoc w R,whiB7_p.Leu42Pro
RIF,760555,5) Not assoc w R,rpoB_p.Glu250Gly
RIF,3877553,5) Not assoc w R,rpoA_p.Glu319Lys
RIF,761889,5) Not assoc w R,rpoB_p.Val695Leu
RIF,765230,5) Not assoc w R,rpoC_p.Ala621Thr
RIF,759546,5) Not assoc w R,rpoB_c.-261A>G
RIF,765171,5) Not assoc w R,rpoC_p.Pro601Leu
RIF,759746,5) Not assoc w R,rpoB_c.-61C>T
RIF,766645,5) Not assoc w R,rpoC_p.Glu1092Asp
RIF,"763884,763885",5) Not assoc w R,rpoC_p.Ala172Val
RIF,765150,5) Not assoc w R,rpoC_p.Gly594Glu
RIF,760969,5) Not assoc w R,rpoB_p.Ser388Leu
RIF,762636,5) Not assoc w R,rpoB_p.Lys944Glu
RIF,765719,5) Not assoc w R,rpoC_p.Glu784Gln
RIF,762352,5) Not assoc w R,rpoB_p.Asp853_Glu854dup
RIF,760947,5) Not assoc w R,rpoB_p.Asn381His
RIF,763575,5) Not assoc w R,rpoC_p.Arg69Pro
RIF,766085,5) Not assoc w R,rpoC_p.Pro906Ala
RIF,764181,5) Not assoc w R,rpoC_p.Asp271Gly
INH,1673680,5) Not assoc w R,inhA_c.-522C>G
KAN,3568438,5) Not assoc w R,whiB7_p.Arg81His
CAP,4338563,5) Not assoc w R,whiB6_c.-42G>T
KAN,3568442,5) Not assoc w R,whiB7_p.Lys80Gln
KAN,3568443,5) Not assoc w R,whiB7_p.His79Gln
KAN,3568434,5) Not assoc w R,whiB7_p.Arg83fs
CAP,1472751,5) Not assoc w R,rrs_n.906A>G
CAP,4338361,5) Not assoc w R,whiB6_p.Arg54Gln
EMB,4239298,5) Not assoc w R,embC_c.-565C>T
EMB,4238120,5) Not assoc w R,embC_c.-1743G>A
EMB,"4240671,4240672",5) Not assoc w R,embC_p.Thr270Ile
EMB,4245969,5) Not assoc w R,embA_p.Pro913Ser
EMB,4241042,5) Not assoc w R,embC_p.Asn394Asp
EMB,4269689,5) Not assoc w R,ubiA_p.Val49Ile
EMB,4243848,5) Not assoc w R,embA_p.Val206Met
EMB,4242182,5) Not assoc w R,embC_p.Ala774Ser
EMB,4269031,5) Not assoc w R,ubiA_p.Gly268Asp
EMB,4245147,5) Not assoc w R,embA_p.Pro639Ser
EMB,4244635,5) Not assoc w R,embA_p.Val468Ala
EMB,4240172,5) Not assoc w R,embC_p.Val104Met
EMB,4241562,5) Not assoc w R,embC_p.Arg567His
EMB,4246551,5) Not assoc w R,embB_p.Asn13Ser
EMB,4249673,5) Not assoc w R,embB_p.Ser1054Pro
EMB,4244379,5) Not assoc w R,embA_p.Pro383Ser
EMB,4241843,5) Not assoc w R,embC_p.Leu661Ile
EMB,4243833,5) Not assoc w R,embA_p.Ala201Thr
EMB,4246930,5) Not assoc w R,embB_p.Gln139His
EMB,4244154,5) Not assoc w R,embA_p.Thr308Ala
EMB,1417140,5) Not assoc w R,embR_p.Ala70Ser
EMB,4247151,5) Not assoc w R,embB_p.Arg213Gln
KAN,3568857,5) Not assoc w R,whiB7_c.-178C>T
STM,4408156,5) Not assoc w R,gid_p.Leu16Arg
AMI,3568857,5) Not assoc w R,whiB7_c.-178C>T
INH,575907,5) Not assoc w R,mshA_p.Ala187Val
EMB,4238343,5) Not assoc w R,embC_c.-1520C>A
EMB,"4247646,4247647",5) Not assoc w R,embB_p.Glu378Ala
EMB,4238963,5) Not assoc w R,embC_c.-900C>T
EMB,4239843,5) Not assoc w R,embC_c.-20A>C
EMB,4238670,5) Not assoc w R,embC_c.-1193C>T
EMB,4238444,5) Not assoc w R,embC_c.-1419G>A
EMB,4239274,5) Not assoc w R,embC_c.-589C>G
EMB,4239593,5) Not assoc w R,embC_c.-270G>A
EMB,4239763,5) Not assoc w R,embC_c.-100C>T
CFZ,2222308,5) Not assoc w R,Rv1979c_p.Asp286Gly
INH,1674162,5) Not assoc w R,inhA_c.-40C>T
LZD,1474001,5) Not assoc w R,rrl_n.344C>T
CFZ,2223293,5) Not assoc w R,Rv1979c_c.-129A>G
BDQ,2223293,5) Not assoc w R,Rv1979c_c.-129A>G
RIF,3065711,5) Not assoc w R,Rv2752c_p.Gly161Ser
CAP,4267960,5) Not assoc w R,aftB_p.Val293Met
AMI,4267960,5) Not assoc w R,aftB_p.Val293Met
STM,3568779,5) Not assoc w R,whiB7_c.-100T>C
KAN,3568779,5) Not assoc w R,whiB7_c.-100T>C
AMI,3568779,5) Not assoc w R,whiB7_c.-100T>C
CFZ,775639,5) Not assoc w R,mmpL5_p.Ile948Val
EMB,4242075,5) Not assoc w R,embC_p.Arg738Gln
EMB,4269387,5) Not assoc w R,ubiA_p.Glu149Asp
EMB,4242803,5) Not assoc w R,embC_p.Val981Leu
EMB,1417019,5) Not assoc w R,embR_p.Cys110Tyr
STM,4407620,5) Not assoc w R,gid_p.Tyr195His
