Chrom	Start	End	Overlap_Genes	Middle	pGCE_Count	CenterOfRegion
NC_000962.3	0	1000	dnaA	500.0	0	500.0
NC_000962.3	1000	2000	dnaA	1500.0	0	1500.0
NC_000962.3	2000	3000	dnaN	2500.0	0	2500.0
NC_000962.3	3000	4000	dnaN,recF	3500.0	0	3500.0
NC_000962.3	4000	5000	recF,Rv0004	4500.0	0	4500.0
NC_000962.3	5000	6000	gyrB	5500.0	0	5500.0
NC_000962.3	6000	7000	gyrB	6500.0	0	6500.0
NC_000962.3	7000	8000	gyrB,gyrA	7500.0	0	7500.0
NC_000962.3	8000	9000	gyrA	8500.0	0	8500.0
NC_000962.3	9000	10000	gyrA,Rv0007	9500.0	0	9500.0
NC_000962.3	10000	11000	Rv0007,ileT	10500.0	0	10500.0
NC_000962.3	11000	12000	alaT,Rv0008c	11500.0	0	11500.0
NC_000962.3	12000	13000	Rv0008c,ppiA	12500.0	0	12500.0
NC_000962.3	13000	14000	ppiA,Rv0010c,Rv0011c	13500.0	0	13500.0
NC_000962.3	14000	15000	Rv0012,trpG	14500.0	0	14500.0
NC_000962.3	15000	16000	trpG,pknB	15500.0	0	15500.0
NC_000962.3	16000	17000	pknB	16500.0	0	16500.0
NC_000962.3	17000	18000	pknB,pknA	17500.0	0	17500.0
NC_000962.3	18000	19000	pknA,pbpA	18500.0	0	18500.0
NC_000962.3	19000	20000	pbpA	19500.0	0	19500.0
NC_000962.3	20000	21000	pbpA,rodA	20500.0	0	20500.0
NC_000962.3	21000	22000	rodA,pstP	21500.0	0	21500.0
NC_000962.3	22000	23000	pstP	22500.0	0	22500.0
NC_000962.3	23000	24000	pstP,fhaB,fhaA	23500.0	0	23500.0
NC_000962.3	24000	25000	fhaA	24500.0	0	24500.0
NC_000962.3	25000	26000	fhaA,leuT,Rv0021c	25500.0	0	25500.0
NC_000962.3	26000	27000	Rv0021c	26500.0	0	26500.0
NC_000962.3	27000	28000	whiB5,Rv0023	27500.0	0	27500.0
NC_000962.3	28000	29000	Rv0023,Rv0024	28500.0	0	28500.0
NC_000962.3	29000	30000	Rv0024,Rv0025,Rv0026	29500.0	0	29500.0
NC_000962.3	30000	31000	Rv0026	30500.0	0	30500.0
NC_000962.3	31000	32000	Rv0026,Rv0027,Rv0028	31500.0	0	31500.0
NC_000962.3	32000	33000	Rv0029	32500.0	0	32500.0
NC_000962.3	33000	34000	Rv0029,Rv0030,Rv0031	33500.0	0	33500.0
NC_000962.3	34000	35000	bioF2	34500.0	0	34500.0
NC_000962.3	35000	36000	bioF2	35500.0	0	35500.0
NC_000962.3	36000	37000	bioF2,acpA,Rv0034	36500.0	0	36500.0
NC_000962.3	37000	38000	Rv0034,fadD34	37500.0	0	37500.0
NC_000962.3	38000	39000	fadD34	38500.0	0	38500.0
NC_000962.3	39000	40000	Rv0036c,Rv0037c	39500.0	0	39500.0
NC_000962.3	40000	41000	Rv0037c	40500.0	0	40500.0
NC_000962.3	41000	42000	Rv0037c,Rv0038	41500.0	0	41500.0
NC_000962.3	42000	43000	Rv0039c,mtc28	42500.0	0	42500.0
NC_000962.3	43000	44000	mtc28,leuS	43500.0	0	43500.0
NC_000962.3	44000	45000	leuS	44500.0	0	44500.0
NC_000962.3	45000	46000	leuS	45500.0	0	45500.0
NC_000962.3	46000	47000	leuS,Rv0042c	46500.0	0	46500.0
NC_000962.3	47000	48000	Rv0042c,Rv0043c	47500.0	0	47500.0
NC_000962.3	48000	49000	Rv0043c,Rv0044c	48500.0	0	48500.0
NC_000962.3	49000	50000	Rv0044c,Rv0045c	49500.0	0	49500.0
NC_000962.3	50000	51000	ino1	50500.0	0	50500.0
NC_000962.3	51000	52000	ino1,Rv0047c,Rv0048c	51500.0	0	51500.0
NC_000962.3	52000	53000	Rv0048c,Rv0049	52500.0	0	52500.0
NC_000962.3	53000	54000	Rv0049,ponA1	53500.0	0	53500.0
NC_000962.3	54000	55000	ponA1	54500.0	0	54500.0
NC_000962.3	55000	56000	ponA1,Rv0051	55500.0	0	55500.0
NC_000962.3	56000	57000	Rv0051	56500.0	0	56500.0
NC_000962.3	57000	58000	Rv0051,Rv0052	57500.0	0	57500.0
NC_000962.3	58000	59000	rpsF,ssb	58500.0	0	58500.0
NC_000962.3	59000	60000	ssb,rpsR1,rplI,Rv0057	59500.0	0	59500.0
NC_000962.3	60000	61000	Rv0057,dnaB	60500.0	0	60500.0
NC_000962.3	61000	62000	dnaB	61500.0	0	61500.0
NC_000962.3	62000	63000	dnaB	62500.0	0	62500.0
NC_000962.3	63000	64000	dnaB,Rv0059,Rv0060	63500.0	0	63500.0
NC_000962.3	64000	65000	Rv0060	64500.0	0	64500.0
NC_000962.3	65000	66000	Rv0061c,celA1	65500.0	0	65500.0
NC_000962.3	66000	67000	celA1,Rv0063	66500.0	0	66500.0
NC_000962.3	67000	68000	Rv0063	67500.0	0	67500.0
NC_000962.3	68000	69000	Rv0063,Rv0064	68500.0	0	68500.0
NC_000962.3	69000	70000	Rv0064	69500.0	0	69500.0
NC_000962.3	70000	71000	Rv0064	70500.0	0	70500.0
NC_000962.3	71000	72000	Rv0064,vapB1,vapC1	71500.0	0	71500.0
NC_000962.3	72000	73000	vapC1,icd2	72500.0	0	72500.0
NC_000962.3	73000	74000	icd2	73500.0	0	73500.0
NC_000962.3	74000	75000	icd2,Rv0067c	74500.0	0	74500.0
NC_000962.3	75000	76000	Rv0067c,Rv0068	75500.0	0	75500.0
NC_000962.3	76000	77000	Rv0068,sdaA	76500.0	0	76500.0
NC_000962.3	77000	78000	sdaA,glyA2	77500.0	0	77500.0
NC_000962.3	78000	79000	glyA2	78500.0	0	78500.0
NC_000962.3	79000	80000	Rv0071	79500.0	0	79500.0
NC_000962.3	80000	81000	Rv0071,Rv0072	80500.0	0	80500.0
NC_000962.3	81000	82000	Rv0072,Rv0073	81500.0	0	81500.0
NC_000962.3	82000	83000	Rv0073,Rv0074	82500.0	0	82500.0
NC_000962.3	83000	84000	Rv0074,Rv0075	83500.0	0	83500.0
NC_000962.3	84000	85000	Rv0075	84500.0	0	84500.0
NC_000962.3	85000	86000	Rv0075,Rv0076c,Rv0077c	85500.0	0	85500.0
NC_000962.3	86000	87000	Rv0077c,Rv0078	86500.0	0	86500.0
NC_000962.3	87000	88000	Rv0078,Rv0078A,Rv0078B	87500.0	0	87500.0
NC_000962.3	88000	89000	Rv0078B,Rv0079	88500.0	0	88500.0
NC_000962.3	89000	90000	Rv0079,Rv0080,Rv0081,Rv0082	89500.0	0	89500.0
NC_000962.3	90000	91000	Rv0082,Rv0083	90500.0	0	90500.0
NC_000962.3	91000	92000	Rv0083	91500.0	0	91500.0
NC_000962.3	92000	93000	Rv0083,hycD	92500.0	0	92500.0
NC_000962.3	93000	94000	hycD,hycP,hycQ	93500.0	0	93500.0
NC_000962.3	94000	95000	hycQ	94500.0	0	94500.0
NC_000962.3	95000	96000	hycQ,hycE	95500.0	0	95500.0
NC_000962.3	96000	97000	hycE,Rv0088	96500.0	0	96500.0
NC_000962.3	97000	98000	Rv0088,Rv0089	97500.0	0	97500.0
NC_000962.3	98000	99000	Rv0089,Rv0090	98500.0	0	98500.0
NC_000962.3	99000	100000	Rv0090,mtn	99500.0	0	99500.0
NC_000962.3	100000	101000	mtn,ctpA	100500.0	0	100500.0
NC_000962.3	101000	102000	ctpA	101500.0	0	101500.0
NC_000962.3	102000	103000	ctpA,Rv0093c	102500.0	0	102500.0
NC_000962.3	103000	104000	Rv0093c,Rv0094c	103500.0	15	103500.0
NC_000962.3	104000	105000	Rv0094c,Rv0095c	104500.0	28	104500.0
NC_000962.3	105000	106000	Rv0095c,PPE1	105500.0	9	105500.0
NC_000962.3	106000	107000	PPE1,Rv0097	106500.0	0	106500.0
NC_000962.3	107000	108000	Rv0097,fcoT	107500.0	0	107500.0
NC_000962.3	108000	109000	fcoT,fadD10	108500.0	0	108500.0
NC_000962.3	109000	110000	fadD10,Rv0100	109500.0	0	109500.0
NC_000962.3	110000	111000	Rv0100,nrp	110500.0	0	110500.0
NC_000962.3	111000	112000	nrp	111500.0	0	111500.0
NC_000962.3	112000	113000	nrp	112500.0	0	112500.0
NC_000962.3	113000	114000	nrp	113500.0	0	113500.0
NC_000962.3	114000	115000	nrp	114500.0	0	114500.0
NC_000962.3	115000	116000	nrp	115500.0	0	115500.0
NC_000962.3	116000	117000	nrp	116500.0	0	116500.0
NC_000962.3	117000	118000	nrp,Rv0102	117500.0	0	117500.0
NC_000962.3	118000	119000	Rv0102	118500.0	0	118500.0
NC_000962.3	119000	120000	Rv0102,ctpB	119500.0	0	119500.0
NC_000962.3	120000	121000	ctpB	120500.0	0	120500.0
NC_000962.3	121000	122000	ctpB	121500.0	0	121500.0
NC_000962.3	122000	123000	ctpB,Rv0104	122500.0	0	122500.0
NC_000962.3	123000	124000	Rv0104,rpmB1	123500.0	0	123500.0
NC_000962.3	124000	125000	rpmB1,Rv0106	124500.0	0	124500.0
NC_000962.3	125000	126000	Rv0106,ctpI	125500.0	0	125500.0
NC_000962.3	126000	127000	ctpI	126500.0	0	126500.0
NC_000962.3	127000	128000	ctpI	127500.0	0	127500.0
NC_000962.3	128000	129000	ctpI	128500.0	0	128500.0
NC_000962.3	129000	130000	ctpI	129500.0	0	129500.0
NC_000962.3	130000	131000	ctpI,Rv0108c	130500.0	0	130500.0
NC_000962.3	131000	132000	Rv0108c,PE_PGRS1	131500.0	0	131500.0
NC_000962.3	132000	133000	PE_PGRS1	132500.0	0	132500.0
NC_000962.3	133000	134000	Rv0110,Rv0111	133500.0	0	133500.0
NC_000962.3	134000	135000	Rv0111	134500.0	0	134500.0
NC_000962.3	135000	136000	Rv0111	135500.0	0	135500.0
NC_000962.3	136000	137000	Rv0111,gca	136500.0	0	136500.0
NC_000962.3	137000	138000	gca,gmhA,gmhB	137500.0	0	137500.0
NC_000962.3	138000	139000	gmhB,hddA	138500.0	0	138500.0
NC_000962.3	139000	140000	hddA	139500.0	0	139500.0
NC_000962.3	140000	141000	ldtA	140500.0	0	140500.0
NC_000962.3	141000	142000	ldtA,oxyS	141500.0	0	141500.0
NC_000962.3	142000	143000	oxyS,oxcA	142500.0	0	142500.0
NC_000962.3	143000	144000	oxcA	143500.0	0	143500.0
NC_000962.3	144000	145000	fadD7	144500.0	0	144500.0
NC_000962.3	145000	146000	fadD7,fusA2	145500.0	0	145500.0
NC_000962.3	146000	147000	fusA2	146500.0	0	146500.0
NC_000962.3	147000	148000	fusA2,Rv0121c	147500.0	0	147500.0
NC_000962.3	148000	149000	Rv0121c,Rv0122,Rv0123	148500.0	0	148500.0
NC_000962.3	149000	150000	Rv0123,PE_PGRS2	149500.0	0	149500.0
NC_000962.3	150000	151000	PE_PGRS2	150500.0	1	150500.0
NC_000962.3	151000	152000	pepA	151500.0	0	151500.0
NC_000962.3	152000	153000	pepA,treS	152500.0	0	152500.0
NC_000962.3	153000	154000	treS	153500.0	0	153500.0
NC_000962.3	154000	155000	treS,mak	154500.0	0	154500.0
NC_000962.3	155000	156000	mak,Rv0128	155500.0	0	155500.0
NC_000962.3	156000	157000	Rv0128,fbpC	156500.0	0	156500.0
NC_000962.3	157000	158000	fbpC,htdZ	157500.0	0	157500.0
NC_000962.3	158000	159000	htdZ,fadE1	158500.0	0	158500.0
NC_000962.3	159000	160000	fadE1,fgd2	159500.0	0	159500.0
NC_000962.3	160000	161000	fgd2,Rv0133	160500.0	0	160500.0
NC_000962.3	161000	162000	Rv0133,ephF	161500.0	0	161500.0
NC_000962.3	162000	163000	ephF,Rv0135c	162500.0	0	162500.0
NC_000962.3	163000	164000	Rv0135c,cyp138	163500.0	0	163500.0
NC_000962.3	164000	165000	cyp138,msrA	164500.0	0	164500.0
NC_000962.3	165000	166000	msrA,Rv0138,Rv0139	165500.0	0	165500.0
NC_000962.3	166000	167000	Rv0139,Rv0140	166500.0	0	166500.0
NC_000962.3	167000	168000	Rv0140,Rv0141c,Rv0142	167500.0	0	167500.0
NC_000962.3	168000	169000	Rv0142,Rv0143c	168500.0	0	168500.0
NC_000962.3	169000	170000	Rv0143c	169500.0	0	169500.0
NC_000962.3	170000	171000	Rv0143c,Rv0144	170500.0	0	170500.0
NC_000962.3	171000	172000	Rv0144,Rv0145	171500.0	0	171500.0
NC_000962.3	172000	173000	Rv0145,Rv0146	172500.0	0	172500.0
NC_000962.3	173000	174000	Rv0146,Rv0147	173500.0	0	173500.0
NC_000962.3	174000	175000	Rv0147,Rv0148	174500.0	0	174500.0
NC_000962.3	175000	176000	Rv0148,Rv0149	175500.0	0	175500.0
NC_000962.3	176000	177000	Rv0149,Rv0150c	176500.0	0	176500.0
NC_000962.3	177000	178000	PE1	177500.0	0	177500.0
NC_000962.3	178000	179000	PE1	178500.0	0	178500.0
NC_000962.3	179000	180000	PE1,PE2	179500.0	0	179500.0
NC_000962.3	180000	181000	PE2	180500.0	0	180500.0
NC_000962.3	181000	182000	ptbB,fadE2	181500.0	0	181500.0
NC_000962.3	182000	183000	fadE2	182500.0	0	182500.0
NC_000962.3	183000	184000	fadE2,pntAa	183500.0	0	183500.0
NC_000962.3	184000	185000	pntAa,pntAb	184500.0	0	184500.0
NC_000962.3	185000	186000	pntAb,pntB	185500.0	0	185500.0
NC_000962.3	186000	187000	pntB,Rv0157A,Rv0158	186500.0	0	186500.0
NC_000962.3	187000	188000	Rv0158,PE3	187500.0	0	187500.0
NC_000962.3	188000	189000	PE3,PE4	188500.0	0	188500.0
NC_000962.3	189000	190000	PE4	189500.0	0	189500.0
NC_000962.3	190000	191000	PE4,Rv0161	190500.0	0	190500.0
NC_000962.3	191000	192000	Rv0161,adhE1	191500.0	0	191500.0
NC_000962.3	192000	193000	adhE1	192500.0	0	192500.0
NC_000962.3	193000	194000	adhE1,Rv0163,TB18.5	193500.0	0	193500.0
NC_000962.3	194000	195000	TB18.5,mce1R,fadD5	194500.0	0	194500.0
NC_000962.3	195000	196000	fadD5	195500.0	0	195500.0
NC_000962.3	196000	197000	fadD5,yrbE1A	196500.0	0	196500.0
NC_000962.3	197000	198000	yrbE1A,yrbE1B	197500.0	0	197500.0
NC_000962.3	198000	199000	yrbE1B,mce1A	198500.0	0	198500.0
NC_000962.3	199000	200000	mce1A,mce1B	199500.0	0	199500.0
NC_000962.3	200000	201000	mce1B,mce1C	200500.0	0	200500.0
NC_000962.3	201000	202000	mce1C	201500.0	0	201500.0
NC_000962.3	202000	203000	mce1C,mce1D	202500.0	0	202500.0
NC_000962.3	203000	204000	mce1D	203500.0	0	203500.0
NC_000962.3	204000	205000	mce1D,lprK	204500.0	0	204500.0
NC_000962.3	205000	206000	lprK,mce1F	205500.0	0	205500.0
NC_000962.3	206000	207000	mce1F,Rv0175	206500.0	0	206500.0
NC_000962.3	207000	208000	Rv0175,Rv0176	207500.0	0	207500.0
NC_000962.3	208000	209000	Rv0176,Rv0177,Rv0178	208500.0	0	208500.0
NC_000962.3	209000	210000	Rv0178,lprO	209500.0	0	209500.0
NC_000962.3	210000	211000	lprO,Rv0180c	210500.0	0	210500.0
NC_000962.3	211000	212000	Rv0180c	211500.0	0	211500.0
NC_000962.3	212000	213000	Rv0180c,Rv0181c	212500.0	0	212500.0
NC_000962.3	213000	214000	Rv0181c,sigG	213500.0	0	213500.0
NC_000962.3	214000	215000	sigG,Rv0183,Rv0184	214500.0	0	214500.0
NC_000962.3	215000	216000	Rv0184,Rv0185	215500.0	0	215500.0
NC_000962.3	216000	217000	Rv0185,bglS	216500.0	0	216500.0
NC_000962.3	217000	218000	bglS	217500.0	0	217500.0
NC_000962.3	218000	219000	bglS,mymT,Rv0187	218500.0	0	218500.0
NC_000962.3	219000	220000	Rv0187,Rv0188,ilvD	219500.0	0	219500.0
NC_000962.3	220000	221000	ilvD	220500.0	0	220500.0
NC_000962.3	221000	222000	ilvD,Rv0190	221500.0	0	221500.0
NC_000962.3	222000	223000	Rv0190,Rv0191	222500.0	0	222500.0
NC_000962.3	223000	224000	Rv0191,Rv0192,Rv0192A	223500.0	0	223500.0
NC_000962.3	224000	225000	Rv0192,Rv0193c	224500.0	0	224500.0
NC_000962.3	225000	226000	Rv0193c	225500.0	0	225500.0
NC_000962.3	226000	227000	Rv0193c,Rv0194	226500.0	0	226500.0
NC_000962.3	227000	228000	Rv0194	227500.0	0	227500.0
NC_000962.3	228000	229000	Rv0194	228500.0	0	228500.0
NC_000962.3	229000	230000	Rv0194	229500.0	0	229500.0
NC_000962.3	230000	231000	Rv0194,Rv0195	230500.0	0	230500.0
NC_000962.3	231000	232000	Rv0195,Rv0196	231500.0	0	231500.0
NC_000962.3	232000	233000	Rv0196,Rv0197	232500.0	0	232500.0
NC_000962.3	233000	234000	Rv0197	233500.0	0	233500.0
NC_000962.3	234000	235000	Rv0197,zmp1	234500.0	0	234500.0
NC_000962.3	235000	236000	zmp1	235500.0	0	235500.0
NC_000962.3	236000	237000	zmp1,Rv0199	236500.0	0	236500.0
NC_000962.3	237000	238000	Rv0199,Rv0200,Rv0201c	237500.0	0	237500.0
NC_000962.3	238000	239000	Rv0201c,mmpL11	238500.0	0	238500.0
NC_000962.3	239000	240000	mmpL11	239500.0	0	239500.0
NC_000962.3	240000	241000	mmpL11	240500.0	0	240500.0
NC_000962.3	241000	242000	mmpL11,Rv0203,Rv0204c	241500.0	0	241500.0
NC_000962.3	242000	243000	Rv0204c	242500.0	0	242500.0
NC_000962.3	243000	244000	Rv0204c,Rv0205	243500.0	0	243500.0
NC_000962.3	244000	245000	Rv0205,mmpL3	244500.0	0	244500.0
NC_000962.3	245000	246000	mmpL3	245500.0	0	245500.0
NC_000962.3	246000	247000	mmpL3	246500.0	0	246500.0
NC_000962.3	247000	248000	mmpL3,Rv0207c	247500.0	0	247500.0
NC_000962.3	248000	249000	Rv0207c,Rv0208c	248500.0	0	248500.0
NC_000962.3	249000	250000	Rv0209	249500.0	0	249500.0
NC_000962.3	250000	251000	Rv0209,Rv0210	250500.0	0	250500.0
NC_000962.3	251000	252000	Rv0210,pckA	251500.0	0	251500.0
NC_000962.3	252000	253000	pckA	252500.0	0	252500.0
NC_000962.3	253000	254000	pckA,nadR	253500.0	0	253500.0
NC_000962.3	254000	255000	nadR,Rv0213c	254500.0	0	254500.0
NC_000962.3	255000	256000	Rv0213c	255500.0	0	255500.0
NC_000962.3	256000	257000	fadD4	256500.0	0	256500.0
NC_000962.3	257000	258000	fadD4,fadE3	257500.0	0	257500.0
NC_000962.3	258000	259000	fadE3,Rv0216	258500.0	0	258500.0
NC_000962.3	259000	260000	Rv0216,lipW	259500.0	0	259500.0
NC_000962.3	260000	261000	lipW,Rv0218	260500.0	0	260500.0
NC_000962.3	261000	262000	Rv0218	261500.0	0	261500.0
NC_000962.3	262000	263000	Rv0218,Rv0219,lipC	262500.0	0	262500.0
NC_000962.3	263000	264000	lipC	263500.0	0	263500.0
NC_000962.3	264000	265000	lipC,Rv0221	264500.0	0	264500.0
NC_000962.3	265000	266000	Rv0221,echA1	265500.0	0	265500.0
NC_000962.3	266000	267000	echA1,Rv0223c	266500.0	0	266500.0
NC_000962.3	267000	268000	Rv0223c,Rv0224c	267500.0	0	267500.0
NC_000962.3	268000	269000	Rv0224c,Rv0225	268500.0	0	268500.0
NC_000962.3	269000	270000	Rv0225,Rv0226c	269500.0	0	269500.0
NC_000962.3	270000	271000	Rv0226c	270500.0	0	270500.0
NC_000962.3	271000	272000	Rv0226c,Rv0227c	271500.0	0	271500.0
NC_000962.3	272000	273000	Rv0227c	272500.0	0	272500.0
NC_000962.3	273000	274000	Rv0228	273500.0	0	273500.0
NC_000962.3	274000	275000	Rv0228,Rv0229c,php	274500.0	0	274500.0
NC_000962.3	275000	276000	php	275500.0	0	275500.0
NC_000962.3	276000	277000	fadE4	276500.0	0	276500.0
NC_000962.3	277000	278000	fadE4,Rv0232	277500.0	0	277500.0
NC_000962.3	278000	279000	Rv0232,nrdB	278500.0	0	278500.0
NC_000962.3	279000	280000	nrdB,gabD1	279500.0	0	279500.0
NC_000962.3	280000	281000	gabD1	280500.0	0	280500.0
NC_000962.3	281000	282000	gabD1,Rv0235c	281500.0	0	281500.0
NC_000962.3	282000	283000	Rv0235c,aftD	282500.0	0	282500.0
NC_000962.3	283000	284000	aftD	283500.0	0	283500.0
NC_000962.3	284000	285000	aftD	284500.0	0	284500.0
NC_000962.3	285000	286000	aftD	285500.0	0	285500.0
NC_000962.3	286000	287000	aftD,Rv0236A	286500.0	0	286500.0
NC_000962.3	287000	288000	Rv0236A,lpqI	287500.0	0	287500.0
NC_000962.3	288000	289000	lpqI,Rv0238	288500.0	0	288500.0
NC_000962.3	289000	290000	Rv0238,vapB24,vapC24,htdX	289500.0	0	289500.0
NC_000962.3	290000	291000	htdX,fabG4	290500.0	0	290500.0
NC_000962.3	291000	292000	fabG4	291500.0	0	291500.0
NC_000962.3	292000	293000	fabG4,fadA2	292500.0	0	292500.0
NC_000962.3	293000	294000	fadA2,fadE5	293500.0	0	293500.0
NC_000962.3	294000	295000	fadE5	294500.0	0	294500.0
NC_000962.3	295000	296000	fadE5	295500.0	0	295500.0
NC_000962.3	296000	297000	Rv0245,Rv0246	296500.0	0	296500.0
NC_000962.3	297000	298000	Rv0246	297500.0	0	297500.0
NC_000962.3	298000	299000	Rv0246,Rv0247c,Rv0248c	298500.0	0	298500.0
NC_000962.3	299000	300000	Rv0248c	299500.0	0	299500.0
NC_000962.3	300000	301000	Rv0248c,Rv0249c	300500.0	0	300500.0
NC_000962.3	301000	302000	Rv0249c,Rv0250c	301500.0	0	301500.0
NC_000962.3	302000	303000	Rv0250c,hsp,nirB	302500.0	0	302500.0
NC_000962.3	303000	304000	nirB	303500.0	0	303500.0
NC_000962.3	304000	305000	nirB	304500.0	0	304500.0
NC_000962.3	305000	306000	nirB,nirD,cobU	305500.0	0	305500.0
NC_000962.3	306000	307000	cobU,cobQ1	306500.0	0	306500.0
NC_000962.3	307000	308000	cobQ1,PPE2	307500.0	0	307500.0
NC_000962.3	308000	309000	PPE2	308500.0	0	308500.0
NC_000962.3	309000	310000	PPE2,Rv0257	309500.0	0	309500.0
NC_000962.3	310000	311000	Rv0257,Rv0258c,Rv0259c	310500.0	0	310500.0
NC_000962.3	311000	312000	Rv0259c,Rv0260c	311500.0	0	311500.0
NC_000962.3	312000	313000	Rv0260c,narK3	312500.0	0	312500.0
NC_000962.3	313000	314000	narK3	313500.0	0	313500.0
NC_000962.3	314000	315000	narK3,aac,Rv0263c	314500.0	0	314500.0
NC_000962.3	315000	316000	Rv0263c,Rv0264c	315500.0	0	315500.0
NC_000962.3	316000	317000	Rv0264c,Rv0265c	316500.0	0	316500.0
NC_000962.3	317000	318000	Rv0265c,oplA	317500.0	0	317500.0
NC_000962.3	318000	319000	oplA	318500.0	0	318500.0
NC_000962.3	319000	320000	oplA	319500.0	0	319500.0
NC_000962.3	320000	321000	oplA	320500.0	0	320500.0
NC_000962.3	321000	322000	oplA,narU	321500.0	0	321500.0
NC_000962.3	322000	323000	narU,Rv0268c	322500.0	0	322500.0
NC_000962.3	323000	324000	Rv0268c,Rv0269c	323500.0	0	323500.0
NC_000962.3	324000	325000	Rv0269c,fadD2	324500.0	0	324500.0
NC_000962.3	325000	326000	fadD2	325500.0	0	325500.0
NC_000962.3	326000	327000	fadD2,fadE6	326500.0	0	326500.0
NC_000962.3	327000	328000	fadE6	327500.0	0	327500.0
NC_000962.3	328000	329000	fadE6,Rv0272c	328500.0	0	328500.0
NC_000962.3	329000	330000	Rv0272c,Rv0273c	329500.0	0	329500.0
NC_000962.3	330000	331000	Rv0273c,Rv0274,Rv0275c	330500.0	0	330500.0
NC_000962.3	331000	332000	Rv0274,Rv0275c,Rv0276	331500.0	0	331500.0
NC_000962.3	332000	333000	Rv0276,vapC25	332500.0	2	332500.0
NC_000962.3	333000	334000	vapC25,vapB25,PE_PGRS3	333500.0	2	333500.0
NC_000962.3	334000	335000	PE_PGRS3	334500.0	1	334500.0
NC_000962.3	335000	336000	PE_PGRS3	335500.0	0	335500.0
NC_000962.3	336000	337000	PE_PGRS3,PE_PGRS4	336500.0	0	336500.0
NC_000962.3	337000	338000	PE_PGRS4	337500.0	0	337500.0
NC_000962.3	338000	339000	PE_PGRS4	338500.0	10	338500.0
NC_000962.3	339000	340000	PE_PGRS4,PPE3	339500.0	0	339500.0
NC_000962.3	340000	341000	PPE3,Rv0281	340500.0	0	340500.0
NC_000962.3	341000	342000	Rv0281	341500.0	0	341500.0
NC_000962.3	342000	343000	eccA3	342500.0	0	342500.0
NC_000962.3	343000	344000	eccA3	343500.0	0	343500.0
NC_000962.3	344000	345000	eccA3,eccB3	344500.0	0	344500.0
NC_000962.3	345000	346000	eccB3,eccC3	345500.0	0	345500.0
NC_000962.3	346000	347000	eccC3	346500.0	0	346500.0
NC_000962.3	347000	348000	eccC3	347500.0	0	347500.0
NC_000962.3	348000	349000	eccC3	348500.0	0	348500.0
NC_000962.3	349000	350000	eccC3,PE5,PPE4	349500.0	0	349500.0
NC_000962.3	350000	351000	PPE4	350500.0	0	350500.0
NC_000962.3	351000	352000	PPE4,esxG,esxH	351500.0	0	351500.0
NC_000962.3	352000	353000	esxH,espG3	352500.0	0	352500.0
NC_000962.3	353000	354000	espG3,eccD3	353500.0	0	353500.0
NC_000962.3	354000	355000	eccD3,mycP3	354500.0	0	354500.0
NC_000962.3	355000	356000	mycP3,eccE3	355500.0	0	355500.0
NC_000962.3	356000	357000	eccE3,Rv0293c	356500.0	0	356500.0
NC_000962.3	357000	358000	Rv0293c	357500.0	0	357500.0
NC_000962.3	358000	359000	Rv0293c,tam,Rv0295c	358500.0	0	358500.0
NC_000962.3	359000	360000	Rv0295c,Rv0296c	359500.0	0	359500.0
NC_000962.3	360000	361000	Rv0296c	360500.0	0	360500.0
NC_000962.3	361000	362000	Rv0296c,PE_PGRS5	361500.0	0	361500.0
NC_000962.3	362000	363000	PE_PGRS5	362500.0	0	362500.0
NC_000962.3	363000	364000	PE_PGRS5,Rv0298,Rv0299,vapB2	363500.0	0	363500.0
NC_000962.3	364000	365000	vapB2,vapC2,Rv0302	364500.0	0	364500.0
NC_000962.3	365000	366000	Rv0302,Rv0303	365500.0	0	365500.0
NC_000962.3	366000	367000	Rv0303,PPE5	366500.0	0	366500.0
NC_000962.3	367000	368000	PPE5	367500.0	0	367500.0
NC_000962.3	368000	369000	PPE5	368500.0	0	368500.0
NC_000962.3	369000	370000	PPE5	369500.0	0	369500.0
NC_000962.3	370000	371000	PPE5	370500.0	0	370500.0
NC_000962.3	371000	372000	PPE5	371500.0	0	371500.0
NC_000962.3	372000	373000	PPE5,PPE6	372500.0	0	372500.0
NC_000962.3	373000	374000	PPE6	373500.0	0	373500.0
NC_000962.3	374000	375000	PPE6	374500.0	0	374500.0
NC_000962.3	375000	376000	PPE6,Rv0306	375500.0	0	375500.0
NC_000962.3	376000	377000	Rv0306,Rv0307c	376500.0	0	376500.0
NC_000962.3	377000	378000	Rv0307c,Rv0308,Rv0309	377500.0	0	377500.0
NC_000962.3	378000	379000	Rv0309,Rv0310c	378500.0	0	378500.0
NC_000962.3	379000	380000	Rv0310c,Rv0311	379500.0	0	379500.0
NC_000962.3	380000	381000	Rv0311,Rv0312	380500.0	0	380500.0
NC_000962.3	381000	382000	Rv0312	381500.0	0	381500.0
NC_000962.3	382000	383000	Rv0312,Rv0313,Rv0314c	382500.0	0	382500.0
NC_000962.3	383000	384000	Rv0314c,Rv0315	383500.0	0	383500.0
NC_000962.3	384000	385000	Rv0315,Rv0316	384500.0	0	384500.0
NC_000962.3	385000	386000	Rv0316,glpQ2	385500.0	0	385500.0
NC_000962.3	386000	387000	glyU,Rv0318c	386500.0	0	386500.0
NC_000962.3	387000	388000	Rv0318c,pcp,Rv0320	387500.0	0	387500.0
NC_000962.3	388000	389000	Rv0320,dcd	388500.0	0	388500.0
NC_000962.3	389000	390000	dcd,udgA	389500.0	0	389500.0
NC_000962.3	390000	391000	udgA,Rv0323c	390500.0	0	390500.0
NC_000962.3	391000	392000	Rv0323c,Rv0324	391500.0	0	391500.0
NC_000962.3	392000	393000	Rv0324,Rv0325,Rv0326,cyp135A1	392500.0	0	392500.0
NC_000962.3	393000	394000	cyp135A1	393500.0	0	393500.0
NC_000962.3	394000	395000	cyp135A1,Rv0328,Rv0329c	394500.0	0	394500.0
NC_000962.3	395000	396000	Rv0329c,Rv0330c	395500.0	0	395500.0
NC_000962.3	396000	397000	Rv0330c,Rv0331	396500.0	0	396500.0
NC_000962.3	397000	398000	Rv0331,Rv0332	397500.0	0	397500.0
NC_000962.3	398000	399000	Rv0332,Rv0333,rmlA	398500.0	0	398500.0
NC_000962.3	399000	400000	rmlA,PE6	399500.0	0	399500.0
NC_000962.3	400000	401000	PE6,Rv0336	400500.0	0	400500.0
NC_000962.3	401000	402000	Rv0336,aspC	401500.0	0	401500.0
NC_000962.3	402000	403000	aspC	402500.0	0	402500.0
NC_000962.3	403000	404000	aspC,Rv0338c	403500.0	0	403500.0
NC_000962.3	404000	405000	Rv0338c	404500.0	0	404500.0
NC_000962.3	405000	406000	Rv0338c,Rv0339c	405500.0	0	405500.0
NC_000962.3	406000	407000	Rv0339c	406500.0	0	406500.0
NC_000962.3	407000	408000	Rv0339c	407500.0	0	407500.0
NC_000962.3	408000	409000	Rv0339c,Rv0340	408500.0	0	408500.0
NC_000962.3	409000	410000	Rv0340,iniB	409500.0	0	409500.0
NC_000962.3	410000	411000	iniB,iniA	410500.0	0	410500.0
NC_000962.3	411000	412000	iniA	411500.0	0	411500.0
NC_000962.3	412000	413000	iniA,iniC	412500.0	0	412500.0
NC_000962.3	413000	414000	iniC	413500.0	0	413500.0
NC_000962.3	414000	415000	iniC,lpqJ	414500.0	0	414500.0
NC_000962.3	415000	416000	Rv0345,ansP2	415500.0	0	415500.0
NC_000962.3	416000	417000	ansP2	416500.0	0	416500.0
NC_000962.3	417000	418000	Rv0347	417500.0	0	417500.0
NC_000962.3	418000	419000	Rv0347,Rv0348,Rv0349	418500.0	0	418500.0
NC_000962.3	419000	420000	Rv0349,dnaK	419500.0	0	419500.0
NC_000962.3	420000	421000	dnaK	420500.0	0	420500.0
NC_000962.3	421000	422000	dnaK,grpE	421500.0	0	421500.0
NC_000962.3	422000	423000	grpE,dnaJ1	422500.0	0	422500.0
NC_000962.3	423000	424000	dnaJ1,hspR	423500.0	0	423500.0
NC_000962.3	424000	425000	hspR,PPE7,PPE8	424500.0	0	424500.0
NC_000962.3	425000	426000	PPE8	425500.0	0	425500.0
NC_000962.3	426000	427000	PPE8	426500.0	0	426500.0
NC_000962.3	427000	428000	PPE8	427500.0	0	427500.0
NC_000962.3	428000	429000	PPE8	428500.0	0	428500.0
NC_000962.3	429000	430000	PPE8	429500.0	0	429500.0
NC_000962.3	430000	431000	PPE8	430500.0	0	430500.0
NC_000962.3	431000	432000	PPE8	431500.0	0	431500.0
NC_000962.3	432000	433000	PPE8	432500.0	0	432500.0
NC_000962.3	433000	434000	PPE8	433500.0	0	433500.0
NC_000962.3	434000	435000	PPE8,Rv0356c	434500.0	0	434500.0
NC_000962.3	435000	436000	Rv0356c,purA	435500.0	0	435500.0
NC_000962.3	436000	437000	purA,Rv0358	436500.0	0	436500.0
NC_000962.3	437000	438000	Rv0358,Rv0359	437500.0	0	437500.0
NC_000962.3	438000	439000	Rv0359,Rv0360c,Rv0361	438500.0	0	438500.0
NC_000962.3	439000	440000	Rv0361,mgtE	439500.0	0	439500.0
NC_000962.3	440000	441000	mgtE	440500.0	0	440500.0
NC_000962.3	441000	442000	mgtE,fba	441500.0	0	441500.0
NC_000962.3	442000	443000	fba,Rv0364	442500.0	0	442500.0
NC_000962.3	443000	444000	Rv0364,Rv0365c	443500.0	0	443500.0
NC_000962.3	444000	445000	Rv0365c,Rv0366c,Rv0367c	444500.0	0	444500.0
NC_000962.3	445000	446000	Rv0367c,Rv0368c	445500.0	0	445500.0
NC_000962.3	446000	447000	Rv0368c,Rv0369c	446500.0	0	446500.0
NC_000962.3	447000	448000	Rv0369c,Rv0370c	447500.0	0	447500.0
NC_000962.3	448000	449000	Rv0370c,Rv0371c,Rv0372c	448500.0	0	448500.0
NC_000962.3	449000	450000	Rv0372c,Rv0373c	449500.0	0	449500.0
NC_000962.3	450000	451000	Rv0373c	450500.0	0	450500.0
NC_000962.3	451000	452000	Rv0373c,Rv0374c	451500.0	0	451500.0
NC_000962.3	452000	453000	Rv0374c,Rv0375c	452500.0	0	452500.0
NC_000962.3	453000	454000	Rv0375c,Rv0376c	453500.0	0	453500.0
NC_000962.3	454000	455000	Rv0376c,Rv0377	454500.0	0	454500.0
NC_000962.3	455000	456000	Rv0377,Rv0378,secE2	455500.0	0	455500.0
NC_000962.3	456000	457000	secE2,Rv0380c,Rv0381c	456500.0	0	456500.0
NC_000962.3	457000	458000	Rv0381c,pyrE	457500.0	0	457500.0
NC_000962.3	458000	459000	pyrE,Rv0383c	458500.0	0	458500.0
NC_000962.3	459000	460000	Rv0383c,clpB	459500.0	0	459500.0
NC_000962.3	460000	461000	clpB	460500.0	0	460500.0
NC_000962.3	461000	462000	clpB	461500.0	0	461500.0
NC_000962.3	462000	463000	clpB,Rv0385	462500.0	0	462500.0
NC_000962.3	463000	464000	Rv0385,Rv0386	463500.0	0	463500.0
NC_000962.3	464000	465000	Rv0386	464500.0	0	464500.0
NC_000962.3	465000	466000	Rv0386	465500.0	0	465500.0
NC_000962.3	466000	467000	Rv0386,Rv0387c	466500.0	0	466500.0
NC_000962.3	467000	468000	Rv0387c,PPE9	467500.0	0	467500.0
NC_000962.3	468000	469000	PPE9,purT	468500.0	0	468500.0
NC_000962.3	469000	470000	purT,Rv0390	469500.0	0	469500.0
NC_000962.3	470000	471000	Rv0390,metZ	470500.0	0	470500.0
NC_000962.3	471000	472000	metZ,ndhA	471500.0	0	471500.0
NC_000962.3	472000	473000	ndhA,Rv0393	472500.0	0	472500.0
NC_000962.3	473000	474000	Rv0393	473500.0	2	473500.0
NC_000962.3	474000	475000	Rv0393,Rv0394c,Rv0395	474500.0	0	474500.0
NC_000962.3	475000	476000	Rv0395,Rv0396,Rv0397	475500.0	2	475500.0
NC_000962.3	476000	477000	Rv0397,Rv0397A,Rv0398c	476500.0	1	476500.0
NC_000962.3	477000	478000	Rv0398c,lpqK	477500.0	0	477500.0
NC_000962.3	478000	479000	lpqK,fadE7	478500.0	0	478500.0
NC_000962.3	479000	480000	fadE7,Rv0401	479500.0	0	479500.0
NC_000962.3	480000	481000	Rv0401,mmpL1	480500.0	0	480500.0
NC_000962.3	481000	482000	mmpL1	481500.0	0	481500.0
NC_000962.3	482000	483000	mmpL1	482500.0	0	482500.0
NC_000962.3	483000	484000	mmpL1,mmpS1,fadD30	483500.0	0	483500.0
NC_000962.3	484000	485000	fadD30	484500.0	0	484500.0
NC_000962.3	485000	486000	fadD30,pks6	485500.0	0	485500.0
NC_000962.3	486000	487000	pks6	486500.0	0	486500.0
NC_000962.3	487000	488000	pks6	487500.0	0	487500.0
NC_000962.3	488000	489000	pks6	488500.0	0	488500.0
NC_000962.3	489000	490000	pks6,Rv0406c	489500.0	0	489500.0
NC_000962.3	490000	491000	Rv0406c,fgd1	490500.0	0	490500.0
NC_000962.3	491000	492000	fgd1,pta	491500.0	0	491500.0
NC_000962.3	492000	493000	pta	492500.0	0	492500.0
NC_000962.3	493000	494000	pta,ackA	493500.0	0	493500.0
NC_000962.3	494000	495000	ackA	494500.0	0	494500.0
NC_000962.3	495000	496000	ackA,pknG	495500.0	0	495500.0
NC_000962.3	496000	497000	pknG	496500.0	0	496500.0
NC_000962.3	497000	498000	pknG,glnH	497500.0	0	497500.0
NC_000962.3	498000	499000	glnH,Rv0412c	498500.0	0	498500.0
NC_000962.3	499000	500000	Rv0412c,mutT3	499500.0	0	499500.0
NC_000962.3	500000	501000	mutT3,thiE	500500.0	0	500500.0
NC_000962.3	501000	502000	thiE,thiO	501500.0	0	501500.0
NC_000962.3	502000	503000	thiO,thiS,thiG	502500.0	0	502500.0
NC_000962.3	503000	504000	thiG,lpqL	503500.0	0	503500.0
NC_000962.3	504000	505000	lpqL	504500.0	0	504500.0
NC_000962.3	505000	506000	lpqM	505500.0	0	505500.0
NC_000962.3	506000	507000	lpqM,Rv0420c	506500.0	0	506500.0
NC_000962.3	507000	508000	Rv0421c,thiD	507500.0	0	507500.0
NC_000962.3	508000	509000	thiD,thiC	508500.0	0	508500.0
NC_000962.3	509000	510000	thiC	509500.0	0	509500.0
NC_000962.3	510000	511000	thiC,Rv0424c,ctpH	510500.0	0	510500.0
NC_000962.3	511000	512000	ctpH	511500.0	0	511500.0
NC_000962.3	512000	513000	ctpH	512500.0	0	512500.0
NC_000962.3	513000	514000	ctpH	513500.0	0	513500.0
NC_000962.3	514000	515000	ctpH	514500.0	0	514500.0
NC_000962.3	515000	516000	ctpH,Rv0426c	515500.0	0	515500.0
NC_000962.3	516000	517000	xthA,Rv0428c	516500.0	0	516500.0
NC_000962.3	517000	518000	Rv0428c,def	517500.0	0	517500.0
NC_000962.3	518000	519000	def,Rv0430	518500.0	0	518500.0
NC_000962.3	519000	520000	Rv0430,Rv0431,sodC	519500.0	0	519500.0
NC_000962.3	520000	521000	sodC,Rv0433	520500.0	0	520500.0
NC_000962.3	521000	522000	Rv0433,Rv0434	521500.0	0	521500.0
NC_000962.3	522000	523000	Rv0434,Rv0435c	522500.0	0	522500.0
NC_000962.3	523000	524000	Rv0435c	523500.0	0	523500.0
NC_000962.3	524000	525000	Rv0435c,pssA	524500.0	0	524500.0
NC_000962.3	525000	526000	pssA,psd	525500.0	0	525500.0
NC_000962.3	526000	527000	psd,moeA2	526500.0	0	526500.0
NC_000962.3	527000	528000	moeA2,Rv0439c	527500.0	0	527500.0
NC_000962.3	528000	529000	Rv0439c,groEL2	528500.0	0	528500.0
NC_000962.3	529000	530000	groEL2	529500.0	0	529500.0
NC_000962.3	530000	531000	groEL2,Rv0441c,PPE10	530500.0	0	530500.0
NC_000962.3	531000	532000	PPE10	531500.0	2	531500.0
NC_000962.3	532000	533000	PPE10,Rv0443	532500.0	0	532500.0
NC_000962.3	533000	534000	rskA,sigK	533500.0	0	533500.0
NC_000962.3	534000	535000	sigK,Rv0446c	534500.0	0	534500.0
NC_000962.3	535000	536000	Rv0446c,ufaA1	535500.0	0	535500.0
NC_000962.3	536000	537000	ufaA1,Rv0448c	536500.0	0	536500.0
NC_000962.3	537000	538000	Rv0448c,Rv0449c	537500.0	0	537500.0
NC_000962.3	538000	539000	Rv0449c,mmpL4	538500.0	0	538500.0
NC_000962.3	539000	540000	mmpL4	539500.0	0	539500.0
NC_000962.3	540000	541000	mmpL4	540500.0	0	540500.0
NC_000962.3	541000	542000	mmpL4,mmpS4	541500.0	0	541500.0
NC_000962.3	542000	543000	Rv0452	542500.0	0	542500.0
NC_000962.3	543000	544000	PPE11	543500.0	0	543500.0
NC_000962.3	544000	545000	PPE11,Rv0454	544500.0	0	544500.0
NC_000962.3	545000	546000	Rv0454,Rv0455c,echA2	545500.0	0	545500.0
NC_000962.3	546000	547000	echA2	546500.0	0	546500.0
NC_000962.3	547000	548000	mazF1,mazE1,Rv0457c	547500.0	0	547500.0
NC_000962.3	548000	549000	Rv0457c	548500.0	0	548500.0
NC_000962.3	549000	550000	Rv0457c,Rv0458	549500.0	0	549500.0
NC_000962.3	550000	551000	Rv0458	550500.0	0	550500.0
NC_000962.3	551000	552000	Rv0458,Rv0459,Rv0460	551500.0	0	551500.0
NC_000962.3	552000	553000	Rv0461,lpdC	552500.0	0	552500.0
NC_000962.3	553000	554000	lpdC	553500.0	0	553500.0
NC_000962.3	554000	555000	lpdC,Rv0463,Rv0464c,Rv0465c	554500.0	0	554500.0
NC_000962.3	555000	556000	Rv0465c	555500.0	0	555500.0
NC_000962.3	556000	557000	Rv0465c,Rv0466	556500.0	0	556500.0
NC_000962.3	557000	558000	Rv0466,icl1	557500.0	0	557500.0
NC_000962.3	558000	559000	icl1,fadB2	558500.0	0	558500.0
NC_000962.3	559000	560000	fadB2,umaA	559500.0	0	559500.0
NC_000962.3	560000	561000	umaA,pcaA	560500.0	0	560500.0
NC_000962.3	561000	562000	pcaA,Rv0470A	561500.0	0	561500.0
NC_000962.3	562000	563000	Rv0470A,Rv0471c,Rv0472c	562500.0	0	562500.0
NC_000962.3	563000	564000	Rv0472c,Rv0473	563500.0	0	563500.0
NC_000962.3	564000	565000	Rv0473	564500.0	0	564500.0
NC_000962.3	565000	566000	Rv0474,hbhA	565500.0	0	565500.0
NC_000962.3	566000	567000	hbhA,Rv0476,Rv0477	566500.0	0	566500.0
NC_000962.3	567000	568000	Rv0477,deoC,Rv0479c	567500.0	0	567500.0
NC_000962.3	568000	569000	Rv0479c,Rv0480c	568500.0	0	568500.0
NC_000962.3	569000	570000	Rv0480c,Rv0481c	569500.0	0	569500.0
NC_000962.3	570000	571000	Rv0481c,murB	570500.0	0	570500.0
NC_000962.3	571000	572000	murB,lprQ	571500.0	0	571500.0
NC_000962.3	572000	573000	lprQ	572500.0	0	572500.0
NC_000962.3	573000	574000	lprQ,Rv0484c,Rv0485	573500.0	0	573500.0
NC_000962.3	574000	575000	Rv0485	574500.0	0	574500.0
NC_000962.3	575000	576000	Rv0485,mshA	575500.0	0	575500.0
NC_000962.3	576000	577000	mshA,Rv0487	576500.0	0	576500.0
NC_000962.3	577000	578000	Rv0487,Rv0488	577500.0	0	577500.0
NC_000962.3	578000	579000	Rv0488,gpm1	578500.0	0	578500.0
NC_000962.3	579000	580000	gpm1,senX3	579500.0	0	579500.0
NC_000962.3	580000	581000	senX3,regX3	580500.0	0	580500.0
NC_000962.3	581000	582000	regX3,Rv0492c	581500.0	0	581500.0
NC_000962.3	582000	583000	Rv0492c	582500.0	0	582500.0
NC_000962.3	583000	584000	Rv0492c,Rv0492A,Rv0493c	583500.0	0	583500.0
NC_000962.3	584000	585000	Rv0493c,Rv0494	584500.0	0	584500.0
NC_000962.3	585000	586000	Rv0494,Rv0495c	585500.0	0	585500.0
NC_000962.3	586000	587000	Rv0495c,Rv0496	586500.0	0	586500.0
NC_000962.3	587000	588000	Rv0496,Rv0497	587500.0	0	587500.0
NC_000962.3	588000	589000	Rv0497,Rv0498	588500.0	0	588500.0
NC_000962.3	589000	590000	Rv0498,Rv0499	589500.0	0	589500.0
NC_000962.3	590000	591000	Rv0499,proC	590500.0	0	590500.0
NC_000962.3	591000	592000	Rv0500A,Rv0500B,galE2	591500.0	0	591500.0
NC_000962.3	592000	593000	galE2,Rv0502	592500.0	0	592500.0
NC_000962.3	593000	594000	Rv0502,cmaA2	593500.0	0	593500.0
NC_000962.3	594000	595000	cmaA2,Rv0504c	594500.0	0	594500.0
NC_000962.3	595000	596000	Rv0504c,serB1	595500.0	0	595500.0
NC_000962.3	596000	597000	serB1,mmpS2	596500.0	0	596500.0
NC_000962.3	597000	598000	mmpS2,mmpL2	597500.0	0	597500.0
NC_000962.3	598000	599000	mmpL2	598500.0	0	598500.0
NC_000962.3	599000	600000	mmpL2	599500.0	0	599500.0
NC_000962.3	600000	601000	mmpL2,Rv0508,hemA	600500.0	0	600500.0
NC_000962.3	601000	602000	hemA,hemC	601500.0	0	601500.0
NC_000962.3	602000	603000	hemC,hemD	602500.0	0	602500.0
NC_000962.3	603000	604000	hemD	603500.0	0	603500.0
NC_000962.3	604000	605000	hemD,hemB	604500.0	0	604500.0
NC_000962.3	605000	606000	hemB,Rv0513	605500.0	0	605500.0
NC_000962.3	606000	607000	Rv0513,Rv0514,Rv0515	606500.0	0	606500.0
NC_000962.3	607000	608000	Rv0515	607500.0	0	607500.0
NC_000962.3	608000	609000	Rv0515,Rv0516c,Rv0517	608500.0	0	608500.0
NC_000962.3	609000	610000	Rv0517	609500.0	0	609500.0
NC_000962.3	610000	611000	Rv0517,Rv0518	610500.0	0	610500.0
NC_000962.3	611000	612000	Rv0519c	611500.0	0	611500.0
NC_000962.3	612000	613000	Rv0519c,Rv0520,Rv0521	612500.0	0	612500.0
NC_000962.3	613000	614000	gabP	613500.0	0	613500.0
NC_000962.3	614000	615000	gabP,Rv0523c,hemL	614500.0	0	614500.0
NC_000962.3	615000	616000	hemL	615500.0	0	615500.0
NC_000962.3	616000	617000	hemL,Rv0525,Rv0526	616500.0	0	616500.0
NC_000962.3	617000	618000	Rv0526,ccdA	617500.0	0	617500.0
NC_000962.3	618000	619000	ccdA,Rv0528	618500.0	0	618500.0
NC_000962.3	619000	620000	Rv0528,ccsA	619500.0	0	619500.0
NC_000962.3	620000	621000	ccsA,Rv0530	620500.0	0	620500.0
NC_000962.3	621000	622000	Rv0530	621500.0	0	621500.0
NC_000962.3	622000	623000	Rv0530,Rv0530A,Rv0531,PE_PGRS6	622500.0	0	622500.0
NC_000962.3	623000	624000	PE_PGRS6	623500.0	2	623500.0
NC_000962.3	624000	625000	PE_PGRS6,fabH	624500.0	0	624500.0
NC_000962.3	625000	626000	fabH,menA	625500.0	0	625500.0
NC_000962.3	626000	627000	menA,pnp	626500.0	0	626500.0
NC_000962.3	627000	628000	pnp,galE3	627500.0	0	627500.0
NC_000962.3	628000	629000	galE3,Rv0537c	628500.0	0	628500.0
NC_000962.3	629000	630000	Rv0537c	629500.0	0	629500.0
NC_000962.3	630000	631000	Rv0538	630500.0	0	630500.0
NC_000962.3	631000	632000	Rv0538,Rv0539	631500.0	0	631500.0
NC_000962.3	632000	633000	Rv0539,Rv0540	632500.0	0	632500.0
NC_000962.3	633000	634000	Rv0540,Rv0541c	633500.0	0	633500.0
NC_000962.3	634000	635000	Rv0541c,menE	634500.0	0	634500.0
NC_000962.3	635000	636000	menE,Rv0543c,Rv0544c	635500.0	0	635500.0
NC_000962.3	636000	637000	Rv0544c,pitA	636500.0	0	636500.0
NC_000962.3	637000	638000	pitA,Rv0546c	637500.0	0	637500.0
NC_000962.3	638000	639000	Rv0547c	638500.0	0	638500.0
NC_000962.3	639000	640000	menB	639500.0	0	639500.0
NC_000962.3	640000	641000	vapC3,vapB3	640500.0	0	640500.0
NC_000962.3	641000	642000	fadD8	641500.0	0	641500.0
NC_000962.3	642000	643000	fadD8,Rv0552	642500.0	0	642500.0
NC_000962.3	643000	644000	Rv0552	643500.0	0	643500.0
NC_000962.3	644000	645000	Rv0552,menC	644500.0	0	644500.0
NC_000962.3	645000	646000	menC,bpoC	645500.0	0	645500.0
NC_000962.3	646000	647000	bpoC,menD	646500.0	0	646500.0
NC_000962.3	647000	648000	menD,Rv0556	647500.0	0	647500.0
NC_000962.3	648000	649000	Rv0556,mgtA	648500.0	0	648500.0
NC_000962.3	649000	650000	mgtA,menH	649500.0	0	649500.0
NC_000962.3	650000	651000	menH,Rv0559c,Rv0560c	650500.0	0	650500.0
NC_000962.3	651000	652000	Rv0560c,Rv0561c	651500.0	0	651500.0
NC_000962.3	652000	653000	Rv0561c,grcC1	652500.0	0	652500.0
NC_000962.3	653000	654000	grcC1,htpX	653500.0	0	653500.0
NC_000962.3	654000	655000	htpX,gpdA1	654500.0	0	654500.0
NC_000962.3	655000	656000	gpdA1	655500.0	0	655500.0
NC_000962.3	656000	657000	Rv0565c	656500.0	0	656500.0
NC_000962.3	657000	658000	Rv0565c,Rv0566c	657500.0	0	657500.0
NC_000962.3	658000	659000	Rv0566c,tyrT,Rv0567	658500.0	0	658500.0
NC_000962.3	659000	660000	Rv0567,cyp135B1	659500.0	0	659500.0
NC_000962.3	660000	661000	cyp135B1	660500.0	0	660500.0
NC_000962.3	661000	662000	Rv0569,nrdZ	661500.0	0	661500.0
NC_000962.3	662000	663000	nrdZ	662500.0	0	662500.0
NC_000962.3	663000	664000	nrdZ,Rv0571c	663500.0	0	663500.0
NC_000962.3	664000	665000	Rv0571c	664500.0	0	664500.0
NC_000962.3	665000	666000	Rv0572c,pncB2	665500.0	0	665500.0
NC_000962.3	666000	667000	pncB2	666500.0	0	666500.0
NC_000962.3	667000	668000	pncB2,Rv0574c	667500.0	0	667500.0
NC_000962.3	668000	669000	Rv0574c,Rv0575c	668500.0	0	668500.0
NC_000962.3	669000	670000	Rv0575c,Rv0576	669500.0	0	669500.0
NC_000962.3	670000	671000	Rv0576	670500.0	0	670500.0
NC_000962.3	671000	672000	Rv0576,TB27.3,PE_PGRS7	671500.0	0	671500.0
NC_000962.3	672000	673000	PE_PGRS7	672500.0	0	672500.0
NC_000962.3	673000	674000	PE_PGRS7	673500.0	0	673500.0
NC_000962.3	674000	675000	PE_PGRS7	674500.0	0	674500.0
NC_000962.3	675000	676000	PE_PGRS7	675500.0	0	675500.0
NC_000962.3	676000	677000	Rv0579	676500.0	0	676500.0
NC_000962.3	677000	678000	Rv0580c,vapB26,vapC26	677500.0	0	677500.0
NC_000962.3	678000	679000	vapC26,lpqN	678500.0	0	678500.0
NC_000962.3	679000	680000	lpqN,Rv0584	679500.0	0	679500.0
NC_000962.3	680000	681000	Rv0584	680500.0	0	680500.0
NC_000962.3	681000	682000	Rv0584,Rv0585c	681500.0	0	681500.0
NC_000962.3	682000	683000	Rv0585c	682500.0	0	682500.0
NC_000962.3	683000	684000	Rv0585c	683500.0	0	683500.0
NC_000962.3	684000	685000	Rv0585c,mce2R	684500.0	0	684500.0
NC_000962.3	685000	686000	mce2R,yrbE2A,yrbE2B	685500.0	0	685500.0
NC_000962.3	686000	687000	yrbE2B,mce2A	686500.0	0	686500.0
NC_000962.3	687000	688000	mce2A	687500.0	0	687500.0
NC_000962.3	688000	689000	mce2A,mce2B,Rv0590A	688500.0	0	688500.0
NC_000962.3	689000	690000	Rv0590A,mce2C	689500.0	0	689500.0
NC_000962.3	690000	691000	mce2C,mce2D	690500.0	0	690500.0
NC_000962.3	691000	692000	mce2D	691500.0	0	691500.0
NC_000962.3	692000	693000	mce2D,lprL	692500.0	0	692500.0
NC_000962.3	693000	694000	lprL,mce2F	693500.0	0	693500.0
NC_000962.3	694000	695000	mce2F,vapC4	694500.0	0	694500.0
NC_000962.3	695000	696000	vapC4,vapB4,Rv0597c	695500.0	0	695500.0
NC_000962.3	696000	697000	Rv0597c	696500.0	0	696500.0
NC_000962.3	697000	698000	vapC27,vapB27,Rv0600c	697500.0	0	697500.0
NC_000962.3	698000	699000	Rv0600c,Rv0601c	698500.0	0	698500.0
NC_000962.3	699000	700000	tcrA,Rv0603	699500.0	0	699500.0
NC_000962.3	700000	701000	Rv0603,lpqO	700500.0	0	700500.0
NC_000962.3	701000	702000	lpqO,Rv0605	701500.0	0	701500.0
NC_000962.3	702000	703000	Rv0605,Rv0606,Rv0607	702500.0	0	702500.0
NC_000962.3	703000	704000	Rv0607,vapB28,vapC28,Rv0609A	703500.0	0	703500.0
NC_000962.3	704000	705000	Rv0609A,Rv0610c	704500.0	0	704500.0
NC_000962.3	705000	706000	Rv0610c,Rv0611c	705500.0	0	705500.0
NC_000962.3	706000	707000	Rv0611c,Rv0612,Rv0613c	706500.0	0	706500.0
NC_000962.3	707000	708000	Rv0613c	707500.0	0	707500.0
NC_000962.3	708000	709000	Rv0613c	708500.0	0	708500.0
NC_000962.3	709000	710000	Rv0613c,Rv0614	709500.0	0	709500.0
NC_000962.3	710000	711000	Rv0614,Rv0615,Rv0616c,vapB29	710500.0	0	710500.0
NC_000962.3	711000	712000	vapB29,vapC29,galTa	711500.0	0	711500.0
NC_000962.3	712000	713000	galTa,galTb,galK	712500.0	0	712500.0
NC_000962.3	713000	714000	galK	713500.0	0	713500.0
NC_000962.3	714000	715000	Rv0621	714500.0	0	714500.0
NC_000962.3	715000	716000	Rv0621,Rv0622	715500.0	0	715500.0
NC_000962.3	716000	717000	Rv0622,vapB30,vapC30	716500.0	0	716500.0
NC_000962.3	717000	718000	vapC30,Rv0625c	717500.0	0	717500.0
NC_000962.3	718000	719000	vapB5,vapC5,Rv0628c	718500.0	0	718500.0
NC_000962.3	719000	720000	Rv0628c	719500.0	0	719500.0
NC_000962.3	720000	721000	recD	720500.0	0	720500.0
NC_000962.3	721000	722000	recD,recB	721500.0	0	721500.0
NC_000962.3	722000	723000	recB	722500.0	0	722500.0
NC_000962.3	723000	724000	recB	723500.0	0	723500.0
NC_000962.3	724000	725000	recB	724500.0	0	724500.0
NC_000962.3	725000	726000	recB,recC	725500.0	0	725500.0
NC_000962.3	726000	727000	recC	726500.0	0	726500.0
NC_000962.3	727000	728000	recC	727500.0	0	727500.0
NC_000962.3	728000	729000	recC,echA3	728500.0	0	728500.0
NC_000962.3	729000	730000	echA3,Rv0633c	729500.0	0	729500.0
NC_000962.3	730000	731000	Rv0633c,Rv0634c	730500.0	0	730500.0
NC_000962.3	731000	732000	Rv0634c,Rv0634A,thrT,metT,rpmG2,hadA	731500.0	0	731500.0
NC_000962.3	732000	733000	hadA,hadB,hadC	732500.0	0	732500.0
NC_000962.3	733000	734000	hadC,trpT,secE1	733500.0	0	733500.0
NC_000962.3	734000	735000	secE1,nusG	734500.0	0	734500.0
NC_000962.3	735000	736000	rplK,rplA	735500.0	0	735500.0
NC_000962.3	736000	737000	rplA,mmaA4	736500.0	0	736500.0
NC_000962.3	737000	738000	mmaA4,mmaA3	737500.0	0	737500.0
NC_000962.3	738000	739000	mmaA3,mmaA2	738500.0	0	738500.0
NC_000962.3	739000	740000	mmaA2,mmaA1	739500.0	0	739500.0
NC_000962.3	740000	741000	mmaA1,lipG	740500.0	0	740500.0
NC_000962.3	741000	742000	lipG,Rv0647c	741500.0	0	741500.0
NC_000962.3	742000	743000	Rv0647c,Rv0648	742500.0	0	742500.0
NC_000962.3	743000	744000	Rv0648	743500.0	0	743500.0
NC_000962.3	744000	745000	Rv0648	744500.0	0	744500.0
NC_000962.3	745000	746000	Rv0648	745500.0	0	745500.0
NC_000962.3	746000	747000	Rv0648,fabD2	746500.0	0	746500.0
NC_000962.3	747000	748000	fabD2,Rv0650	747500.0	0	747500.0
NC_000962.3	748000	749000	rplJ,rplL	748500.0	0	748500.0
NC_000962.3	749000	750000	rplL,Rv0653c,Rv0654	749500.0	0	749500.0
NC_000962.3	750000	751000	Rv0654	750500.0	0	750500.0
NC_000962.3	751000	752000	Rv0654,mkl	751500.0	0	751500.0
NC_000962.3	752000	753000	mkl,vapC6	752500.0	0	752500.0
NC_000962.3	753000	754000	vapC6,vapB6,Rv0658c	753500.0	0	753500.0
NC_000962.3	754000	755000	Rv0658c,mazF2,mazE2	754500.0	0	754500.0
NC_000962.3	755000	756000	mazE2,vapC7,vapB7	755500.0	0	755500.0
NC_000962.3	756000	757000	vapB7,atsD	756500.0	0	756500.0
NC_000962.3	757000	758000	atsD	757500.0	0	757500.0
NC_000962.3	758000	759000	atsD,vapB8,vapC8	758500.0	0	758500.0
NC_000962.3	759000	760000	vapC8,Rv0666,rpoB	759500.0	0	759500.0
NC_000962.3	760000	761000	rpoB	760500.0	0	760500.0
NC_000962.3	761000	762000	rpoB	761500.0	0	761500.0
NC_000962.3	762000	763000	rpoB	762500.0	0	762500.0
NC_000962.3	763000	764000	rpoB,rpoC	763500.0	0	763500.0
NC_000962.3	764000	765000	rpoC	764500.0	0	764500.0
NC_000962.3	765000	766000	rpoC	765500.0	0	765500.0
NC_000962.3	766000	767000	rpoC	766500.0	0	766500.0
NC_000962.3	767000	768000	rpoC,Rv0669c	767500.0	0	767500.0
NC_000962.3	768000	769000	Rv0669c	768500.0	0	768500.0
NC_000962.3	769000	770000	Rv0669c,end	769500.0	0	769500.0
NC_000962.3	770000	771000	end,lpqP	770500.0	0	770500.0
NC_000962.3	771000	772000	lpqP,fadE8	771500.0	0	771500.0
NC_000962.3	772000	773000	fadE8	772500.0	0	772500.0
NC_000962.3	773000	774000	fadE8,echA4	773500.0	0	773500.0
NC_000962.3	774000	775000	echA4,Rv0674,echA5	774500.0	0	774500.0
NC_000962.3	775000	776000	echA5,mmpL5	775500.0	0	775500.0
NC_000962.3	776000	777000	mmpL5	776500.0	0	776500.0
NC_000962.3	777000	778000	mmpL5	777500.0	0	777500.0
NC_000962.3	778000	779000	mmpL5,mmpS5,Rv0678	778500.0	0	778500.0
NC_000962.3	779000	780000	Rv0678,Rv0679c	779500.0	0	779500.0
NC_000962.3	780000	781000	Rv0679c,Rv0680c,Rv0681	780500.0	0	780500.0
NC_000962.3	781000	782000	Rv0681,rpsL,rpsG	781500.0	0	781500.0
NC_000962.3	782000	783000	rpsG,fusA1	782500.0	0	782500.0
NC_000962.3	783000	784000	fusA1	783500.0	0	783500.0
NC_000962.3	784000	785000	fusA1,tuf	784500.0	0	784500.0
NC_000962.3	785000	786000	tuf	785500.0	0	785500.0
NC_000962.3	786000	787000	tuf,Rv0686	786500.0	0	786500.0
NC_000962.3	787000	788000	Rv0687,Rv0688	787500.0	0	787500.0
NC_000962.3	788000	789000	Rv0688	788500.0	0	788500.0
NC_000962.3	789000	790000	Rv0688,Rv0689c	789500.0	0	789500.0
NC_000962.3	790000	791000	Rv0690c	790500.0	0	790500.0
NC_000962.3	791000	792000	Rv0690c,Rv0691c,Rv0691A,Rv0692	791500.0	0	791500.0
NC_000962.3	792000	793000	Rv0692,pqqE	792500.0	0	792500.0
NC_000962.3	793000	794000	pqqE,lldD1	793500.0	0	793500.0
NC_000962.3	794000	795000	lldD1,Rv0695	794500.0	0	794500.0
NC_000962.3	795000	796000	Rv0695,Rv0696	795500.0	0	795500.0
NC_000962.3	796000	797000	Rv0696,Rv0697	796500.0	0	796500.0
NC_000962.3	797000	798000	Rv0697	797500.0	0	797500.0
NC_000962.3	798000	799000	Rv0697,Rv0698	798500.0	0	798500.0
NC_000962.3	799000	800000	Rv0698,Rv0699	799500.0	0	799500.0
NC_000962.3	800000	801000	rpsJ,rplC	800500.0	0	800500.0
NC_000962.3	801000	802000	rplC,rplD	801500.0	0	801500.0
NC_000962.3	802000	803000	rplD,rplW,rplB	802500.0	0	802500.0
NC_000962.3	803000	804000	rplB,rpsS,rplV	803500.0	0	803500.0
NC_000962.3	804000	805000	rplV,rpsC	804500.0	0	804500.0
NC_000962.3	805000	806000	rpsC,rplP,rpmC,rpsQ	805500.0	0	805500.0
NC_000962.3	806000	807000	rpsQ,atsA	806500.0	0	806500.0
NC_000962.3	807000	808000	atsA	807500.0	0	807500.0
NC_000962.3	808000	809000	atsA,Rv0712	808500.0	0	808500.0
NC_000962.3	809000	810000	Rv0712,Rv0713	809500.0	0	809500.0
NC_000962.3	810000	811000	Rv0713	810500.0	0	810500.0
NC_000962.3	811000	812000	rplN,rplX	811500.0	0	811500.0
NC_000962.3	812000	813000	rplX,rplE,rpsN1,rpsH	812500.0	0	812500.0
NC_000962.3	813000	814000	rpsH,rplF,rplR	813500.0	0	813500.0
NC_000962.3	814000	815000	rplR,rpsE,rpmD	814500.0	0	814500.0
NC_000962.3	815000	816000	rpmD,rplO,sppA	815500.0	0	815500.0
NC_000962.3	816000	817000	sppA	816500.0	0	816500.0
NC_000962.3	817000	818000	sppA,Rv0724A,Rv0725c	817500.0	0	817500.0
NC_000962.3	818000	819000	Rv0725c,Rv0726c	818500.0	0	818500.0
NC_000962.3	819000	820000	Rv0726c,fucA	819500.0	0	819500.0
NC_000962.3	820000	821000	fucA,serA2	820500.0	0	820500.0
NC_000962.3	821000	822000	serA2,xylB	821500.0	0	821500.0
NC_000962.3	822000	823000	xylB,Rv0730	822500.0	0	822500.0
NC_000962.3	823000	824000	Rv0730,Rv0731c	823500.0	0	823500.0
NC_000962.3	824000	825000	Rv0731c,secY	824500.0	0	824500.0
NC_000962.3	825000	826000	secY	825500.0	0	825500.0
NC_000962.3	826000	827000	secY,adk,mapA	826500.0	0	826500.0
NC_000962.3	827000	828000	mapA,sigL	827500.0	0	827500.0
NC_000962.3	828000	829000	sigL,rslA	828500.0	0	828500.0
NC_000962.3	829000	830000	Rv0737	829500.0	0	829500.0
NC_000962.3	830000	831000	Rv0738,Rv0739	830500.0	0	830500.0
NC_000962.3	831000	832000	Rv0739,Rv0740	831500.0	0	831500.0
NC_000962.3	832000	833000	Rv0740,Rv0741,PE_PGRS8	832500.0	0	832500.0
NC_000962.3	833000	834000	PE_PGRS8,Rv0743c	833500.0	0	833500.0
NC_000962.3	834000	835000	Rv0743c,Rv0744c	834500.0	0	834500.0
NC_000962.3	835000	836000	Rv0745,PE_PGRS9	835500.0	0	835500.0
NC_000962.3	836000	837000	PE_PGRS9	836500.0	0	836500.0
NC_000962.3	837000	838000	PE_PGRS9	837500.0	1	837500.0
NC_000962.3	838000	839000	PE_PGRS9,PE_PGRS10	838500.0	1	838500.0
NC_000962.3	839000	840000	PE_PGRS10	839500.0	2	839500.0
NC_000962.3	840000	841000	PE_PGRS10,vapB31	840500.0	0	840500.0
NC_000962.3	841000	842000	vapB31,vapC31,Rv0749A	841500.0	2	841500.0
NC_000962.3	842000	843000	Rv0750,mmsB	842500.0	3	842500.0
NC_000962.3	843000	844000	mmsB,fadE9	843500.0	0	843500.0
NC_000962.3	844000	845000	fadE9,mmsA	844500.0	0	844500.0
NC_000962.3	845000	846000	mmsA	845500.0	0	845500.0
NC_000962.3	846000	847000	PE_PGRS11	846500.0	0	846500.0
NC_000962.3	847000	848000	PE_PGRS11	847500.0	0	847500.0
NC_000962.3	848000	849000	PPE12	848500.0	0	848500.0
NC_000962.3	849000	850000	PPE12	849500.0	0	849500.0
NC_000962.3	850000	851000	PPE12,Rv0755A,thrV,Rv0756c	850500.0	0	850500.0
NC_000962.3	851000	852000	Rv0756c,phoP	851500.0	0	851500.0
NC_000962.3	852000	853000	phoP,phoR	852500.0	0	852500.0
NC_000962.3	853000	854000	phoR,Rv0759c	853500.0	0	853500.0
NC_000962.3	854000	855000	Rv0759c,Rv0760c,adhB	854500.0	0	854500.0
NC_000962.3	855000	856000	adhB,Rv0762c	855500.0	0	855500.0
NC_000962.3	856000	857000	Rv0762c,Rv0763c,cyp51	856500.0	0	856500.0
NC_000962.3	857000	858000	cyp51	857500.0	0	857500.0
NC_000962.3	858000	859000	cyp51,Rv0765c,cyp123	858500.0	0	858500.0
NC_000962.3	859000	860000	cyp123	859500.0	0	859500.0
NC_000962.3	860000	861000	cyp123,Rv0767c,aldA	860500.0	0	860500.0
NC_000962.3	861000	862000	aldA	861500.0	0	861500.0
NC_000962.3	862000	863000	aldA,Rv0769	862500.0	0	862500.0
NC_000962.3	863000	864000	Rv0769,Rv0770	863500.0	0	863500.0
NC_000962.3	864000	865000	Rv0770,Rv0771,purD	864500.0	0	864500.0
NC_000962.3	865000	866000	purD,ggtA	865500.0	0	865500.0
NC_000962.3	866000	867000	ggtA	866500.0	0	866500.0
NC_000962.3	867000	868000	ggtA,Rv0774c	867500.0	0	867500.0
NC_000962.3	868000	869000	Rv0774c,Rv0775,Rv0776c	868500.0	0	868500.0
NC_000962.3	869000	870000	Rv0775,Rv0776c	869500.0	0	869500.0
NC_000962.3	870000	871000	purB	870500.0	0	870500.0
NC_000962.3	871000	872000	purB,cyp126	871500.0	0	871500.0
NC_000962.3	872000	873000	cyp126,Rv0779c	872500.0	0	872500.0
NC_000962.3	873000	874000	Rv0779c,purC	873500.0	0	873500.0
NC_000962.3	874000	875000	purC,ptrBa,ptrBb	874500.0	0	874500.0
NC_000962.3	875000	876000	ptrBb	875500.0	0	875500.0
NC_000962.3	876000	877000	ptrBb,emrB	876500.0	0	876500.0
NC_000962.3	877000	878000	emrB	877500.0	0	877500.0
NC_000962.3	878000	879000	emrB,Rv0784	878500.0	0	878500.0
NC_000962.3	879000	880000	Rv0784,Rv0785	879500.0	0	879500.0
NC_000962.3	880000	881000	Rv0785	880500.0	0	880500.0
NC_000962.3	881000	882000	Rv0785,Rv0786c,Rv0787	881500.0	0	881500.0
NC_000962.3	882000	883000	Rv0787,Rv0787A,purQ	882500.0	0	882500.0
NC_000962.3	883000	884000	purQ,Rv0789c	883500.0	0	883500.0
NC_000962.3	884000	885000	Rv0789c,Rv0790c,Rv0791c	884500.0	0	884500.0
NC_000962.3	885000	886000	Rv0791c,Rv0792c	885500.0	0	885500.0
NC_000962.3	886000	887000	Rv0792c,Rv0793	886500.0	0	886500.0
NC_000962.3	887000	888000	Rv0793,Rv0794c	887500.0	0	887500.0
NC_000962.3	888000	889000	Rv0794c	888500.0	0	888500.0
NC_000962.3	889000	890000	Rv0795,Rv0796	889500.0	0	889500.0
NC_000962.3	890000	891000	Rv0796,Rv0797	890500.0	0	890500.0
NC_000962.3	891000	892000	Rv0797,cfp29	891500.0	0	891500.0
NC_000962.3	892000	893000	cfp29,Rv0799c	892500.0	0	892500.0
NC_000962.3	893000	894000	Rv0799c,pepC	893500.0	0	893500.0
NC_000962.3	894000	895000	pepC,Rv0801,Rv0802c	894500.0	0	894500.0
NC_000962.3	895000	896000	Rv0802c,purL	895500.0	0	895500.0
NC_000962.3	896000	897000	purL	896500.0	0	896500.0
NC_000962.3	897000	898000	purL	897500.0	0	897500.0
NC_000962.3	898000	899000	purL,Rv0804,Rv0805	898500.0	0	898500.0
NC_000962.3	899000	900000	Rv0805,cpsY	899500.0	0	899500.0
NC_000962.3	900000	901000	cpsY	900500.0	0	900500.0
NC_000962.3	901000	902000	cpsY,Rv0807	901500.0	0	901500.0
NC_000962.3	902000	903000	Rv0807,purF	902500.0	0	902500.0
NC_000962.3	903000	904000	purF,purM	903500.0	0	903500.0
NC_000962.3	904000	905000	purM,Rv0810c	904500.0	0	904500.0
NC_000962.3	905000	906000	Rv0810c,Rv0811c	905500.0	0	905500.0
NC_000962.3	906000	907000	Rv0811c,Rv0812	906500.0	0	906500.0
NC_000962.3	907000	908000	Rv0812,Rv0813c	907500.0	0	907500.0
NC_000962.3	908000	909000	Rv0813c,sseC2,cysA2	908500.0	0	908500.0
NC_000962.3	909000	910000	cysA2,thiX	909500.0	0	909500.0
NC_000962.3	910000	911000	thiX,Rv0817c,Rv0818	910500.0	0	910500.0
NC_000962.3	911000	912000	Rv0818,mshD	911500.0	0	911500.0
NC_000962.3	912000	913000	mshD,phoT	912500.0	0	912500.0
NC_000962.3	913000	914000	phoT,phoY2	913500.0	0	913500.0
NC_000962.3	914000	915000	phoY2,Rv0822c	914500.0	0	914500.0
NC_000962.3	915000	916000	Rv0822c	915500.0	0	915500.0
NC_000962.3	916000	917000	Rv0822c,Rv0823c	916500.0	0	916500.0
NC_000962.3	917000	918000	Rv0823c,desA1	917500.0	0	917500.0
NC_000962.3	918000	919000	desA1,Rv0825c	918500.0	0	918500.0
NC_000962.3	919000	920000	Rv0825c,Rv0826	919500.0	0	919500.0
NC_000962.3	920000	921000	Rv0826,kmtR	920500.0	0	920500.0
NC_000962.3	921000	922000	kmtR,Rv0828c,Rv0829,Rv0830	921500.0	2	921500.0
NC_000962.3	922000	923000	Rv0830,Rv0831c	922500.0	0	922500.0
NC_000962.3	923000	924000	Rv0831c,lysT,gluT	923500.0	0	923500.0
NC_000962.3	924000	925000	gluT,aspT,pheU,PE_PGRS12	924500.0	0	924500.0
NC_000962.3	925000	926000	PE_PGRS12,PE_PGRS13	925500.0	1	925500.0
NC_000962.3	926000	927000	PE_PGRS13	926500.0	0	926500.0
NC_000962.3	927000	928000	PE_PGRS13,PE_PGRS14	927500.0	0	927500.0
NC_000962.3	928000	929000	PE_PGRS14	928500.0	0	928500.0
NC_000962.3	929000	930000	PE_PGRS14	929500.0	0	929500.0
NC_000962.3	930000	931000	PE_PGRS14,lpqQ	930500.0	0	930500.0
NC_000962.3	931000	932000	lpqQ	931500.0	0	931500.0
NC_000962.3	932000	933000	Rv0836c	932500.0	0	932500.0
NC_000962.3	933000	934000	Rv0837c	933500.0	0	933500.0
NC_000962.3	934000	935000	Rv0837c,lpqR	934500.0	0	934500.0
NC_000962.3	935000	936000	lpqR,Rv0839	935500.0	0	935500.0
NC_000962.3	936000	937000	Rv0839,pip	936500.0	0	936500.0
NC_000962.3	937000	938000	pip,Rv0841	937500.0	0	937500.0
NC_000962.3	938000	939000	Rv0842	938500.0	0	938500.0
NC_000962.3	939000	940000	Rv0842,Rv0843	939500.0	0	939500.0
NC_000962.3	940000	941000	Rv0843,narL	940500.0	0	940500.0
NC_000962.3	941000	942000	narL,Rv0845	941500.0	0	941500.0
NC_000962.3	942000	943000	Rv0845,Rv0846c	942500.0	0	942500.0
NC_000962.3	943000	944000	Rv0846c	943500.0	0	943500.0
NC_000962.3	944000	945000	Rv0846c,lpqS,cysK2	944500.0	0	944500.0
NC_000962.3	945000	946000	cysK2	945500.0	0	945500.0
NC_000962.3	946000	947000	cysK2,Rv0849	946500.0	0	946500.0
NC_000962.3	947000	948000	Rv0849,Rv0850,Rv0851c	947500.0	0	947500.0
NC_000962.3	948000	949000	Rv0851c,fadD16	948500.0	0	948500.0
NC_000962.3	949000	950000	fadD16,pdc	949500.0	0	949500.0
NC_000962.3	950000	951000	pdc	950500.0	0	950500.0
NC_000962.3	951000	952000	pdc,Rv0854,far	951500.0	0	951500.0
NC_000962.3	952000	953000	far,Rv0856	952500.0	0	952500.0
NC_000962.3	953000	954000	Rv0856,Rv0857,dapC	953500.0	0	953500.0
NC_000962.3	954000	955000	dapC	954500.0	0	954500.0
NC_000962.3	955000	956000	fadA	955500.0	0	955500.0
NC_000962.3	956000	957000	fadA,fadB	956500.0	0	956500.0
NC_000962.3	957000	958000	fadB	957500.0	0	957500.0
NC_000962.3	958000	959000	fadB,ercc3	958500.0	0	958500.0
NC_000962.3	959000	960000	ercc3	959500.0	0	959500.0
NC_000962.3	960000	961000	ercc3,Rv0862c	960500.0	0	960500.0
NC_000962.3	961000	962000	Rv0862c	961500.0	0	961500.0
NC_000962.3	962000	963000	Rv0862c,Rv0863,moaC2	962500.0	0	962500.0
NC_000962.3	963000	964000	moaC2,mog,moaE2	963500.0	0	963500.0
NC_000962.3	964000	965000	moaE2,rpfA	964500.0	0	964500.0
NC_000962.3	965000	966000	rpfA,moaD2	965500.0	0	965500.0
NC_000962.3	966000	967000	moaD2,moaA2	966500.0	0	966500.0
NC_000962.3	967000	968000	moaA2,Rv0870c,cspB	967500.0	0	967500.0
NC_000962.3	968000	969000	cspB,PE_PGRS15	968500.0	0	968500.0
NC_000962.3	969000	970000	PE_PGRS15	969500.0	0	969500.0
NC_000962.3	970000	971000	PE_PGRS15,fadE10	970500.0	0	970500.0
NC_000962.3	971000	972000	fadE10	971500.0	0	971500.0
NC_000962.3	972000	973000	fadE10,Rv0874c	972500.0	0	972500.0
NC_000962.3	973000	974000	Rv0874c,Rv0875c	973500.0	0	973500.0
NC_000962.3	974000	975000	Rv0875c,Rv0876c	974500.0	0	974500.0
NC_000962.3	975000	976000	Rv0876c	975500.0	0	975500.0
NC_000962.3	976000	977000	Rv0877,PPE13	976500.0	0	976500.0
NC_000962.3	977000	978000	PPE13	977500.0	0	977500.0
NC_000962.3	978000	979000	PPE13,Rv0879c,Rv0880	978500.0	0	978500.0
NC_000962.3	979000	980000	Rv0880,Rv0881	979500.0	0	979500.0
NC_000962.3	980000	981000	Rv0881,Rv0882,Rv0883c	980500.0	0	980500.0
NC_000962.3	981000	982000	Rv0883c,serC	981500.0	0	981500.0
NC_000962.3	982000	983000	serC,Rv0885	982500.0	0	982500.0
NC_000962.3	983000	984000	Rv0885,fprB	983500.0	0	983500.0
NC_000962.3	984000	985000	fprB	984500.0	0	984500.0
NC_000962.3	985000	986000	fprB,Rv0887c	985500.0	0	985500.0
NC_000962.3	986000	987000		986500.0	0	986500.0
NC_000962.3	987000	988000	Rv0888	987500.0	0	987500.0
NC_000962.3	988000	989000	Rv0888,citA	988500.0	0	988500.0
NC_000962.3	989000	990000	citA,Rv0890c	989500.0	0	989500.0
NC_000962.3	990000	991000	Rv0890c	990500.0	0	990500.0
NC_000962.3	991000	992000	Rv0890c	991500.0	0	991500.0
NC_000962.3	992000	993000	Rv0890c,Rv0891c	992500.0	0	992500.0
NC_000962.3	993000	994000	Rv0891c,Rv0892	993500.0	0	993500.0
NC_000962.3	994000	995000	Rv0892	994500.0	0	994500.0
NC_000962.3	995000	996000	Rv0892,Rv0893c	995500.0	0	995500.0
NC_000962.3	996000	997000	Rv0893c,Rv0894	996500.0	0	996500.0
NC_000962.3	997000	998000	Rv0894,Rv0895	997500.0	0	997500.0
NC_000962.3	998000	999000	Rv0895	998500.0	0	998500.0
NC_000962.3	999000	1000000	Rv0895,gltA2	999500.0	0	999500.0
NC_000962.3	1000000	1001000	gltA2,Rv0897c	1000500.0	0	1000500.0
NC_000962.3	1001000	1002000	Rv0897c	1001500.0	0	1001500.0
NC_000962.3	1002000	1003000	Rv0897c,Rv0898c,ompA	1002500.0	0	1002500.0
NC_000962.3	1003000	1004000	ompA,Rv0900,Rv0901	1003500.0	0	1003500.0
NC_000962.3	1004000	1005000	Rv0901,prrB	1004500.0	0	1004500.0
NC_000962.3	1005000	1006000	prrB,prrA	1005500.0	0	1005500.0
NC_000962.3	1006000	1007000	prrA,accD3	1006500.0	0	1006500.0
NC_000962.3	1007000	1008000	accD3	1007500.0	0	1007500.0
NC_000962.3	1008000	1009000	accD3,echA6,Rv0906	1008500.0	0	1008500.0
NC_000962.3	1009000	1010000	Rv0906	1009500.0	0	1009500.0
NC_000962.3	1010000	1011000	Rv0906,Rv0907	1010500.0	0	1010500.0
NC_000962.3	1011000	1012000	Rv0907,ctpE	1011500.0	0	1011500.0
NC_000962.3	1012000	1013000	ctpE	1012500.0	0	1012500.0
NC_000962.3	1013000	1014000	ctpE	1013500.0	0	1013500.0
NC_000962.3	1014000	1015000	ctpE,Rv0909,Rv0910	1014500.0	0	1014500.0
NC_000962.3	1015000	1016000	Rv0910,Rv0911	1015500.0	0	1015500.0
NC_000962.3	1016000	1017000	Rv0911,Rv0912	1016500.0	0	1016500.0
NC_000962.3	1017000	1018000	Rv0913c	1017500.0	0	1017500.0
NC_000962.3	1018000	1019000	Rv0913c,Rv0914c	1018500.0	0	1018500.0
NC_000962.3	1019000	1020000	Rv0914c	1019500.0	0	1019500.0
NC_000962.3	1020000	1021000	PPE14	1020500.0	0	1020500.0
NC_000962.3	1021000	1022000	PPE14,PE7	1021500.0	0	1021500.0
NC_000962.3	1022000	1023000	betP	1022500.0	0	1022500.0
NC_000962.3	1023000	1024000	betP	1023500.0	0	1023500.0
NC_000962.3	1024000	1025000	Rv0918,Rv0919	1024500.0	0	1024500.0
NC_000962.3	1025000	1026000	Rv0919,argT,Rv0920c	1025500.0	0	1025500.0
NC_000962.3	1026000	1027000	Rv0920c	1026500.0	0	1026500.0
NC_000962.3	1027000	1028000	Rv0921,Rv0922	1027500.0	0	1027500.0
NC_000962.3	1028000	1029000	Rv0922	1028500.0	0	1028500.0
NC_000962.3	1029000	1030000	Rv0922,Rv0923c	1029500.0	0	1029500.0
NC_000962.3	1030000	1031000	Rv0923c,mntH	1030500.0	0	1030500.0
NC_000962.3	1031000	1032000	mntH,Rv0925c	1031500.0	0	1031500.0
NC_000962.3	1032000	1033000	Rv0925c,Rv0926c	1032500.0	0	1032500.0
NC_000962.3	1033000	1034000	Rv0926c,Rv0927c	1033500.0	0	1033500.0
NC_000962.3	1034000	1035000	Rv0927c,pstS3	1034500.0	0	1034500.0
NC_000962.3	1035000	1036000	pstS3	1035500.0	0	1035500.0
NC_000962.3	1036000	1037000	pstS3,pstC2,pstA1	1036500.0	0	1036500.0
NC_000962.3	1037000	1038000	pstC2,pstA1,pknD	1037500.0	0	1037500.0
NC_000962.3	1038000	1039000	pknD	1038500.0	0	1038500.0
NC_000962.3	1039000	1040000	pknD,pstS2	1039500.0	0	1039500.0
NC_000962.3	1040000	1041000	pstS2	1040500.0	0	1040500.0
NC_000962.3	1041000	1042000	pstS2,pstB	1041500.0	0	1041500.0
NC_000962.3	1042000	1043000	pstB,pstS1	1042500.0	0	1042500.0
NC_000962.3	1043000	1044000	pstS1,pstC1	1043500.0	0	1043500.0
NC_000962.3	1044000	1045000	pstC1,pstA2	1044500.0	0	1044500.0
NC_000962.3	1045000	1046000	pstA2,mku	1045500.0	0	1045500.0
NC_000962.3	1046000	1047000	mku,ligD	1046500.0	0	1046500.0
NC_000962.3	1047000	1048000	ligD	1047500.0	0	1047500.0
NC_000962.3	1048000	1049000	ligD,Rv0939	1048500.0	0	1048500.0
NC_000962.3	1049000	1050000	Rv0939	1049500.0	0	1049500.0
NC_000962.3	1050000	1051000	Rv0939,Rv0940c	1050500.0	0	1050500.0
NC_000962.3	1051000	1052000	Rv0940c,Rv0941c	1051500.0	0	1051500.0
NC_000962.3	1052000	1053000	Rv0941c,Rv0942,Rv0943c	1052500.0	0	1052500.0
NC_000962.3	1053000	1054000	Rv0943c,Rv0944	1053500.0	0	1053500.0
NC_000962.3	1054000	1055000	Rv0944,Rv0945	1054500.0	0	1054500.0
NC_000962.3	1055000	1056000	Rv0945,pgi	1055500.0	0	1055500.0
NC_000962.3	1056000	1057000	pgi	1056500.0	0	1056500.0
NC_000962.3	1057000	1058000	Rv0947c,Rv0948c	1057500.0	0	1057500.0
NC_000962.3	1058000	1059000	uvrD1	1058500.0	0	1058500.0
NC_000962.3	1059000	1060000	uvrD1	1059500.0	0	1059500.0
NC_000962.3	1060000	1061000	uvrD1,Rv0950c	1060500.0	0	1060500.0
NC_000962.3	1061000	1062000	Rv0950c,sucC	1061500.0	0	1061500.0
NC_000962.3	1062000	1063000	sucC	1062500.0	0	1062500.0
NC_000962.3	1063000	1064000	sucC,sucD	1063500.0	0	1063500.0
NC_000962.3	1064000	1065000	sucD,Rv0953c	1064500.0	0	1064500.0
NC_000962.3	1065000	1066000	Rv0954	1065500.0	0	1065500.0
NC_000962.3	1066000	1067000	Rv0954,Rv0955	1066500.0	0	1066500.0
NC_000962.3	1067000	1068000	Rv0955,purN	1067500.0	0	1067500.0
NC_000962.3	1068000	1069000	purN,purH	1068500.0	0	1068500.0
NC_000962.3	1069000	1070000	purH,Rv0958	1069500.0	0	1069500.0
NC_000962.3	1070000	1071000	Rv0958	1070500.0	0	1070500.0
NC_000962.3	1071000	1072000	Rv0958,Rv0959	1071500.0	0	1071500.0
NC_000962.3	1072000	1073000	Rv0959	1072500.0	0	1072500.0
NC_000962.3	1073000	1074000	Rv0959,vapB9,vapC9	1073500.0	0	1073500.0
NC_000962.3	1074000	1075000	Rv0961,lprP	1074500.0	0	1074500.0
NC_000962.3	1075000	1076000	lprP,Rv0963c	1075500.0	0	1075500.0
NC_000962.3	1076000	1077000	Rv0963c,Rv0964c,Rv0965c	1076500.0	0	1076500.0
NC_000962.3	1077000	1078000	Rv0965c,Rv0966c,csoR	1077500.0	0	1077500.0
NC_000962.3	1078000	1079000	csoR,Rv0968,ctpV	1078500.0	0	1078500.0
NC_000962.3	1079000	1080000	ctpV	1079500.0	0	1079500.0
NC_000962.3	1080000	1081000	ctpV	1080500.0	0	1080500.0
NC_000962.3	1081000	1082000	ctpV,Rv0970,echA7	1081500.0	0	1081500.0
NC_000962.3	1082000	1083000	echA7,fadE12	1082500.0	0	1082500.0
NC_000962.3	1083000	1084000	fadE12,accA2	1083500.0	0	1083500.0
NC_000962.3	1084000	1085000	accA2	1084500.0	0	1084500.0
NC_000962.3	1085000	1086000	accA2,accD2	1085500.0	0	1085500.0
NC_000962.3	1086000	1087000	accD2	1086500.0	0	1086500.0
NC_000962.3	1087000	1088000	accD2,fadE13	1087500.0	0	1087500.0
NC_000962.3	1088000	1089000	fadE13,Rv0976c	1088500.0	0	1088500.0
NC_000962.3	1089000	1090000	Rv0976c	1089500.0	0	1089500.0
NC_000962.3	1090000	1091000	Rv0976c,PE_PGRS16	1090500.0	0	1090500.0
NC_000962.3	1091000	1092000	PE_PGRS16	1091500.0	0	1091500.0
NC_000962.3	1092000	1093000	PE_PGRS16	1092500.0	0	1092500.0
NC_000962.3	1093000	1094000	PE_PGRS16,PE_PGRS17	1093500.0	0	1093500.0
NC_000962.3	1094000	1095000	PE_PGRS17,Rv0979c,rpmF	1094500.0	4	1094500.0
NC_000962.3	1095000	1096000	rpmF,PE_PGRS18	1095500.0	6	1095500.0
NC_000962.3	1096000	1097000	PE_PGRS18,mprA	1096500.0	7	1096500.0
NC_000962.3	1097000	1098000	mprA,mprB	1097500.0	0	1097500.0
NC_000962.3	1098000	1099000	mprB	1098500.0	0	1098500.0
NC_000962.3	1099000	1100000	mprB,pepD	1099500.0	0	1099500.0
NC_000962.3	1100000	1101000	pepD,moaB2	1100500.0	0	1100500.0
NC_000962.3	1101000	1102000	moaB2,mscL,Rv0986	1101500.0	0	1101500.0
NC_000962.3	1102000	1103000	Rv0986,Rv0987	1102500.0	0	1102500.0
NC_000962.3	1103000	1104000	Rv0987	1103500.0	0	1103500.0
NC_000962.3	1104000	1105000	Rv0987	1104500.0	0	1104500.0
NC_000962.3	1105000	1106000	Rv0987,Rv0988	1105500.0	0	1105500.0
NC_000962.3	1106000	1107000	Rv0988,grcC2	1106500.0	0	1106500.0
NC_000962.3	1107000	1108000	grcC2,Rv0990c	1107500.0	0	1107500.0
NC_000962.3	1108000	1109000	Rv0990c,Rv0991c,Rv0992c	1108500.0	0	1108500.0
NC_000962.3	1109000	1110000	Rv0992c,galU	1109500.0	0	1109500.0
NC_000962.3	1110000	1111000	galU,moeA1	1110500.0	0	1110500.0
NC_000962.3	1111000	1112000	moeA1,rimJ	1111500.0	0	1111500.0
NC_000962.3	1112000	1113000	rimJ,Rv0996	1112500.0	0	1112500.0
NC_000962.3	1113000	1114000	Rv0996,alaV	1113500.0	0	1113500.0
NC_000962.3	1114000	1115000	Rv0997,Rv0998	1114500.0	0	1114500.0
NC_000962.3	1115000	1116000	Rv0998,Rv0999	1115500.0	0	1115500.0
NC_000962.3	1116000	1117000	Rv0999,Rv1000c	1116500.0	0	1116500.0
NC_000962.3	1117000	1118000	Rv1000c,arcA	1117500.0	0	1117500.0
NC_000962.3	1118000	1119000	arcA,Rv1002c	1118500.0	0	1118500.0
NC_000962.3	1119000	1120000	Rv1002c	1119500.0	0	1119500.0
NC_000962.3	1120000	1121000	Rv1003,Rv1004c	1120500.0	0	1120500.0
NC_000962.3	1121000	1122000	Rv1004c	1121500.0	0	1121500.0
NC_000962.3	1122000	1123000	Rv1004c,pabB	1122500.0	0	1122500.0
NC_000962.3	1123000	1124000	pabB,Rv1006	1123500.0	0	1123500.0
NC_000962.3	1124000	1125000	Rv1006	1124500.0	0	1124500.0
NC_000962.3	1125000	1126000	Rv1006,metS	1125500.0	0	1125500.0
NC_000962.3	1126000	1127000	metS	1126500.0	0	1126500.0
NC_000962.3	1127000	1128000	metS,tatD	1127500.0	0	1127500.0
NC_000962.3	1128000	1129000	rpfB	1128500.0	0	1128500.0
NC_000962.3	1129000	1130000	rpfB,ksgA	1129500.0	0	1129500.0
NC_000962.3	1130000	1131000	ksgA,ispE	1130500.0	0	1130500.0
NC_000962.3	1131000	1132000	ispE,Rv1012,pks16	1131500.0	0	1131500.0
NC_000962.3	1132000	1133000	pks16	1132500.0	0	1132500.0
NC_000962.3	1133000	1134000	pks16,pth,rplY	1133500.0	0	1133500.0
NC_000962.3	1134000	1135000	rplY,lpqT	1134500.0	0	1134500.0
NC_000962.3	1135000	1136000	lpqT,prsA	1135500.0	0	1135500.0
NC_000962.3	1136000	1137000	prsA,glmU	1136500.0	0	1136500.0
NC_000962.3	1137000	1138000	glmU	1137500.0	0	1137500.0
NC_000962.3	1138000	1139000	glmU,glnT,Rv1019,mfd	1138500.0	0	1138500.0
NC_000962.3	1139000	1140000	mfd	1139500.0	0	1139500.0
NC_000962.3	1140000	1141000	mfd	1140500.0	0	1140500.0
NC_000962.3	1141000	1142000	mfd	1141500.0	0	1141500.0
NC_000962.3	1142000	1143000	mfd,Rv1021	1142500.0	0	1142500.0
NC_000962.3	1143000	1144000	Rv1021,lpqU	1143500.0	0	1143500.0
NC_000962.3	1144000	1145000	lpqU,eno	1144500.0	0	1144500.0
NC_000962.3	1145000	1146000	eno,Rv1024	1145500.0	0	1145500.0
NC_000962.3	1146000	1147000	Rv1024,Rv1025	1146500.0	0	1146500.0
NC_000962.3	1147000	1148000	Rv1025,Rv1026	1147500.0	0	1147500.0
NC_000962.3	1148000	1149000	kdpE	1148500.0	0	1148500.0
NC_000962.3	1149000	1150000	kdpE,kdpD	1149500.0	0	1149500.0
NC_000962.3	1150000	1151000	kdpD	1150500.0	0	1150500.0
NC_000962.3	1151000	1152000	kdpD,kdpF	1151500.0	0	1151500.0
NC_000962.3	1152000	1153000	kdpF,kdpA	1152500.0	0	1152500.0
NC_000962.3	1153000	1154000	kdpA,kdpB	1153500.0	0	1153500.0
NC_000962.3	1154000	1155000	kdpB	1154500.0	0	1154500.0
NC_000962.3	1155000	1156000	kdpB,kdpC	1155500.0	0	1155500.0
NC_000962.3	1156000	1157000	kdpC,trcS	1156500.0	0	1156500.0
NC_000962.3	1157000	1158000	trcS,trcR	1157500.0	0	1157500.0
NC_000962.3	1158000	1159000	trcR,Rv1034c	1158500.0	0	1158500.0
NC_000962.3	1159000	1160000	Rv1034c,Rv1035c	1159500.0	0	1159500.0
NC_000962.3	1160000	1161000	Rv1035c,Rv1036c,esxI,esxJ	1160500.0	0	1160500.0
NC_000962.3	1161000	1162000	esxJ,PPE15	1161500.0	0	1161500.0
NC_000962.3	1162000	1163000	PPE15,PE8	1162500.0	0	1162500.0
NC_000962.3	1163000	1164000	PE8	1163500.0	0	1163500.0
NC_000962.3	1164000	1165000	Rv1041c	1164500.0	0	1164500.0
NC_000962.3	1165000	1166000	Rv1041c,Rv1042c,Rv1043c	1165500.0	0	1165500.0
NC_000962.3	1166000	1167000	Rv1043c	1166500.0	0	1166500.0
NC_000962.3	1167000	1168000	Rv1044,Rv1045	1167500.0	0	1167500.0
NC_000962.3	1168000	1169000	Rv1045,Rv1046c	1168500.0	0	1168500.0
NC_000962.3	1169000	1170000	Rv1046c,Rv1047	1169500.0	0	1169500.0
NC_000962.3	1170000	1171000	Rv1047	1170500.0	0	1170500.0
NC_000962.3	1171000	1172000	Rv1048c	1171500.0	0	1171500.0
NC_000962.3	1172000	1173000	Rv1048c,Rv1049,Rv1050	1172500.0	0	1172500.0
NC_000962.3	1173000	1174000	Rv1050,Rv1051c	1173500.0	0	1173500.0
NC_000962.3	1174000	1175000	Rv1051c	1174500.0	0	1174500.0
NC_000962.3	1175000	1176000	Rv1052	1175500.0	0	1175500.0
NC_000962.3	1176000	1177000	Rv1052,Rv1053c,Rv1054	1176500.0	0	1176500.0
NC_000962.3	1177000	1178000	Rv1054,Rv1055,leuX,Rv1056	1177500.0	0	1177500.0
NC_000962.3	1178000	1179000	Rv1056	1178500.0	0	1178500.0
NC_000962.3	1179000	1180000	Rv1057	1179500.0	0	1179500.0
NC_000962.3	1180000	1181000	Rv1057,fadD14	1180500.0	0	1180500.0
NC_000962.3	1181000	1182000	fadD14	1181500.0	0	1181500.0
NC_000962.3	1182000	1183000	fadD14,Rv1059	1182500.0	0	1182500.0
NC_000962.3	1183000	1184000	Rv1059,Rv1060	1183500.0	0	1183500.0
NC_000962.3	1184000	1185000	Rv1061,Rv1062	1184500.0	0	1184500.0
NC_000962.3	1185000	1186000	Rv1062,Rv1063c	1185500.0	0	1185500.0
NC_000962.3	1186000	1187000	Rv1063c,lpqV	1186500.0	0	1186500.0
NC_000962.3	1187000	1188000	lpqV,Rv1065,Rv1066	1187500.0	0	1187500.0
NC_000962.3	1188000	1189000	Rv1065,Rv1066,PE_PGRS19	1188500.0	0	1188500.0
NC_000962.3	1189000	1190000	PE_PGRS19	1189500.0	0	1189500.0
NC_000962.3	1190000	1191000	PE_PGRS19,PE_PGRS20	1190500.0	0	1190500.0
NC_000962.3	1191000	1192000	PE_PGRS20	1191500.0	0	1191500.0
NC_000962.3	1192000	1193000	PE_PGRS20,Rv1069c	1192500.0	0	1192500.0
NC_000962.3	1193000	1194000	Rv1069c	1193500.0	0	1193500.0
NC_000962.3	1194000	1195000	Rv1069c,echA8	1194500.0	0	1194500.0
NC_000962.3	1195000	1196000	echA8,echA9	1195500.0	0	1195500.0
NC_000962.3	1196000	1197000	echA9,Rv1072	1196500.0	0	1196500.0
NC_000962.3	1197000	1198000	Rv1072,Rv1073	1197500.0	0	1197500.0
NC_000962.3	1198000	1199000	Rv1073,fadA3	1198500.0	0	1198500.0
NC_000962.3	1199000	1200000	fadA3,Rv1075c	1199500.0	0	1199500.0
NC_000962.3	1200000	1201000	Rv1075c,lipU	1200500.0	0	1200500.0
NC_000962.3	1201000	1202000	lipU,cbs	1201500.0	0	1201500.0
NC_000962.3	1202000	1203000	cbs	1202500.0	0	1202500.0
NC_000962.3	1203000	1204000	cbs,pra	1203500.0	0	1203500.0
NC_000962.3	1204000	1205000	pra,metB	1204500.0	0	1204500.0
NC_000962.3	1205000	1206000	metB,greA,Rv1081c	1205500.0	0	1205500.0
NC_000962.3	1206000	1207000	Rv1081c,mca	1206500.0	0	1206500.0
NC_000962.3	1207000	1208000	mca,Rv1083,Rv1084	1207500.0	0	1207500.0
NC_000962.3	1208000	1209000	Rv1084	1208500.0	0	1208500.0
NC_000962.3	1209000	1210000	Rv1084,Rv1085c	1209500.0	0	1209500.0
NC_000962.3	1210000	1211000	Rv1085c,Rv1086	1210500.0	0	1210500.0
NC_000962.3	1211000	1212000	Rv1086,PE_PGRS21	1211500.0	0	1211500.0
NC_000962.3	1212000	1213000	PE_PGRS21	1212500.0	1	1212500.0
NC_000962.3	1213000	1214000	PE_PGRS21	1213500.0	1	1213500.0
NC_000962.3	1214000	1215000	Rv1087A,PE9,PE10	1214500.0	0	1214500.0
NC_000962.3	1215000	1216000	PE10,celA2a,celA2b	1215500.0	0	1215500.0
NC_000962.3	1216000	1217000	celA2b,PE_PGRS22	1216500.0	0	1216500.0
NC_000962.3	1217000	1218000	PE_PGRS22	1217500.0	1	1217500.0
NC_000962.3	1218000	1219000	PE_PGRS22	1218500.0	0	1218500.0
NC_000962.3	1219000	1220000	PE_PGRS22,coaA	1219500.0	0	1219500.0
NC_000962.3	1220000	1221000	coaA,glyA1	1220500.0	0	1220500.0
NC_000962.3	1221000	1222000	glyA1,desA2	1221500.0	0	1221500.0
NC_000962.3	1222000	1223000	desA2,phoH2	1222500.0	0	1222500.0
NC_000962.3	1223000	1224000	phoH2	1223500.0	0	1223500.0
NC_000962.3	1224000	1225000	phoH2,Rv1096	1224500.0	0	1224500.0
NC_000962.3	1225000	1226000	Rv1096,Rv1097c	1225500.0	0	1225500.0
NC_000962.3	1226000	1227000	Rv1097c,fum	1226500.0	0	1226500.0
NC_000962.3	1227000	1228000	fum,glpX	1227500.0	0	1227500.0
NC_000962.3	1228000	1229000	glpX,Rv1100	1228500.0	0	1228500.0
NC_000962.3	1229000	1230000	Rv1100,Rv1101c	1229500.0	0	1229500.0
NC_000962.3	1230000	1231000	Rv1101c,mazF3,mazE3	1230500.0	0	1230500.0
NC_000962.3	1231000	1232000	mazE3,Rv1104	1231500.0	0	1231500.0
NC_000962.3	1232000	1233000	Rv1105,Rv1106c	1232500.0	0	1232500.0
NC_000962.3	1233000	1234000	Rv1106c,xseB	1233500.0	0	1233500.0
NC_000962.3	1234000	1235000	xseB,xseA	1234500.0	0	1234500.0
NC_000962.3	1235000	1236000	xseA,Rv1109c	1235500.0	0	1235500.0
NC_000962.3	1236000	1237000	Rv1109c,lytB2	1236500.0	0	1236500.0
NC_000962.3	1237000	1238000	lytB2,Rv1111c	1237500.0	0	1237500.0
NC_000962.3	1238000	1239000	Rv1111c,Rv1112	1238500.0	0	1238500.0
NC_000962.3	1239000	1240000	Rv1112,vapB32,vapC32	1239500.0	0	1239500.0
NC_000962.3	1240000	1241000	Rv1115	1240500.0	0	1240500.0
NC_000962.3	1241000	1242000	Rv1116,Rv1116A,Rv1117,Rv1118c	1241500.0	0	1241500.0
NC_000962.3	1242000	1243000	Rv1118c,Rv1119c	1242500.0	0	1242500.0
NC_000962.3	1243000	1244000	Rv1119c,Rv1120c,zwf1	1243500.0	0	1243500.0
NC_000962.3	1244000	1245000	zwf1	1244500.0	0	1244500.0
NC_000962.3	1245000	1246000	zwf1,gnd2	1245500.0	0	1245500.0
NC_000962.3	1246000	1247000	gnd2,bpoB	1246500.0	0	1246500.0
NC_000962.3	1247000	1248000	bpoB,ephC	1247500.0	0	1247500.0
NC_000962.3	1248000	1249000	ephC,Rv1125	1248500.0	0	1248500.0
NC_000962.3	1249000	1250000	Rv1125,Rv1126c,ppdK	1249500.0	0	1249500.0
NC_000962.3	1250000	1251000	ppdK	1250500.0	0	1250500.0
NC_000962.3	1251000	1252000	ppdK,Rv1128c	1251500.0	0	1251500.0
NC_000962.3	1252000	1253000	Rv1128c	1252500.0	0	1252500.0
NC_000962.3	1253000	1254000	Rv1129c	1253500.0	0	1253500.0
NC_000962.3	1254000	1255000	Rv1129c,prpD	1254500.0	0	1254500.0
NC_000962.3	1255000	1256000	prpD	1255500.0	0	1255500.0
NC_000962.3	1256000	1257000	prpD,prpC	1256500.0	0	1256500.0
NC_000962.3	1257000	1258000	prpC,Rv1132	1257500.0	0	1257500.0
NC_000962.3	1258000	1259000	Rv1132	1258500.0	0	1258500.0
NC_000962.3	1259000	1260000	Rv1132,metE	1259500.0	0	1259500.0
NC_000962.3	1260000	1261000	metE	1260500.0	0	1260500.0
NC_000962.3	1261000	1262000	metE,Rv1134	1261500.0	0	1261500.0
NC_000962.3	1262000	1263000	Rv1134,PPE16	1262500.0	0	1262500.0
NC_000962.3	1263000	1264000	PPE16	1263500.0	1	1263500.0
NC_000962.3	1264000	1265000	PPE16,Rv1135A,Rv1136	1264500.0	0	1264500.0
NC_000962.3	1265000	1266000	Rv1137c,Rv1138c	1265500.0	0	1265500.0
NC_000962.3	1266000	1267000	Rv1138c,Rv1139c	1266500.0	0	1266500.0
NC_000962.3	1267000	1268000	Rv1140	1267500.0	0	1267500.0
NC_000962.3	1268000	1269000	Rv1140,echA11	1268500.0	0	1268500.0
NC_000962.3	1269000	1270000	echA11,echA10	1269500.0	0	1269500.0
NC_000962.3	1270000	1271000	mcr	1270500.0	0	1270500.0
NC_000962.3	1271000	1272000	mcr,Rv1144	1271500.0	0	1271500.0
NC_000962.3	1272000	1273000	mmpL13a	1272500.0	0	1272500.0
NC_000962.3	1273000	1274000	mmpL13a,mmpL13b	1273500.0	0	1273500.0
NC_000962.3	1274000	1275000	mmpL13b,Rv1147	1274500.0	0	1274500.0
NC_000962.3	1275000	1276000	Rv1147	1275500.0	0	1275500.0
NC_000962.3	1276000	1277000	Rv1148c	1276500.0	7	1276500.0
NC_000962.3	1277000	1278000	Rv1148c,Rv1149	1277500.0	0	1277500.0
NC_000962.3	1278000	1279000	Rv1149,Rv1150,Rv1151c	1278500.0	0	1278500.0
NC_000962.3	1279000	1280000	Rv1151c,Rv1152,omt	1279500.0	0	1279500.0
NC_000962.3	1280000	1281000	Rv1152,omt,Rv1154c	1280500.0	0	1280500.0
NC_000962.3	1281000	1282000	Rv1154c,Rv1155	1281500.0	0	1281500.0
NC_000962.3	1282000	1283000	Rv1156	1282500.0	0	1282500.0
NC_000962.3	1283000	1284000	Rv1157c	1283500.0	0	1283500.0
NC_000962.3	1284000	1285000	Rv1157c,Rv1158c,pimE	1284500.0	0	1284500.0
NC_000962.3	1285000	1286000	pimE	1285500.0	0	1285500.0
NC_000962.3	1286000	1287000	pimE,Rv1159A,mutT2	1286500.0	0	1286500.0
NC_000962.3	1287000	1288000	mutT2,narG	1287500.0	0	1287500.0
NC_000962.3	1288000	1289000	narG	1288500.0	0	1288500.0
NC_000962.3	1289000	1290000	narG	1289500.0	0	1289500.0
NC_000962.3	1290000	1291000	narG	1290500.0	0	1290500.0
NC_000962.3	1291000	1292000	narG,narH	1291500.0	0	1291500.0
NC_000962.3	1292000	1293000	narH,narJ	1292500.0	0	1292500.0
NC_000962.3	1293000	1294000	narJ,narI	1293500.0	0	1293500.0
NC_000962.3	1294000	1295000	narI,typA	1294500.0	0	1294500.0
NC_000962.3	1295000	1296000	typA	1295500.0	0	1295500.0
NC_000962.3	1296000	1297000	typA,lpqW	1296500.0	0	1296500.0
NC_000962.3	1297000	1298000	lpqW	1297500.0	0	1297500.0
NC_000962.3	1298000	1299000	lpqW,Rv1167c,PPE17	1298500.0	0	1298500.0
NC_000962.3	1299000	1300000	PPE17,lipX	1299500.0	0	1299500.0
NC_000962.3	1300000	1301000	lipX,mshB	1300500.0	0	1300500.0
NC_000962.3	1301000	1302000	mshB,Rv1171,PE12	1301500.0	0	1301500.0
NC_000962.3	1302000	1303000	PE12,fbiC	1302500.0	0	1302500.0
NC_000962.3	1303000	1304000	fbiC	1303500.0	0	1303500.0
NC_000962.3	1304000	1305000	fbiC	1304500.0	0	1304500.0
NC_000962.3	1305000	1306000	fbiC,TB8.4	1305500.0	0	1305500.0
NC_000962.3	1306000	1307000	TB8.4,fadH	1306500.0	0	1306500.0
NC_000962.3	1307000	1308000	fadH	1307500.0	0	1307500.0
NC_000962.3	1308000	1309000	fadH,Rv1176c	1308500.0	0	1308500.0
NC_000962.3	1309000	1310000	fdxC,Rv1178	1309500.0	0	1309500.0
NC_000962.3	1310000	1311000	Rv1178,Rv1179c	1310500.0	0	1310500.0
NC_000962.3	1311000	1312000	Rv1179c	1311500.0	0	1311500.0
NC_000962.3	1312000	1313000	Rv1179c	1312500.0	0	1312500.0
NC_000962.3	1313000	1314000	Rv1179c,pks3	1313500.0	0	1313500.0
NC_000962.3	1314000	1315000	pks3	1314500.0	0	1314500.0
NC_000962.3	1315000	1316000	pks3,pks4	1315500.0	0	1315500.0
NC_000962.3	1316000	1317000	pks4	1316500.0	0	1316500.0
NC_000962.3	1317000	1318000	pks4	1317500.0	0	1317500.0
NC_000962.3	1318000	1319000	pks4	1318500.0	0	1318500.0
NC_000962.3	1319000	1320000	pks4	1319500.0	0	1319500.0
NC_000962.3	1320000	1321000	papA3	1320500.0	0	1320500.0
NC_000962.3	1321000	1322000	papA3,mmpL10	1321500.0	0	1321500.0
NC_000962.3	1322000	1323000	mmpL10	1322500.0	0	1322500.0
NC_000962.3	1323000	1324000	mmpL10	1323500.0	0	1323500.0
NC_000962.3	1324000	1325000	mmpL10,Rv1184c	1324500.0	0	1324500.0
NC_000962.3	1325000	1326000	Rv1184c,fadD21	1325500.0	0	1325500.0
NC_000962.3	1326000	1327000	fadD21	1326500.0	0	1326500.0
NC_000962.3	1327000	1328000	fadD21,Rv1186c	1327500.0	0	1327500.0
NC_000962.3	1328000	1329000	Rv1186c	1328500.0	0	1328500.0
NC_000962.3	1329000	1330000	Rv1186c,rocA	1329500.0	0	1329500.0
NC_000962.3	1330000	1331000	rocA	1330500.0	0	1330500.0
NC_000962.3	1331000	1332000	rocA,Rv1188	1331500.0	0	1331500.0
NC_000962.3	1332000	1333000	Rv1188,sigI,Rv1190	1332500.0	0	1332500.0
NC_000962.3	1333000	1334000	Rv1190,Rv1191	1333500.0	0	1333500.0
NC_000962.3	1334000	1335000	Rv1191,Rv1192	1334500.0	0	1334500.0
NC_000962.3	1335000	1336000	Rv1192,fadD36	1335500.0	0	1335500.0
NC_000962.3	1336000	1337000	fadD36	1336500.0	0	1336500.0
NC_000962.3	1337000	1338000	fadD36,Rv1194c	1337500.0	0	1337500.0
NC_000962.3	1338000	1339000	Rv1194c	1338500.0	0	1338500.0
NC_000962.3	1339000	1340000	PE13,PPE18	1339500.0	7	1339500.0
NC_000962.3	1340000	1341000	PPE18,esxK	1340500.0	8	1340500.0
NC_000962.3	1341000	1342000	esxL,Rv1199c	1341500.0	10	1341500.0
NC_000962.3	1342000	1343000	Rv1199c,Rv1200	1342500.0	0	1342500.0
NC_000962.3	1343000	1344000	Rv1200	1343500.0	0	1343500.0
NC_000962.3	1344000	1345000	Rv1200,dapD	1344500.0	0	1344500.0
NC_000962.3	1345000	1346000	dapD,dapE	1345500.0	0	1345500.0
NC_000962.3	1346000	1347000	dapE,Rv1203c,Rv1204c	1346500.0	0	1346500.0
NC_000962.3	1347000	1348000	Rv1204c	1347500.0	0	1347500.0
NC_000962.3	1348000	1349000	Rv1204c,Rv1205	1348500.0	0	1348500.0
NC_000962.3	1349000	1350000	Rv1205,fadD6	1349500.0	0	1349500.0
NC_000962.3	1350000	1351000	fadD6	1350500.0	0	1350500.0
NC_000962.3	1351000	1352000	fadD6,folP2	1351500.0	0	1351500.0
NC_000962.3	1352000	1353000	folP2,gpgS	1352500.0	0	1352500.0
NC_000962.3	1353000	1354000	gpgS,Rv1209,tagA	1353500.0	0	1353500.0
NC_000962.3	1354000	1355000	tagA,Rv1211,glgA	1354500.0	0	1354500.0
NC_000962.3	1355000	1356000	glgA,glgC	1355500.0	0	1355500.0
NC_000962.3	1356000	1357000	glgC	1356500.0	0	1356500.0
NC_000962.3	1357000	1358000	glgC,PE14,Rv1215c	1357500.0	0	1357500.0
NC_000962.3	1358000	1359000	Rv1215c	1358500.0	0	1358500.0
NC_000962.3	1359000	1360000	Rv1215c,Rv1216c	1359500.0	0	1359500.0
NC_000962.3	1360000	1361000	Rv1216c,Rv1217c	1360500.0	0	1360500.0
NC_000962.3	1361000	1362000	Rv1217c,Rv1218c	1361500.0	0	1361500.0
NC_000962.3	1362000	1363000	Rv1218c,Rv1219c	1362500.0	0	1362500.0
NC_000962.3	1363000	1364000	Rv1219c,Rv1220c	1363500.0	0	1363500.0
NC_000962.3	1364000	1365000	Rv1220c,sigE	1364500.0	0	1364500.0
NC_000962.3	1365000	1366000	sigE,rseA,htrA	1365500.0	0	1365500.0
NC_000962.3	1366000	1367000	htrA	1366500.0	0	1366500.0
NC_000962.3	1367000	1368000	htrA,tatB,Rv1225c	1367500.0	0	1367500.0
NC_000962.3	1368000	1369000	Rv1225c,Rv1226c	1368500.0	0	1368500.0
NC_000962.3	1369000	1370000	Rv1226c	1369500.0	0	1369500.0
NC_000962.3	1370000	1371000	Rv1226c,Rv1227c,lpqX	1370500.0	0	1370500.0
NC_000962.3	1371000	1372000	lpqX,mrp	1371500.0	0	1371500.0
NC_000962.3	1372000	1373000	mrp,Rv1230c	1372500.0	0	1372500.0
NC_000962.3	1373000	1374000	Rv1230c	1373500.0	0	1373500.0
NC_000962.3	1374000	1375000	Rv1230c,Rv1231c,Rv1232c	1374500.0	0	1374500.0
NC_000962.3	1375000	1376000	Rv1232c	1375500.0	0	1375500.0
NC_000962.3	1376000	1377000	Rv1232c,Rv1233c,Rv1234	1376500.0	0	1376500.0
NC_000962.3	1377000	1378000	Rv1234,lpqY	1377500.0	0	1377500.0
NC_000962.3	1378000	1379000	lpqY,sugA	1378500.0	0	1378500.0
NC_000962.3	1379000	1380000	sugA,sugB	1379500.0	0	1379500.0
NC_000962.3	1380000	1381000	sugB,sugC	1380500.0	0	1380500.0
NC_000962.3	1381000	1382000	sugC,corA	1381500.0	0	1381500.0
NC_000962.3	1382000	1383000	corA	1382500.0	0	1382500.0
NC_000962.3	1383000	1384000	corA,mdh	1383500.0	0	1383500.0
NC_000962.3	1384000	1385000	mdh,vapB33,vapC33,PE_PGRS23	1384500.0	0	1384500.0
NC_000962.3	1385000	1386000	PE_PGRS23	1385500.0	0	1385500.0
NC_000962.3	1386000	1387000	PE_PGRS23,lpqZ	1386500.0	0	1386500.0
NC_000962.3	1387000	1388000	lpqZ,Rv1245c	1387500.0	0	1387500.0
NC_000962.3	1388000	1389000	Rv1245c,relE,relB	1388500.0	0	1388500.0
NC_000962.3	1389000	1390000	relB,Rv1248c	1389500.0	0	1389500.0
NC_000962.3	1390000	1391000	Rv1248c	1390500.0	0	1390500.0
NC_000962.3	1391000	1392000	Rv1248c	1391500.0	0	1391500.0
NC_000962.3	1392000	1393000	Rv1248c	1392500.0	0	1392500.0
NC_000962.3	1393000	1394000	Rv1248c,Rv1249c	1393500.0	0	1393500.0
NC_000962.3	1394000	1395000	Rv1250	1394500.0	0	1394500.0
NC_000962.3	1395000	1396000	Rv1250,Rv1251c	1395500.0	0	1395500.0
NC_000962.3	1396000	1397000	Rv1251c	1396500.0	0	1396500.0
NC_000962.3	1397000	1398000	Rv1251c	1397500.0	0	1397500.0
NC_000962.3	1398000	1399000	Rv1251c	1398500.0	0	1398500.0
NC_000962.3	1399000	1400000	Rv1251c,lprE,deaD	1399500.0	0	1399500.0
NC_000962.3	1400000	1401000	deaD	1400500.0	0	1400500.0
NC_000962.3	1401000	1402000	deaD,Rv1254	1401500.0	0	1401500.0
NC_000962.3	1402000	1403000	Rv1254,Rv1255c	1402500.0	0	1402500.0
NC_000962.3	1403000	1404000	Rv1255c,cyp130	1403500.0	0	1403500.0
NC_000962.3	1404000	1405000	cyp130,Rv1257c	1404500.0	0	1404500.0
NC_000962.3	1405000	1406000	Rv1257c	1405500.0	0	1405500.0
NC_000962.3	1406000	1407000	Rv1257c,Rv1258c	1406500.0	0	1406500.0
NC_000962.3	1407000	1408000	Rv1258c,udgB	1407500.0	0	1407500.0
NC_000962.3	1408000	1409000	udgB,Rv1260	1408500.0	0	1408500.0
NC_000962.3	1409000	1410000	Rv1260,Rv1261c,Rv1262c	1409500.0	0	1409500.0
NC_000962.3	1410000	1411000	Rv1262c,amiB2	1410500.0	0	1410500.0
NC_000962.3	1411000	1412000	amiB2,Rv1264	1411500.0	0	1411500.0
NC_000962.3	1412000	1413000	Rv1264	1412500.0	0	1412500.0
NC_000962.3	1413000	1414000	Rv1264,Rv1265,pknH	1413500.0	0	1413500.0
NC_000962.3	1414000	1415000	pknH	1414500.0	0	1414500.0
NC_000962.3	1415000	1416000	pknH	1415500.0	0	1415500.0
NC_000962.3	1416000	1417000	embR	1416500.0	0	1416500.0
NC_000962.3	1417000	1418000	embR,Rv1268c	1417500.0	0	1417500.0
NC_000962.3	1418000	1419000	Rv1268c,Rv1269c	1418500.0	0	1418500.0
NC_000962.3	1419000	1420000	lprA,Rv1271c	1419500.0	0	1419500.0
NC_000962.3	1420000	1421000	Rv1271c,Rv1272c	1420500.0	0	1420500.0
NC_000962.3	1421000	1422000	Rv1272c	1421500.0	0	1421500.0
NC_000962.3	1422000	1423000	Rv1272c,Rv1273c	1422500.0	0	1422500.0
NC_000962.3	1423000	1424000	Rv1273c	1423500.0	0	1423500.0
NC_000962.3	1424000	1425000	Rv1273c,lprB,lprC	1424500.0	0	1424500.0
NC_000962.3	1425000	1426000	lprC,Rv1276c	1425500.0	0	1425500.0
NC_000962.3	1426000	1427000	Rv1277	1426500.0	0	1426500.0
NC_000962.3	1427000	1428000	Rv1277,Rv1278	1427500.0	0	1427500.0
NC_000962.3	1428000	1429000	Rv1278	1428500.0	0	1428500.0
NC_000962.3	1429000	1430000	Rv1278	1429500.0	0	1429500.0
NC_000962.3	1430000	1431000	Rv1278,Rv1279	1430500.0	0	1430500.0
NC_000962.3	1431000	1432000	Rv1279,oppA	1431500.0	0	1431500.0
NC_000962.3	1432000	1433000	oppA	1432500.0	0	1432500.0
NC_000962.3	1433000	1434000	oppA,oppD	1433500.0	0	1433500.0
NC_000962.3	1434000	1435000	oppD	1434500.0	0	1434500.0
NC_000962.3	1435000	1436000	oppD,oppC	1435500.0	0	1435500.0
NC_000962.3	1436000	1437000	oppC,oppB	1436500.0	0	1436500.0
NC_000962.3	1437000	1438000	oppB,canA,cysD	1437500.0	0	1437500.0
NC_000962.3	1438000	1439000	cysD,cysN	1438500.0	0	1438500.0
NC_000962.3	1439000	1440000	cysN	1439500.0	0	1439500.0
NC_000962.3	1440000	1441000	cysN,Rv1287	1440500.0	0	1440500.0
NC_000962.3	1441000	1442000	Rv1287,Rv1288	1441500.0	0	1441500.0
NC_000962.3	1442000	1443000	Rv1288,Rv1289	1442500.0	0	1442500.0
NC_000962.3	1443000	1444000	Rv1289,Rv1290c	1443500.0	0	1443500.0
NC_000962.3	1444000	1445000	Rv1290c	1444500.0	0	1444500.0
NC_000962.3	1445000	1446000	Rv1290c,Rv1290A,Rv1291c	1445500.0	0	1445500.0
NC_000962.3	1446000	1447000	argV,argS	1446500.0	0	1446500.0
NC_000962.3	1447000	1448000	argS	1447500.0	0	1447500.0
NC_000962.3	1448000	1449000	argS,lysA	1448500.0	0	1448500.0
NC_000962.3	1449000	1450000	lysA,thrA	1449500.0	0	1449500.0
NC_000962.3	1450000	1451000	thrA,thrC	1450500.0	0	1450500.0
NC_000962.3	1451000	1452000	thrC,thrB	1451500.0	0	1451500.0
NC_000962.3	1452000	1453000	thrB	1452500.0	0	1452500.0
NC_000962.3	1453000	1454000	rho	1453500.0	0	1453500.0
NC_000962.3	1454000	1455000	rho	1454500.0	0	1454500.0
NC_000962.3	1455000	1456000	rho,rpmE,prfA	1455500.0	0	1455500.0
NC_000962.3	1456000	1457000	prfA,hemK	1456500.0	0	1456500.0
NC_000962.3	1457000	1458000	hemK,Rv1301	1457500.0	0	1457500.0
NC_000962.3	1458000	1459000	Rv1301,rfe	1458500.0	0	1458500.0
NC_000962.3	1459000	1460000	rfe,Rv1303	1459500.0	0	1459500.0
NC_000962.3	1460000	1461000	Rv1303,atpB	1460500.0	0	1460500.0
NC_000962.3	1461000	1462000	atpE,atpF,atpH	1461500.0	0	1461500.0
NC_000962.3	1462000	1463000	atpH	1462500.0	0	1462500.0
NC_000962.3	1463000	1464000	atpH,atpA	1463500.0	0	1463500.0
NC_000962.3	1464000	1465000	atpA,atpG	1464500.0	0	1464500.0
NC_000962.3	1465000	1466000	atpG,atpD	1465500.0	0	1465500.0
NC_000962.3	1466000	1467000	atpD	1466500.0	0	1466500.0
NC_000962.3	1467000	1468000	atpD,atpC,Rv1312	1467500.0	0	1467500.0
NC_000962.3	1468000	1469000	Rv1312,Rv1313c	1468500.0	0	1468500.0
NC_000962.3	1469000	1470000	Rv1313c,Rv1314c	1469500.0	0	1469500.0
NC_000962.3	1470000	1471000	Rv1314c,murA	1470500.0	0	1470500.0
NC_000962.3	1471000	1472000	murA,rrs	1471500.0	0	1471500.0
NC_000962.3	1472000	1473000	rrs	1472500.0	0	1472500.0
NC_000962.3	1473000	1474000	rrs,rrl	1473500.0	0	1473500.0
NC_000962.3	1474000	1475000	rrl	1474500.0	0	1474500.0
NC_000962.3	1475000	1476000	rrl	1475500.0	0	1475500.0
NC_000962.3	1476000	1477000	rrl,rrf	1476500.0	0	1476500.0
NC_000962.3	1477000	1478000	rrf,ogt,alkA	1477500.0	0	1477500.0
NC_000962.3	1478000	1479000	alkA	1478500.0	0	1478500.0
NC_000962.3	1479000	1480000	alkA,Rv1318c	1479500.0	0	1479500.0
NC_000962.3	1480000	1481000	Rv1318c,Rv1319c	1480500.0	0	1480500.0
NC_000962.3	1481000	1482000	Rv1319c	1481500.0	1	1481500.0
NC_000962.3	1482000	1483000	Rv1319c,Rv1320c	1482500.0	0	1482500.0
NC_000962.3	1483000	1484000	Rv1320c	1483500.0	0	1483500.0
NC_000962.3	1484000	1485000	Rv1320c,Rv1321,Rv1322	1484500.0	0	1484500.0
NC_000962.3	1485000	1486000	Rv1322,Rv1322A,fadA4	1485500.0	0	1485500.0
NC_000962.3	1486000	1487000	fadA4	1486500.0	0	1486500.0
NC_000962.3	1487000	1488000	fadA4,Rv1324	1487500.0	0	1487500.0
NC_000962.3	1488000	1489000	Rv1324,PE_PGRS24	1488500.0	0	1488500.0
NC_000962.3	1489000	1490000	PE_PGRS24	1489500.0	0	1489500.0
NC_000962.3	1490000	1491000	glgB	1490500.0	0	1490500.0
NC_000962.3	1491000	1492000	glgB	1491500.0	0	1491500.0
NC_000962.3	1492000	1493000	glgB,glgE	1492500.0	0	1492500.0
NC_000962.3	1493000	1494000	glgE	1493500.0	0	1493500.0
NC_000962.3	1494000	1495000	glgE,glgP	1494500.0	0	1494500.0
NC_000962.3	1495000	1496000	glgP	1495500.0	0	1495500.0
NC_000962.3	1496000	1497000	glgP	1496500.0	0	1496500.0
NC_000962.3	1497000	1498000	glgP,dinG	1497500.0	0	1497500.0
NC_000962.3	1498000	1499000	dinG	1498500.0	0	1498500.0
NC_000962.3	1499000	1500000	dinG,pncB1	1499500.0	0	1499500.0
NC_000962.3	1500000	1501000	pncB1,Rv1331,Rv1332	1500500.0	0	1500500.0
NC_000962.3	1501000	1502000	Rv1332,Rv1333	1501500.0	0	1501500.0
NC_000962.3	1502000	1503000	Rv1333,mec	1502500.0	0	1502500.0
NC_000962.3	1503000	1504000	mec,cysO,cysM	1503500.0	0	1503500.0
NC_000962.3	1504000	1505000	cysM,Rv1337	1504500.0	0	1504500.0
NC_000962.3	1505000	1506000	Rv1337,murI,Rv1339	1505500.0	0	1505500.0
NC_000962.3	1506000	1507000	Rv1339,rphA	1506500.0	0	1506500.0
NC_000962.3	1507000	1508000	rphA,Rv1341	1507500.0	0	1507500.0
NC_000962.3	1508000	1509000	Rv1341,Rv1342c,lprD,mbtL	1508500.0	0	1508500.0
NC_000962.3	1509000	1510000	mbtL,mbtM	1509500.0	0	1509500.0
NC_000962.3	1510000	1511000	mbtM,mbtN	1510500.0	0	1510500.0
NC_000962.3	1511000	1512000	mbtN,mbtK	1511500.0	0	1511500.0
NC_000962.3	1512000	1513000	mbtN,mbtK,leuW	1512500.0	0	1512500.0
NC_000962.3	1513000	1514000	irtA	1513500.0	0	1513500.0
NC_000962.3	1514000	1515000	irtA	1514500.0	0	1514500.0
NC_000962.3	1515000	1516000	irtA,irtB	1515500.0	0	1515500.0
NC_000962.3	1516000	1517000	irtB	1516500.0	0	1516500.0
NC_000962.3	1517000	1518000	irtB,fabG2	1517500.0	0	1517500.0
NC_000962.3	1518000	1519000	fabG2,Rv1351,Rv1352	1518500.0	0	1518500.0
NC_000962.3	1519000	1520000	Rv1352,Rv1353c	1519500.0	0	1519500.0
NC_000962.3	1520000	1521000	Rv1354c	1520500.0	0	1520500.0
NC_000962.3	1521000	1522000	Rv1354c,moeY	1521500.0	0	1521500.0
NC_000962.3	1522000	1523000	moeY	1522500.0	0	1522500.0
NC_000962.3	1523000	1524000	moeY	1523500.0	0	1523500.0
NC_000962.3	1524000	1525000	moeY,Rv1356c	1524500.0	0	1524500.0
NC_000962.3	1525000	1526000	Rv1357c	1525500.0	0	1525500.0
NC_000962.3	1526000	1527000	Rv1357c,Rv1358	1526500.0	0	1526500.0
NC_000962.3	1527000	1528000	Rv1358	1527500.0	0	1527500.0
NC_000962.3	1528000	1529000	Rv1358	1528500.0	0	1528500.0
NC_000962.3	1529000	1530000	Rv1358	1529500.0	0	1529500.0
NC_000962.3	1530000	1531000	Rv1358,Rv1359	1530500.0	0	1530500.0
NC_000962.3	1531000	1532000	Rv1360	1531500.0	0	1531500.0
NC_000962.3	1532000	1533000	Rv1360,PPE19	1532500.0	3	1532500.0
NC_000962.3	1533000	1534000	PPE19,Rv1362c	1533500.0	3	1533500.0
NC_000962.3	1534000	1535000	Rv1362c,Rv1363c	1534500.0	0	1534500.0
NC_000962.3	1535000	1536000	Rv1363c,Rv1364c	1535500.0	0	1535500.0
NC_000962.3	1536000	1537000	Rv1364c	1536500.0	0	1536500.0
NC_000962.3	1537000	1538000	Rv1364c,rsfA	1537500.0	0	1537500.0
NC_000962.3	1538000	1539000	rsfA,Rv1366	1538500.0	0	1538500.0
NC_000962.3	1539000	1540000	Rv1366,Rv1366A,Rv1367c	1539500.0	0	1539500.0
NC_000962.3	1540000	1541000	Rv1367c	1540500.0	0	1540500.0
NC_000962.3	1541000	1542000	lprF,Rv1369c	1541500.0	0	1541500.0
NC_000962.3	1542000	1543000	Rv1369c,Rv1370c	1542500.0	0	1542500.0
NC_000962.3	1543000	1544000	Rv1370c,Rv1371	1543500.0	0	1543500.0
NC_000962.3	1544000	1545000	Rv1371,Rv1372	1544500.0	0	1544500.0
NC_000962.3	1545000	1546000	Rv1372	1545500.0	0	1545500.0
NC_000962.3	1546000	1547000	Rv1372,Rv1373	1546500.0	0	1546500.0
NC_000962.3	1547000	1548000	Rv1374c,Rv1375	1547500.0	0	1547500.0
NC_000962.3	1548000	1549000	Rv1375	1548500.0	0	1548500.0
NC_000962.3	1549000	1550000	Rv1375,Rv1376	1549500.0	0	1549500.0
NC_000962.3	1550000	1551000	Rv1376,Rv1377c	1550500.0	0	1550500.0
NC_000962.3	1551000	1552000	Rv1377c,Rv1378c	1551500.0	0	1551500.0
NC_000962.3	1552000	1553000	Rv1378c,pyrR	1552500.0	0	1552500.0
NC_000962.3	1553000	1554000	pyrR,pyrB	1553500.0	0	1553500.0
NC_000962.3	1554000	1555000	pyrB,pyrC	1554500.0	0	1554500.0
NC_000962.3	1555000	1556000	pyrC,Rv1382,carA	1555500.0	0	1555500.0
NC_000962.3	1556000	1557000	carA	1556500.0	0	1556500.0
NC_000962.3	1557000	1558000	carA,carB	1557500.0	0	1557500.0
NC_000962.3	1558000	1559000	carB	1558500.0	0	1558500.0
NC_000962.3	1559000	1560000	carB	1559500.0	0	1559500.0
NC_000962.3	1560000	1561000	carB,pyrF	1560500.0	0	1560500.0
NC_000962.3	1561000	1562000	pyrF,PE15,PPE20	1561500.0	0	1561500.0
NC_000962.3	1562000	1563000	PPE20	1562500.0	0	1562500.0
NC_000962.3	1563000	1564000	PPE20,mihF	1563500.0	0	1563500.0
NC_000962.3	1564000	1565000	mihF,gmk	1564500.0	0	1564500.0
NC_000962.3	1565000	1566000	gmk,rpoZ,dfp	1565500.0	0	1565500.0
NC_000962.3	1566000	1567000	dfp,metK	1566500.0	0	1566500.0
NC_000962.3	1567000	1568000	metK	1567500.0	0	1567500.0
NC_000962.3	1568000	1569000	metK,Rv1393c	1568500.0	0	1568500.0
NC_000962.3	1569000	1570000	Rv1393c,cyp132	1569500.0	0	1569500.0
NC_000962.3	1570000	1571000	cyp132	1570500.0	0	1570500.0
NC_000962.3	1571000	1572000	Rv1395	1571500.0	0	1571500.0
NC_000962.3	1572000	1573000	Rv1395,PE_PGRS25	1572500.0	0	1572500.0
NC_000962.3	1573000	1574000	PE_PGRS25	1573500.0	0	1573500.0
NC_000962.3	1574000	1575000	vapC10,vapB10,nlhH	1574500.0	0	1574500.0
NC_000962.3	1575000	1576000	nlhH,lipI	1575500.0	0	1575500.0
NC_000962.3	1576000	1577000	lipI,Rv1401	1576500.0	0	1576500.0
NC_000962.3	1577000	1578000	Rv1401,priA	1577500.0	0	1577500.0
NC_000962.3	1578000	1579000	priA	1578500.0	0	1578500.0
NC_000962.3	1579000	1580000	priA,Rv1403c	1579500.0	0	1579500.0
NC_000962.3	1580000	1581000	Rv1403c,Rv1404	1580500.0	0	1580500.0
NC_000962.3	1581000	1582000	Rv1404,Rv1405c	1581500.0	0	1581500.0
NC_000962.3	1582000	1583000	fmt	1582500.0	0	1582500.0
NC_000962.3	1583000	1584000	fmt,fmu	1583500.0	0	1583500.0
NC_000962.3	1584000	1585000	fmu,rpe	1584500.0	0	1584500.0
NC_000962.3	1585000	1586000	rpe,ribG	1585500.0	0	1585500.0
NC_000962.3	1586000	1587000	ribG,Rv1410c	1586500.0	0	1586500.0
NC_000962.3	1587000	1588000	Rv1410c,lprG	1587500.0	0	1587500.0
NC_000962.3	1588000	1589000	lprG,ribC	1588500.0	0	1588500.0
NC_000962.3	1589000	1590000	ribC,Rv1413,Rv1414	1589500.0	0	1589500.0
NC_000962.3	1590000	1591000	Rv1414,ribA2	1590500.0	0	1590500.0
NC_000962.3	1591000	1592000	ribA2,ribH	1591500.0	0	1591500.0
NC_000962.3	1592000	1593000	ribH,Rv1417,lprH	1592500.0	0	1592500.0
NC_000962.3	1593000	1594000	lprH,Rv1419	1593500.0	0	1593500.0
NC_000962.3	1594000	1595000	uvrC	1594500.0	0	1594500.0
NC_000962.3	1595000	1596000	uvrC,Rv1421	1595500.0	0	1595500.0
NC_000962.3	1596000	1597000	Rv1421,Rv1422	1596500.0	0	1596500.0
NC_000962.3	1597000	1598000	Rv1422,whiA	1597500.0	0	1597500.0
NC_000962.3	1598000	1599000	whiA,Rv1424c	1598500.0	0	1598500.0
NC_000962.3	1599000	1600000	Rv1424c,Rv1425	1599500.0	0	1599500.0
NC_000962.3	1600000	1601000	Rv1425	1600500.0	0	1600500.0
NC_000962.3	1601000	1602000	Rv1425,lipO	1601500.0	0	1601500.0
NC_000962.3	1602000	1603000	lipO,fadD12	1602500.0	0	1602500.0
NC_000962.3	1603000	1604000	fadD12,Rv1428c	1603500.0	0	1603500.0
NC_000962.3	1604000	1605000	Rv1428c,Rv1429	1604500.0	0	1604500.0
NC_000962.3	1605000	1606000	Rv1429	1605500.0	0	1605500.0
NC_000962.3	1606000	1607000	Rv1429,PE16	1606500.0	0	1606500.0
NC_000962.3	1607000	1608000	PE16	1607500.0	0	1607500.0
NC_000962.3	1608000	1609000	Rv1431	1608500.0	0	1608500.0
NC_000962.3	1609000	1610000	Rv1431,Rv1432	1609500.0	0	1609500.0
NC_000962.3	1610000	1611000	Rv1432	1610500.0	0	1610500.0
NC_000962.3	1611000	1612000	Rv1432,Rv1433	1611500.0	0	1611500.0
NC_000962.3	1612000	1613000	Rv1433,Rv1434,Rv1435c	1612500.0	0	1612500.0
NC_000962.3	1613000	1614000	gap	1613500.0	0	1613500.0
NC_000962.3	1614000	1615000	gap,pgk	1614500.0	0	1614500.0
NC_000962.3	1615000	1616000	pgk,tpi	1615500.0	0	1615500.0
NC_000962.3	1616000	1617000	tpi,Rv1439c	1616500.0	0	1616500.0
NC_000962.3	1617000	1618000	Rv1439c,secG	1617500.0	0	1617500.0
NC_000962.3	1618000	1619000	secG,PE_PGRS26	1618500.0	0	1618500.0
NC_000962.3	1619000	1620000	PE_PGRS26,bisC	1619500.0	0	1619500.0
NC_000962.3	1620000	1621000	bisC	1620500.0	0	1620500.0
NC_000962.3	1621000	1622000	bisC	1621500.0	0	1621500.0
NC_000962.3	1622000	1623000	bisC,Rv1443c	1622500.0	0	1622500.0
NC_000962.3	1623000	1624000	Rv1444c,devB	1623500.0	0	1623500.0
NC_000962.3	1624000	1625000	devB,opcA	1624500.0	0	1624500.0
NC_000962.3	1625000	1626000	opcA,zwf2	1625500.0	0	1625500.0
NC_000962.3	1626000	1627000	zwf2,tal	1626500.0	0	1626500.0
NC_000962.3	1627000	1628000	tal	1627500.0	0	1627500.0
NC_000962.3	1628000	1629000	tal,tkt	1628500.0	0	1628500.0
NC_000962.3	1629000	1630000	tkt	1629500.0	0	1629500.0
NC_000962.3	1630000	1631000	tkt,PE_PGRS27	1630500.0	0	1630500.0
NC_000962.3	1631000	1632000	PE_PGRS27	1631500.0	0	1631500.0
NC_000962.3	1632000	1633000	PE_PGRS27	1632500.0	0	1632500.0
NC_000962.3	1633000	1634000	PE_PGRS27	1633500.0	10	1633500.0
NC_000962.3	1634000	1635000	PE_PGRS27	1634500.0	16	1634500.0
NC_000962.3	1635000	1636000	ctaB	1635500.0	0	1635500.0
NC_000962.3	1636000	1637000	PE_PGRS28	1636500.0	3	1636500.0
NC_000962.3	1637000	1638000	PE_PGRS28	1637500.0	12	1637500.0
NC_000962.3	1638000	1639000	PE_PGRS28,Rv1453	1638500.0	10	1638500.0
NC_000962.3	1639000	1640000	Rv1453,qor	1639500.0	0	1639500.0
NC_000962.3	1640000	1641000	qor,Rv1455	1640500.0	0	1640500.0
NC_000962.3	1641000	1642000	Rv1455,Rv1456c	1641500.0	0	1641500.0
NC_000962.3	1642000	1643000	Rv1456c,Rv1457c	1642500.0	0	1642500.0
NC_000962.3	1643000	1644000	Rv1457c,Rv1458c	1643500.0	0	1643500.0
NC_000962.3	1644000	1645000	Rv1458c,Rv1459c	1644500.0	0	1644500.0
NC_000962.3	1645000	1646000	Rv1459c	1645500.0	0	1645500.0
NC_000962.3	1646000	1647000	Rv1459c,Rv1460,Rv1461	1646500.0	0	1646500.0
NC_000962.3	1647000	1648000	Rv1461	1647500.0	0	1647500.0
NC_000962.3	1648000	1649000	Rv1461	1648500.0	0	1648500.0
NC_000962.3	1649000	1650000	Rv1461,Rv1462	1649500.0	0	1649500.0
NC_000962.3	1650000	1651000	Rv1462,Rv1463	1650500.0	0	1650500.0
NC_000962.3	1651000	1652000	Rv1463,csd	1651500.0	0	1651500.0
NC_000962.3	1652000	1653000	csd,Rv1465	1652500.0	0	1652500.0
NC_000962.3	1653000	1654000	Rv1465,Rv1466,fadE15	1653500.0	0	1653500.0
NC_000962.3	1654000	1655000	fadE15	1654500.0	0	1654500.0
NC_000962.3	1655000	1656000	fadE15,PE_PGRS29	1655500.0	0	1655500.0
NC_000962.3	1656000	1657000	PE_PGRS29,ctpD	1656500.0	0	1656500.0
NC_000962.3	1657000	1658000	ctpD	1657500.0	0	1657500.0
NC_000962.3	1658000	1659000	ctpD,trxA	1658500.0	0	1658500.0
NC_000962.3	1659000	1660000	trxA,trxB1,echA12	1659500.0	0	1659500.0
NC_000962.3	1660000	1661000	echA12,Rv1473	1660500.0	0	1660500.0
NC_000962.3	1661000	1662000	Rv1473	1661500.0	0	1661500.0
NC_000962.3	1662000	1663000	Rv1473,Rv1473A,Rv1474c	1662500.0	0	1662500.0
NC_000962.3	1663000	1664000	Rv1474c,acn	1663500.0	0	1663500.0
NC_000962.3	1664000	1665000	acn	1664500.0	0	1664500.0
NC_000962.3	1665000	1666000	acn	1665500.0	0	1665500.0
NC_000962.3	1666000	1667000	acn,Rv1476,ripA	1666500.0	0	1666500.0
NC_000962.3	1667000	1668000	ripA	1667500.0	0	1667500.0
NC_000962.3	1668000	1669000	ripA,Rv1478	1668500.0	0	1668500.0
NC_000962.3	1669000	1670000	Rv1478,moxR1	1669500.0	0	1669500.0
NC_000962.3	1670000	1671000	moxR1,Rv1480	1670500.0	0	1670500.0
NC_000962.3	1671000	1672000	Rv1480,Rv1481	1671500.0	0	1671500.0
NC_000962.3	1672000	1673000	Rv1481,Rv1482c	1672500.0	0	1672500.0
NC_000962.3	1673000	1674000	Rv1482c,fabG1	1673500.0	0	1673500.0
NC_000962.3	1674000	1675000	fabG1,inhA	1674500.0	0	1674500.0
NC_000962.3	1675000	1676000	inhA,hemZ	1675500.0	0	1675500.0
NC_000962.3	1676000	1677000	hemZ,Rv1486c,Rv1487	1676500.0	0	1676500.0
NC_000962.3	1677000	1678000	Rv1487,Rv1488	1677500.0	0	1677500.0
NC_000962.3	1678000	1679000	Rv1488,Rv1489,Rv1489A	1678500.0	0	1678500.0
NC_000962.3	1679000	1680000	Rv1489A,Rv1490	1679500.0	0	1679500.0
NC_000962.3	1680000	1681000	Rv1490	1680500.0	0	1680500.0
NC_000962.3	1681000	1682000	Rv1491c	1681500.0	0	1681500.0
NC_000962.3	1682000	1683000	mutA	1682500.0	0	1682500.0
NC_000962.3	1683000	1684000	mutA	1683500.0	0	1683500.0
NC_000962.3	1684000	1685000	mutA,mutB	1684500.0	0	1684500.0
NC_000962.3	1685000	1686000	mutB	1685500.0	0	1685500.0
NC_000962.3	1686000	1687000	mutB,mazE4,mazF4,Rv1496	1686500.0	0	1686500.0
NC_000962.3	1687000	1688000	Rv1496,lipL	1687500.0	0	1687500.0
NC_000962.3	1688000	1689000	lipL	1688500.0	0	1688500.0
NC_000962.3	1689000	1690000	lipL,Rv1498c	1689500.0	0	1689500.0
NC_000962.3	1690000	1691000	Rv1498A,Rv1499,Rv1500	1690500.0	0	1690500.0
NC_000962.3	1691000	1692000	Rv1500,Rv1501	1691500.0	0	1691500.0
NC_000962.3	1692000	1693000	Rv1501,Rv1502	1692500.0	0	1692500.0
NC_000962.3	1693000	1694000	Rv1502,Rv1503c	1693500.0	0	1693500.0
NC_000962.3	1694000	1695000	Rv1503c,Rv1504c	1694500.0	0	1694500.0
NC_000962.3	1695000	1696000	Rv1504c,Rv1505c,Rv1506c	1695500.0	0	1695500.0
NC_000962.3	1696000	1697000	Rv1506c,Rv1507c	1696500.0	0	1696500.0
NC_000962.3	1697000	1698000	Rv1507c,Rv1507A	1697500.0	0	1697500.0
NC_000962.3	1698000	1699000	Rv1508c	1698500.0	0	1698500.0
NC_000962.3	1699000	1700000	Rv1508c,Rv1508A	1699500.0	0	1699500.0
NC_000962.3	1700000	1701000	Rv1508A,Rv1509	1700500.0	0	1700500.0
NC_000962.3	1701000	1702000	Rv1509,Rv1510	1701500.0	0	1701500.0
NC_000962.3	1702000	1703000	Rv1510	1702500.0	0	1702500.0
NC_000962.3	1703000	1704000	gmdA	1703500.0	0	1703500.0
NC_000962.3	1704000	1705000	gmdA,epiA	1704500.0	0	1704500.0
NC_000962.3	1705000	1706000	epiA,Rv1513,Rv1514c	1705500.0	0	1705500.0
NC_000962.3	1706000	1707000	Rv1514c,Rv1515c	1706500.0	0	1706500.0
NC_000962.3	1707000	1708000	Rv1515c,Rv1516c	1707500.0	0	1707500.0
NC_000962.3	1708000	1709000	Rv1516c,Rv1517	1708500.0	0	1708500.0
NC_000962.3	1709000	1710000	Rv1517,Rv1518	1709500.0	0	1709500.0
NC_000962.3	1710000	1711000	Rv1518,Rv1519	1710500.0	0	1710500.0
NC_000962.3	1711000	1712000	Rv1519,Rv1520	1711500.0	0	1711500.0
NC_000962.3	1712000	1713000	Rv1520,fadD25	1712500.0	0	1712500.0
NC_000962.3	1713000	1714000	fadD25	1713500.0	0	1713500.0
NC_000962.3	1714000	1715000	fadD25,mmpL12	1714500.0	0	1714500.0
NC_000962.3	1715000	1716000	mmpL12	1715500.0	0	1715500.0
NC_000962.3	1716000	1717000	mmpL12	1716500.0	0	1716500.0
NC_000962.3	1717000	1718000	mmpL12,Rv1523	1717500.0	0	1717500.0
NC_000962.3	1718000	1719000	Rv1523,Rv1524	1718500.0	0	1718500.0
NC_000962.3	1719000	1720000	Rv1524	1719500.0	0	1719500.0
NC_000962.3	1720000	1721000	wbbL2,Rv1526c	1720500.0	0	1720500.0
NC_000962.3	1721000	1722000	Rv1526c	1721500.0	0	1721500.0
NC_000962.3	1722000	1723000	Rv1526c,pks5	1722500.0	0	1722500.0
NC_000962.3	1723000	1724000	pks5	1723500.0	0	1723500.0
NC_000962.3	1724000	1725000	pks5	1724500.0	0	1724500.0
NC_000962.3	1725000	1726000	pks5	1725500.0	0	1725500.0
NC_000962.3	1726000	1727000	pks5	1726500.0	0	1726500.0
NC_000962.3	1727000	1728000	pks5	1727500.0	0	1727500.0
NC_000962.3	1728000	1729000	pks5,papA4	1728500.0	0	1728500.0
NC_000962.3	1729000	1730000	papA4,fadD24	1729500.0	0	1729500.0
NC_000962.3	1730000	1731000	fadD24	1730500.0	0	1730500.0
NC_000962.3	1731000	1732000	fadD24,adh	1731500.0	0	1731500.0
NC_000962.3	1732000	1733000	adh,Rv1531	1732500.0	0	1732500.0
NC_000962.3	1733000	1734000	Rv1531,Rv1532c,Rv1533	1733500.0	0	1733500.0
NC_000962.3	1734000	1735000	Rv1533,Rv1534	1734500.0	0	1734500.0
NC_000962.3	1735000	1736000	Rv1534,Rv1535	1735500.0	0	1735500.0
NC_000962.3	1736000	1737000	Rv1535,ileS	1736500.0	0	1736500.0
NC_000962.3	1737000	1738000	ileS	1737500.0	0	1737500.0
NC_000962.3	1738000	1739000	ileS	1738500.0	0	1738500.0
NC_000962.3	1739000	1740000	ileS,dinX	1739500.0	0	1739500.0
NC_000962.3	1740000	1741000	dinX	1740500.0	0	1740500.0
NC_000962.3	1741000	1742000	dinX,ansA	1741500.0	0	1741500.0
NC_000962.3	1742000	1743000	ansA,lspA,Rv1540	1742500.0	0	1742500.0
NC_000962.3	1743000	1744000	Rv1540,lprI	1743500.0	0	1743500.0
NC_000962.3	1744000	1745000	lprI,glbN	1744500.0	0	1744500.0
NC_000962.3	1745000	1746000	Rv1543	1745500.0	0	1745500.0
NC_000962.3	1746000	1747000	Rv1543,Rv1544,Rv1545	1746500.0	0	1746500.0
NC_000962.3	1747000	1748000	Rv1545,Rv1546,dnaE1	1747500.0	0	1747500.0
NC_000962.3	1748000	1749000	dnaE1	1748500.0	0	1748500.0
NC_000962.3	1749000	1750000	dnaE1	1749500.0	0	1749500.0
NC_000962.3	1750000	1751000	dnaE1	1750500.0	0	1750500.0
NC_000962.3	1751000	1752000	dnaE1,PPE21	1751500.0	0	1751500.0
NC_000962.3	1752000	1753000	PPE21	1752500.0	0	1752500.0
NC_000962.3	1753000	1754000	PPE21,fadD11.1,fadD11	1753500.0	0	1753500.0
NC_000962.3	1754000	1755000	fadD11.1,fadD11	1754500.0	0	1754500.0
NC_000962.3	1755000	1756000	fadD11,plsB1	1755500.0	0	1755500.0
NC_000962.3	1756000	1757000	plsB1	1756500.0	0	1756500.0
NC_000962.3	1757000	1758000	plsB1,frdA	1757500.0	0	1757500.0
NC_000962.3	1758000	1759000	frdA	1758500.0	0	1758500.0
NC_000962.3	1759000	1760000	frdA,frdB	1759500.0	0	1759500.0
NC_000962.3	1760000	1761000	frdB,frdC,frdD,Rv1556	1760500.0	0	1760500.0
NC_000962.3	1761000	1762000	Rv1556,mmpL6	1761500.0	0	1761500.0
NC_000962.3	1762000	1763000	mmpL6,Rv1558	1762500.0	0	1762500.0
NC_000962.3	1763000	1764000	Rv1558,ilvA	1763500.0	0	1763500.0
NC_000962.3	1764000	1765000	ilvA,vapB11,vapC11	1764500.0	0	1764500.0
NC_000962.3	1765000	1766000	vapC11,treZ	1765500.0	0	1765500.0
NC_000962.3	1766000	1767000	treZ	1766500.0	0	1766500.0
NC_000962.3	1767000	1768000	treZ,treY	1767500.0	0	1767500.0
NC_000962.3	1768000	1769000	treY	1768500.0	0	1768500.0
NC_000962.3	1769000	1770000	treY,treX	1769500.0	0	1769500.0
NC_000962.3	1770000	1771000	treX	1770500.0	0	1770500.0
NC_000962.3	1771000	1772000	treX,Rv1565c	1771500.0	0	1771500.0
NC_000962.3	1772000	1773000	Rv1565c	1772500.0	0	1772500.0
NC_000962.3	1773000	1774000	Rv1565c,Rv1566c	1773500.0	0	1773500.0
NC_000962.3	1774000	1775000	Rv1566c,Rv1567c	1774500.0	0	1774500.0
NC_000962.3	1775000	1776000	Rv1567c,bioA	1775500.0	0	1775500.0
NC_000962.3	1776000	1777000	bioA,bioF1	1776500.0	0	1776500.0
NC_000962.3	1777000	1778000	bioF1,bioD	1777500.0	0	1777500.0
NC_000962.3	1778000	1779000	bioD,Rv1571	1778500.0	0	1778500.0
NC_000962.3	1779000	1780000	Rv1571,Rv1572c,Rv1573,Rv1574	1779500.0	0	1779500.0
NC_000962.3	1780000	1781000	Rv1574,Rv1575,Rv1576c	1780500.0	0	1780500.0
NC_000962.3	1781000	1782000	Rv1576c	1781500.0	0	1781500.0
NC_000962.3	1782000	1783000	Rv1576c,Rv1577c,Rv1578c	1782500.0	0	1782500.0
NC_000962.3	1783000	1784000	Rv1578c,Rv1579c,Rv1580c,Rv1581c	1783500.0	0	1783500.0
NC_000962.3	1784000	1785000	Rv1581c,Rv1582c	1784500.0	0	1784500.0
NC_000962.3	1785000	1786000	Rv1582c,Rv1583c	1785500.0	0	1785500.0
NC_000962.3	1786000	1787000	Rv1583c,Rv1584c,Rv1585c	1786500.0	0	1786500.0
NC_000962.3	1787000	1788000	Rv1585c,Rv1586c	1787500.0	0	1787500.0
NC_000962.3	1788000	1789000	Rv1586c,Rv1587c	1788500.0	2	1788500.0
NC_000962.3	1789000	1790000	Rv1587c,Rv1588c	1789500.0	9	1789500.0
NC_000962.3	1790000	1791000	bioB	1790500.0	0	1790500.0
NC_000962.3	1791000	1792000	bioB,Rv1590,Rv1591	1791500.0	0	1791500.0
NC_000962.3	1792000	1793000	Rv1591,Rv1592c	1792500.0	0	1792500.0
NC_000962.3	1793000	1794000	Rv1592c,Rv1593c	1793500.0	0	1793500.0
NC_000962.3	1794000	1795000	Rv1593c,nadA	1794500.0	0	1794500.0
NC_000962.3	1795000	1796000	nadA,nadB	1795500.0	0	1795500.0
NC_000962.3	1796000	1797000	nadB	1796500.0	0	1796500.0
NC_000962.3	1797000	1798000	nadB,nadC	1797500.0	0	1797500.0
NC_000962.3	1798000	1799000	nadC,Rv1597	1798500.0	0	1798500.0
NC_000962.3	1799000	1800000	Rv1597,Rv1598c,hisD	1799500.0	0	1799500.0
NC_000962.3	1800000	1801000	hisD,hisC1	1800500.0	0	1800500.0
NC_000962.3	1801000	1802000	hisC1	1801500.0	0	1801500.0
NC_000962.3	1802000	1803000	hisC1,hisB,hisH	1802500.0	0	1802500.0
NC_000962.3	1803000	1804000	hisH,hisA	1803500.0	0	1803500.0
NC_000962.3	1804000	1805000	hisA,impA,hisF	1804500.0	0	1804500.0
NC_000962.3	1805000	1806000	hisF,hisI	1805500.0	0	1805500.0
NC_000962.3	1806000	1807000	chaA	1806500.0	0	1806500.0
NC_000962.3	1807000	1808000	chaA,bcpB,trpE	1807500.0	0	1807500.0
NC_000962.3	1808000	1809000	trpE	1808500.0	0	1808500.0
NC_000962.3	1809000	1810000	trpE,Rv1610	1809500.0	0	1809500.0
NC_000962.3	1810000	1811000	Rv1610,trpC	1810500.0	0	1810500.0
NC_000962.3	1811000	1812000	trpC,trpB	1811500.0	0	1811500.0
NC_000962.3	1812000	1813000	trpB,trpA	1812500.0	0	1812500.0
NC_000962.3	1813000	1814000	trpA,lgt	1813500.0	0	1813500.0
NC_000962.3	1814000	1815000	lgt	1814500.0	0	1814500.0
NC_000962.3	1815000	1816000	Rv1615,Rv1616	1815500.0	0	1815500.0
NC_000962.3	1816000	1817000	Rv1616,pykA	1816500.0	0	1816500.0
NC_000962.3	1817000	1818000	pykA,tesB1	1817500.0	0	1817500.0
NC_000962.3	1818000	1819000	tesB1,Rv1619	1818500.0	0	1818500.0
NC_000962.3	1819000	1820000	Rv1619,cydC	1819500.0	0	1819500.0
NC_000962.3	1820000	1821000	Rv1619,cydC	1820500.0	0	1820500.0
NC_000962.3	1821000	1822000	cydC,cydD	1821500.0	0	1821500.0
NC_000962.3	1822000	1823000	cydD	1822500.0	0	1822500.0
NC_000962.3	1823000	1824000	cydD,cydB	1823500.0	0	1823500.0
NC_000962.3	1824000	1825000	cydB,cydA	1824500.0	0	1824500.0
NC_000962.3	1825000	1826000	cydA,Rv1624c	1825500.0	0	1825500.0
NC_000962.3	1826000	1827000	Rv1624c,cya	1826500.0	0	1826500.0
NC_000962.3	1827000	1828000	cya	1827500.0	0	1827500.0
NC_000962.3	1828000	1829000	leuV,Rv1626,Rv1627c	1828500.0	0	1828500.0
NC_000962.3	1829000	1830000	Rv1627c	1829500.0	0	1829500.0
NC_000962.3	1830000	1831000	Rv1627c,Rv1628c,polA	1830500.0	0	1830500.0
NC_000962.3	1831000	1832000	polA	1831500.0	0	1831500.0
NC_000962.3	1832000	1833000	polA	1832500.0	0	1832500.0
NC_000962.3	1833000	1834000	polA,rpsA	1833500.0	0	1833500.0
NC_000962.3	1834000	1835000	rpsA	1834500.0	0	1834500.0
NC_000962.3	1835000	1836000	coaE	1835500.0	0	1835500.0
NC_000962.3	1836000	1837000	coaE,Rv1632c	1836500.0	0	1836500.0
NC_000962.3	1837000	1838000	uvrB	1837500.0	0	1837500.0
NC_000962.3	1838000	1839000	uvrB	1838500.0	0	1838500.0
NC_000962.3	1839000	1840000	uvrB,Rv1634	1839500.0	0	1839500.0
NC_000962.3	1840000	1841000	Rv1634,Rv1635c	1840500.0	0	1840500.0
NC_000962.3	1841000	1842000	Rv1635c	1841500.0	0	1841500.0
NC_000962.3	1842000	1843000	Rv1635c,TB15.3,Rv1637c	1842500.0	0	1842500.0
NC_000962.3	1843000	1844000	Rv1637c,uvrA	1843500.0	0	1843500.0
NC_000962.3	1844000	1845000	uvrA	1844500.0	0	1844500.0
NC_000962.3	1845000	1846000	uvrA	1845500.0	0	1845500.0
NC_000962.3	1846000	1847000	uvrA,Rv1638A,Rv1639c	1846500.0	0	1846500.0
NC_000962.3	1847000	1848000	Rv1639c	1847500.0	0	1847500.0
NC_000962.3	1848000	1849000	Rv1639c,lysX	1848500.0	0	1848500.0
NC_000962.3	1849000	1850000	lysX	1849500.0	0	1849500.0
NC_000962.3	1850000	1851000	lysX	1850500.0	0	1850500.0
NC_000962.3	1851000	1852000	lysX	1851500.0	0	1851500.0
NC_000962.3	1852000	1853000	lysX,infC,rpmI	1852500.0	0	1852500.0
NC_000962.3	1853000	1854000	rpmI,rplT,tsnR	1853500.0	0	1853500.0
NC_000962.3	1854000	1855000	tsnR,Rv1645c	1854500.0	0	1854500.0
NC_000962.3	1855000	1856000	Rv1645c,PE17	1855500.0	0	1855500.0
NC_000962.3	1856000	1857000	PE17,Rv1647	1856500.0	0	1856500.0
NC_000962.3	1857000	1858000	Rv1647,Rv1648	1857500.0	0	1857500.0
NC_000962.3	1858000	1859000	Rv1648,pheS	1858500.0	0	1858500.0
NC_000962.3	1859000	1860000	pheS,pheT	1859500.0	0	1859500.0
NC_000962.3	1860000	1861000	pheT	1860500.0	0	1860500.0
NC_000962.3	1861000	1862000	pheT	1861500.0	0	1861500.0
NC_000962.3	1862000	1863000	pheT,PE_PGRS30	1862500.0	0	1862500.0
NC_000962.3	1863000	1864000	PE_PGRS30	1863500.0	0	1863500.0
NC_000962.3	1864000	1865000	PE_PGRS30	1864500.0	0	1864500.0
NC_000962.3	1865000	1866000	PE_PGRS30,argC	1865500.0	0	1865500.0
NC_000962.3	1866000	1867000	argC,argJ	1866500.0	0	1866500.0
NC_000962.3	1867000	1868000	argJ,argB	1867500.0	0	1867500.0
NC_000962.3	1868000	1869000	argB,argD	1868500.0	0	1868500.0
NC_000962.3	1869000	1870000	argD,argF	1869500.0	0	1869500.0
NC_000962.3	1870000	1871000	argF,argR	1870500.0	0	1870500.0
NC_000962.3	1871000	1872000	argR,argG	1871500.0	0	1871500.0
NC_000962.3	1872000	1873000	argG,argH	1872500.0	0	1872500.0
NC_000962.3	1873000	1874000	argH	1873500.0	0	1873500.0
NC_000962.3	1874000	1875000	argH,pks10	1874500.0	0	1874500.0
NC_000962.3	1875000	1876000	pks10,pks7	1875500.0	0	1875500.0
NC_000962.3	1876000	1877000	pks7	1876500.0	0	1876500.0
NC_000962.3	1877000	1878000	pks7	1877500.0	0	1877500.0
NC_000962.3	1878000	1879000	pks7	1878500.0	0	1878500.0
NC_000962.3	1879000	1880000	pks7	1879500.0	0	1879500.0
NC_000962.3	1880000	1881000	pks7	1880500.0	0	1880500.0
NC_000962.3	1881000	1882000	pks7,pks8	1881500.0	0	1881500.0
NC_000962.3	1882000	1883000	pks8	1882500.0	0	1882500.0
NC_000962.3	1883000	1884000	pks8	1883500.0	0	1883500.0
NC_000962.3	1884000	1885000	pks8	1884500.0	0	1884500.0
NC_000962.3	1885000	1886000	pks8	1885500.0	0	1885500.0
NC_000962.3	1886000	1887000	pks8,pks17	1886500.0	0	1886500.0
NC_000962.3	1887000	1888000	pks17	1887500.0	0	1887500.0
NC_000962.3	1888000	1889000	pks17,pks9	1888500.0	0	1888500.0
NC_000962.3	1889000	1890000	pks9	1889500.0	0	1889500.0
NC_000962.3	1890000	1891000	pks9	1890500.0	0	1890500.0
NC_000962.3	1891000	1892000	pks9,pks11	1891500.0	0	1891500.0
NC_000962.3	1892000	1893000	pks11,cyp139	1892500.0	0	1892500.0
NC_000962.3	1893000	1894000	cyp139,Rv1667c	1893500.0	0	1893500.0
NC_000962.3	1894000	1895000	Rv1667c,Rv1668c	1894500.0	0	1894500.0
NC_000962.3	1895000	1896000	Rv1668c,Rv1669	1895500.0	0	1895500.0
NC_000962.3	1896000	1897000	Rv1669,Rv1670,Rv1671,Rv1672c	1896500.0	0	1896500.0
NC_000962.3	1897000	1898000	Rv1672c	1897500.0	0	1897500.0
NC_000962.3	1898000	1899000	Rv1672c,Rv1673c	1898500.0	0	1898500.0
NC_000962.3	1899000	1900000	Rv1673c,Rv1674c	1899500.0	0	1899500.0
NC_000962.3	1900000	1901000	cmr	1900500.0	0	1900500.0
NC_000962.3	1901000	1902000	Rv1676,dsbF	1901500.0	0	1901500.0
NC_000962.3	1902000	1903000	dsbF,Rv1678	1902500.0	0	1902500.0
NC_000962.3	1903000	1904000	Rv1678,fadE16	1903500.0	0	1903500.0
NC_000962.3	1904000	1905000	fadE16,Rv1680	1904500.0	0	1904500.0
NC_000962.3	1905000	1906000	Rv1680,moeX	1905500.0	0	1905500.0
NC_000962.3	1906000	1907000	moeX,Rv1682	1906500.0	0	1906500.0
NC_000962.3	1907000	1908000	Rv1682,Rv1683	1907500.0	0	1907500.0
NC_000962.3	1908000	1909000	Rv1683	1908500.0	0	1908500.0
NC_000962.3	1909000	1910000	Rv1683	1909500.0	0	1909500.0
NC_000962.3	1910000	1911000	Rv1683,Rv1684,Rv1685c	1910500.0	0	1910500.0
NC_000962.3	1911000	1912000	Rv1685c,Rv1686c	1911500.0	0	1911500.0
NC_000962.3	1912000	1913000	Rv1686c,Rv1687c,mpg	1912500.0	0	1912500.0
NC_000962.3	1913000	1914000	mpg,tyrS	1913500.0	0	1913500.0
NC_000962.3	1914000	1915000	tyrS	1914500.0	0	1914500.0
NC_000962.3	1915000	1916000	lprJ,Rv1691	1915500.0	0	1915500.0
NC_000962.3	1916000	1917000	Rv1691,Rv1692	1916500.0	0	1916500.0
NC_000962.3	1917000	1918000	Rv1692,Rv1693,tlyA	1917500.0	0	1917500.0
NC_000962.3	1918000	1919000	tlyA,ppnK	1918500.0	0	1918500.0
NC_000962.3	1919000	1920000	ppnK,recN	1919500.0	0	1919500.0
NC_000962.3	1920000	1921000	recN	1920500.0	0	1920500.0
NC_000962.3	1921000	1922000	recN,Rv1697	1921500.0	0	1921500.0
NC_000962.3	1922000	1923000	Rv1697,mctB	1922500.0	0	1922500.0
NC_000962.3	1923000	1924000	mctB,pyrG	1923500.0	0	1923500.0
NC_000962.3	1924000	1925000	pyrG	1924500.0	0	1924500.0
NC_000962.3	1925000	1926000	pyrG,Rv1700	1925500.0	0	1925500.0
NC_000962.3	1926000	1927000	Rv1700,Rv1701	1926500.0	0	1926500.0
NC_000962.3	1927000	1928000	Rv1701,Rv1702c	1927500.0	0	1927500.0
NC_000962.3	1928000	1929000	Rv1702c	1928500.0	0	1928500.0
NC_000962.3	1929000	1930000	Rv1703c,cycA	1929500.0	0	1929500.0
NC_000962.3	1930000	1931000	cycA	1930500.0	0	1930500.0
NC_000962.3	1931000	1932000	cycA,PPE22	1931500.0	0	1931500.0
NC_000962.3	1932000	1933000	PPE22,PPE23	1932500.0	0	1932500.0
NC_000962.3	1933000	1934000	PPE23	1933500.0	0	1933500.0
NC_000962.3	1934000	1935000	Rv1706A,Rv1707	1934500.0	0	1934500.0
NC_000962.3	1935000	1936000	Rv1707	1935500.0	0	1935500.0
NC_000962.3	1936000	1937000	Rv1707,Rv1708	1936500.0	0	1936500.0
NC_000962.3	1937000	1938000	Rv1708,scpA	1937500.0	0	1937500.0
NC_000962.3	1938000	1939000	scpA,scpB,Rv1711	1938500.0	0	1938500.0
NC_000962.3	1939000	1940000	Rv1711,cmk	1939500.0	0	1939500.0
NC_000962.3	1940000	1941000	cmk,engA	1940500.0	0	1940500.0
NC_000962.3	1941000	1942000	engA,Rv1714	1941500.0	0	1941500.0
NC_000962.3	1942000	1943000	Rv1714,fadB3	1942500.0	0	1942500.0
NC_000962.3	1943000	1944000	fadB3,Rv1716	1943500.0	0	1943500.0
NC_000962.3	1944000	1945000	Rv1716,Rv1717,Rv1718	1944500.0	0	1944500.0
NC_000962.3	1945000	1946000	Rv1718,Rv1719	1945500.0	0	1945500.0
NC_000962.3	1946000	1947000	Rv1719,proT	1946500.0	0	1946500.0
NC_000962.3	1947000	1948000	vapC12,vapB12,Rv1722	1947500.0	0	1947500.0
NC_000962.3	1948000	1949000	Rv1722	1948500.0	0	1948500.0
NC_000962.3	1949000	1950000	Rv1722,Rv1723	1949500.0	0	1949500.0
NC_000962.3	1950000	1951000	Rv1723,Rv1724c	1950500.0	0	1950500.0
NC_000962.3	1951000	1952000	Rv1724c,Rv1725c,Rv1726	1951500.0	0	1951500.0
NC_000962.3	1952000	1953000	Rv1726	1952500.0	0	1952500.0
NC_000962.3	1953000	1954000	Rv1726,Rv1727,Rv1728c	1953500.0	0	1953500.0
NC_000962.3	1954000	1955000	Rv1728c,Rv1729c	1954500.0	0	1954500.0
NC_000962.3	1955000	1956000	Rv1729c,Rv1730c	1955500.0	0	1955500.0
NC_000962.3	1956000	1957000	Rv1730c	1956500.0	0	1956500.0
NC_000962.3	1957000	1958000	Rv1730c,gabD2	1957500.0	0	1957500.0
NC_000962.3	1958000	1959000	gabD2	1958500.0	0	1958500.0
NC_000962.3	1959000	1960000	gabD2,Rv1732c,Rv1733c	1959500.0	0	1959500.0
NC_000962.3	1960000	1961000	Rv1733c,Rv1734c	1960500.0	0	1960500.0
NC_000962.3	1961000	1962000	Rv1734c,Rv1735c	1961500.0	0	1961500.0
NC_000962.3	1962000	1963000	narX	1962500.0	0	1962500.0
NC_000962.3	1963000	1964000	narX	1963500.0	0	1963500.0
NC_000962.3	1964000	1965000	narX,narK2	1964500.0	0	1964500.0
NC_000962.3	1965000	1966000	narK2,Rv1738,Rv1739c	1965500.0	0	1965500.0
NC_000962.3	1966000	1967000	Rv1739c	1966500.0	0	1966500.0
NC_000962.3	1967000	1968000	Rv1739c,vapB34,vapC34	1967500.0	0	1967500.0
NC_000962.3	1968000	1969000	vapC34,Rv1742	1968500.0	0	1968500.0
NC_000962.3	1969000	1970000	pknE	1969500.0	0	1969500.0
NC_000962.3	1970000	1971000	pknE,Rv1744c	1970500.0	0	1970500.0
NC_000962.3	1971000	1972000	Rv1744c,idi	1971500.0	0	1971500.0
NC_000962.3	1972000	1973000	pknF	1972500.0	0	1972500.0
NC_000962.3	1973000	1974000	pknF,Rv1747	1973500.0	0	1973500.0
NC_000962.3	1974000	1975000	Rv1747	1974500.0	0	1974500.0
NC_000962.3	1975000	1976000	Rv1747	1975500.0	0	1975500.0
NC_000962.3	1976000	1977000	Rv1747,Rv1748	1976500.0	0	1976500.0
NC_000962.3	1977000	1978000	Rv1748,Rv1749c,fadD1	1977500.0	0	1977500.0
NC_000962.3	1978000	1979000	fadD1	1978500.0	0	1978500.0
NC_000962.3	1979000	1980000	fadD1,Rv1751	1979500.0	0	1979500.0
NC_000962.3	1980000	1981000	Rv1751	1980500.0	0	1980500.0
NC_000962.3	1981000	1982000	Rv1751,Rv1752,PPE24	1981500.0	0	1981500.0
NC_000962.3	1982000	1983000	PPE24	1982500.0	0	1982500.0
NC_000962.3	1983000	1984000	PPE24	1983500.0	0	1983500.0
NC_000962.3	1984000	1985000	PPE24,Rv1754c	1984500.0	0	1984500.0
NC_000962.3	1985000	1986000	Rv1754c	1985500.0	0	1985500.0
NC_000962.3	1986000	1987000	Rv1754c,plcD	1986500.0	0	1986500.0
NC_000962.3	1987000	1988000	plcD,Rv1756c	1987500.0	0	1987500.0
NC_000962.3	1988000	1989000	Rv1756c,Rv1757c	1988500.0	0	1988500.0
NC_000962.3	1989000	1990000	Rv1757c,cut1,wag22	1989500.0	0	1989500.0
NC_000962.3	1990000	1991000	wag22	1990500.0	0	1990500.0
NC_000962.3	1991000	1992000	wag22	1991500.0	0	1991500.0
NC_000962.3	1992000	1993000	wag22	1992500.0	0	1992500.0
NC_000962.3	1993000	1994000	Rv1760	1993500.0	0	1993500.0
NC_000962.3	1994000	1995000	Rv1760,Rv1761c	1994500.0	0	1994500.0
NC_000962.3	1995000	1996000	Rv1761c,Rv1762c	1995500.0	0	1995500.0
NC_000962.3	1996000	1997000	Rv1763,Rv1764	1996500.0	0	1996500.0
NC_000962.3	1997000	1998000	Rv1764,Rv1765c	1997500.0	0	1997500.0
NC_000962.3	1998000	1999000	Rv1765c	1998500.0	0	1998500.0
NC_000962.3	1999000	2000000	Rv1765A,Rv1766	1999500.0	0	1999500.0
NC_000962.3	2000000	2001000	Rv1766,Rv1767,PE_PGRS31	2000500.0	0	2000500.0
NC_000962.3	2001000	2002000	PE_PGRS31	2001500.0	0	2001500.0
NC_000962.3	2002000	2003000	PE_PGRS31,Rv1769	2002500.0	0	2002500.0
NC_000962.3	2003000	2004000	Rv1769,Rv1770	2003500.0	0	2003500.0
NC_000962.3	2004000	2005000	Rv1770	2004500.0	0	2004500.0
NC_000962.3	2005000	2006000	Rv1770,Rv1771	2005500.0	0	2005500.0
NC_000962.3	2006000	2007000	Rv1771,Rv1772	2006500.0	0	2006500.0
NC_000962.3	2007000	2008000	Rv1773c,Rv1774	2007500.0	0	2007500.0
NC_000962.3	2008000	2009000	Rv1774	2008500.0	0	2008500.0
NC_000962.3	2009000	2010000	Rv1774,Rv1775,Rv1776c	2009500.0	0	2009500.0
NC_000962.3	2010000	2011000	Rv1776c,cyp144	2010500.0	0	2010500.0
NC_000962.3	2011000	2012000	cyp144	2011500.0	0	2011500.0
NC_000962.3	2012000	2013000	Rv1778c,Rv1779c	2012500.0	0	2012500.0
NC_000962.3	2013000	2014000	Rv1779c	2013500.0	0	2013500.0
NC_000962.3	2014000	2015000	Rv1779c,Rv1780	2014500.0	0	2014500.0
NC_000962.3	2015000	2016000	Rv1780,malQ	2015500.0	0	2015500.0
NC_000962.3	2016000	2017000	malQ	2016500.0	0	2016500.0
NC_000962.3	2017000	2018000	malQ,eccB5	2017500.0	0	2017500.0
NC_000962.3	2018000	2019000	eccB5	2018500.0	0	2018500.0
NC_000962.3	2019000	2020000	eccB5,eccC5	2019500.0	0	2019500.0
NC_000962.3	2020000	2021000	eccC5	2020500.0	0	2020500.0
NC_000962.3	2021000	2022000	eccC5	2021500.0	0	2021500.0
NC_000962.3	2022000	2023000	eccC5	2022500.0	0	2022500.0
NC_000962.3	2023000	2024000	eccC5,cyp143	2023500.0	0	2023500.0
NC_000962.3	2024000	2025000	cyp143,Rv1786	2024500.0	0	2024500.0
NC_000962.3	2025000	2026000	Rv1786,PPE25	2025500.0	2	2025500.0
NC_000962.3	2026000	2027000	PPE25,PE18,PPE26	2026500.0	2	2026500.0
NC_000962.3	2027000	2028000	PPE26	2027500.0	0	2027500.0
NC_000962.3	2028000	2029000	PPE27	2028500.0	2	2028500.0
NC_000962.3	2029000	2030000	PPE27,PE19	2029500.0	3	2029500.0
NC_000962.3	2030000	2031000	PE19,esxM,esxN	2030500.0	4	2030500.0
NC_000962.3	2031000	2032000	Rv1794	2031500.0	0	2031500.0
NC_000962.3	2032000	2033000	eccD5	2032500.0	0	2032500.0
NC_000962.3	2033000	2034000	eccD5,mycP5	2033500.0	0	2033500.0
NC_000962.3	2034000	2035000	mycP5	2034500.0	0	2034500.0
NC_000962.3	2035000	2036000	mycP5,eccE5	2035500.0	0	2035500.0
NC_000962.3	2036000	2037000	eccE5,eccA5	2036500.0	0	2036500.0
NC_000962.3	2037000	2038000	eccA5	2037500.0	0	2037500.0
NC_000962.3	2038000	2039000	eccA5	2038500.0	0	2038500.0
NC_000962.3	2039000	2040000	lppT,PPE28	2039500.0	0	2039500.0
NC_000962.3	2040000	2041000	PPE28	2040500.0	0	2040500.0
NC_000962.3	2041000	2042000	PPE28	2041500.0	0	2041500.0
NC_000962.3	2042000	2043000	PPE29	2042500.0	0	2042500.0
NC_000962.3	2043000	2044000	PPE29,PPE30	2043500.0	0	2043500.0
NC_000962.3	2044000	2045000	PPE30,PE_PGRS32	2044500.0	0	2044500.0
NC_000962.3	2045000	2046000	PE_PGRS32	2045500.0	0	2045500.0
NC_000962.3	2046000	2047000	PE_PGRS32	2046500.0	0	2046500.0
NC_000962.3	2047000	2048000	Rv1804c,Rv1805c	2047500.0	0	2047500.0
NC_000962.3	2048000	2049000	Rv1805c,PE20,PPE31	2048500.0	0	2048500.0
NC_000962.3	2049000	2050000	PPE31,PPE32	2049500.0	0	2049500.0
NC_000962.3	2050000	2051000	PPE32	2050500.0	0	2050500.0
NC_000962.3	2051000	2052000	PPE32,PPE33	2051500.0	0	2051500.0
NC_000962.3	2052000	2053000	PPE33,Rv1810	2052500.0	0	2052500.0
NC_000962.3	2053000	2054000	Rv1810,mgtC	2053500.0	0	2053500.0
NC_000962.3	2054000	2055000	mgtC,Rv1812c	2054500.0	0	2054500.0
NC_000962.3	2055000	2056000	Rv1812c,Rv1813c	2055500.0	0	2055500.0
NC_000962.3	2056000	2057000	Rv1813c,erg3	2056500.0	0	2056500.0
NC_000962.3	2057000	2058000	erg3,Rv1815	2057500.0	0	2057500.0
NC_000962.3	2058000	2059000	Rv1815,Rv1816	2058500.0	0	2058500.0
NC_000962.3	2059000	2060000	Rv1817	2059500.0	0	2059500.0
NC_000962.3	2060000	2061000	Rv1817	2060500.0	0	2060500.0
NC_000962.3	2061000	2062000	Rv1817,PE_PGRS33	2061500.0	0	2061500.0
NC_000962.3	2062000	2063000	PE_PGRS33,bacA	2062500.0	0	2062500.0
NC_000962.3	2063000	2064000	bacA	2063500.0	0	2063500.0
NC_000962.3	2064000	2065000	bacA,ilvG	2064500.0	0	2064500.0
NC_000962.3	2065000	2066000	ilvG	2065500.0	0	2065500.0
NC_000962.3	2066000	2067000	ilvG,secA2	2066500.0	0	2066500.0
NC_000962.3	2067000	2068000	secA2	2067500.0	0	2067500.0
NC_000962.3	2068000	2069000	secA2	2068500.0	0	2068500.0
NC_000962.3	2069000	2070000	pgsA2,Rv1823	2069500.0	0	2069500.0
NC_000962.3	2070000	2071000	Rv1823,Rv1824	2070500.0	0	2070500.0
NC_000962.3	2071000	2072000	Rv1824,Rv1825,gcvH	2071500.0	0	2071500.0
NC_000962.3	2072000	2073000	gcvH,garA	2072500.0	0	2072500.0
NC_000962.3	2073000	2074000	garA,Rv1828,Rv1829	2073500.0	0	2073500.0
NC_000962.3	2074000	2075000	Rv1829,Rv1830	2074500.0	0	2074500.0
NC_000962.3	2075000	2076000	Rv1830,Rv1831,gcvB	2075500.0	0	2075500.0
NC_000962.3	2076000	2077000	gcvB	2076500.0	0	2076500.0
NC_000962.3	2077000	2078000	gcvB	2077500.0	0	2077500.0
NC_000962.3	2078000	2079000	gcvB,Rv1833c	2078500.0	0	2078500.0
NC_000962.3	2079000	2080000	Rv1833c,lipZ	2079500.0	0	2079500.0
NC_000962.3	2080000	2081000	lipZ,Rv1835c	2080500.0	0	2080500.0
NC_000962.3	2081000	2082000	Rv1835c	2081500.0	0	2081500.0
NC_000962.3	2082000	2083000	Rv1835c,Rv1836c	2082500.0	0	2082500.0
NC_000962.3	2083000	2084000	Rv1836c	2083500.0	0	2083500.0
NC_000962.3	2084000	2085000	Rv1836c,glcB	2084500.0	0	2084500.0
NC_000962.3	2085000	2086000	glcB	2085500.0	0	2085500.0
NC_000962.3	2086000	2087000	glcB	2086500.0	0	2086500.0
NC_000962.3	2087000	2088000	vapC13,vapB13,PE_PGRS34	2087500.0	0	2087500.0
NC_000962.3	2088000	2089000	PE_PGRS34	2088500.0	0	2088500.0
NC_000962.3	2089000	2090000	PE_PGRS34,Rv1841c	2089500.0	0	2089500.0
NC_000962.3	2090000	2091000	Rv1841c,Rv1842c	2090500.0	0	2090500.0
NC_000962.3	2091000	2092000	Rv1842c	2091500.0	0	2091500.0
NC_000962.3	2092000	2093000	Rv1842c,guaB1	2092500.0	0	2092500.0
NC_000962.3	2093000	2094000	guaB1,gnd1	2093500.0	0	2093500.0
NC_000962.3	2094000	2095000	gnd1	2094500.0	0	2094500.0
NC_000962.3	2095000	2096000	gnd1,blaR	2095500.0	0	2095500.0
NC_000962.3	2096000	2097000	blaR,blaI,Rv1847	2096500.0	0	2096500.0
NC_000962.3	2097000	2098000	Rv1847,ureA,ureB,ureC	2097500.0	0	2097500.0
NC_000962.3	2098000	2099000	ureC	2098500.0	0	2098500.0
NC_000962.3	2099000	2100000	ureC,ureF	2099500.0	0	2099500.0
NC_000962.3	2100000	2101000	ureF,ureG	2100500.0	0	2100500.0
NC_000962.3	2101000	2102000	ureG,ureD,ndh	2101500.0	0	2101500.0
NC_000962.3	2102000	2103000	ndh	2102500.0	0	2102500.0
NC_000962.3	2103000	2104000	ndh,Rv1855c	2103500.0	0	2103500.0
NC_000962.3	2104000	2105000	Rv1855c,Rv1856c,modA	2104500.0	0	2104500.0
NC_000962.3	2105000	2106000	modA,modB	2105500.0	0	2105500.0
NC_000962.3	2106000	2107000	modB,modC	2106500.0	0	2106500.0
NC_000962.3	2107000	2108000	modC,apa	2107500.0	0	2107500.0
NC_000962.3	2108000	2109000	apa	2108500.0	0	2108500.0
NC_000962.3	2109000	2110000	Rv1861,adhA	2109500.0	0	2109500.0
NC_000962.3	2110000	2111000	adhA,Rv1863c	2110500.0	0	2110500.0
NC_000962.3	2111000	2112000	Rv1863c,Rv1864c	2111500.0	0	2111500.0
NC_000962.3	2112000	2113000	Rv1864c,Rv1865c	2112500.0	0	2112500.0
NC_000962.3	2113000	2114000	Rv1866	2113500.0	0	2113500.0
NC_000962.3	2114000	2115000	Rv1866	2114500.0	0	2114500.0
NC_000962.3	2115000	2116000	Rv1866,Rv1867	2115500.0	0	2115500.0
NC_000962.3	2116000	2117000	Rv1867	2116500.0	0	2116500.0
NC_000962.3	2117000	2118000	Rv1867,Rv1868	2117500.0	0	2117500.0
NC_000962.3	2118000	2119000	Rv1868	2118500.0	0	2118500.0
NC_000962.3	2119000	2120000	Rv1868,Rv1869c	2119500.0	0	2119500.0
NC_000962.3	2120000	2121000	Rv1869c,Rv1870c	2120500.0	0	2120500.0
NC_000962.3	2121000	2122000	Rv1870c,Rv1871c,lldD2	2121500.0	0	2121500.0
NC_000962.3	2122000	2123000	lldD2	2122500.0	0	2122500.0
NC_000962.3	2123000	2124000	lldD2,Rv1873,Rv1874	2123500.0	0	2123500.0
NC_000962.3	2124000	2125000	Rv1874,Rv1875	2124500.0	0	2124500.0
NC_000962.3	2125000	2126000	bfrA,Rv1877	2125500.0	0	2125500.0
NC_000962.3	2126000	2127000	Rv1877	2126500.0	0	2126500.0
NC_000962.3	2127000	2128000	Rv1877	2127500.0	0	2127500.0
NC_000962.3	2128000	2129000	glnA3	2128500.0	0	2128500.0
NC_000962.3	2129000	2130000	glnA3,Rv1879	2129500.0	0	2129500.0
NC_000962.3	2130000	2131000	Rv1879,cyp140	2130500.0	0	2130500.0
NC_000962.3	2131000	2132000	cyp140,lppE	2131500.0	0	2131500.0
NC_000962.3	2132000	2133000	lppE,Rv1882c	2132500.0	0	2132500.0
NC_000962.3	2133000	2134000	Rv1882c,Rv1883c,rpfC	2133500.0	0	2133500.0
NC_000962.3	2134000	2135000	rpfC,Rv1885c,fbpB	2134500.0	0	2134500.0
NC_000962.3	2135000	2136000	fbpB	2135500.0	0	2135500.0
NC_000962.3	2136000	2137000	Rv1887	2136500.0	0	2136500.0
NC_000962.3	2137000	2138000	Rv1887,Rv1888c	2137500.0	0	2137500.0
NC_000962.3	2138000	2139000	Rv1888c,Rv1888A,Rv1889c	2138500.0	0	2138500.0
NC_000962.3	2139000	2140000	Rv1889c,Rv1890c,Rv1891	2139500.0	0	2139500.0
NC_000962.3	2140000	2141000	Rv1891,Rv1892,Rv1893,Rv1894c	2140500.0	0	2140500.0
NC_000962.3	2141000	2142000	Rv1894c	2141500.0	0	2141500.0
NC_000962.3	2142000	2143000	Rv1895	2142500.0	0	2142500.0
NC_000962.3	2143000	2144000	Rv1895,Rv1896c	2143500.0	0	2143500.0
NC_000962.3	2144000	2145000	Rv1896c,Rv1897c,Rv1898	2144500.0	0	2144500.0
NC_000962.3	2145000	2146000	Rv1898,lppD	2145500.0	0	2145500.0
NC_000962.3	2146000	2147000	lppD,lipJ	2146500.0	0	2146500.0
NC_000962.3	2147000	2148000	lipJ,cinA	2147500.0	0	2147500.0
NC_000962.3	2148000	2149000	cinA	2148500.0	0	2148500.0
NC_000962.3	2149000	2150000	nanT	2149500.0	0	2149500.0
NC_000962.3	2150000	2151000	nanT,Rv1903,Rv1904	2150500.0	0	2150500.0
NC_000962.3	2151000	2152000	Rv1904,aao	2151500.0	0	2151500.0
NC_000962.3	2152000	2153000	aao,Rv1906c	2152500.0	0	2152500.0
NC_000962.3	2153000	2154000	Rv1907c,katG	2153500.0	0	2153500.0
NC_000962.3	2154000	2155000	katG	2154500.0	0	2154500.0
NC_000962.3	2155000	2156000	katG	2155500.0	0	2155500.0
NC_000962.3	2156000	2157000	katG,furA,Rv1910c	2156500.0	0	2156500.0
NC_000962.3	2157000	2158000	Rv1910c,lppC	2157500.0	0	2157500.0
NC_000962.3	2158000	2159000	fadB5	2158500.0	0	2158500.0
NC_000962.3	2159000	2160000	fadB5,Rv1913,Rv1914c	2159500.0	0	2159500.0
NC_000962.3	2160000	2161000	Rv1914c,aceAa	2160500.0	0	2160500.0
NC_000962.3	2161000	2162000	aceAa,aceAb	2161500.0	0	2161500.0
NC_000962.3	2162000	2163000	aceAb,PPE34	2162500.0	0	2162500.0
NC_000962.3	2163000	2164000	PPE34	2163500.0	7	2163500.0
NC_000962.3	2164000	2165000	PPE34	2164500.0	0	2164500.0
NC_000962.3	2165000	2166000	PPE34	2165500.0	1	2165500.0
NC_000962.3	2166000	2167000	PPE34	2166500.0	0	2166500.0
NC_000962.3	2167000	2168000	PPE34,PPE35	2167500.0	0	2167500.0
NC_000962.3	2168000	2169000	PPE35	2168500.0	0	2168500.0
NC_000962.3	2169000	2170000	PPE35	2169500.0	0	2169500.0
NC_000962.3	2170000	2171000	PPE35	2170500.0	0	2170500.0
NC_000962.3	2171000	2172000	Rv1919c,Rv1920	2171500.0	0	2171500.0
NC_000962.3	2172000	2173000	Rv1920,lppF	2172500.0	0	2172500.0
NC_000962.3	2173000	2174000	lppF	2173500.0	0	2173500.0
NC_000962.3	2174000	2175000	Rv1922	2174500.0	0	2174500.0
NC_000962.3	2175000	2176000	Rv1922,lipD	2175500.0	0	2175500.0
NC_000962.3	2176000	2177000	lipD,Rv1924c	2176500.0	0	2176500.0
NC_000962.3	2177000	2178000	fadD31	2177500.0	0	2177500.0
NC_000962.3	2178000	2179000	fadD31,mpt63	2178500.0	0	2178500.0
NC_000962.3	2179000	2180000	mpt63,Rv1927	2179500.0	0	2179500.0
NC_000962.3	2180000	2181000	Rv1927,Rv1928c	2180500.0	0	2180500.0
NC_000962.3	2181000	2182000	Rv1928c,Rv1929c,Rv1930c	2181500.0	0	2181500.0
NC_000962.3	2182000	2183000	Rv1930c,Rv1931c	2182500.0	0	2182500.0
NC_000962.3	2183000	2184000	Rv1931c,tpx,fadE18	2183500.0	0	2183500.0
NC_000962.3	2184000	2185000	fadE18,fadE17	2184500.0	0	2184500.0
NC_000962.3	2185000	2186000	fadE17	2185500.0	0	2185500.0
NC_000962.3	2186000	2187000	fadE17,echA13	2186500.0	0	2186500.0
NC_000962.3	2187000	2188000	echA13,Rv1936	2187500.0	0	2187500.0
NC_000962.3	2188000	2189000	Rv1936,Rv1937	2188500.0	0	2188500.0
NC_000962.3	2189000	2190000	Rv1937	2189500.0	0	2189500.0
NC_000962.3	2190000	2191000	Rv1937	2190500.0	0	2190500.0
NC_000962.3	2191000	2192000	Rv1937,ephB	2191500.0	0	2191500.0
NC_000962.3	2192000	2193000	ephB,Rv1939,ribA1	2192500.0	0	2192500.0
NC_000962.3	2193000	2194000	ribA1,Rv1941	2193500.0	0	2193500.0
NC_000962.3	2194000	2195000	Rv1941,mazF5,mazE5	2194500.0	0	2194500.0
NC_000962.3	2195000	2196000	mazE5,Rv1944c,Rv1945	2195500.0	0	2195500.0
NC_000962.3	2196000	2197000	Rv1945	2196500.0	7	2196500.0
NC_000962.3	2197000	2198000	Rv1945,lppG	2197500.0	7	2197500.0
NC_000962.3	2198000	2199000	Rv1947,Rv1948c	2198500.0	0	2198500.0
NC_000962.3	2199000	2200000	Rv1948c,Rv1949c,Rv1950c	2199500.0	0	2199500.0
NC_000962.3	2200000	2201000	Rv1949c,Rv1950c,Rv1951c,vapB14,vapC14	2200500.0	0	2200500.0
NC_000962.3	2201000	2202000	vapC14,Rv1954c,Rv1954A,higB	2201500.0	0	2201500.0
NC_000962.3	2202000	2203000	higB,higA,Rv1957	2202500.0	0	2202500.0
NC_000962.3	2203000	2204000	Rv1957,Rv1958c,parE1,parD1	2203500.0	0	2203500.0
NC_000962.3	2204000	2205000	parD1,Rv1961,vapC35	2204500.0	0	2204500.0
NC_000962.3	2205000	2206000	vapC35,vapB35,mce3R	2205500.0	0	2205500.0
NC_000962.3	2206000	2207000	mce3R	2206500.0	0	2206500.0
NC_000962.3	2207000	2208000	yrbE3A	2207500.0	0	2207500.0
NC_000962.3	2208000	2209000	yrbE3A,yrbE3B	2208500.0	0	2208500.0
NC_000962.3	2209000	2210000	yrbE3B,mce3A	2209500.0	0	2209500.0
NC_000962.3	2210000	2211000	mce3A,mce3B	2210500.0	0	2210500.0
NC_000962.3	2211000	2212000	mce3B,mce3C	2211500.0	0	2211500.0
NC_000962.3	2212000	2213000	mce3C,mce3D	2212500.0	0	2212500.0
NC_000962.3	2213000	2214000	mce3D	2213500.0	0	2213500.0
NC_000962.3	2214000	2215000	mce3D,lprM	2214500.0	0	2214500.0
NC_000962.3	2215000	2216000	lprM,mce3F	2215500.0	0	2215500.0
NC_000962.3	2216000	2217000	mce3F,Rv1972	2216500.0	0	2216500.0
NC_000962.3	2217000	2218000	Rv1972,Rv1973,Rv1974	2217500.0	0	2217500.0
NC_000962.3	2218000	2219000	Rv1974,Rv1975,Rv1976c	2218500.0	0	2218500.0
NC_000962.3	2219000	2220000	Rv1976c,Rv1977	2219500.0	0	2219500.0
NC_000962.3	2220000	2221000	Rv1977,Rv1978	2220500.0	0	2220500.0
NC_000962.3	2221000	2222000	Rv1978,Rv1979c	2221500.0	0	2221500.0
NC_000962.3	2222000	2223000	Rv1979c	2222500.0	0	2222500.0
NC_000962.3	2223000	2224000	Rv1979c,mpt64	2223500.0	0	2223500.0
NC_000962.3	2224000	2225000	mpt64,nrdF1	2224500.0	0	2224500.0
NC_000962.3	2225000	2226000	nrdF1,vapC36,vapB36	2225500.0	0	2225500.0
NC_000962.3	2226000	2227000	vapB36,PE_PGRS35	2226500.0	0	2226500.0
NC_000962.3	2227000	2228000	PE_PGRS35,cfp21	2227500.0	0	2227500.0
NC_000962.3	2228000	2229000	cfp21,Rv1985c	2228500.0	0	2228500.0
NC_000962.3	2229000	2230000	Rv1985c	2229500.0	0	2229500.0
NC_000962.3	2230000	2231000	Rv1986	2230500.0	0	2230500.0
NC_000962.3	2231000	2232000	Rv1987,erm(37)	2231500.0	0	2231500.0
NC_000962.3	2232000	2233000	erm(37),Rv1989c	2232500.0	0	2232500.0
NC_000962.3	2233000	2234000	Rv1989c,Rv1990c,Rv1990A	2233500.0	0	2233500.0
NC_000962.3	2234000	2235000	Rv1990A,mazF6,mazE6,ctpG	2234500.0	0	2234500.0
NC_000962.3	2235000	2236000	ctpG	2235500.0	0	2235500.0
NC_000962.3	2236000	2237000	ctpG	2236500.0	0	2236500.0
NC_000962.3	2237000	2238000	ctpG,Rv1993c,cmtR	2237500.0	0	2237500.0
NC_000962.3	2238000	2239000	Rv1995	2238500.0	0	2238500.0
NC_000962.3	2239000	2240000	Rv1996	2239500.0	0	2239500.0
NC_000962.3	2240000	2241000	ctpF	2240500.0	0	2240500.0
NC_000962.3	2241000	2242000	ctpF	2241500.0	0	2241500.0
NC_000962.3	2242000	2243000	ctpF,Rv1998c	2242500.0	0	2242500.0
NC_000962.3	2243000	2244000	Rv1998c,Rv1999c	2243500.0	0	2243500.0
NC_000962.3	2244000	2245000	Rv1999c	2244500.0	0	2244500.0
NC_000962.3	2245000	2246000	Rv1999c,Rv2000	2245500.0	0	2245500.0
NC_000962.3	2246000	2247000	Rv2000,Rv2001	2246500.0	0	2246500.0
NC_000962.3	2247000	2248000	Rv2001,fabG3	2247500.0	0	2247500.0
NC_000962.3	2248000	2249000	fabG3,Rv2003c	2248500.0	0	2248500.0
NC_000962.3	2249000	2250000	Rv2003c,Rv2004c	2249500.0	0	2249500.0
NC_000962.3	2250000	2251000	Rv2004c,Rv2005c	2250500.0	0	2250500.0
NC_000962.3	2251000	2252000	Rv2005c	2251500.0	0	2251500.0
NC_000962.3	2252000	2253000	otsB1	2252500.0	0	2252500.0
NC_000962.3	2253000	2254000	otsB1	2253500.0	0	2253500.0
NC_000962.3	2254000	2255000	otsB1	2254500.0	0	2254500.0
NC_000962.3	2255000	2256000	otsB1	2255500.0	0	2255500.0
NC_000962.3	2256000	2257000	fdxA,Rv2008c	2256500.0	0	2256500.0
NC_000962.3	2257000	2258000	Rv2008c	2257500.0	0	2257500.0
NC_000962.3	2258000	2259000	vapB15,vapC15,Rv2011c	2258500.0	0	2258500.0
NC_000962.3	2259000	2260000	Rv2011c,Rv2012	2259500.0	0	2259500.0
NC_000962.3	2260000	2261000	Rv2013	2260500.0	0	2260500.0
NC_000962.3	2261000	2262000	Rv2013,Rv2014,Rv2015c	2261500.0	0	2261500.0
NC_000962.3	2262000	2263000	Rv2015c	2262500.0	0	2262500.0
NC_000962.3	2263000	2264000	Rv2015c,Rv2016,Rv2017	2263500.0	0	2263500.0
NC_000962.3	2264000	2265000	Rv2016,Rv2017	2264500.0	0	2264500.0
NC_000962.3	2265000	2266000	Rv2017,Rv2018,Rv2019	2265500.0	0	2265500.0
NC_000962.3	2266000	2267000	Rv2019,Rv2020c,Rv2021c	2266500.0	0	2266500.0
NC_000962.3	2267000	2268000	Rv2021c,Rv2022c,Rv2023c	2267500.0	0	2267500.0
NC_000962.3	2268000	2269000	Rv2023c,Rv2023A,Rv2024c	2268500.0	0	2268500.0
NC_000962.3	2269000	2270000	Rv2024c	2269500.0	0	2269500.0
NC_000962.3	2270000	2271000	Rv2024c,Rv2025c	2270500.0	0	2270500.0
NC_000962.3	2271000	2272000	Rv2025c,Rv2026c	2271500.0	0	2271500.0
NC_000962.3	2272000	2273000	Rv2026c,dosT	2272500.0	0	2272500.0
NC_000962.3	2273000	2274000	dosT	2273500.0	0	2273500.0
NC_000962.3	2274000	2275000	dosT,Rv2028c	2274500.0	0	2274500.0
NC_000962.3	2275000	2276000	Rv2028c,pfkB	2275500.0	0	2275500.0
NC_000962.3	2276000	2277000	pfkB,Rv2030c	2276500.0	0	2276500.0
NC_000962.3	2277000	2278000	Rv2030c	2277500.0	0	2277500.0
NC_000962.3	2278000	2279000	Rv2030c,hspX	2278500.0	0	2278500.0
NC_000962.3	2279000	2280000	acg	2279500.0	0	2279500.0
NC_000962.3	2280000	2281000	acg,Rv2033c	2280500.0	0	2280500.0
NC_000962.3	2281000	2282000	Rv2033c,Rv2034,Rv2035	2281500.0	0	2281500.0
NC_000962.3	2282000	2283000	Rv2035,Rv2036,Rv2037c	2282500.0	0	2282500.0
NC_000962.3	2283000	2284000	Rv2037c,Rv2038c	2283500.0	0	2283500.0
NC_000962.3	2284000	2285000	Rv2038c,Rv2039c	2284500.0	0	2284500.0
NC_000962.3	2285000	2286000	Rv2039c,Rv2040c	2285500.0	0	2285500.0
NC_000962.3	2286000	2287000	Rv2040c,Rv2041c	2286500.0	0	2286500.0
NC_000962.3	2287000	2288000	Rv2041c,Rv2042c	2287500.0	0	2287500.0
NC_000962.3	2288000	2289000	Rv2042c,pncA	2288500.0	0	2288500.0
NC_000962.3	2289000	2290000	pncA,Rv2044c,lipT	2289500.0	0	2289500.0
NC_000962.3	2290000	2291000	lipT	2290500.0	0	2290500.0
NC_000962.3	2291000	2292000	lipT,lppI,Rv2047c	2291500.0	0	2291500.0
NC_000962.3	2292000	2293000	Rv2047c	2292500.0	0	2292500.0
NC_000962.3	2293000	2294000	Rv2047c	2293500.0	0	2293500.0
NC_000962.3	2294000	2295000	Rv2047c,pks12	2294500.0	0	2294500.0
NC_000962.3	2295000	2296000	pks12	2295500.0	0	2295500.0
NC_000962.3	2296000	2297000	pks12	2296500.0	2	2296500.0
NC_000962.3	2297000	2298000	pks12	2297500.0	0	2297500.0
NC_000962.3	2298000	2299000	pks12	2298500.0	0	2298500.0
NC_000962.3	2299000	2300000	pks12	2299500.0	0	2299500.0
NC_000962.3	2300000	2301000	pks12	2300500.0	2	2300500.0
NC_000962.3	2301000	2302000	pks12	2301500.0	3	2301500.0
NC_000962.3	2302000	2303000	pks12	2302500.0	3	2302500.0
NC_000962.3	2303000	2304000	pks12	2303500.0	0	2303500.0
NC_000962.3	2304000	2305000	pks12	2304500.0	0	2304500.0
NC_000962.3	2305000	2306000	pks12	2305500.0	0	2305500.0
NC_000962.3	2306000	2307000	pks12	2306500.0	0	2306500.0
NC_000962.3	2307000	2308000	Rv2049c,Rv2050	2307500.0	0	2307500.0
NC_000962.3	2308000	2309000	Rv2050,ppm1	2308500.0	0	2308500.0
NC_000962.3	2309000	2310000	ppm1	2309500.0	0	2309500.0
NC_000962.3	2310000	2311000	ppm1,Rv2052c	2310500.0	0	2310500.0
NC_000962.3	2311000	2312000	Rv2052c	2311500.0	0	2311500.0
NC_000962.3	2312000	2313000	Rv2052c,fxsA	2312500.0	0	2312500.0
NC_000962.3	2313000	2314000	fxsA,Rv2054	2313500.0	0	2313500.0
NC_000962.3	2314000	2315000	rpsR2,rpsN2,rpmG1,rpmB2	2314500.0	0	2314500.0
NC_000962.3	2315000	2316000	rpmB2,Rv2059	2315500.0	0	2315500.0
NC_000962.3	2316000	2317000	Rv2059,Rv2060,Rv2061c	2316500.0	0	2316500.0
NC_000962.3	2317000	2318000	Rv2061c,cobN	2317500.0	0	2317500.0
NC_000962.3	2318000	2319000	cobN	2318500.0	0	2318500.0
NC_000962.3	2319000	2320000	cobN	2319500.0	0	2319500.0
NC_000962.3	2320000	2321000	cobN,mazE7	2320500.0	0	2320500.0
NC_000962.3	2321000	2322000	mazE7,mazF7,cobG	2321500.0	0	2321500.0
NC_000962.3	2322000	2323000	cobG,cobH	2322500.0	0	2322500.0
NC_000962.3	2323000	2324000	cobH,cobI	2323500.0	0	2323500.0
NC_000962.3	2324000	2325000	cobI,Rv2067c	2324500.0	0	2324500.0
NC_000962.3	2325000	2326000	Rv2067c,blaC	2325500.0	0	2325500.0
NC_000962.3	2326000	2327000	blaC,sigC	2326500.0	0	2326500.0
NC_000962.3	2327000	2328000	sigC,cobK	2327500.0	0	2327500.0
NC_000962.3	2328000	2329000	cobK,cobM,cobL	2328500.0	0	2328500.0
NC_000962.3	2329000	2330000	cobL	2329500.0	0	2329500.0
NC_000962.3	2330000	2331000	cobL,Rv2073c,Rv2074	2330500.0	0	2330500.0
NC_000962.3	2331000	2332000	Rv2074,Rv2075c	2331500.0	0	2331500.0
NC_000962.3	2332000	2333000	Rv2075c	2332500.0	0	2332500.0
NC_000962.3	2333000	2334000	Rv2076c,Rv2077c	2333500.0	0	2333500.0
NC_000962.3	2334000	2335000	Rv2077c,Rv2077A	2334500.0	0	2334500.0
NC_000962.3	2335000	2336000	Rv2078,Rv2079	2335500.0	0	2335500.0
NC_000962.3	2336000	2337000	Rv2079	2336500.0	0	2336500.0
NC_000962.3	2337000	2338000	Rv2079,lppJ	2337500.0	0	2337500.0
NC_000962.3	2338000	2339000	Rv2081c,Rv2082	2338500.0	4	2338500.0
NC_000962.3	2339000	2340000	Rv2082	2339500.0	1	2339500.0
NC_000962.3	2340000	2341000	Rv2082,Rv2083	2340500.0	0	2340500.0
NC_000962.3	2341000	2342000	Rv2083,Rv2084	2341500.0	0	2341500.0
NC_000962.3	2342000	2343000	Rv2084	2342500.0	0	2342500.0
NC_000962.3	2343000	2344000	Rv2085,Rv2086,Rv2087	2343500.0	0	2343500.0
NC_000962.3	2344000	2345000	Rv2087,pknJ	2344500.0	0	2344500.0
NC_000962.3	2345000	2346000	pknJ	2345500.0	0	2345500.0
NC_000962.3	2346000	2347000	pknJ,pepE	2346500.0	0	2346500.0
NC_000962.3	2347000	2348000	pepE,Rv2090	2347500.0	0	2347500.0
NC_000962.3	2348000	2349000	Rv2090,Rv2091c	2348500.0	0	2348500.0
NC_000962.3	2349000	2350000	Rv2091c,helY	2349500.0	0	2349500.0
NC_000962.3	2350000	2351000	helY	2350500.0	0	2350500.0
NC_000962.3	2351000	2352000	helY	2351500.0	0	2351500.0
NC_000962.3	2352000	2353000	helY,tatC	2352500.0	0	2352500.0
NC_000962.3	2353000	2354000	tatC,tatA,pafC	2353500.0	0	2353500.0
NC_000962.3	2354000	2355000	pafC,pafB	2354500.0	0	2354500.0
NC_000962.3	2355000	2356000	pafB,pafA	2355500.0	0	2355500.0
NC_000962.3	2356000	2357000	pafA,PE_PGRS36	2356500.0	0	2356500.0
NC_000962.3	2357000	2358000	PE_PGRS36	2357500.0	0	2357500.0
NC_000962.3	2358000	2359000	PE_PGRS36,PE21,Rv2100	2358500.0	0	2358500.0
NC_000962.3	2359000	2360000	Rv2100	2359500.0	0	2359500.0
NC_000962.3	2360000	2361000	Rv2100,helZ	2360500.0	0	2360500.0
NC_000962.3	2361000	2362000	helZ	2361500.0	0	2361500.0
NC_000962.3	2362000	2363000	helZ	2362500.0	0	2362500.0
NC_000962.3	2363000	2364000	helZ,Rv2102	2363500.0	0	2363500.0
NC_000962.3	2364000	2365000	Rv2102,vapC37,vapB37	2364500.0	0	2364500.0
NC_000962.3	2365000	2366000	Rv2105,Rv2106	2365500.0	0	2365500.0
NC_000962.3	2366000	2367000	Rv2106	2366500.0	0	2366500.0
NC_000962.3	2367000	2368000	PE22,PPE36	2367500.0	0	2367500.0
NC_000962.3	2368000	2369000	PPE36,prcA	2368500.0	0	2368500.0
NC_000962.3	2369000	2370000	prcA,prcB	2369500.0	0	2369500.0
NC_000962.3	2370000	2371000	prcB,pup,dop	2370500.0	0	2370500.0
NC_000962.3	2371000	2372000	dop	2371500.0	0	2371500.0
NC_000962.3	2372000	2373000	dop,Rv2113	2372500.0	0	2372500.0
NC_000962.3	2373000	2374000	Rv2113,Rv2114	2373500.0	0	2373500.0
NC_000962.3	2374000	2375000	Rv2114,mpa	2374500.0	0	2374500.0
NC_000962.3	2375000	2376000	mpa	2375500.0	0	2375500.0
NC_000962.3	2376000	2377000	mpa,lppK	2376500.0	0	2376500.0
NC_000962.3	2377000	2378000	lppK,Rv2117,Rv2118c	2377500.0	0	2377500.0
NC_000962.3	2378000	2379000	Rv2118c,Rv2119	2378500.0	0	2378500.0
NC_000962.3	2379000	2380000	Rv2119,Rv2120c,hisG	2379500.0	0	2379500.0
NC_000962.3	2380000	2381000	hisG,hisE	2380500.0	0	2380500.0
NC_000962.3	2381000	2382000	PPE37	2381500.0	0	2381500.0
NC_000962.3	2382000	2383000	PPE37,metH	2382500.0	0	2382500.0
NC_000962.3	2383000	2384000	metH	2383500.0	0	2383500.0
NC_000962.3	2384000	2385000	metH	2384500.0	0	2384500.0
NC_000962.3	2385000	2386000	metH	2385500.0	0	2385500.0
NC_000962.3	2386000	2387000	metH,Rv2125	2386500.0	0	2386500.0
NC_000962.3	2387000	2388000	Rv2125,PE_PGRS37	2387500.0	0	2387500.0
NC_000962.3	2388000	2389000	ansP1	2388500.0	0	2388500.0
NC_000962.3	2389000	2390000	ansP1	2389500.0	0	2389500.0
NC_000962.3	2390000	2391000	ansP1,Rv2128,Rv2129c	2390500.0	0	2390500.0
NC_000962.3	2391000	2392000	Rv2129c,mshC	2391500.0	0	2391500.0
NC_000962.3	2392000	2393000	mshC,cysQ	2392500.0	0	2392500.0
NC_000962.3	2393000	2394000	cysQ,Rv2132,Rv2133c	2393500.0	0	2393500.0
NC_000962.3	2394000	2395000	Rv2133c,Rv2134c	2394500.0	0	2394500.0
NC_000962.3	2395000	2396000	Rv2134c,Rv2135c	2395500.0	0	2395500.0
NC_000962.3	2396000	2397000	Rv2135c,Rv2136c,Rv2137c	2396500.0	0	2396500.0
NC_000962.3	2397000	2398000	Rv2137c,lppL	2397500.0	0	2397500.0
NC_000962.3	2398000	2399000	lppL,pyrD	2398500.0	0	2398500.0
NC_000962.3	2399000	2400000	pyrD,TB18.6	2399500.0	0	2399500.0
NC_000962.3	2400000	2401000	TB18.6,Rv2141c	2400500.0	0	2400500.0
NC_000962.3	2401000	2402000	Rv2141c,leuU	2401500.0	0	2401500.0
NC_000962.3	2402000	2403000	leuU,parE2,parD2,Rv2143	2402500.0	0	2402500.0
NC_000962.3	2403000	2404000	Rv2143	2403500.0	0	2403500.0
NC_000962.3	2404000	2405000	Rv2143,Rv2144c,wag31	2404500.0	0	2404500.0
NC_000962.3	2405000	2406000	wag31,Rv2146c	2405500.0	0	2405500.0
NC_000962.3	2406000	2407000	Rv2147c,Rv2148c	2406500.0	0	2406500.0
NC_000962.3	2407000	2408000	Rv2148c,yfiH	2407500.0	0	2407500.0
NC_000962.3	2408000	2409000	yfiH,ftsZ	2408500.0	0	2408500.0
NC_000962.3	2409000	2410000	ftsZ,ftsQ	2409500.0	0	2409500.0
NC_000962.3	2410000	2411000	ftsQ,murC	2410500.0	0	2410500.0
NC_000962.3	2411000	2412000	murC	2411500.0	0	2411500.0
NC_000962.3	2412000	2413000	murC,murG	2412500.0	0	2412500.0
NC_000962.3	2413000	2414000	murG,ftsW	2413500.0	0	2413500.0
NC_000962.3	2414000	2415000	ftsW,murD	2414500.0	0	2414500.0
NC_000962.3	2415000	2416000	murD	2415500.0	0	2415500.0
NC_000962.3	2416000	2417000	murD,murX	2416500.0	0	2416500.0
NC_000962.3	2417000	2418000	murX,murF	2417500.0	0	2417500.0
NC_000962.3	2418000	2419000	murF	2418500.0	0	2418500.0
NC_000962.3	2419000	2420000	murF,murE	2419500.0	0	2419500.0
NC_000962.3	2420000	2421000	murE,Rv2159c	2420500.0	0	2420500.0
NC_000962.3	2421000	2422000	Rv2159c,Rv2160A,Rv2160c	2421500.0	0	2421500.0
NC_000962.3	2422000	2423000	Rv2160A,Rv2160c,Rv2161c	2422500.0	0	2422500.0
NC_000962.3	2423000	2424000	Rv2161c,PE_PGRS38	2423500.0	0	2423500.0
NC_000962.3	2424000	2425000	PE_PGRS38	2424500.0	0	2424500.0
NC_000962.3	2425000	2426000	pbpB	2425500.0	0	2425500.0
NC_000962.3	2426000	2427000	pbpB	2426500.0	0	2426500.0
NC_000962.3	2427000	2428000	pbpB,Rv2164c	2427500.0	0	2427500.0
NC_000962.3	2428000	2429000	Rv2164c,Rv2165c	2428500.0	0	2428500.0
NC_000962.3	2429000	2430000	Rv2165c,Rv2166c	2429500.0	0	2429500.0
NC_000962.3	2430000	2431000	Rv2167c	2430500.0	0	2430500.0
NC_000962.3	2431000	2432000	Rv2167c,Rv2168c,Rv2169c	2431500.0	0	2431500.0
NC_000962.3	2432000	2433000	Rv2170,lppM	2432500.0	0	2432500.0
NC_000962.3	2433000	2434000	lppM,Rv2172c	2433500.0	0	2433500.0
NC_000962.3	2434000	2435000	Rv2172c,idsA2	2434500.0	0	2434500.0
NC_000962.3	2435000	2436000	idsA2,mptA	2435500.0	0	2435500.0
NC_000962.3	2436000	2437000	mptA	2436500.0	0	2436500.0
NC_000962.3	2437000	2438000	mptA,Rv2175c,pknL	2437500.0	0	2437500.0
NC_000962.3	2438000	2439000	pknL	2438500.0	0	2438500.0
NC_000962.3	2439000	2440000	pknL,Rv2177c	2439500.0	2	2439500.0
NC_000962.3	2440000	2441000	aroG	2440500.0	0	2440500.0
NC_000962.3	2441000	2442000	aroG,Rv2179c	2441500.0	0	2441500.0
NC_000962.3	2442000	2443000	Rv2179c,Rv2180c	2442500.0	0	2442500.0
NC_000962.3	2443000	2444000	Rv2180c,Rv2181	2443500.0	0	2443500.0
NC_000962.3	2444000	2445000	Rv2181,Rv2182c	2444500.0	0	2444500.0
NC_000962.3	2445000	2446000	Rv2182c,Rv2183c,Rv2184c	2445500.0	0	2445500.0
NC_000962.3	2446000	2447000	Rv2184c	2446500.0	0	2446500.0
NC_000962.3	2447000	2448000	TB16.3,Rv2186c	2447500.0	0	2447500.0
NC_000962.3	2448000	2449000	fadD15	2448500.0	0	2448500.0
NC_000962.3	2449000	2450000	fadD15,pimB	2449500.0	0	2449500.0
NC_000962.3	2450000	2451000	pimB	2450500.0	0	2450500.0
NC_000962.3	2451000	2452000	pimB,Rv2189c	2451500.0	0	2451500.0
NC_000962.3	2452000	2453000	Rv2189c,Rv2190c	2452500.0	0	2452500.0
NC_000962.3	2453000	2454000	Rv2190c,Rv2191	2453500.0	0	2453500.0
NC_000962.3	2454000	2455000	Rv2191	2454500.0	0	2454500.0
NC_000962.3	2455000	2456000	Rv2191,trpD	2455500.0	0	2455500.0
NC_000962.3	2456000	2457000	trpD,ctaE	2456500.0	0	2456500.0
NC_000962.3	2457000	2458000	ctaE,qcrC	2457500.0	0	2457500.0
NC_000962.3	2458000	2459000	qcrC,qcrA	2458500.0	0	2458500.0
NC_000962.3	2459000	2460000	qcrA,qcrB	2459500.0	0	2459500.0
NC_000962.3	2460000	2461000	qcrB	2460500.0	0	2460500.0
NC_000962.3	2461000	2462000	qcrB,Rv2197c	2461500.0	0	2461500.0
NC_000962.3	2462000	2463000	Rv2197c,mmpS3	2462500.0	0	2462500.0
NC_000962.3	2463000	2464000	mmpS3,Rv2199c,ctaC	2463500.0	0	2463500.0
NC_000962.3	2464000	2465000	ctaC,asnB	2464500.0	0	2464500.0
NC_000962.3	2465000	2466000	asnB	2465500.0	0	2465500.0
NC_000962.3	2466000	2467000	asnB	2466500.0	0	2466500.0
NC_000962.3	2467000	2468000	adoK	2467500.0	0	2467500.0
NC_000962.3	2468000	2469000	adoK,Rv2203,Rv2204c	2468500.0	0	2468500.0
NC_000962.3	2469000	2470000	Rv2204c,Rv2205c	2469500.0	0	2469500.0
NC_000962.3	2470000	2471000	Rv2205c,Rv2206	2470500.0	0	2470500.0
NC_000962.3	2471000	2472000	Rv2206,cobT	2471500.0	0	2471500.0
NC_000962.3	2472000	2473000	cobT,cobS	2472500.0	0	2472500.0
NC_000962.3	2473000	2474000	cobS,Rv2209	2473500.0	0	2473500.0
NC_000962.3	2474000	2475000	Rv2209,ilvE	2474500.0	0	2474500.0
NC_000962.3	2475000	2476000	ilvE	2475500.0	0	2475500.0
NC_000962.3	2476000	2477000	gcvT	2476500.0	0	2476500.0
NC_000962.3	2477000	2478000	gcvT,Rv2212	2477500.0	0	2477500.0
NC_000962.3	2478000	2479000	Rv2212,pepB	2478500.0	0	2478500.0
NC_000962.3	2479000	2480000	pepB,ephD	2479500.0	0	2479500.0
NC_000962.3	2480000	2481000	ephD	2480500.0	0	2480500.0
NC_000962.3	2481000	2482000	ephD,dlaT	2481500.0	0	2481500.0
NC_000962.3	2482000	2483000	dlaT	2482500.0	0	2482500.0
NC_000962.3	2483000	2484000	dlaT,Rv2216	2483500.0	0	2483500.0
NC_000962.3	2484000	2485000	Rv2216,lipB	2484500.0	0	2484500.0
NC_000962.3	2485000	2486000	lipB,lipA	2485500.0	0	2485500.0
NC_000962.3	2486000	2487000	lipA,Rv2219,Rv2219A	2486500.0	0	2486500.0
NC_000962.3	2487000	2488000	Rv2219A,glnA1	2487500.0	0	2487500.0
NC_000962.3	2488000	2489000	glnA1	2488500.0	0	2488500.0
NC_000962.3	2489000	2490000	glnA1,glnE	2489500.0	0	2489500.0
NC_000962.3	2490000	2491000	glnE	2490500.0	0	2490500.0
NC_000962.3	2491000	2492000	glnE	2491500.0	0	2491500.0
NC_000962.3	2492000	2493000	glnE,glnA2	2492500.0	0	2492500.0
NC_000962.3	2493000	2494000	glnA2,Rv2223c	2493500.0	0	2493500.0
NC_000962.3	2494000	2495000	Rv2223c	2494500.0	0	2494500.0
NC_000962.3	2495000	2496000	Rv2223c,caeA	2495500.0	0	2495500.0
NC_000962.3	2496000	2497000	caeA	2496500.0	0	2496500.0
NC_000962.3	2497000	2498000	caeA,panB	2497500.0	0	2497500.0
NC_000962.3	2498000	2499000	panB,Rv2226	2498500.0	0	2498500.0
NC_000962.3	2499000	2500000	Rv2226	2499500.0	0	2499500.0
NC_000962.3	2500000	2501000	Rv2226,Rv2227	2500500.0	0	2500500.0
NC_000962.3	2501000	2502000	Rv2227,Rv2228c	2501500.0	0	2501500.0
NC_000962.3	2502000	2503000	Rv2228c,Rv2229c	2502500.0	0	2502500.0
NC_000962.3	2503000	2504000	Rv2229c,Rv2230c	2503500.0	0	2503500.0
NC_000962.3	2504000	2505000	Rv2230c,cobC	2504500.0	0	2504500.0
NC_000962.3	2505000	2506000	cobC,vapC16	2505500.0	0	2505500.0
NC_000962.3	2506000	2507000	vapC16,vapB16,ptkA	2506500.0	0	2506500.0
NC_000962.3	2507000	2508000	ptkA,ptpA,Rv2235	2507500.0	0	2507500.0
NC_000962.3	2508000	2509000	Rv2235,cobD	2508500.0	0	2508500.0
NC_000962.3	2509000	2510000	cobD,Rv2237	2509500.0	0	2509500.0
NC_000962.3	2510000	2511000	Rv2237,Rv2237A,valV,ahpE	2510500.0	0	2510500.0
NC_000962.3	2511000	2512000	ahpE,Rv2239c,Rv2240c	2511500.0	0	2511500.0
NC_000962.3	2512000	2513000	Rv2240c,aceE	2512500.0	0	2512500.0
NC_000962.3	2513000	2514000	aceE	2513500.0	0	2513500.0
NC_000962.3	2514000	2515000	aceE	2514500.0	0	2514500.0
NC_000962.3	2515000	2516000	aceE,Rv2242	2515500.0	0	2515500.0
NC_000962.3	2516000	2517000	Rv2242,fabD	2516500.0	0	2516500.0
NC_000962.3	2517000	2518000	fabD,acpM	2517500.0	0	2517500.0
NC_000962.3	2518000	2519000	acpM,kasA	2518500.0	0	2518500.0
NC_000962.3	2519000	2520000	kasA,kasB	2519500.0	0	2519500.0
NC_000962.3	2520000	2521000	kasB,accD6	2520500.0	0	2520500.0
NC_000962.3	2521000	2522000	accD6	2521500.0	0	2521500.0
NC_000962.3	2522000	2523000	accD6,Rv2248	2522500.0	0	2522500.0
NC_000962.3	2523000	2524000	Rv2248,glpD1	2523500.0	0	2523500.0
NC_000962.3	2524000	2525000	glpD1,Rv2250c	2524500.0	0	2524500.0
NC_000962.3	2525000	2526000	Rv2250c,Rv2250A,Rv2251	2525500.0	0	2525500.0
NC_000962.3	2526000	2527000	Rv2251,Rv2252	2526500.0	0	2526500.0
NC_000962.3	2527000	2528000	Rv2252,Rv2253	2527500.0	0	2527500.0
NC_000962.3	2528000	2529000	Rv2253,Rv2254c,Rv2255c	2528500.0	0	2528500.0
NC_000962.3	2529000	2530000	Rv2255c,Rv2256c	2529500.0	0	2529500.0
NC_000962.3	2530000	2531000	Rv2257c,Rv2258c	2530500.0	0	2530500.0
NC_000962.3	2531000	2532000	Rv2258c	2531500.0	0	2531500.0
NC_000962.3	2532000	2533000	mscR	2532500.0	0	2532500.0
NC_000962.3	2533000	2534000	mscR,Rv2260	2533500.0	0	2533500.0
NC_000962.3	2534000	2535000	Rv2261c,Rv2262c	2534500.0	0	2534500.0
NC_000962.3	2535000	2536000	Rv2262c,Rv2263	2535500.0	0	2535500.0
NC_000962.3	2536000	2537000	Rv2263,Rv2264c	2536500.0	0	2536500.0
NC_000962.3	2537000	2538000	Rv2264c	2537500.0	0	2537500.0
NC_000962.3	2538000	2539000	Rv2264c,Rv2265	2538500.0	0	2538500.0
NC_000962.3	2539000	2540000	Rv2265	2539500.0	0	2539500.0
NC_000962.3	2540000	2541000	cyp124	2540500.0	0	2540500.0
NC_000962.3	2541000	2542000	cyp124,Rv2267c	2541500.0	0	2541500.0
NC_000962.3	2542000	2543000	Rv2267c,cyp128	2542500.0	0	2542500.0
NC_000962.3	2543000	2544000	cyp128	2543500.0	0	2543500.0
NC_000962.3	2544000	2545000	cyp128,Rv2269c,lppN	2544500.0	0	2544500.0
NC_000962.3	2545000	2546000	lppN,Rv2271,Rv2272	2545500.0	0	2545500.0
NC_000962.3	2546000	2547000	Rv2272,Rv2273,mazF8,mazE8,Rv2275	2546500.0	0	2546500.0
NC_000962.3	2547000	2548000	mazE8,Rv2275,cyp121	2547500.0	0	2547500.0
NC_000962.3	2548000	2549000	cyp121	2548500.0	0	2548500.0
NC_000962.3	2549000	2550000	Rv2277c	2549500.0	0	2549500.0
NC_000962.3	2550000	2551000	Rv2277c,Rv2278,Rv2279	2550500.0	0	2550500.0
NC_000962.3	2551000	2552000	Rv2279,Rv2280	2551500.0	0	2551500.0
NC_000962.3	2552000	2553000	Rv2280	2552500.0	0	2552500.0
NC_000962.3	2553000	2554000	pitB	2553500.0	0	2553500.0
NC_000962.3	2554000	2555000	pitB,Rv2282c	2554500.0	0	2554500.0
NC_000962.3	2555000	2556000	Rv2282c,Rv2283	2555500.0	0	2555500.0
NC_000962.3	2556000	2557000	Rv2283,lipM	2556500.0	0	2556500.0
NC_000962.3	2557000	2558000	lipM,Rv2285	2557500.0	0	2557500.0
NC_000962.3	2558000	2559000	Rv2285,Rv2286c	2558500.0	0	2558500.0
NC_000962.3	2559000	2560000	Rv2286c,yjcE	2559500.0	0	2559500.0
NC_000962.3	2560000	2561000	yjcE	2560500.0	0	2560500.0
NC_000962.3	2561000	2562000	yjcE,Rv2288,cdh	2561500.0	0	2561500.0
NC_000962.3	2562000	2563000	cdh,lppO	2562500.0	0	2562500.0
NC_000962.3	2563000	2564000	lppO,sseB	2563500.0	0	2563500.0
NC_000962.3	2564000	2565000	sseB,Rv2292c,Rv2293c	2564500.0	0	2564500.0
NC_000962.3	2565000	2566000	Rv2293c,Rv2294	2565500.0	0	2565500.0
NC_000962.3	2566000	2567000	Rv2294,Rv2295	2566500.0	0	2566500.0
NC_000962.3	2567000	2568000	Rv2295,Rv2296	2567500.0	0	2567500.0
NC_000962.3	2568000	2569000	Rv2296,Rv2297	2568500.0	0	2568500.0
NC_000962.3	2569000	2570000	Rv2298	2569500.0	0	2569500.0
NC_000962.3	2570000	2571000	Rv2298,htpG	2570500.0	0	2570500.0
NC_000962.3	2571000	2572000	htpG	2571500.0	0	2571500.0
NC_000962.3	2572000	2573000	htpG,Rv2300c	2572500.0	0	2572500.0
NC_000962.3	2573000	2574000	Rv2300c,cut2,Rv2302	2573500.0	0	2573500.0
NC_000962.3	2574000	2575000	Rv2302,Rv2303c	2574500.0	0	2574500.0
NC_000962.3	2575000	2576000	Rv2303c,Rv2304c,Rv2305	2575500.0	0	2575500.0
NC_000962.3	2576000	2577000	Rv2305	2576500.0	0	2576500.0
NC_000962.3	2577000	2578000	Rv2305,Rv2306A,Rv2306B,Rv2307c	2577500.0	0	2577500.0
NC_000962.3	2578000	2579000	Rv2307c	2578500.0	0	2578500.0
NC_000962.3	2579000	2580000	Rv2307A,Rv2307B	2579500.0	0	2579500.0
NC_000962.3	2580000	2581000	Rv2307D,Rv2308	2580500.0	0	2580500.0
NC_000962.3	2581000	2582000	Rv2308,metV,Rv2309c	2581500.0	0	2581500.0
NC_000962.3	2582000	2583000	Rv2309c	2582500.0	0	2582500.0
NC_000962.3	2583000	2584000	Rv2309A,Rv2310,Rv2311	2583500.0	0	2583500.0
NC_000962.3	2584000	2585000	Rv2311,Rv2312	2584500.0	0	2584500.0
NC_000962.3	2585000	2586000	Rv2313c,Rv2314c	2585500.0	0	2585500.0
NC_000962.3	2586000	2587000	Rv2314c	2586500.0	0	2586500.0
NC_000962.3	2587000	2588000	Rv2314c,Rv2315c	2587500.0	0	2587500.0
NC_000962.3	2588000	2589000	Rv2315c,uspA	2588500.0	0	2588500.0
NC_000962.3	2589000	2590000	uspA,uspB	2589500.0	0	2589500.0
NC_000962.3	2590000	2591000	uspB,uspC	2590500.0	0	2590500.0
NC_000962.3	2591000	2592000	uspC,Rv2319c	2591500.0	0	2591500.0
NC_000962.3	2592000	2593000	Rv2319c,rocE	2592500.0	0	2592500.0
NC_000962.3	2593000	2594000	rocE	2593500.0	0	2593500.0
NC_000962.3	2594000	2595000	rocE,rocD2,rocD1	2594500.0	0	2594500.0
NC_000962.3	2595000	2596000	rocD1,Rv2323c	2595500.0	0	2595500.0
NC_000962.3	2596000	2597000	Rv2323c,Rv2324	2596500.0	0	2596500.0
NC_000962.3	2597000	2598000	Rv2325c,Rv2326c	2597500.0	0	2597500.0
NC_000962.3	2598000	2599000	Rv2326c	2598500.0	0	2598500.0
NC_000962.3	2599000	2600000	Rv2326c,Rv2327	2599500.0	0	2599500.0
NC_000962.3	2600000	2601000	Rv2327,PE23	2600500.0	0	2600500.0
NC_000962.3	2601000	2602000	PE23,narK1	2601500.0	0	2601500.0
NC_000962.3	2602000	2603000	narK1	2602500.0	0	2602500.0
NC_000962.3	2603000	2604000	narK1,lppP	2603500.0	0	2603500.0
NC_000962.3	2604000	2605000	lppP,Rv2331,Rv2331A	2604500.0	0	2604500.0
NC_000962.3	2605000	2606000	Rv2331A,mez	2605500.0	0	2605500.0
NC_000962.3	2606000	2607000	mez,stp	2606500.0	0	2606500.0
NC_000962.3	2607000	2608000	stp	2607500.0	0	2607500.0
NC_000962.3	2608000	2609000	stp,cysK1	2608500.0	0	2608500.0
NC_000962.3	2609000	2610000	cysK1,cysE	2609500.0	0	2609500.0
NC_000962.3	2610000	2611000	cysE,Rv2336	2610500.0	0	2610500.0
NC_000962.3	2611000	2612000	Rv2336,Rv2337c	2611500.0	0	2611500.0
NC_000962.3	2612000	2613000	Rv2337c	2612500.0	0	2612500.0
NC_000962.3	2613000	2614000	moeW	2613500.0	0	2613500.0
NC_000962.3	2614000	2615000	moeW,mmpL9	2614500.0	0	2614500.0
NC_000962.3	2615000	2616000	mmpL9	2615500.0	0	2615500.0
NC_000962.3	2616000	2617000	mmpL9	2616500.0	0	2616500.0
NC_000962.3	2617000	2618000	mmpL9,PE_PGRS39	2617500.0	0	2617500.0
NC_000962.3	2618000	2619000	PE_PGRS39	2618500.0	0	2618500.0
NC_000962.3	2619000	2620000	asnT,lppQ	2619500.0	0	2619500.0
NC_000962.3	2620000	2621000	lppQ,Rv2342,dnaG	2620500.0	0	2620500.0
NC_000962.3	2621000	2622000	dnaG	2621500.0	0	2621500.0
NC_000962.3	2622000	2623000	dnaG,dgt	2622500.0	0	2622500.0
NC_000962.3	2623000	2624000	dgt,Rv2345	2623500.0	0	2623500.0
NC_000962.3	2624000	2625000	Rv2345	2624500.0	0	2624500.0
NC_000962.3	2625000	2626000	Rv2345,esxO	2625500.0	0	2625500.0
NC_000962.3	2626000	2627000	esxO,esxP,Rv2348c	2626500.0	10	2626500.0
NC_000962.3	2627000	2628000	plcC	2627500.0	0	2627500.0
NC_000962.3	2628000	2629000	plcC,plcB	2628500.0	0	2628500.0
NC_000962.3	2629000	2630000	plcB	2629500.0	0	2629500.0
NC_000962.3	2630000	2631000	plcB,plcA	2630500.0	0	2630500.0
NC_000962.3	2631000	2632000	plcA	2631500.0	0	2631500.0
NC_000962.3	2632000	2633000	plcA,PPE38	2632500.0	0	2632500.0
NC_000962.3	2633000	2634000	PPE38	2633500.0	0	2633500.0
NC_000962.3	2634000	2635000	PPE38,PPE39	2634500.0	0	2634500.0
NC_000962.3	2635000	2636000	PPE39,Rv2354,Rv2355	2635500.0	0	2635500.0
NC_000962.3	2636000	2637000	Rv2355	2636500.0	0	2636500.0
NC_000962.3	2637000	2638000	PPE40	2637500.0	0	2637500.0
NC_000962.3	2638000	2639000	PPE40	2638500.0	0	2638500.0
NC_000962.3	2639000	2640000	PPE40,glyS	2639500.0	0	2639500.0
NC_000962.3	2640000	2641000	glyS	2640500.0	0	2640500.0
NC_000962.3	2641000	2642000	glyS,smtB,zur	2641500.0	0	2641500.0
NC_000962.3	2642000	2643000	zur,Rv2360c,Rv2361c	2642500.0	0	2642500.0
NC_000962.3	2643000	2644000	Rv2361c,recO	2643500.0	0	2643500.0
NC_000962.3	2644000	2645000	recO,amiA2	2644500.0	0	2644500.0
NC_000962.3	2645000	2646000	amiA2,era	2645500.0	0	2645500.0
NC_000962.3	2646000	2647000	era,Rv2365c	2646500.0	0	2646500.0
NC_000962.3	2647000	2648000	Rv2365c,Rv2366c	2647500.0	0	2647500.0
NC_000962.3	2648000	2649000	Rv2366c,Rv2367c,phoH1	2648500.0	0	2648500.0
NC_000962.3	2649000	2650000	phoH1,Rv2369c	2649500.0	0	2649500.0
NC_000962.3	2650000	2651000	Rv2369c,Rv2370c	2650500.0	0	2650500.0
NC_000962.3	2651000	2652000	Rv2370c,PE_PGRS40	2651500.0	0	2651500.0
NC_000962.3	2652000	2653000	Rv2372c,dnaJ2	2652500.0	0	2652500.0
NC_000962.3	2653000	2654000	dnaJ2	2653500.0	0	2653500.0
NC_000962.3	2654000	2655000	hrcA	2654500.0	0	2654500.0
NC_000962.3	2655000	2656000	hrcA,Rv2375,cfp2	2655500.0	0	2655500.0
NC_000962.3	2656000	2657000	cfp2,mbtH,mbtG	2656500.0	0	2656500.0
NC_000962.3	2657000	2658000	mbtG,mbtF	2657500.0	0	2657500.0
NC_000962.3	2658000	2659000	mbtF	2658500.0	0	2658500.0
NC_000962.3	2659000	2660000	mbtF	2659500.0	0	2659500.0
NC_000962.3	2660000	2661000	mbtF	2660500.0	0	2660500.0
NC_000962.3	2661000	2662000	mbtF	2661500.0	0	2661500.0
NC_000962.3	2662000	2663000	mbtF,mbtE	2662500.0	0	2662500.0
NC_000962.3	2663000	2664000	mbtE	2663500.0	0	2663500.0
NC_000962.3	2664000	2665000	mbtE	2664500.0	0	2664500.0
NC_000962.3	2665000	2666000	mbtE	2665500.0	0	2665500.0
NC_000962.3	2666000	2667000	mbtE	2666500.0	0	2666500.0
NC_000962.3	2667000	2668000	mbtE,mbtD	2667500.0	0	2667500.0
NC_000962.3	2668000	2669000	mbtD	2668500.0	0	2668500.0
NC_000962.3	2669000	2670000	mbtD	2669500.0	0	2669500.0
NC_000962.3	2670000	2671000	mbtD,mbtC	2670500.0	0	2670500.0
NC_000962.3	2671000	2672000	mbtC,mbtB	2671500.0	0	2671500.0
NC_000962.3	2672000	2673000	mbtB	2672500.0	0	2672500.0
NC_000962.3	2673000	2674000	mbtB	2673500.0	0	2673500.0
NC_000962.3	2674000	2675000	mbtB	2674500.0	0	2674500.0
NC_000962.3	2675000	2676000	mbtB,mbtA	2675500.0	0	2675500.0
NC_000962.3	2676000	2677000	mbtA	2676500.0	0	2676500.0
NC_000962.3	2677000	2678000	mbtA,mbtJ	2677500.0	0	2677500.0
NC_000962.3	2678000	2679000	mbtJ,mbtI	2678500.0	0	2678500.0
NC_000962.3	2679000	2680000	mbtI	2679500.0	0	2679500.0
NC_000962.3	2680000	2681000	mbtI,Rv2387	2680500.0	0	2680500.0
NC_000962.3	2681000	2682000	Rv2387	2681500.0	0	2681500.0
NC_000962.3	2682000	2683000	Rv2387,hemN	2682500.0	0	2682500.0
NC_000962.3	2683000	2684000	hemN,rpfD,Rv2390c	2683500.0	0	2683500.0
NC_000962.3	2684000	2685000	Rv2390c,sirA	2684500.0	0	2684500.0
NC_000962.3	2685000	2686000	sirA	2685500.0	0	2685500.0
NC_000962.3	2686000	2687000	sirA,cysH	2686500.0	0	2686500.0
NC_000962.3	2687000	2688000	cysH,che1	2687500.0	0	2687500.0
NC_000962.3	2688000	2689000	ggtB	2688500.0	0	2688500.0
NC_000962.3	2689000	2690000	ggtB	2689500.0	0	2689500.0
NC_000962.3	2690000	2691000	Rv2395	2690500.0	0	2690500.0
NC_000962.3	2691000	2692000	Rv2395	2691500.0	0	2691500.0
NC_000962.3	2692000	2693000	Rv2395,aprA,aprB,PE_PGRS41	2692500.0	0	2692500.0
NC_000962.3	2693000	2694000	PE_PGRS41,cysA1	2693500.0	0	2693500.0
NC_000962.3	2694000	2695000	cysA1,cysW	2694500.0	0	2694500.0
NC_000962.3	2695000	2696000	cysW,cysT	2695500.0	0	2695500.0
NC_000962.3	2696000	2697000	cysT,subI	2696500.0	0	2696500.0
NC_000962.3	2697000	2698000	subI,Rv2401	2697500.0	0	2697500.0
NC_000962.3	2698000	2699000	Rv2401,Rv2401A,Rv2402	2698500.0	0	2698500.0
NC_000962.3	2699000	2700000	Rv2402	2699500.0	0	2699500.0
NC_000962.3	2700000	2701000	Rv2402,lppR	2700500.0	0	2700500.0
NC_000962.3	2701000	2702000	lppR,lepA	2701500.0	0	2701500.0
NC_000962.3	2702000	2703000	lepA	2702500.0	0	2702500.0
NC_000962.3	2703000	2704000	lepA,Rv2405	2703500.0	0	2703500.0
NC_000962.3	2704000	2705000	Rv2406c,Rv2407	2704500.0	0	2704500.0
NC_000962.3	2705000	2706000	Rv2407	2705500.0	0	2705500.0
NC_000962.3	2706000	2707000	PE24,Rv2409c	2706500.0	0	2706500.0
NC_000962.3	2707000	2708000	Rv2409c,Rv2410c	2707500.0	0	2707500.0
NC_000962.3	2708000	2709000	Rv2410c,Rv2411c	2708500.0	0	2708500.0
NC_000962.3	2709000	2710000	Rv2411c	2709500.0	0	2709500.0
NC_000962.3	2710000	2711000	rpsT,Rv2413c	2710500.0	0	2710500.0
NC_000962.3	2711000	2712000	Rv2413c,Rv2414c	2711500.0	0	2711500.0
NC_000962.3	2712000	2713000	Rv2414c,Rv2415c	2712500.0	0	2712500.0
NC_000962.3	2713000	2714000	Rv2415c	2713500.0	0	2713500.0
NC_000962.3	2714000	2715000	eis	2714500.0	0	2714500.0
NC_000962.3	2715000	2716000	eis,Rv2417c	2715500.0	0	2715500.0
NC_000962.3	2716000	2717000	Rv2417c,octT	2716500.0	0	2716500.0
NC_000962.3	2717000	2718000	octT,gpgP,Rv2420c	2717500.0	0	2717500.0
NC_000962.3	2718000	2719000	Rv2420c,nadD	2718500.0	0	2718500.0
NC_000962.3	2719000	2720000	Rv2422,Rv2423	2719500.0	0	2719500.0
NC_000962.3	2720000	2721000	Rv2423,Rv2424c	2720500.0	1	2720500.0
NC_000962.3	2721000	2722000	Rv2424c,Rv2425c	2721500.0	1	2721500.0
NC_000962.3	2722000	2723000	Rv2425c	2722500.0	0	2722500.0
NC_000962.3	2723000	2724000	Rv2425c,Rv2426c	2723500.0	0	2723500.0
NC_000962.3	2724000	2725000	Rv2426c,proA	2724500.0	0	2724500.0
NC_000962.3	2725000	2726000	proA,oxyR'	2725500.0	0	2725500.0
NC_000962.3	2726000	2727000	oxyR',ahpC,ahpD	2726500.0	0	2726500.0
NC_000962.3	2727000	2728000	ahpD,PPE41,PE25	2727500.0	0	2727500.0
NC_000962.3	2728000	2729000	PE25,Rv2432c,Rv2433c	2728500.0	0	2728500.0
NC_000962.3	2729000	2730000	Rv2433c,Rv2434c	2729500.0	0	2729500.0
NC_000962.3	2730000	2731000	Rv2434c,Rv2435c	2730500.0	0	2730500.0
NC_000962.3	2731000	2732000	Rv2435c	2731500.0	0	2731500.0
NC_000962.3	2732000	2733000	Rv2435c	2732500.0	0	2732500.0
NC_000962.3	2733000	2734000	rbsK	2733500.0	0	2733500.0
NC_000962.3	2734000	2735000	rbsK,Rv2437,nadE	2734500.0	0	2734500.0
NC_000962.3	2735000	2736000	nadE	2735500.0	0	2735500.0
NC_000962.3	2736000	2737000	nadE,Rv2438A	2736500.0	0	2736500.0
NC_000962.3	2737000	2738000	proB	2737500.0	0	2737500.0
NC_000962.3	2738000	2739000	proB,obg	2738500.0	0	2738500.0
NC_000962.3	2739000	2740000	obg,rpmA	2739500.0	0	2739500.0
NC_000962.3	2740000	2741000	rpmA,rplU,dctA	2740500.0	0	2740500.0
NC_000962.3	2741000	2742000	dctA	2741500.0	0	2741500.0
NC_000962.3	2742000	2743000	dctA,rne	2742500.0	0	2742500.0
NC_000962.3	2743000	2744000	rne	2743500.0	0	2743500.0
NC_000962.3	2744000	2745000	rne	2744500.0	0	2744500.0
NC_000962.3	2745000	2746000	ndkA,Rv2446c	2745500.0	0	2745500.0
NC_000962.3	2746000	2747000	Rv2446c,folC	2746500.0	0	2746500.0
NC_000962.3	2747000	2748000	folC,valS	2747500.0	0	2747500.0
NC_000962.3	2748000	2749000	valS	2748500.0	0	2748500.0
NC_000962.3	2749000	2750000	valS	2749500.0	0	2749500.0
NC_000962.3	2750000	2751000	valS,Rv2449c	2750500.0	0	2750500.0
NC_000962.3	2751000	2752000	Rv2449c,rpfE	2751500.0	0	2751500.0
NC_000962.3	2752000	2753000	rpfE,Rv2451,Rv2452c	2752500.0	0	2752500.0
NC_000962.3	2753000	2754000	mobA,Rv2454c	2753500.0	0	2753500.0
NC_000962.3	2754000	2755000	Rv2454c,Rv2455c	2754500.0	0	2754500.0
NC_000962.3	2755000	2756000	Rv2455c	2755500.0	0	2755500.0
NC_000962.3	2756000	2757000	Rv2455c,Rv2456c	2756500.0	0	2756500.0
NC_000962.3	2757000	2758000	Rv2456c	2757500.0	0	2757500.0
NC_000962.3	2758000	2759000	Rv2456c,clpX	2758500.0	0	2758500.0
NC_000962.3	2759000	2760000	clpX,mmuM	2759500.0	0	2759500.0
NC_000962.3	2760000	2761000	mmuM,Rv2459	2760500.0	0	2760500.0
NC_000962.3	2761000	2762000	Rv2459	2761500.0	0	2761500.0
NC_000962.3	2762000	2763000	Rv2459,clpP2	2762500.0	0	2762500.0
NC_000962.3	2763000	2764000	clpP2,clpP1,tig	2763500.0	0	2763500.0
NC_000962.3	2764000	2765000	tig	2764500.0	0	2764500.0
NC_000962.3	2765000	2766000	tig,proU,glyV,lipP	2765500.0	0	2765500.0
NC_000962.3	2766000	2767000	lipP,Rv2464c	2766500.0	0	2766500.0
NC_000962.3	2767000	2768000	Rv2464c,rpiB	2767500.0	0	2767500.0
NC_000962.3	2768000	2769000	rpiB,Rv2466c,pepN	2768500.0	0	2768500.0
NC_000962.3	2769000	2770000	pepN	2769500.0	0	2769500.0
NC_000962.3	2770000	2771000	pepN	2770500.0	0	2770500.0
NC_000962.3	2771000	2772000	pepN,Rv2468c	2771500.0	0	2771500.0
NC_000962.3	2772000	2773000	Rv2468c,Rv2468A,Rv2469c	2772500.0	0	2772500.0
NC_000962.3	2773000	2774000	Rv2469c,glbO,aglA	2773500.0	0	2773500.0
NC_000962.3	2774000	2775000	aglA	2774500.0	0	2774500.0
NC_000962.3	2775000	2776000	aglA,Rv2472,Rv2473	2775500.0	0	2775500.0
NC_000962.3	2776000	2777000	Rv2473,Rv2474c,Rv2475c	2776500.0	0	2776500.0
NC_000962.3	2777000	2778000	Rv2475c,gdh	2777500.0	0	2777500.0
NC_000962.3	2778000	2779000	gdh	2778500.0	0	2778500.0
NC_000962.3	2779000	2780000	gdh	2779500.0	0	2779500.0
NC_000962.3	2780000	2781000	gdh	2780500.0	0	2780500.0
NC_000962.3	2781000	2782000	gdh	2781500.0	0	2781500.0
NC_000962.3	2782000	2783000	gdh,Rv2477c	2782500.0	0	2782500.0
NC_000962.3	2783000	2784000	Rv2477c	2783500.0	0	2783500.0
NC_000962.3	2784000	2785000	Rv2477c,Rv2478c,Rv2479c	2784500.0	0	2784500.0
NC_000962.3	2785000	2786000	Rv2479c,Rv2480c	2785500.0	0	2785500.0
NC_000962.3	2786000	2787000	Rv2481c,plsB2	2786500.0	0	2786500.0
NC_000962.3	2787000	2788000	plsB2	2787500.0	0	2787500.0
NC_000962.3	2788000	2789000	plsB2	2788500.0	0	2788500.0
NC_000962.3	2789000	2790000	plsB2,plsC	2789500.0	0	2789500.0
NC_000962.3	2790000	2791000	plsC	2790500.0	0	2790500.0
NC_000962.3	2791000	2792000	plsC,Rv2484c	2791500.0	0	2791500.0
NC_000962.3	2792000	2793000	Rv2484c,lipQ	2792500.0	0	2792500.0
NC_000962.3	2793000	2794000	lipQ	2793500.0	0	2793500.0
NC_000962.3	2794000	2795000	argW,echA14	2794500.0	0	2794500.0
NC_000962.3	2795000	2796000	echA14,PE_PGRS42	2795500.0	0	2795500.0
NC_000962.3	2796000	2797000	PE_PGRS42	2796500.0	0	2796500.0
NC_000962.3	2797000	2798000	PE_PGRS42,Rv2488c	2797500.0	0	2797500.0
NC_000962.3	2798000	2799000	Rv2488c	2798500.0	0	2798500.0
NC_000962.3	2799000	2800000	Rv2488c	2799500.0	0	2799500.0
NC_000962.3	2800000	2801000	Rv2488c,Rv2489c	2800500.0	0	2800500.0
NC_000962.3	2801000	2802000	Rv2489c,PE_PGRS43	2801500.0	0	2801500.0
NC_000962.3	2802000	2803000	PE_PGRS43	2802500.0	0	2802500.0
NC_000962.3	2803000	2804000	PE_PGRS43	2803500.0	0	2803500.0
NC_000962.3	2804000	2805000	PE_PGRS43	2804500.0	0	2804500.0
NC_000962.3	2805000	2806000	PE_PGRS43	2805500.0	0	2805500.0
NC_000962.3	2806000	2807000	PE_PGRS43,Rv2491	2806500.0	0	2806500.0
NC_000962.3	2807000	2808000	Rv2491,Rv2492	2807500.0	0	2807500.0
NC_000962.3	2808000	2809000	Rv2492,vapB38,vapC38,bkdC	2808500.0	0	2808500.0
NC_000962.3	2809000	2810000	bkdC,bkdB	2809500.0	0	2809500.0
NC_000962.3	2810000	2811000	bkdB,bkdA	2810500.0	0	2810500.0
NC_000962.3	2811000	2812000	bkdA	2811500.0	0	2811500.0
NC_000962.3	2812000	2813000	bkdA,citE	2812500.0	0	2812500.0
NC_000962.3	2813000	2814000	citE,Rv2499c,fadE19	2813500.0	0	2813500.0
NC_000962.3	2814000	2815000	fadE19,accA1	2814500.0	0	2814500.0
NC_000962.3	2815000	2816000	accA1	2815500.0	0	2815500.0
NC_000962.3	2816000	2817000	accA1,accD1	2816500.0	0	2816500.0
NC_000962.3	2817000	2818000	accD1	2817500.0	0	2817500.0
NC_000962.3	2818000	2819000	accD1,scoB	2818500.0	0	2818500.0
NC_000962.3	2819000	2820000	scoB,scoA,fadD35	2819500.0	0	2819500.0
NC_000962.3	2820000	2821000	fadD35	2820500.0	0	2820500.0
NC_000962.3	2821000	2822000	fadD35,Rv2506	2821500.0	0	2821500.0
NC_000962.3	2822000	2823000	Rv2506,Rv2507	2822500.0	0	2822500.0
NC_000962.3	2823000	2824000	Rv2507,Rv2508c	2823500.0	0	2823500.0
NC_000962.3	2824000	2825000	Rv2508c,Rv2509	2824500.0	0	2824500.0
NC_000962.3	2825000	2826000	Rv2509,Rv2510c	2825500.0	0	2825500.0
NC_000962.3	2826000	2827000	Rv2510c	2826500.0	0	2826500.0
NC_000962.3	2827000	2828000	Rv2510c,orn,hisT	2827500.0	0	2827500.0
NC_000962.3	2828000	2829000	Rv2512c	2828500.0	0	2828500.0
NC_000962.3	2829000	2830000	Rv2512c	2829500.0	0	2829500.0
NC_000962.3	2830000	2831000	Rv2513,Rv2514c	2830500.0	0	2830500.0
NC_000962.3	2831000	2832000	Rv2514c,Rv2515c	2831500.0	0	2831500.0
NC_000962.3	2832000	2833000	Rv2515c,Rv2516c	2832500.0	0	2832500.0
NC_000962.3	2833000	2834000	Rv2516c,Rv2517c	2833500.0	0	2833500.0
NC_000962.3	2834000	2835000	ldtB	2834500.0	0	2834500.0
NC_000962.3	2835000	2836000	ldtB,lysU,PE26	2835500.0	0	2835500.0
NC_000962.3	2836000	2837000	PE26	2836500.0	0	2836500.0
NC_000962.3	2837000	2838000	PE26,Rv2520c,bcp	2837500.0	0	2837500.0
NC_000962.3	2838000	2839000	bcp,Rv2522c	2838500.0	0	2838500.0
NC_000962.3	2839000	2840000	Rv2522c,acpS	2839500.0	0	2839500.0
NC_000962.3	2840000	2841000	fas	2840500.0	0	2840500.0
NC_000962.3	2841000	2842000	fas	2841500.0	0	2841500.0
NC_000962.3	2842000	2843000	fas	2842500.0	0	2842500.0
NC_000962.3	2843000	2844000	fas	2843500.0	0	2843500.0
NC_000962.3	2844000	2845000	fas	2844500.0	0	2844500.0
NC_000962.3	2845000	2846000	fas	2845500.0	0	2845500.0
NC_000962.3	2846000	2847000	fas	2846500.0	0	2846500.0
NC_000962.3	2847000	2848000	fas	2847500.0	0	2847500.0
NC_000962.3	2848000	2849000	fas	2848500.0	0	2848500.0
NC_000962.3	2849000	2850000	fas,Rv2525c	2849500.0	0	2849500.0
NC_000962.3	2850000	2851000	Rv2525c	2850500.0	0	2850500.0
NC_000962.3	2851000	2852000	vapB17,vapC17,mrr	2851500.0	0	2851500.0
NC_000962.3	2852000	2853000	mrr,Rv2529	2852500.0	0	2852500.0
NC_000962.3	2853000	2854000	Rv2529	2853500.0	0	2853500.0
NC_000962.3	2854000	2855000	Rv2529,vapC39,vapB39,Rv2531c	2854500.0	0	2854500.0
NC_000962.3	2855000	2856000	Rv2531c	2855500.0	0	2855500.0
NC_000962.3	2856000	2857000	Rv2531c	2856500.0	0	2856500.0
NC_000962.3	2857000	2858000	Rv2531c,Rv2532c	2857500.0	0	2857500.0
NC_000962.3	2858000	2859000	Rv2532c,nusB,efp	2858500.0	0	2858500.0
NC_000962.3	2859000	2860000	efp,pepQ	2859500.0	0	2859500.0
NC_000962.3	2860000	2861000	pepQ,Rv2536	2860500.0	0	2860500.0
NC_000962.3	2861000	2862000	Rv2536,aroD,aroB	2861500.0	0	2861500.0
NC_000962.3	2862000	2863000	aroB,aroK	2862500.0	0	2862500.0
NC_000962.3	2863000	2864000	aroK,aroF	2863500.0	0	2863500.0
NC_000962.3	2864000	2865000	aroF,Rv2541	2864500.0	0	2864500.0
NC_000962.3	2865000	2866000	Rv2542	2865500.0	0	2865500.0
NC_000962.3	2866000	2867000	Rv2542,lppA	2866500.0	2	2866500.0
NC_000962.3	2867000	2868000	lppA,lppB,vapB18	2867500.0	3	2867500.0
NC_000962.3	2868000	2869000	vapB18,vapC18,vapB19,vapC19	2868500.0	0	2868500.0
NC_000962.3	2869000	2870000	vapC19,Rv2548A,vapC20	2869500.0	0	2869500.0
NC_000962.3	2870000	2871000	vapC20,vapB20,Rv2551c	2870500.0	0	2870500.0
NC_000962.3	2871000	2872000	Rv2551c,aroE	2871500.0	0	2871500.0
NC_000962.3	2872000	2873000	aroE,Rv2553c	2872500.0	0	2872500.0
NC_000962.3	2873000	2874000	Rv2553c,Rv2554c,alaS	2873500.0	0	2873500.0
NC_000962.3	2874000	2875000	alaS	2874500.0	0	2874500.0
NC_000962.3	2875000	2876000	alaS	2875500.0	0	2875500.0
NC_000962.3	2876000	2877000	alaS,Rv2556c	2876500.0	0	2876500.0
NC_000962.3	2877000	2878000	Rv2557,Rv2558	2877500.0	0	2877500.0
NC_000962.3	2878000	2879000	Rv2558,Rv2559c	2878500.0	0	2878500.0
NC_000962.3	2879000	2880000	Rv2559c	2879500.0	0	2879500.0
NC_000962.3	2880000	2881000	Rv2560	2880500.0	0	2880500.0
NC_000962.3	2881000	2882000	Rv2560,Rv2561,Rv2562	2881500.0	0	2881500.0
NC_000962.3	2882000	2883000	Rv2562,Rv2563	2882500.0	0	2882500.0
NC_000962.3	2883000	2884000	Rv2563,glnQ	2883500.0	0	2883500.0
NC_000962.3	2884000	2885000	glnQ,Rv2565	2884500.0	0	2884500.0
NC_000962.3	2885000	2886000	Rv2565	2885500.0	0	2885500.0
NC_000962.3	2886000	2887000	Rv2565,Rv2566	2886500.0	0	2886500.0
NC_000962.3	2887000	2888000	Rv2566	2887500.0	0	2887500.0
NC_000962.3	2888000	2889000	Rv2566	2888500.0	0	2888500.0
NC_000962.3	2889000	2890000	Rv2566,Rv2567	2889500.0	0	2889500.0
NC_000962.3	2890000	2891000	Rv2567	2890500.0	0	2890500.0
NC_000962.3	2891000	2892000	Rv2567	2891500.0	0	2891500.0
NC_000962.3	2892000	2893000	Rv2567,Rv2568c	2892500.0	0	2892500.0
NC_000962.3	2893000	2894000	Rv2568c,Rv2569c	2893500.0	0	2893500.0
NC_000962.3	2894000	2895000	Rv2569c,Rv2570,Rv2571c	2894500.0	0	2894500.0
NC_000962.3	2895000	2896000	Rv2571c	2895500.0	0	2895500.0
NC_000962.3	2896000	2897000	aspS	2896500.0	0	2896500.0
NC_000962.3	2897000	2898000	aspS	2897500.0	0	2897500.0
NC_000962.3	2898000	2899000	Rv2573,Rv2574	2898500.0	0	2898500.0
NC_000962.3	2899000	2900000	Rv2574,Rv2575	2899500.0	0	2899500.0
NC_000962.3	2900000	2901000	Rv2575,Rv2576c,Rv2577	2900500.0	0	2900500.0
NC_000962.3	2901000	2902000	Rv2577	2901500.0	0	2901500.0
NC_000962.3	2902000	2903000	Rv2577,Rv2578c	2902500.0	0	2902500.0
NC_000962.3	2903000	2904000	Rv2578c,dhaA	2903500.0	0	2903500.0
NC_000962.3	2904000	2905000	dhaA,hisS	2904500.0	0	2904500.0
NC_000962.3	2905000	2906000	hisS	2905500.0	0	2905500.0
NC_000962.3	2906000	2907000	hisS,Rv2581c,ppiB	2906500.0	0	2906500.0
NC_000962.3	2907000	2908000	ppiB,relA	2907500.0	0	2907500.0
NC_000962.3	2908000	2909000	relA	2908500.0	0	2908500.0
NC_000962.3	2909000	2910000	relA	2909500.0	0	2909500.0
NC_000962.3	2910000	2911000	relA,apt	2910500.0	0	2910500.0
NC_000962.3	2911000	2912000	Rv2585c	2911500.0	0	2911500.0
NC_000962.3	2912000	2913000	Rv2585c,secF	2912500.0	0	2912500.0
NC_000962.3	2913000	2914000	secF	2913500.0	0	2913500.0
NC_000962.3	2914000	2915000	secF,secD	2914500.0	0	2914500.0
NC_000962.3	2915000	2916000	secD,yajC	2915500.0	0	2915500.0
NC_000962.3	2916000	2917000	yajC,gabT	2916500.0	0	2916500.0
NC_000962.3	2917000	2918000	gabT,fadD9	2917500.0	0	2917500.0
NC_000962.3	2918000	2919000	fadD9	2918500.0	0	2918500.0
NC_000962.3	2919000	2920000	fadD9	2919500.0	0	2919500.0
NC_000962.3	2920000	2921000	fadD9	2920500.0	0	2920500.0
NC_000962.3	2921000	2922000	fadD9,PE_PGRS44	2921500.0	0	2921500.0
NC_000962.3	2922000	2923000	PE_PGRS44	2922500.0	0	2922500.0
NC_000962.3	2923000	2924000	PE_PGRS44,ruvB	2923500.0	1	2923500.0
NC_000962.3	2924000	2925000	ruvB,ruvA,ruvC	2924500.0	0	2924500.0
NC_000962.3	2925000	2926000	ruvC,vapB40,vapC40	2925500.0	0	2925500.0
NC_000962.3	2926000	2927000	vapC40,Rv2597,Rv2598	2926500.0	0	2926500.0
NC_000962.3	2927000	2928000	Rv2598,Rv2599,Rv2600	2927500.0	0	2927500.0
NC_000962.3	2928000	2929000	Rv2600,speE	2928500.0	0	2928500.0
NC_000962.3	2929000	2930000	speE	2929500.0	0	2929500.0
NC_000962.3	2930000	2931000	vapB41,vapC41,Rv2603c	2930500.0	0	2930500.0
NC_000962.3	2931000	2932000	Rv2603c,snoP	2931500.0	0	2931500.0
NC_000962.3	2932000	2933000	snoP,tesB2	2932500.0	0	2932500.0
NC_000962.3	2933000	2934000	tesB2,snzP	2933500.0	0	2933500.0
NC_000962.3	2934000	2935000	snzP,pdxH	2934500.0	0	2934500.0
NC_000962.3	2935000	2936000	PPE42	2935500.0	0	2935500.0
NC_000962.3	2936000	2937000	PPE42,Rv2609c	2936500.0	0	2936500.0
NC_000962.3	2937000	2938000	Rv2609c,pimA	2937500.0	0	2937500.0
NC_000962.3	2938000	2939000	pimA	2938500.0	0	2938500.0
NC_000962.3	2939000	2940000	pimA,Rv2611c,pgsA1	2939500.0	0	2939500.0
NC_000962.3	2940000	2941000	pgsA1,Rv2613c	2940500.0	0	2940500.0
NC_000962.3	2941000	2942000	Rv2613c,thrS	2941500.0	0	2941500.0
NC_000962.3	2942000	2943000	thrS	2942500.0	0	2942500.0
NC_000962.3	2943000	2944000	thrS,Rv2614A,PE_PGRS45	2943500.0	0	2943500.0
NC_000962.3	2944000	2945000	PE_PGRS45	2944500.0	1	2944500.0
NC_000962.3	2945000	2946000	Rv2616,Rv2617c	2945500.0	0	2945500.0
NC_000962.3	2946000	2947000	Rv2617c,Rv2618	2946500.0	0	2946500.0
NC_000962.3	2947000	2948000	Rv2618,Rv2619c,Rv2620c,Rv2621c	2947500.0	0	2947500.0
NC_000962.3	2948000	2949000	Rv2621c,Rv2622	2948500.0	0	2948500.0
NC_000962.3	2949000	2950000	Rv2622,TB31.7	2949500.0	0	2949500.0
NC_000962.3	2950000	2951000	TB31.7,Rv2624c	2950500.0	0	2950500.0
NC_000962.3	2951000	2952000	Rv2624c,Rv2625c	2951500.0	0	2951500.0
NC_000962.3	2952000	2953000	Rv2625c,hrp1	2952500.0	0	2952500.0
NC_000962.3	2953000	2954000	Rv2627c	2953500.0	0	2953500.0
NC_000962.3	2954000	2955000	Rv2627c	2954500.0	0	2954500.0
NC_000962.3	2955000	2956000	Rv2628,Rv2629	2955500.0	0	2955500.0
NC_000962.3	2956000	2957000	Rv2629,Rv2630	2956500.0	0	2956500.0
NC_000962.3	2957000	2958000	Rv2630,Rv2631	2957500.0	0	2957500.0
NC_000962.3	2958000	2959000	Rv2631,Rv2632c	2958500.0	0	2958500.0
NC_000962.3	2959000	2960000	Rv2632c,Rv2633c	2959500.0	0	2959500.0
NC_000962.3	2960000	2961000	PE_PGRS46	2960500.0	0	2960500.0
NC_000962.3	2961000	2962000	PE_PGRS46	2961500.0	0	2961500.0
NC_000962.3	2962000	2963000	PE_PGRS46,Rv2635,Rv2636	2962500.0	0	2962500.0
NC_000962.3	2963000	2964000	Rv2636,dedA	2963500.0	0	2963500.0
NC_000962.3	2964000	2965000	dedA,Rv2638	2964500.0	0	2964500.0
NC_000962.3	2965000	2966000	Rv2639c,Rv2640c,cadI	2965500.0	0	2965500.0
NC_000962.3	2966000	2967000	cadI,Rv2642,arsC	2966500.0	0	2966500.0
NC_000962.3	2967000	2968000	arsC	2967500.0	0	2967500.0
NC_000962.3	2968000	2969000	arsC,Rv2644c	2968500.0	0	2968500.0
NC_000962.3	2969000	2970000	valT,glyT,cysU,valU	2969500.0	0	2969500.0
NC_000962.3	2970000	2971000	valU,Rv2645,Rv2646	2970500.0	0	2970500.0
NC_000962.3	2971000	2972000	Rv2646,Rv2647	2971500.0	0	2971500.0
NC_000962.3	2972000	2973000	Rv2647,Rv2648,Rv2649	2972500.0	0	2972500.0
NC_000962.3	2973000	2974000	Rv2649,Rv2650c	2973500.0	0	2973500.0
NC_000962.3	2974000	2975000	Rv2650c	2974500.0	0	2974500.0
NC_000962.3	2975000	2976000	Rv2650c,Rv2651c,Rv2652c	2975500.0	0	2975500.0
NC_000962.3	2976000	2977000	Rv2652c,Rv2653c,Rv2654c	2976500.0	0	2976500.0
NC_000962.3	2977000	2978000	Rv2654c,Rv2655c	2977500.0	0	2977500.0
NC_000962.3	2978000	2979000	Rv2655c,Rv2656c	2978500.0	0	2978500.0
NC_000962.3	2979000	2980000	Rv2656c,Rv2657c,Rv2658c,Rv2659c	2979500.0	0	2979500.0
NC_000962.3	2980000	2981000	Rv2659c,Rv2660c	2980500.0	0	2980500.0
NC_000962.3	2981000	2982000	Rv2660c,Rv2661c,Rv2662,Rv2663	2981500.0	0	2981500.0
NC_000962.3	2982000	2983000	Rv2663,Rv2664,Rv2665	2982500.0	0	2982500.0
NC_000962.3	2983000	2984000	Rv2666,clpC2	2983500.0	0	2983500.0
NC_000962.3	2984000	2985000	clpC2,Rv2668	2984500.0	0	2984500.0
NC_000962.3	2985000	2986000	Rv2668,Rv2669,Rv2670c	2985500.0	0	2985500.0
NC_000962.3	2986000	2987000	Rv2670c,ribD	2986500.0	0	2986500.0
NC_000962.3	2987000	2988000	ribD,Rv2672	2987500.0	0	2987500.0
NC_000962.3	2988000	2989000	Rv2672	2988500.0	0	2988500.0
NC_000962.3	2989000	2990000	Rv2672,aftC	2989500.0	0	2989500.0
NC_000962.3	2990000	2991000	aftC,msrB	2990500.0	0	2990500.0
NC_000962.3	2991000	2992000	msrB,Rv2675c,Rv2676c	2991500.0	0	2991500.0
NC_000962.3	2992000	2993000	Rv2676c,hemY	2992500.0	0	2992500.0
NC_000962.3	2993000	2994000	hemY,hemE	2993500.0	0	2993500.0
NC_000962.3	2994000	2995000	hemE	2994500.0	0	2994500.0
NC_000962.3	2995000	2996000	hemE,echA15	2995500.0	0	2995500.0
NC_000962.3	2996000	2997000	Rv2680,Rv2681	2996500.0	0	2996500.0
NC_000962.3	2997000	2998000	Rv2681	2997500.0	0	2997500.0
NC_000962.3	2998000	2999000	Rv2681,dxs1	2998500.0	0	2998500.0
NC_000962.3	2999000	3000000	dxs1	2999500.0	0	2999500.0
NC_000962.3	3000000	3001000	Rv2683,arsA	3000500.0	0	3000500.0
NC_000962.3	3001000	3002000	arsA,arsB1	3001500.0	0	3001500.0
NC_000962.3	3002000	3003000	arsB1	3002500.0	0	3002500.0
NC_000962.3	3003000	3004000	arsB1,Rv2686c	3003500.0	0	3003500.0
NC_000962.3	3004000	3005000	Rv2686c,Rv2687c,Rv2688c	3004500.0	0	3004500.0
NC_000962.3	3005000	3006000	Rv2688c,Rv2689c	3005500.0	0	3005500.0
NC_000962.3	3006000	3007000	Rv2689c	3006500.0	0	3006500.0
NC_000962.3	3007000	3008000	Rv2689c,Rv2690c	3007500.0	0	3007500.0
NC_000962.3	3008000	3009000	Rv2690c	3008500.0	0	3008500.0
NC_000962.3	3009000	3010000	Rv2690c,ceoB	3009500.0	0	3009500.0
NC_000962.3	3010000	3011000	ceoB,ceoC,Rv2693c	3010500.0	0	3010500.0
NC_000962.3	3011000	3012000	Rv2693c,Rv2694c,Rv2695	3011500.0	0	3011500.0
NC_000962.3	3012000	3013000	Rv2695,Rv2696c	3012500.0	0	3012500.0
NC_000962.3	3013000	3014000	Rv2696c,dut	3013500.0	0	3013500.0
NC_000962.3	3014000	3015000	dut,Rv2698,Rv2699c	3014500.0	0	3014500.0
NC_000962.3	3015000	3016000	Rv2700,suhB	3015500.0	0	3015500.0
NC_000962.3	3016000	3017000	suhB,ppgK	3016500.0	0	3016500.0
NC_000962.3	3017000	3018000	ppgK,sigA	3017500.0	0	3017500.0
NC_000962.3	3018000	3019000	sigA	3018500.0	0	3018500.0
NC_000962.3	3019000	3020000	sigA,Rv2704,Rv2705c	3019500.0	0	3019500.0
NC_000962.3	3020000	3021000	Rv2705c,Rv2706c,Rv2707	3020500.0	0	3020500.0
NC_000962.3	3021000	3022000	Rv2707,Rv2708c,Rv2709	3021500.0	0	3021500.0
NC_000962.3	3022000	3023000	Rv2709,sigB	3022500.0	0	3022500.0
NC_000962.3	3023000	3024000	sigB,ideR	3023500.0	0	3023500.0
NC_000962.3	3024000	3025000	ideR,Rv2712c	3024500.0	0	3024500.0
NC_000962.3	3025000	3026000	Rv2712c,sthA	3025500.0	0	3025500.0
NC_000962.3	3026000	3027000	sthA	3026500.0	0	3026500.0
NC_000962.3	3027000	3028000	Rv2714	3027500.0	0	3027500.0
NC_000962.3	3028000	3029000	Rv2714,Rv2715	3028500.0	0	3028500.0
NC_000962.3	3029000	3030000	Rv2715,Rv2716,Rv2717c	3029500.0	0	3029500.0
NC_000962.3	3030000	3031000	Rv2717c,nrdR	3030500.0	0	3030500.0
NC_000962.3	3031000	3032000	Rv2719c,lexA	3031500.0	0	3031500.0
NC_000962.3	3032000	3033000	lexA,Rv2721c	3032500.0	0	3032500.0
NC_000962.3	3033000	3034000	Rv2721c	3033500.0	0	3033500.0
NC_000962.3	3034000	3035000	Rv2721c,Rv2722,Rv2723	3034500.0	0	3034500.0
NC_000962.3	3035000	3036000	Rv2723	3035500.0	0	3035500.0
NC_000962.3	3036000	3037000	Rv2723,fadE20	3036500.0	0	3036500.0
NC_000962.3	3037000	3038000	fadE20,hflX	3037500.0	0	3037500.0
NC_000962.3	3038000	3039000	hflX,dapF	3038500.0	0	3038500.0
NC_000962.3	3039000	3040000	dapF,miaA	3039500.0	0	3039500.0
NC_000962.3	3040000	3041000	miaA,Rv2728c	3040500.0	0	3040500.0
NC_000962.3	3041000	3042000	Rv2728c,Rv2729c	3041500.0	0	3041500.0
NC_000962.3	3042000	3043000	Rv2729c,Rv2730	3042500.0	0	3042500.0
NC_000962.3	3043000	3044000	Rv2730,Rv2731	3043500.0	0	3043500.0
NC_000962.3	3044000	3045000	Rv2731,Rv2732c,Rv2733c	3044500.0	0	3044500.0
NC_000962.3	3045000	3046000	Rv2733c	3045500.0	0	3045500.0
NC_000962.3	3046000	3047000	Rv2733c,Rv2734	3046500.0	0	3046500.0
NC_000962.3	3047000	3048000	Rv2734,Rv2735c	3047500.0	0	3047500.0
NC_000962.3	3048000	3049000	Rv2735c,recX	3048500.0	0	3048500.0
NC_000962.3	3049000	3050000	recX,recA	3049500.0	0	3049500.0
NC_000962.3	3050000	3051000	recA	3050500.0	0	3050500.0
NC_000962.3	3051000	3052000	recA,Rv2737A,Rv2738c	3051500.0	0	3051500.0
NC_000962.3	3052000	3053000	Rv2738c,Rv2739c	3052500.0	0	3052500.0
NC_000962.3	3053000	3054000	Rv2739c,ephG,PE_PGRS47	3053500.0	0	3053500.0
NC_000962.3	3054000	3055000	PE_PGRS47	3054500.0	0	3054500.0
NC_000962.3	3055000	3056000	PE_PGRS47,Rv2742c	3055500.0	0	3055500.0
NC_000962.3	3056000	3057000	Rv2742c,Rv2743c	3056500.0	0	3056500.0
NC_000962.3	3057000	3058000	Rv2743c,35kd_ag	3057500.0	0	3057500.0
NC_000962.3	3058000	3059000	35kd_ag,clgR,pgsA3	3058500.0	0	3058500.0
NC_000962.3	3059000	3060000	pgsA3,argA,ftsK	3059500.0	1	3059500.0
NC_000962.3	3060000	3061000	ftsK	3060500.0	0	3060500.0
NC_000962.3	3061000	3062000	ftsK	3061500.0	0	3061500.0
NC_000962.3	3062000	3063000	ftsK,Rv2749,Rv2750	3062500.0	0	3062500.0
NC_000962.3	3063000	3064000	Rv2750,Rv2751	3063500.0	0	3063500.0
NC_000962.3	3064000	3065000	Rv2751,Rv2752c	3064500.0	0	3064500.0
NC_000962.3	3065000	3066000	Rv2752c	3065500.0	0	3065500.0
NC_000962.3	3066000	3067000	Rv2752c,dapA	3066500.0	0	3066500.0
NC_000962.3	3067000	3068000	dapA,thyX	3067500.0	0	3067500.0
NC_000962.3	3068000	3069000	hsdS.1,hsdM	3068500.0	0	3068500.0
NC_000962.3	3069000	3070000	hsdM	3069500.0	0	3069500.0
NC_000962.3	3070000	3071000	hsdM,vapC21,vapB21,vapC42	3070500.0	0	3070500.0
NC_000962.3	3071000	3072000	vapC42,vapB42,hsdS	3071500.0	0	3071500.0
NC_000962.3	3072000	3073000	hsdS,Rv2762c	3072500.0	0	3072500.0
NC_000962.3	3073000	3074000	Rv2762c,dfrA,thyA	3073500.0	0	3073500.0
NC_000962.3	3074000	3075000	thyA,Rv2765	3074500.0	0	3074500.0
NC_000962.3	3075000	3076000	Rv2765,Rv2766c	3075500.0	0	3075500.0
NC_000962.3	3076000	3077000	Rv2766c,Rv2767c,PPE43	3076500.0	0	3076500.0
NC_000962.3	3077000	3078000	PPE43	3077500.0	0	3077500.0
NC_000962.3	3078000	3079000	PPE43,PE27	3078500.0	0	3078500.0
NC_000962.3	3079000	3080000	PPE44	3079500.0	0	3079500.0
NC_000962.3	3080000	3081000	PPE44,Rv2771c	3080500.0	0	3080500.0
NC_000962.3	3081000	3082000	Rv2771c,Rv2772c,dapB	3081500.0	0	3081500.0
NC_000962.3	3082000	3083000	dapB,Rv2774c,Rv2775	3082500.0	0	3082500.0
NC_000962.3	3083000	3084000	Rv2775,Rv2776c	3083500.0	0	3083500.0
NC_000962.3	3084000	3085000	Rv2776c,Rv2777c	3084500.0	0	3084500.0
NC_000962.3	3085000	3086000	Rv2777c,Rv2778c	3085500.0	0	3085500.0
NC_000962.3	3086000	3087000	Rv2778c,Rv2779c,ald	3086500.0	0	3086500.0
NC_000962.3	3087000	3088000	ald,Rv2781c	3087500.0	0	3087500.0
NC_000962.3	3088000	3089000	Rv2781c	3088500.0	0	3088500.0
NC_000962.3	3089000	3090000	pepR	3089500.0	0	3089500.0
NC_000962.3	3090000	3091000	pepR,gpsI	3090500.0	0	3090500.0
NC_000962.3	3091000	3092000	gpsI	3091500.0	0	3091500.0
NC_000962.3	3092000	3093000	gpsI,lppU	3092500.0	0	3092500.0
NC_000962.3	3093000	3094000	lppU,rpsO,ribF	3093500.0	0	3093500.0
NC_000962.3	3094000	3095000	ribF	3094500.0	0	3094500.0
NC_000962.3	3095000	3096000	Rv2787	3095500.0	0	3095500.0
NC_000962.3	3096000	3097000	Rv2787,sirR	3096500.0	0	3096500.0
NC_000962.3	3097000	3098000	sirR,fadE21	3097500.0	0	3097500.0
NC_000962.3	3098000	3099000	fadE21,ltp1	3098500.0	0	3098500.0
NC_000962.3	3099000	3100000	ltp1	3099500.0	0	3099500.0
NC_000962.3	3100000	3101000	ltp1,Rv2791c	3100500.0	0	3100500.0
NC_000962.3	3101000	3102000	Rv2791c,Rv2792c	3101500.0	0	3101500.0
NC_000962.3	3102000	3103000	Rv2792c,truB	3102500.0	0	3102500.0
NC_000962.3	3103000	3104000	truB,pptT,Rv2795c	3103500.0	0	3103500.0
NC_000962.3	3104000	3105000	Rv2795c	3104500.0	0	3104500.0
NC_000962.3	3105000	3106000	lppV,Rv2797c	3105500.0	0	3105500.0
NC_000962.3	3106000	3107000	Rv2797c	3106500.0	0	3106500.0
NC_000962.3	3107000	3108000	Rv2797c,Rv2798c,Rv2799	3107500.0	0	3107500.0
NC_000962.3	3108000	3109000	Rv2799,Rv2800	3108500.0	0	3108500.0
NC_000962.3	3109000	3110000	Rv2800	3109500.0	0	3109500.0
NC_000962.3	3110000	3111000	Rv2800,mazF9,mazE9,Rv2802c	3110500.0	0	3110500.0
NC_000962.3	3111000	3112000	Rv2802c,Rv2803	3111500.0	0	3111500.0
NC_000962.3	3112000	3113000	Rv2803,Rv2804c,Rv2805	3112500.0	0	3112500.0
NC_000962.3	3113000	3114000	Rv2804c,Rv2805,Rv2806,Rv2807	3113500.0	0	3113500.0
NC_000962.3	3114000	3115000	Rv2807	3114500.0	0	3114500.0
NC_000962.3	3115000	3116000	Rv2808,Rv2809,Rv2810c	3115500.0	0	3115500.0
NC_000962.3	3116000	3117000	Rv2810c,Rv2811,Rv2812	3116500.0	0	3116500.0
NC_000962.3	3117000	3118000	Rv2812	3117500.0	0	3117500.0
NC_000962.3	3118000	3119000	Rv2812,Rv2813	3118500.0	0	3118500.0
NC_000962.3	3119000	3120000	Rv2813	3119500.0	1	3119500.0
NC_000962.3	3120000	3121000	Rv2814c	3120500.0	0	3120500.0
NC_000962.3	3121000	3122000	Rv2814c,Rv2815c	3121500.0	0	3121500.0
NC_000962.3	3122000	3123000		3122500.0	0	3122500.0
NC_000962.3	3123000	3124000	Rv2816c,Rv2817c	3123500.0	0	3123500.0
NC_000962.3	3124000	3125000	Rv2817c,Rv2818c	3124500.0	0	3124500.0
NC_000962.3	3125000	3126000	Rv2818c	3125500.0	0	3125500.0
NC_000962.3	3126000	3127000	Rv2818c,Rv2819c	3126500.0	0	3126500.0
NC_000962.3	3127000	3128000	Rv2819c,Rv2820c	3127500.0	0	3127500.0
NC_000962.3	3128000	3129000	Rv2820c,Rv2821c,Rv2822c	3128500.0	0	3128500.0
NC_000962.3	3129000	3130000	Rv2822c,Rv2823c	3129500.0	0	3129500.0
NC_000962.3	3130000	3131000	Rv2823c	3130500.0	0	3130500.0
NC_000962.3	3131000	3132000	Rv2823c,Rv2824c	3131500.0	0	3131500.0
NC_000962.3	3132000	3133000	Rv2824c,Rv2825c	3132500.0	1	3132500.0
NC_000962.3	3133000	3134000	Rv2825c,Rv2826c	3133500.0	1	3133500.0
NC_000962.3	3134000	3135000	Rv2826c,Rv2827c	3134500.0	0	3134500.0
NC_000962.3	3135000	3136000	Rv2827c,Rv2828c	3135500.0	6	3135500.0
NC_000962.3	3136000	3137000	Rv2828c,Rv2828A,vapC22	3136500.0	1	3136500.0
NC_000962.3	3137000	3138000	vapC22,vapB22,echA16	3137500.0	0	3137500.0
NC_000962.3	3138000	3139000	echA16,ugpC	3138500.0	0	3138500.0
NC_000962.3	3139000	3140000	ugpC,ugpB	3139500.0	0	3139500.0
NC_000962.3	3140000	3141000	ugpB,ugpE	3140500.0	0	3140500.0
NC_000962.3	3141000	3142000	ugpE,ugpA	3141500.0	0	3141500.0
NC_000962.3	3142000	3143000	ugpA,dinF	3142500.0	0	3142500.0
NC_000962.3	3143000	3144000	dinF,Rv2837c	3143500.0	0	3143500.0
NC_000962.3	3144000	3145000	Rv2837c,rbfA	3144500.0	0	3144500.0
NC_000962.3	3145000	3146000	rbfA,infB	3145500.0	0	3145500.0
NC_000962.3	3146000	3147000	infB	3146500.0	0	3146500.0
NC_000962.3	3147000	3148000	infB,Rv2840c	3147500.0	0	3147500.0
NC_000962.3	3148000	3149000	Rv2840c,nusA	3148500.0	0	3148500.0
NC_000962.3	3149000	3150000	nusA,Rv2842c	3149500.0	0	3149500.0
NC_000962.3	3150000	3151000	Rv2843,Rv2844	3150500.0	0	3150500.0
NC_000962.3	3151000	3152000	Rv2844,proS	3151500.0	0	3151500.0
NC_000962.3	3152000	3153000	proS	3152500.0	0	3152500.0
NC_000962.3	3153000	3154000	efpA	3153500.0	0	3153500.0
NC_000962.3	3154000	3155000	efpA,cysG	3154500.0	0	3154500.0
NC_000962.3	3155000	3156000	cysG	3155500.0	0	3155500.0
NC_000962.3	3156000	3157000	cobB	3156500.0	0	3156500.0
NC_000962.3	3157000	3158000	cobB,cobO	3157500.0	0	3157500.0
NC_000962.3	3158000	3159000	cobO,Rv2850c	3158500.0	0	3158500.0
NC_000962.3	3159000	3160000	Rv2850c	3159500.0	0	3159500.0
NC_000962.3	3160000	3161000	Rv2850c,Rv2851c,mqo	3160500.0	0	3160500.0
NC_000962.3	3161000	3162000	mqo	3161500.0	0	3161500.0
NC_000962.3	3162000	3163000	mqo,PE_PGRS48	3162500.0	0	3162500.0
NC_000962.3	3163000	3164000	PE_PGRS48	3163500.0	0	3163500.0
NC_000962.3	3164000	3165000	PE_PGRS48,Rv2854	3164500.0	0	3164500.0
NC_000962.3	3165000	3166000	Rv2854,mtr	3165500.0	0	3165500.0
NC_000962.3	3166000	3167000	mtr,nicT	3166500.0	0	3166500.0
NC_000962.3	3167000	3168000	nicT	3167500.0	0	3167500.0
NC_000962.3	3168000	3169000	Rv2857c	3168500.0	0	3168500.0
NC_000962.3	3169000	3170000	Rv2857c,aldC	3169500.0	0	3169500.0
NC_000962.3	3170000	3171000	aldC,Rv2859c	3170500.0	0	3170500.0
NC_000962.3	3171000	3172000	Rv2859c,glnA4	3171500.0	0	3171500.0
NC_000962.3	3172000	3173000	glnA4	3172500.0	0	3172500.0
NC_000962.3	3173000	3174000	mapB	3173500.0	0	3173500.0
NC_000962.3	3174000	3175000	mapB,Rv2862c,vapB23,vapC23	3174500.0	0	3174500.0
NC_000962.3	3175000	3176000	vapC23,Rv2864c	3175500.0	0	3175500.0
NC_000962.3	3176000	3177000	Rv2864c	3176500.0	0	3176500.0
NC_000962.3	3177000	3178000	Rv2864c,relF,relG	3177500.0	0	3177500.0
NC_000962.3	3178000	3179000	relG,Rv2867c	3178500.0	0	3178500.0
NC_000962.3	3179000	3180000	Rv2867c,gcpE	3179500.0	0	3179500.0
NC_000962.3	3180000	3181000	gcpE,rip	3180500.0	0	3180500.0
NC_000962.3	3181000	3182000	rip,dxr	3181500.0	0	3181500.0
NC_000962.3	3182000	3183000	dxr	3182500.0	0	3182500.0
NC_000962.3	3183000	3184000	dxr,vapB43,vapC43,mpt83	3183500.0	0	3183500.0
NC_000962.3	3184000	3185000	mpt83,dipZ	3184500.0	0	3184500.0
NC_000962.3	3185000	3186000	dipZ	3185500.0	0	3185500.0
NC_000962.3	3186000	3187000	dipZ	3186500.0	0	3186500.0
NC_000962.3	3187000	3188000	mpt70,Rv2876	3187500.0	0	3187500.0
NC_000962.3	3188000	3189000	Rv2877c,mpt53	3188500.0	0	3188500.0
NC_000962.3	3189000	3190000	mpt53,Rv2879c,Rv2880c	3189500.0	0	3189500.0
NC_000962.3	3190000	3191000	Rv2879c,Rv2880c,cdsA	3190500.0	0	3190500.0
NC_000962.3	3191000	3192000	cdsA,frr	3191500.0	0	3191500.0
NC_000962.3	3192000	3193000	frr,pyrH	3192500.0	0	3192500.0
NC_000962.3	3193000	3194000	pyrH,Rv2884	3193500.0	0	3193500.0
NC_000962.3	3194000	3195000	Rv2884,Rv2885c	3194500.0	1	3194500.0
NC_000962.3	3195000	3196000	Rv2885c,Rv2886c	3195500.0	0	3195500.0
NC_000962.3	3196000	3197000	Rv2886c,Rv2887,amiC	3196500.0	0	3196500.0
NC_000962.3	3197000	3198000	amiC	3197500.0	0	3197500.0
NC_000962.3	3198000	3199000	amiC,tsf	3198500.0	0	3198500.0
NC_000962.3	3199000	3200000	tsf,rpsB	3199500.0	0	3199500.0
NC_000962.3	3200000	3201000	Rv2891,PPE45	3200500.0	0	3200500.0
NC_000962.3	3201000	3202000	Rv2891,PPE45	3201500.0	0	3201500.0
NC_000962.3	3202000	3203000	PPE45,Rv2893	3202500.0	0	3202500.0
NC_000962.3	3203000	3204000	Rv2893,xerC	3203500.0	0	3203500.0
NC_000962.3	3204000	3205000	xerC,viuB	3204500.0	0	3204500.0
NC_000962.3	3205000	3206000	viuB,Rv2896c	3205500.0	0	3205500.0
NC_000962.3	3206000	3207000	Rv2896c,Rv2897c	3206500.0	0	3206500.0
NC_000962.3	3207000	3208000	Rv2897c,Rv2898c	3207500.0	0	3207500.0
NC_000962.3	3208000	3209000	Rv2898c,fdhD	3208500.0	0	3208500.0
NC_000962.3	3209000	3210000	fdhD,fdhF	3209500.0	0	3209500.0
NC_000962.3	3210000	3211000	fdhF	3210500.0	0	3210500.0
NC_000962.3	3211000	3212000	fdhF,Rv2901c	3211500.0	0	3211500.0
NC_000962.3	3212000	3213000	Rv2901c,rnhB,lepB	3212500.0	0	3212500.0
NC_000962.3	3213000	3214000	lepB,rplS	3213500.0	0	3213500.0
NC_000962.3	3214000	3215000	rplS,lppW	3214500.0	0	3214500.0
NC_000962.3	3215000	3216000	lppW,trmD	3215500.0	0	3215500.0
NC_000962.3	3216000	3217000	trmD,rimM,Rv2908c	3216500.0	0	3216500.0
NC_000962.3	3217000	3218000	Rv2908c,rpsP,Rv2910c	3217500.0	0	3217500.0
NC_000962.3	3218000	3219000	Rv2910c,dacB2	3218500.0	0	3218500.0
NC_000962.3	3219000	3220000	dacB2,Rv2912c,Rv2913c	3219500.0	0	3219500.0
NC_000962.3	3220000	3221000	Rv2913c	3220500.0	0	3220500.0
NC_000962.3	3221000	3222000	Rv2913c,pknI	3221500.0	0	3221500.0
NC_000962.3	3222000	3223000	pknI	3222500.0	0	3222500.0
NC_000962.3	3223000	3224000	pknI,Rv2915c	3223500.0	0	3223500.0
NC_000962.3	3224000	3225000	Rv2915c,ffh	3224500.0	0	3224500.0
NC_000962.3	3225000	3226000	ffh	3225500.0	0	3225500.0
NC_000962.3	3226000	3227000	ffh,Rv2917	3226500.0	0	3226500.0
NC_000962.3	3227000	3228000	Rv2917	3227500.0	0	3227500.0
NC_000962.3	3228000	3229000	Rv2917,glnD	3228500.0	0	3228500.0
NC_000962.3	3229000	3230000	glnD	3229500.0	0	3229500.0
NC_000962.3	3230000	3231000	glnD,glnB	3230500.0	0	3230500.0
NC_000962.3	3231000	3232000	glnB,amt	3231500.0	0	3231500.0
NC_000962.3	3232000	3233000	amt,ftsY	3232500.0	0	3232500.0
NC_000962.3	3233000	3234000	ftsY	3233500.0	0	3233500.0
NC_000962.3	3234000	3235000	ftsY,smc	3234500.0	0	3234500.0
NC_000962.3	3235000	3236000	smc	3235500.0	0	3235500.0
NC_000962.3	3236000	3237000	smc	3236500.0	0	3236500.0
NC_000962.3	3237000	3238000	smc,acyP	3237500.0	0	3237500.0
NC_000962.3	3238000	3239000	acyP,Rv2923c,fpg	3238500.0	0	3238500.0
NC_000962.3	3239000	3240000	fpg,rnc	3239500.0	0	3239500.0
NC_000962.3	3240000	3241000	rnc,Rv2926c	3240500.0	0	3240500.0
NC_000962.3	3241000	3242000	Rv2926c,Rv2927c	3241500.0	0	3241500.0
NC_000962.3	3242000	3243000	tesA,Rv2929	3242500.0	0	3242500.0
NC_000962.3	3243000	3244000	Rv2929,fadD26	3243500.0	0	3243500.0
NC_000962.3	3244000	3245000	fadD26	3244500.0	0	3244500.0
NC_000962.3	3245000	3246000	fadD26,ppsA	3245500.0	0	3245500.0
NC_000962.3	3246000	3247000	ppsA	3246500.0	0	3246500.0
NC_000962.3	3247000	3248000	ppsA	3247500.0	2	3247500.0
NC_000962.3	3248000	3249000	ppsA	3248500.0	1	3248500.0
NC_000962.3	3249000	3250000	ppsA	3249500.0	0	3249500.0
NC_000962.3	3250000	3251000	ppsA	3250500.0	0	3250500.0
NC_000962.3	3251000	3252000	ppsA,ppsB	3251500.0	0	3251500.0
NC_000962.3	3252000	3253000	ppsB	3252500.0	1	3252500.0
NC_000962.3	3253000	3254000	ppsB	3253500.0	0	3253500.0
NC_000962.3	3254000	3255000	ppsB	3254500.0	0	3254500.0
NC_000962.3	3255000	3256000	ppsB,ppsC	3255500.0	0	3255500.0
NC_000962.3	3256000	3257000	ppsC	3256500.0	0	3256500.0
NC_000962.3	3257000	3258000	ppsC	3257500.0	0	3257500.0
NC_000962.3	3258000	3259000	ppsC	3258500.0	0	3258500.0
NC_000962.3	3259000	3260000	ppsC	3259500.0	0	3259500.0
NC_000962.3	3260000	3261000	ppsC	3260500.0	0	3260500.0
NC_000962.3	3261000	3262000	ppsC	3261500.0	0	3261500.0
NC_000962.3	3262000	3263000	ppsC,ppsD	3262500.0	0	3262500.0
NC_000962.3	3263000	3264000	ppsD	3263500.0	0	3263500.0
NC_000962.3	3264000	3265000	ppsD	3264500.0	0	3264500.0
NC_000962.3	3265000	3266000	ppsD	3265500.0	0	3265500.0
NC_000962.3	3266000	3267000	ppsD	3266500.0	0	3266500.0
NC_000962.3	3267000	3268000	ppsD,ppsE	3267500.0	0	3267500.0
NC_000962.3	3268000	3269000	ppsE	3268500.0	0	3268500.0
NC_000962.3	3269000	3270000	ppsE	3269500.0	0	3269500.0
NC_000962.3	3270000	3271000	ppsE	3270500.0	0	3270500.0
NC_000962.3	3271000	3272000	ppsE	3271500.0	0	3271500.0
NC_000962.3	3272000	3273000	ppsE,drrA	3272500.0	0	3272500.0
NC_000962.3	3273000	3274000	drrA,drrB	3273500.0	0	3273500.0
NC_000962.3	3274000	3275000	drrB,drrC,papA5	3274500.0	0	3274500.0
NC_000962.3	3275000	3276000	papA5	3275500.0	0	3275500.0
NC_000962.3	3276000	3277000	papA5,mas	3276500.0	0	3276500.0
NC_000962.3	3277000	3278000	mas	3277500.0	0	3277500.0
NC_000962.3	3278000	3279000	mas	3278500.0	0	3278500.0
NC_000962.3	3279000	3280000	mas	3279500.0	0	3279500.0
NC_000962.3	3280000	3281000	mas	3280500.0	0	3280500.0
NC_000962.3	3281000	3282000	mas	3281500.0	0	3281500.0
NC_000962.3	3282000	3283000	mas	3282500.0	0	3282500.0
NC_000962.3	3283000	3284000	fadD28	3283500.0	0	3283500.0
NC_000962.3	3284000	3285000	fadD28	3284500.0	0	3284500.0
NC_000962.3	3285000	3286000	fadD28,mmpL7	3285500.0	0	3285500.0
NC_000962.3	3286000	3287000	mmpL7	3286500.0	0	3286500.0
NC_000962.3	3287000	3288000	mmpL7	3287500.0	0	3287500.0
NC_000962.3	3288000	3289000	Rv2943	3288500.0	0	3288500.0
NC_000962.3	3289000	3290000	Rv2943,Rv2943A,Rv2944	3289500.0	0	3289500.0
NC_000962.3	3290000	3291000	Rv2943A,Rv2944,lppX	3290500.0	0	3290500.0
NC_000962.3	3291000	3292000	lppX,pks1	3291500.0	0	3291500.0
NC_000962.3	3292000	3293000	pks1	3292500.0	0	3292500.0
NC_000962.3	3293000	3294000	pks1	3293500.0	0	3293500.0
NC_000962.3	3294000	3295000	pks1	3294500.0	0	3294500.0
NC_000962.3	3295000	3296000	pks1	3295500.0	0	3295500.0
NC_000962.3	3296000	3297000	pks1,pks15	3296500.0	0	3296500.0
NC_000962.3	3297000	3298000	pks15,fadD22	3297500.0	0	3297500.0
NC_000962.3	3298000	3299000	fadD22	3298500.0	0	3298500.0
NC_000962.3	3299000	3300000	fadD22,Rv2949c	3299500.0	0	3299500.0
NC_000962.3	3300000	3301000	Rv2949c,fadD29	3300500.0	0	3300500.0
NC_000962.3	3301000	3302000	fadD29	3301500.0	0	3301500.0
NC_000962.3	3302000	3303000	fadD29	3302500.0	0	3302500.0
NC_000962.3	3303000	3304000	Rv2951c	3303500.0	0	3303500.0
NC_000962.3	3304000	3305000	Rv2951c,Rv2952	3304500.0	0	3304500.0
NC_000962.3	3305000	3306000	Rv2952,Rv2953	3305500.0	0	3305500.0
NC_000962.3	3306000	3307000	Rv2953,Rv2954c	3306500.0	0	3306500.0
NC_000962.3	3307000	3308000	Rv2954c,Rv2955c	3307500.0	0	3307500.0
NC_000962.3	3308000	3309000	Rv2955c,Rv2956	3308500.0	0	3308500.0
NC_000962.3	3309000	3310000	Rv2956,Rv2957	3309500.0	0	3309500.0
NC_000962.3	3310000	3311000	Rv2957,Rv2958c	3310500.0	0	3310500.0
NC_000962.3	3311000	3312000	Rv2958c	3311500.0	0	3311500.0
NC_000962.3	3312000	3313000	Rv2959c,Rv2960c	3312500.0	0	3312500.0
NC_000962.3	3313000	3314000	Rv2960c,Rv2961,Rv2962c	3313500.0	0	3313500.0
NC_000962.3	3314000	3315000	Rv2962c	3314500.0	0	3314500.0
NC_000962.3	3315000	3316000	Rv2962c,Rv2963	3315500.0	0	3315500.0
NC_000962.3	3316000	3317000	Rv2963,purU	3316500.0	0	3316500.0
NC_000962.3	3317000	3318000	purU	3317500.0	0	3317500.0
NC_000962.3	3318000	3319000	kdtB,Rv2966c	3318500.0	0	3318500.0
NC_000962.3	3319000	3320000	Rv2966c,pca	3319500.0	0	3319500.0
NC_000962.3	3320000	3321000	pca	3320500.0	0	3320500.0
NC_000962.3	3321000	3322000	pca	3321500.0	0	3321500.0
NC_000962.3	3322000	3323000	pca	3322500.0	0	3322500.0
NC_000962.3	3323000	3324000	pca,Rv2968c,Rv2969c	3323500.0	0	3323500.0
NC_000962.3	3324000	3325000	Rv2969c,lipN	3324500.0	0	3324500.0
NC_000962.3	3325000	3326000	lipN,Rv2970A	3325500.0	0	3325500.0
NC_000962.3	3326000	3327000	Rv2970A,Rv2971	3326500.0	0	3326500.0
NC_000962.3	3327000	3328000	Rv2972c,recG	3327500.0	0	3327500.0
NC_000962.3	3328000	3329000	recG	3328500.0	0	3328500.0
NC_000962.3	3329000	3330000	recG,Rv2974c	3329500.0	0	3329500.0
NC_000962.3	3330000	3331000	Rv2974c	3330500.0	0	3330500.0
NC_000962.3	3331000	3332000	Rv2974c,Rv2975c	3331500.0	0	3331500.0
NC_000962.3	3332000	3333000	ung,thiL	3332500.0	0	3332500.0
NC_000962.3	3333000	3334000	thiL,Rv2978c	3333500.0	0	3333500.0
NC_000962.3	3334000	3335000	Rv2978c	3334500.0	0	3334500.0
NC_000962.3	3335000	3336000	Rv2978c,Rv2979c,Rv2980	3335500.0	0	3335500.0
NC_000962.3	3336000	3337000	Rv2980,ddlA	3336500.0	1	3336500.0
NC_000962.3	3337000	3338000	ddlA,gpdA2	3337500.0	0	3337500.0
NC_000962.3	3338000	3339000	gpdA2	3338500.0	0	3338500.0
NC_000962.3	3339000	3340000	Rv2983,ppk1	3339500.0	0	3339500.0
NC_000962.3	3340000	3341000	ppk1	3340500.0	0	3340500.0
NC_000962.3	3341000	3342000	ppk1	3341500.0	0	3341500.0
NC_000962.3	3342000	3343000	ppk1,mutT1	3342500.0	0	3342500.0
NC_000962.3	3343000	3344000	mutT1,hupB	3343500.0	0	3343500.0
NC_000962.3	3344000	3345000	leuD,leuC	3344500.0	0	3344500.0
NC_000962.3	3345000	3346000	leuC	3345500.0	0	3345500.0
NC_000962.3	3346000	3347000	leuC,Rv2989,Rv2990c	3346500.0	0	3346500.0
NC_000962.3	3347000	3348000	Rv2990c,Rv2991	3347500.0	0	3347500.0
NC_000962.3	3348000	3349000	Rv2991,gluU,glnU,gltS	3348500.0	0	3348500.0
NC_000962.3	3349000	3350000	gltS	3349500.0	0	3349500.0
NC_000962.3	3350000	3351000	gltS,Rv2993c	3350500.0	0	3350500.0
NC_000962.3	3351000	3352000	Rv2994	3351500.0	0	3351500.0
NC_000962.3	3352000	3353000	Rv2994,leuB	3352500.0	0	3352500.0
NC_000962.3	3353000	3354000	leuB,serA1	3353500.0	0	3353500.0
NC_000962.3	3354000	3355000	serA1	3354500.0	0	3354500.0
NC_000962.3	3355000	3356000	serA1,Rv2997	3355500.0	0	3355500.0
NC_000962.3	3356000	3357000	Rv2997,Rv2998	3356500.0	0	3356500.0
NC_000962.3	3357000	3358000	Rv2998,Rv2998A,lppY	3357500.0	0	3357500.0
NC_000962.3	3358000	3359000	lppY,Rv3000	3358500.0	0	3358500.0
NC_000962.3	3359000	3360000	Rv3000,ilvC	3359500.0	0	3359500.0
NC_000962.3	3360000	3361000	ilvC,ilvN	3360500.0	0	3360500.0
NC_000962.3	3361000	3362000	ilvN,ilvB1	3361500.0	0	3361500.0
NC_000962.3	3362000	3363000	ilvB1	3362500.0	0	3362500.0
NC_000962.3	3363000	3364000	cfp6,Rv3005c	3363500.0	0	3363500.0
NC_000962.3	3364000	3365000	Rv3005c,lppZ	3364500.0	0	3364500.0
NC_000962.3	3365000	3366000	lppZ,Rv3007c	3365500.0	0	3365500.0
NC_000962.3	3366000	3367000	Rv3007c,Rv3008	3366500.0	0	3366500.0
NC_000962.3	3367000	3368000	Rv3008,gatB	3367500.0	0	3367500.0
NC_000962.3	3368000	3369000	gatB,pfkA	3368500.0	0	3368500.0
NC_000962.3	3369000	3370000	pfkA,gatA	3369500.0	0	3369500.0
NC_000962.3	3370000	3371000	gatA	3370500.0	0	3370500.0
NC_000962.3	3371000	3372000	gatA,gatC,Rv3013	3371500.0	0	3371500.0
NC_000962.3	3372000	3373000	Rv3013,ligA	3372500.0	0	3372500.0
NC_000962.3	3373000	3374000	ligA	3373500.0	0	3373500.0
NC_000962.3	3374000	3375000	ligA,Rv3015c	3374500.0	0	3374500.0
NC_000962.3	3375000	3376000	Rv3015c,lpqA	3375500.0	0	3375500.0
NC_000962.3	3376000	3377000	lpqA,esxQ,PPE46	3376500.0	0	3376500.0
NC_000962.3	3377000	3378000	PPE46	3377500.0	2	3377500.0
NC_000962.3	3378000	3379000	PPE46,PE27A,esxR	3378500.0	0	3378500.0
NC_000962.3	3379000	3380000	esxR,esxS,PPE47	3379500.0	0	3379500.0
NC_000962.3	3380000	3381000	PPE47,PPE48,PE29	3380500.0	0	3380500.0
NC_000962.3	3381000	3382000	Rv3023c	3381500.0	0	3381500.0
NC_000962.3	3382000	3383000	Rv3023c,trmU	3382500.0	0	3382500.0
NC_000962.3	3383000	3384000	trmU,iscS	3383500.0	0	3383500.0
NC_000962.3	3384000	3385000	iscS	3384500.0	0	3384500.0
NC_000962.3	3385000	3386000	iscS,Rv3026c	3385500.0	0	3385500.0
NC_000962.3	3386000	3387000	Rv3026c,Rv3027c	3386500.0	0	3386500.0
NC_000962.3	3387000	3388000	fixB	3387500.0	0	3387500.0
NC_000962.3	3388000	3389000	fixB,fixA	3388500.0	0	3388500.0
NC_000962.3	3389000	3390000	Rv3030,Rv3031	3389500.0	0	3389500.0
NC_000962.3	3390000	3391000	Rv3031	3390500.0	0	3390500.0
NC_000962.3	3391000	3392000	Rv3031,Rv3032	3391500.0	0	3391500.0
NC_000962.3	3392000	3393000	Rv3032,Rv3032A	3392500.0	0	3392500.0
NC_000962.3	3393000	3394000	Rv3032A,Rv3033	3393500.0	0	3393500.0
NC_000962.3	3394000	3395000	Rv3034c	3394500.0	0	3394500.0
NC_000962.3	3395000	3396000	Rv3035	3395500.0	0	3395500.0
NC_000962.3	3396000	3397000	Rv3035,TB22.2	3396500.0	0	3396500.0
NC_000962.3	3397000	3398000	TB22.2,Rv3037c	3397500.0	0	3397500.0
NC_000962.3	3398000	3399000	Rv3037c,Rv3038c	3398500.0	0	3398500.0
NC_000962.3	3399000	3400000	Rv3038c,echA17	3399500.0	0	3399500.0
NC_000962.3	3400000	3401000	echA17,Rv3040c	3400500.0	0	3400500.0
NC_000962.3	3401000	3402000	Rv3040c,Rv3041c,serB2	3401500.0	0	3401500.0
NC_000962.3	3402000	3403000	serB2	3402500.0	0	3402500.0
NC_000962.3	3403000	3404000	serB2,ctaD	3403500.0	0	3403500.0
NC_000962.3	3404000	3405000	ctaD	3404500.0	0	3404500.0
NC_000962.3	3405000	3406000	fecB	3405500.0	0	3405500.0
NC_000962.3	3406000	3407000	fecB,adhC	3406500.0	0	3406500.0
NC_000962.3	3407000	3408000	adhC,Rv3046c	3407500.0	0	3407500.0
NC_000962.3	3408000	3409000	Rv3047c,nrdF2	3408500.0	0	3408500.0
NC_000962.3	3409000	3410000	nrdF2,Rv3049c	3409500.0	0	3409500.0
NC_000962.3	3410000	3411000	Rv3049c	3410500.0	0	3410500.0
NC_000962.3	3411000	3412000	Rv3049c,Rv3050c	3411500.0	0	3411500.0
NC_000962.3	3412000	3413000	nrdE	3412500.0	0	3412500.0
NC_000962.3	3413000	3414000	nrdE	3413500.0	0	3413500.0
NC_000962.3	3414000	3415000	nrdE,nrdI,nrdH	3414500.0	0	3414500.0
NC_000962.3	3415000	3416000	Rv3054c	3415500.0	0	3415500.0
NC_000962.3	3416000	3417000	Rv3055,dinP	3416500.0	0	3416500.0
NC_000962.3	3417000	3418000	dinP,Rv3057c	3417500.0	0	3417500.0
NC_000962.3	3418000	3419000	Rv3057c,Rv3058c	3418500.0	0	3418500.0
NC_000962.3	3419000	3420000	Rv3058c,cyp136	3419500.0	0	3419500.0
NC_000962.3	3420000	3421000	cyp136	3420500.0	0	3420500.0
NC_000962.3	3421000	3422000	Rv3060c	3421500.0	0	3421500.0
NC_000962.3	3422000	3423000	Rv3060c	3422500.0	0	3422500.0
NC_000962.3	3423000	3424000	Rv3060c,fadE22	3423500.0	0	3423500.0
NC_000962.3	3424000	3425000	fadE22	3424500.0	0	3424500.0
NC_000962.3	3425000	3426000	fadE22,ligB	3425500.0	0	3425500.0
NC_000962.3	3426000	3427000	ligB	3426500.0	0	3426500.0
NC_000962.3	3427000	3428000	ligB,cstA	3427500.0	0	3427500.0
NC_000962.3	3428000	3429000	cstA	3428500.0	0	3428500.0
NC_000962.3	3429000	3430000	cstA,Rv3064c	3429500.0	0	3429500.0
NC_000962.3	3430000	3431000	Rv3064c,mmr,Rv3066	3430500.0	0	3430500.0
NC_000962.3	3431000	3432000	Rv3066,Rv3067,alaU,pgmA	3431500.0	0	3431500.0
NC_000962.3	3432000	3433000	pgmA	3432500.0	0	3432500.0
NC_000962.3	3433000	3434000	pgmA,Rv3069	3433500.0	0	3433500.0
NC_000962.3	3434000	3435000	Rv3069,Rv3070,Rv3071	3434500.0	0	3434500.0
NC_000962.3	3435000	3436000	Rv3071,Rv3072c	3435500.0	0	3435500.0
NC_000962.3	3436000	3437000	Rv3072c,Rv3073c,Rv3074	3436500.0	0	3436500.0
NC_000962.3	3437000	3438000	Rv3074	3437500.0	0	3437500.0
NC_000962.3	3438000	3439000	Rv3074,Rv3075c	3438500.0	0	3438500.0
NC_000962.3	3439000	3440000	Rv3076,Rv3077	3439500.0	0	3439500.0
NC_000962.3	3440000	3441000	Rv3077	3440500.0	0	3440500.0
NC_000962.3	3441000	3442000	Rv3077,hab,Rv3079c	3441500.0	0	3441500.0
NC_000962.3	3442000	3443000	Rv3079c,pknK	3442500.0	0	3442500.0
NC_000962.3	3443000	3444000	pknK	3443500.0	0	3443500.0
NC_000962.3	3444000	3445000	pknK	3444500.0	0	3444500.0
NC_000962.3	3445000	3446000	pknK	3445500.0	0	3445500.0
NC_000962.3	3446000	3447000	Rv3081	3446500.0	0	3446500.0
NC_000962.3	3447000	3448000	Rv3081,virS	3447500.0	0	3447500.0
NC_000962.3	3448000	3449000	virS,Rv3083	3448500.0	0	3448500.0
NC_000962.3	3449000	3450000	Rv3083,lipR	3449500.0	0	3449500.0
NC_000962.3	3450000	3451000	lipR,Rv3085	3450500.0	0	3450500.0
NC_000962.3	3451000	3452000	Rv3085,adhD	3451500.0	0	3451500.0
NC_000962.3	3452000	3453000	adhD,Rv3087	3452500.0	0	3452500.0
NC_000962.3	3453000	3454000	Rv3087	3453500.0	0	3453500.0
NC_000962.3	3454000	3455000	Rv3087,tgs4	3454500.0	0	3454500.0
NC_000962.3	3455000	3456000	tgs4,fadD13	3455500.0	0	3455500.0
NC_000962.3	3456000	3457000	fadD13	3456500.0	0	3456500.0
NC_000962.3	3457000	3458000	fadD13	3457500.0	0	3457500.0
NC_000962.3	3458000	3459000	Rv3090	3458500.0	0	3458500.0
NC_000962.3	3459000	3460000	Rv3090,Rv3091	3459500.0	0	3459500.0
NC_000962.3	3460000	3461000	Rv3091,Rv3092c	3460500.0	0	3460500.0
NC_000962.3	3461000	3462000	Rv3092c,Rv3093c	3461500.0	0	3461500.0
NC_000962.3	3462000	3463000	Rv3093c,Rv3094c	3462500.0	0	3462500.0
NC_000962.3	3463000	3464000	Rv3094c,Rv3095	3463500.0	0	3463500.0
NC_000962.3	3464000	3465000	Rv3095,Rv3096	3464500.0	0	3464500.0
NC_000962.3	3465000	3466000	Rv3096,lipY	3465500.0	0	3465500.0
NC_000962.3	3466000	3467000	lipY	3466500.0	0	3466500.0
NC_000962.3	3467000	3468000	lipY,Rv3098c,Rv3098A	3467500.0	0	3467500.0
NC_000962.3	3468000	3469000	Rv3099c	3468500.0	0	3468500.0
NC_000962.3	3469000	3470000	Rv3099c,smpB,ftsX	3469500.0	0	3469500.0
NC_000962.3	3470000	3471000	ftsX,ftsE	3470500.0	0	3470500.0
NC_000962.3	3471000	3472000	ftsE,Rv3103c,Rv3104c	3471500.0	0	3471500.0
NC_000962.3	3472000	3473000	Rv3104c,prfB	3472500.0	0	3472500.0
NC_000962.3	3473000	3474000	prfB	3473500.0	0	3473500.0
NC_000962.3	3474000	3475000	fprA	3474500.0	0	3474500.0
NC_000962.3	3475000	3476000	fprA,agpS	3475500.0	0	3475500.0
NC_000962.3	3476000	3477000	agpS	3476500.0	0	3476500.0
NC_000962.3	3477000	3478000	Rv3108,moaA1	3477500.0	0	3477500.0
NC_000962.3	3478000	3479000	moaA1,moaB1	3478500.0	0	3478500.0
NC_000962.3	3479000	3480000	moaB1,moaC1,moaD1	3479500.0	0	3479500.0
NC_000962.3	3480000	3481000	Rv3113,Rv3114	3480500.0	0	3480500.0
NC_000962.3	3481000	3482000	Rv3114,Rv3115	3481500.0	0	3481500.0
NC_000962.3	3482000	3483000	Rv3115,moeB2	3482500.0	0	3482500.0
NC_000962.3	3483000	3484000	moeB2,cysA3	3483500.0	0	3483500.0
NC_000962.3	3484000	3485000	cysA3,sseC1	3484500.0	0	3484500.0
NC_000962.3	3485000	3486000	sseC1,moaE1,Rv3120	3485500.0	0	3485500.0
NC_000962.3	3486000	3487000	Rv3120,cyp141	3486500.0	0	3486500.0
NC_000962.3	3487000	3488000	cyp141	3487500.0	0	3487500.0
NC_000962.3	3488000	3489000	Rv3122,Rv3123	3488500.0	0	3488500.0
NC_000962.3	3489000	3490000	Rv3123,moaR1	3489500.0	0	3489500.0
NC_000962.3	3490000	3491000	moaR1,PPE49	3490500.0	0	3490500.0
NC_000962.3	3491000	3492000	PPE49,Rv3126c	3491500.0	0	3491500.0
NC_000962.3	3492000	3493000	Rv3126c,Rv3127	3492500.0	0	3492500.0
NC_000962.3	3493000	3494000	Rv3127,Rv3128c	3493500.0	0	3493500.0
NC_000962.3	3494000	3495000	Rv3128c,Rv3129,tgs1	3494500.0	0	3494500.0
NC_000962.3	3495000	3496000	tgs1	3495500.0	0	3495500.0
NC_000962.3	3496000	3497000	tgs1,Rv3131	3496500.0	0	3496500.0
NC_000962.3	3497000	3498000	Rv3131,devS	3497500.0	0	3497500.0
NC_000962.3	3498000	3499000	devS	3498500.0	0	3498500.0
NC_000962.3	3499000	3500000	devS,devR,Rv3134c	3499500.0	0	3499500.0
NC_000962.3	3500000	3501000	Rv3134c	3500500.0	0	3500500.0
NC_000962.3	3501000	3502000	PPE50,PPE51	3501500.0	0	3501500.0
NC_000962.3	3502000	3503000	PPE51,Rv3136A	3502500.0	0	3502500.0
NC_000962.3	3503000	3504000	Rv3136A,Rv3137	3503500.0	0	3503500.0
NC_000962.3	3504000	3505000	Rv3137,pflA	3504500.0	0	3504500.0
NC_000962.3	3505000	3506000	pflA,fadE24	3505500.0	0	3505500.0
NC_000962.3	3506000	3507000	fadE24,fadE23	3506500.0	0	3506500.0
NC_000962.3	3507000	3508000	fadE23	3507500.0	0	3507500.0
NC_000962.3	3508000	3509000	fadB4	3508500.0	0	3508500.0
NC_000962.3	3509000	3510000	fadB4,Rv3142c,Rv3143	3509500.0	0	3509500.0
NC_000962.3	3510000	3511000	Rv3143,PPE52	3510500.0	0	3510500.0
NC_000962.3	3511000	3512000	PPE52,nuoA	3511500.0	0	3511500.0
NC_000962.3	3512000	3513000	nuoA,nuoB,nuoC	3512500.0	0	3512500.0
NC_000962.3	3513000	3514000	nuoC,nuoD	3513500.0	0	3513500.0
NC_000962.3	3514000	3515000	nuoD,nuoE	3514500.0	0	3514500.0
NC_000962.3	3515000	3516000	nuoE,nuoF	3515500.0	0	3515500.0
NC_000962.3	3516000	3517000	nuoF,nuoG	3516500.0	0	3516500.0
NC_000962.3	3517000	3518000	nuoG	3517500.0	0	3517500.0
NC_000962.3	3518000	3519000	nuoG	3518500.0	0	3518500.0
NC_000962.3	3519000	3520000	nuoG,nuoH	3519500.0	0	3519500.0
NC_000962.3	3520000	3521000	nuoH,nuoI	3520500.0	0	3520500.0
NC_000962.3	3521000	3522000	nuoI,nuoJ,nuoK	3521500.0	0	3521500.0
NC_000962.3	3522000	3523000	nuoK,nuoL	3522500.0	0	3522500.0
NC_000962.3	3523000	3524000	nuoL	3523500.0	0	3523500.0
NC_000962.3	3524000	3525000	nuoL,nuoM	3524500.0	0	3524500.0
NC_000962.3	3525000	3526000	nuoM,nuoN	3525500.0	0	3525500.0
NC_000962.3	3526000	3527000	nuoN	3526500.0	0	3526500.0
NC_000962.3	3527000	3528000	nuoN,PPE53	3527500.0	0	3527500.0
NC_000962.3	3528000	3529000	PPE53	3528500.0	1	3528500.0
NC_000962.3	3529000	3530000	PPE53,Rv3160c,Rv3161c	3529500.0	0	3529500.0
NC_000962.3	3530000	3531000	Rv3161c	3530500.0	0	3530500.0
NC_000962.3	3531000	3532000	Rv3161c,Rv3162c,Rv3163c	3531500.0	0	3531500.0
NC_000962.3	3532000	3533000	Rv3163c,moxR3	3532500.0	0	3532500.0
NC_000962.3	3533000	3534000	moxR3,Rv3165c	3533500.0	0	3533500.0
NC_000962.3	3534000	3535000	Rv3165c,Rv3166c	3534500.0	0	3534500.0
NC_000962.3	3535000	3536000	Rv3166c,Rv3167c	3535500.0	0	3535500.0
NC_000962.3	3536000	3537000	Rv3167c,Rv3168	3536500.0	0	3536500.0
NC_000962.3	3537000	3538000	Rv3168,Rv3169	3537500.0	0	3537500.0
NC_000962.3	3538000	3539000	Rv3169,aofH	3538500.0	0	3538500.0
NC_000962.3	3539000	3540000	aofH,hpx	3539500.0	0	3539500.0
NC_000962.3	3540000	3541000	hpx,Rv3172c	3540500.0	0	3540500.0
NC_000962.3	3541000	3542000	Rv3172c,Rv3173c	3541500.0	0	3541500.0
NC_000962.3	3542000	3543000	Rv3173c,Rv3174,Rv3175	3542500.0	0	3542500.0
NC_000962.3	3543000	3544000	Rv3175	3543500.0	0	3543500.0
NC_000962.3	3544000	3545000	Rv3175,mesT	3544500.0	0	3544500.0
NC_000962.3	3545000	3546000	mesT,Rv3177	3545500.0	0	3545500.0
NC_000962.3	3546000	3547000	Rv3177,Rv3178	3546500.0	0	3546500.0
NC_000962.3	3547000	3548000	Rv3179	3547500.0	0	3547500.0
NC_000962.3	3548000	3549000	Rv3179	3548500.0	0	3548500.0
NC_000962.3	3549000	3550000	Rv3180c,Rv3181c	3549500.0	0	3549500.0
NC_000962.3	3550000	3551000	Rv3181c,Rv3182,Rv3183	3550500.0	0	3550500.0
NC_000962.3	3551000	3552000	Rv3183,Rv3184,Rv3185	3551500.0	0	3551500.0
NC_000962.3	3552000	3553000	Rv3185,Rv3186	3552500.0	0	3552500.0
NC_000962.3	3553000	3554000	Rv3186,Rv3187	3553500.0	0	3553500.0
NC_000962.3	3554000	3555000	Rv3187,Rv3188,Rv3189	3554500.0	0	3554500.0
NC_000962.3	3555000	3556000	Rv3189,Rv3190c	3555500.0	0	3555500.0
NC_000962.3	3556000	3557000	Rv3190c,Rv3190A	3556500.0	0	3556500.0
NC_000962.3	3557000	3558000	Rv3190A,Rv3191c	3557500.0	0	3557500.0
NC_000962.3	3558000	3559000	Rv3191c	3558500.0	0	3558500.0
NC_000962.3	3559000	3560000	metU,Rv3192	3559500.0	0	3559500.0
NC_000962.3	3560000	3561000	Rv3192,Rv3193c	3560500.0	0	3560500.0
NC_000962.3	3561000	3562000	Rv3193c	3561500.0	0	3561500.0
NC_000962.3	3562000	3563000	Rv3193c	3562500.0	0	3562500.0
NC_000962.3	3563000	3564000	Rv3193c,Rv3194c	3563500.0	0	3563500.0
NC_000962.3	3564000	3565000	Rv3194c,Rv3195	3564500.0	0	3564500.0
NC_000962.3	3565000	3566000	Rv3195,Rv3196	3565500.0	0	3565500.0
NC_000962.3	3566000	3567000	Rv3196,Rv3196A	3566500.0	0	3566500.0
NC_000962.3	3567000	3568000	Rv3197	3567500.0	0	3567500.0
NC_000962.3	3568000	3569000	Rv3197,whiB7	3568500.0	0	3568500.0
NC_000962.3	3569000	3570000	uvrD2	3569500.0	0	3569500.0
NC_000962.3	3570000	3571000	uvrD2	3570500.0	0	3570500.0
NC_000962.3	3571000	3572000	uvrD2,Rv3198A,nudC	3571500.0	0	3571500.0
NC_000962.3	3572000	3573000	nudC,Rv3200c	3572500.0	0	3572500.0
NC_000962.3	3573000	3574000	Rv3200c,Rv3201c	3573500.0	0	3573500.0
NC_000962.3	3574000	3575000	Rv3201c	3574500.0	0	3574500.0
NC_000962.3	3575000	3576000	Rv3201c	3575500.0	0	3575500.0
NC_000962.3	3576000	3577000	Rv3201c	3576500.0	0	3576500.0
NC_000962.3	3577000	3578000	Rv3201c,Rv3202c	3577500.0	0	3577500.0
NC_000962.3	3578000	3579000	Rv3202c	3578500.0	0	3578500.0
NC_000962.3	3579000	3580000	Rv3202c	3579500.0	0	3579500.0
NC_000962.3	3580000	3581000	Rv3202c,lipV	3580500.0	0	3580500.0
NC_000962.3	3581000	3582000	lipV,Rv3204,Rv3205c	3581500.0	0	3581500.0
NC_000962.3	3582000	3583000	Rv3205c,moeB1	3582500.0	0	3582500.0
NC_000962.3	3583000	3584000	moeB1,Rv3207c	3583500.0	0	3583500.0
NC_000962.3	3584000	3585000	Rv3207c	3584500.0	0	3584500.0
NC_000962.3	3585000	3586000	Rv3208,TB9.4	3585500.0	0	3585500.0
NC_000962.3	3586000	3587000	Rv3209,Rv3210c	3586500.0	0	3586500.0
NC_000962.3	3587000	3588000	Rv3210c,rhlE	3587500.0	0	3587500.0
NC_000962.3	3588000	3589000	rhlE	3588500.0	0	3588500.0
NC_000962.3	3589000	3590000	rhlE,Rv3212	3589500.0	0	3589500.0
NC_000962.3	3590000	3591000	Rv3212,Rv3213c	3590500.0	0	3590500.0
NC_000962.3	3591000	3592000	Rv3213c,gpm2	3591500.0	0	3591500.0
NC_000962.3	3592000	3593000	gpm2,entC	3592500.0	0	3592500.0
NC_000962.3	3593000	3594000	entC,Rv3216,Rv3217c	3593500.0	0	3593500.0
NC_000962.3	3594000	3595000	Rv3217c,Rv3218	3594500.0	0	3594500.0
NC_000962.3	3595000	3596000	Rv3218,whiB1	3595500.0	0	3595500.0
NC_000962.3	3596000	3597000	Rv3220c	3596500.0	0	3596500.0
NC_000962.3	3597000	3598000	Rv3220c,TB7.3	3597500.0	0	3597500.0
NC_000962.3	3598000	3599000	rshA,Rv3222c,sigH	3598500.0	0	3598500.0
NC_000962.3	3599000	3600000	sigH,Rv3224	3599500.0	0	3599500.0
NC_000962.3	3600000	3601000	Rv3224,Rv3224A,Rv3224B	3600500.0	0	3600500.0
NC_000962.3	3601000	3602000	Rv3224B,Rv3225c	3601500.0	0	3601500.0
NC_000962.3	3602000	3603000	Rv3225c,Rv3226c	3602500.0	0	3602500.0
NC_000962.3	3603000	3604000	Rv3226c,aroA	3603500.0	0	3603500.0
NC_000962.3	3604000	3605000	aroA,Rv3228	3604500.0	0	3604500.0
NC_000962.3	3605000	3606000	Rv3228,desA3	3605500.0	0	3605500.0
NC_000962.3	3606000	3607000	desA3	3606500.0	0	3606500.0
NC_000962.3	3607000	3608000	desA3,Rv3230c	3607500.0	0	3607500.0
NC_000962.3	3608000	3609000	Rv3230c,Rv3231c,ppk2	3608500.0	0	3608500.0
NC_000962.3	3609000	3610000	ppk2,Rv3233c	3609500.0	0	3609500.0
NC_000962.3	3610000	3611000	Rv3233c,tgs3	3610500.0	0	3610500.0
NC_000962.3	3611000	3612000	tgs3,Rv3235,Rv3236c	3611500.0	0	3611500.0
NC_000962.3	3612000	3613000	Rv3236c	3612500.0	0	3612500.0
NC_000962.3	3613000	3614000	Rv3236c,Rv3237c,Rv3238c	3613500.0	0	3613500.0
NC_000962.3	3614000	3615000	Rv3238c,Rv3239c	3614500.0	0	3614500.0
NC_000962.3	3615000	3616000	Rv3239c	3615500.0	0	3615500.0
NC_000962.3	3616000	3617000	Rv3239c	3616500.0	0	3616500.0
NC_000962.3	3617000	3618000	Rv3239c,secA1	3617500.0	0	3617500.0
NC_000962.3	3618000	3619000	secA1	3618500.0	0	3618500.0
NC_000962.3	3619000	3620000	secA1	3619500.0	0	3619500.0
NC_000962.3	3620000	3621000	secA1,Rv3241c	3620500.0	0	3620500.0
NC_000962.3	3621000	3622000	Rv3241c,Rv3242c	3621500.0	0	3621500.0
NC_000962.3	3622000	3623000	Rv3242c,Rv3243c	3622500.0	0	3622500.0
NC_000962.3	3623000	3624000	Rv3243c,lpqB	3623500.0	0	3623500.0
NC_000962.3	3624000	3625000	lpqB,mtrB	3624500.0	0	3624500.0
NC_000962.3	3625000	3626000	mtrB	3625500.0	0	3625500.0
NC_000962.3	3626000	3627000	mtrB,mtrA	3626500.0	0	3626500.0
NC_000962.3	3627000	3628000	mtrA,tmk	3627500.0	0	3627500.0
NC_000962.3	3628000	3629000	tmk,sahH	3628500.0	0	3628500.0
NC_000962.3	3629000	3630000	sahH,Rv3249c	3629500.0	0	3629500.0
NC_000962.3	3630000	3631000	Rv3249c,rubB,rubA,alkB	3630500.0	0	3630500.0
NC_000962.3	3631000	3632000	alkB	3631500.0	0	3631500.0
NC_000962.3	3632000	3633000	Rv3253c	3632500.0	0	3632500.0
NC_000962.3	3633000	3634000	Rv3253c,Rv3254	3633500.0	0	3633500.0
NC_000962.3	3634000	3635000	Rv3254	3634500.0	0	3634500.0
NC_000962.3	3635000	3636000	Rv3254,manA	3635500.0	0	3635500.0
NC_000962.3	3636000	3637000	manA,Rv3256c	3636500.0	0	3636500.0
NC_000962.3	3637000	3638000	Rv3256c,pmmA	3637500.0	0	3637500.0
NC_000962.3	3638000	3639000	pmmA,Rv3258c	3638500.0	0	3638500.0
NC_000962.3	3639000	3640000	Rv3258c,Rv3259,whiB2	3639500.0	0	3639500.0
NC_000962.3	3640000	3641000	whiB2,fbiA	3640500.0	0	3640500.0
NC_000962.3	3641000	3642000	fbiA,fbiB	3641500.0	0	3641500.0
NC_000962.3	3642000	3643000	fbiB	3642500.0	0	3642500.0
NC_000962.3	3643000	3644000	Rv3263	3643500.0	0	3643500.0
NC_000962.3	3644000	3645000	Rv3263,manB	3644500.0	0	3644500.0
NC_000962.3	3645000	3646000	manB,wbbL1	3645500.0	0	3645500.0
NC_000962.3	3646000	3647000	wbbL1,rmlD	3646500.0	0	3646500.0
NC_000962.3	3647000	3648000	rmlD,Rv3267	3647500.0	0	3647500.0
NC_000962.3	3648000	3649000	Rv3267	3648500.0	0	3648500.0
NC_000962.3	3649000	3650000	Rv3267,Rv3268	3649500.0	0	3649500.0
NC_000962.3	3650000	3651000	Rv3268,Rv3269,ctpC	3650500.0	0	3650500.0
NC_000962.3	3651000	3652000	ctpC	3651500.0	0	3651500.0
NC_000962.3	3652000	3653000	ctpC,Rv3271c	3652500.0	0	3652500.0
NC_000962.3	3653000	3654000	Rv3271c,Rv3272	3653500.0	0	3653500.0
NC_000962.3	3654000	3655000	Rv3272,Rv3273	3654500.0	0	3654500.0
NC_000962.3	3655000	3656000	Rv3273	3655500.0	0	3655500.0
NC_000962.3	3656000	3657000	Rv3273,fadE25	3656500.0	0	3656500.0
NC_000962.3	3657000	3658000	fadE25	3657500.0	0	3657500.0
NC_000962.3	3658000	3659000	fadE25,purE,purK	3658500.0	0	3658500.0
NC_000962.3	3659000	3660000	purK,Rv3277	3659500.0	0	3659500.0
NC_000962.3	3660000	3661000	Rv3277,Rv3278c	3660500.0	0	3660500.0
NC_000962.3	3661000	3662000	Rv3278c,birA	3661500.0	0	3661500.0
NC_000962.3	3662000	3663000	birA,accD5	3662500.0	0	3662500.0
NC_000962.3	3663000	3664000	accD5,accE5	3663500.0	0	3663500.0
NC_000962.3	3664000	3665000	accE5,Rv3282,sseA	3664500.0	0	3664500.0
NC_000962.3	3665000	3666000	sseA,Rv3284	3665500.0	0	3665500.0
NC_000962.3	3666000	3667000	Rv3284,accA3	3666500.0	0	3666500.0
NC_000962.3	3667000	3668000	accA3	3667500.0	0	3667500.0
NC_000962.3	3668000	3669000	accA3,sigF,rsbW	3668500.0	0	3668500.0
NC_000962.3	3669000	3670000	rsbW,usfY	3669500.0	0	3669500.0
NC_000962.3	3670000	3671000	Rv3289c,lat	3670500.0	0	3670500.0
NC_000962.3	3671000	3672000	lat,lrpA	3671500.0	0	3671500.0
NC_000962.3	3672000	3673000	lrpA,Rv3292	3672500.0	0	3672500.0
NC_000962.3	3673000	3674000	Rv3292,pcd	3673500.0	0	3673500.0
NC_000962.3	3674000	3675000	pcd	3674500.0	0	3674500.0
NC_000962.3	3675000	3676000	pcd,Rv3294c	3675500.0	0	3675500.0
NC_000962.3	3676000	3677000	Rv3295,lhr	3676500.0	0	3676500.0
NC_000962.3	3677000	3678000	lhr	3677500.0	0	3677500.0
NC_000962.3	3678000	3679000	lhr	3678500.0	0	3678500.0
NC_000962.3	3679000	3680000	lhr	3679500.0	0	3679500.0
NC_000962.3	3680000	3681000	lhr	3680500.0	0	3680500.0
NC_000962.3	3681000	3682000	lhr,nei	3681500.0	0	3681500.0
NC_000962.3	3682000	3683000	nei,lpqC	3682500.0	0	3682500.0
NC_000962.3	3683000	3684000	lpqC,atsB	3683500.0	0	3683500.0
NC_000962.3	3684000	3685000	atsB	3684500.0	0	3684500.0
NC_000962.3	3685000	3686000	atsB,Rv3300c	3685500.0	0	3685500.0
NC_000962.3	3686000	3687000	Rv3300c,phoY1	3686500.0	0	3686500.0
NC_000962.3	3687000	3688000	phoY1,glpD2	3687500.0	0	3687500.0
NC_000962.3	3688000	3689000	glpD2	3688500.0	0	3688500.0
NC_000962.3	3689000	3690000	glpD2,lpdA	3689500.0	0	3689500.0
NC_000962.3	3690000	3691000	lpdA	3690500.0	0	3690500.0
NC_000962.3	3691000	3692000	Rv3304,amiA1	3691500.0	0	3691500.0
NC_000962.3	3692000	3693000	amiA1,amiB1	3692500.0	0	3692500.0
NC_000962.3	3693000	3694000	amiB1	3693500.0	0	3693500.0
NC_000962.3	3694000	3695000	deoD,pmmB	3694500.0	0	3694500.0
NC_000962.3	3695000	3696000	pmmB	3695500.0	0	3695500.0
NC_000962.3	3696000	3697000	pmmB,upp	3696500.0	0	3696500.0
NC_000962.3	3697000	3698000	upp,sapM	3697500.0	0	3697500.0
NC_000962.3	3698000	3699000	sapM,Rv3311	3698500.0	0	3698500.0
NC_000962.3	3699000	3700000	Rv3311,Rv3312c	3699500.0	0	3699500.0
NC_000962.3	3700000	3701000	Rv3312c,Rv3312A	3700500.0	0	3700500.0
NC_000962.3	3701000	3702000	Rv3312A,add	3701500.0	0	3701500.0
NC_000962.3	3702000	3703000	add,deoA	3702500.0	0	3702500.0
NC_000962.3	3703000	3704000	deoA,cdd	3703500.0	0	3703500.0
NC_000962.3	3704000	3705000	sdhC,sdhD,sdhA	3704500.0	0	3704500.0
NC_000962.3	3705000	3706000	sdhA	3705500.0	0	3705500.0
NC_000962.3	3706000	3707000	sdhA,sdhB	3706500.0	0	3706500.0
NC_000962.3	3707000	3708000	sdhB,vapC44	3707500.0	0	3707500.0
NC_000962.3	3708000	3709000	vapC44,vapB44,Rv3322c	3708500.0	0	3708500.0
NC_000962.3	3709000	3710000	Rv3322c,moaX,moaC3	3709500.0	0	3709500.0
NC_000962.3	3710000	3711000	moaC3,Rv3324A,Rv3325,Rv3326	3710500.0	0	3710500.0
NC_000962.3	3711000	3712000	Rv3326,Rv3327	3711500.0	0	3711500.0
NC_000962.3	3712000	3713000	Rv3327	3712500.0	0	3712500.0
NC_000962.3	3713000	3714000	Rv3327,sigJ	3713500.0	0	3713500.0
NC_000962.3	3714000	3715000	sigJ,Rv3329	3714500.0	0	3714500.0
NC_000962.3	3715000	3716000	Rv3329,dacB1	3715500.0	0	3715500.0
NC_000962.3	3716000	3717000	dacB1	3716500.0	0	3716500.0
NC_000962.3	3717000	3718000	sugI	3717500.0	0	3717500.0
NC_000962.3	3718000	3719000	sugI,nagA	3718500.0	0	3718500.0
NC_000962.3	3719000	3720000	nagA,Rv3333c	3719500.0	0	3719500.0
NC_000962.3	3720000	3721000	Rv3333c	3720500.0	0	3720500.0
NC_000962.3	3721000	3722000	Rv3334,Rv3335c	3721500.0	0	3721500.0
NC_000962.3	3722000	3723000	Rv3335c,trpS	3722500.0	0	3722500.0
NC_000962.3	3723000	3724000	trpS,Rv3337,Rv3338	3723500.0	0	3723500.0
NC_000962.3	3724000	3725000	Rv3337,Rv3338,icd1	3724500.0	0	3724500.0
NC_000962.3	3725000	3726000	icd1	3725500.0	0	3725500.0
NC_000962.3	3726000	3727000	metC	3726500.0	0	3726500.0
NC_000962.3	3727000	3728000	metC,metA	3727500.0	0	3727500.0
NC_000962.3	3728000	3729000	metA,Rv3342	3728500.0	0	3728500.0
NC_000962.3	3729000	3730000	Rv3342,PPE54	3729500.0	0	3729500.0
NC_000962.3	3730000	3731000	PPE54	3730500.0	2	3730500.0
NC_000962.3	3731000	3732000	PPE54	3731500.0	0	3731500.0
NC_000962.3	3732000	3733000	PPE54	3732500.0	0	3732500.0
NC_000962.3	3733000	3734000	PPE54	3733500.0	0	3733500.0
NC_000962.3	3734000	3735000	PPE54	3734500.0	0	3734500.0
NC_000962.3	3735000	3736000	PPE54	3735500.0	7	3735500.0
NC_000962.3	3736000	3737000	PPE54,PE_PGRS49	3736500.0	6	3736500.0
NC_000962.3	3737000	3738000	PE_PGRS49	3737500.0	0	3737500.0
NC_000962.3	3738000	3739000	PE_PGRS49,PE_PGRS50	3738500.0	0	3738500.0
NC_000962.3	3739000	3740000	PE_PGRS50	3739500.0	1	3739500.0
NC_000962.3	3740000	3741000	PE_PGRS50	3740500.0	0	3740500.0
NC_000962.3	3741000	3742000	PE_PGRS50	3741500.0	0	3741500.0
NC_000962.3	3742000	3743000	PE_PGRS50	3742500.0	0	3742500.0
NC_000962.3	3743000	3744000	Rv3346c,PPE55	3743500.0	0	3743500.0
NC_000962.3	3744000	3745000	PPE55	3744500.0	0	3744500.0
NC_000962.3	3745000	3746000	PPE55	3745500.0	0	3745500.0
NC_000962.3	3746000	3747000	PPE55	3746500.0	2	3746500.0
NC_000962.3	3747000	3748000	PPE55	3747500.0	0	3747500.0
NC_000962.3	3748000	3749000	PPE55	3748500.0	0	3748500.0
NC_000962.3	3749000	3750000	PPE55	3749500.0	0	3749500.0
NC_000962.3	3750000	3751000	PPE55	3750500.0	4	3750500.0
NC_000962.3	3751000	3752000	PPE55	3751500.0	0	3751500.0
NC_000962.3	3752000	3753000	PPE55	3752500.0	2	3752500.0
NC_000962.3	3753000	3754000	PPE55,Rv3348	3753500.0	0	3753500.0
NC_000962.3	3754000	3755000	Rv3348,Rv3349c	3754500.0	0	3754500.0
NC_000962.3	3755000	3756000	Rv3349c,PPE56	3755500.0	0	3755500.0
NC_000962.3	3756000	3757000	PPE56	3756500.0	0	3756500.0
NC_000962.3	3757000	3758000	PPE56	3757500.0	1	3757500.0
NC_000962.3	3758000	3759000	PPE56	3758500.0	1	3758500.0
NC_000962.3	3759000	3760000	PPE56	3759500.0	0	3759500.0
NC_000962.3	3760000	3761000	PPE56	3760500.0	0	3760500.0
NC_000962.3	3761000	3762000	PPE56	3761500.0	0	3761500.0
NC_000962.3	3762000	3763000	PPE56	3762500.0	0	3762500.0
NC_000962.3	3763000	3764000	PPE56	3763500.0	0	3763500.0
NC_000962.3	3764000	3765000	PPE56	3764500.0	0	3764500.0
NC_000962.3	3765000	3766000	PPE56	3765500.0	0	3765500.0
NC_000962.3	3766000	3767000	PPE56	3766500.0	3	3766500.0
NC_000962.3	3767000	3768000	PPE56,Rv3351c	3767500.0	0	3767500.0
NC_000962.3	3768000	3769000	Rv3351c,Rv3352c,Rv3353c	3768500.0	0	3768500.0
NC_000962.3	3769000	3770000	Rv3354,Rv3355c,folD	3769500.0	0	3769500.0
NC_000962.3	3770000	3771000	folD,relJ	3770500.0	0	3770500.0
NC_000962.3	3771000	3772000	relJ,relK,Rv3359	3771500.0	0	3771500.0
NC_000962.3	3772000	3773000	Rv3359,Rv3360	3772500.0	0	3772500.0
NC_000962.3	3773000	3774000	Rv3360,Rv3361c,Rv3362c	3773500.0	0	3773500.0
NC_000962.3	3774000	3775000	Rv3362c,Rv3363c,Rv3364c,Rv3365c	3774500.0	0	3774500.0
NC_000962.3	3775000	3776000	Rv3365c	3775500.0	0	3775500.0
NC_000962.3	3776000	3777000	Rv3365c	3776500.0	0	3776500.0
NC_000962.3	3777000	3778000	Rv3365c,spoU	3777500.0	0	3777500.0
NC_000962.3	3778000	3779000	spoU,PE_PGRS51	3778500.0	0	3778500.0
NC_000962.3	3779000	3780000	PE_PGRS51	3779500.0	0	3779500.0
NC_000962.3	3780000	3781000	PE_PGRS51,Rv3368c,Rv3369	3780500.0	0	3780500.0
NC_000962.3	3781000	3782000	Rv3369,dnaE2	3781500.0	0	3781500.0
NC_000962.3	3782000	3783000	dnaE2	3782500.0	0	3782500.0
NC_000962.3	3783000	3784000	dnaE2	3783500.0	0	3783500.0
NC_000962.3	3784000	3785000	dnaE2,Rv3371	3784500.0	0	3784500.0
NC_000962.3	3785000	3786000	Rv3371	3785500.0	0	3785500.0
NC_000962.3	3786000	3787000	Rv3371,otsB2	3786500.0	0	3786500.0
NC_000962.3	3787000	3788000	otsB2,echA18	3787500.0	0	3787500.0
NC_000962.3	3788000	3789000	echA18,echA18.1,amiD	3788500.0	0	3788500.0
NC_000962.3	3789000	3790000	amiD	3789500.0	0	3789500.0
NC_000962.3	3790000	3791000	amiD,Rv3376,Rv3377c	3790500.0	0	3790500.0
NC_000962.3	3791000	3792000	Rv3377c	3791500.0	0	3791500.0
NC_000962.3	3792000	3793000	Rv3377c,Rv3378c	3792500.0	0	3792500.0
NC_000962.3	3793000	3794000	Rv3378c,dxs2	3793500.0	0	3793500.0
NC_000962.3	3794000	3795000	dxs2	3794500.0	0	3794500.0
NC_000962.3	3795000	3796000	Rv3380c	3795500.0	0	3795500.0
NC_000962.3	3796000	3797000	Rv3380c,Rv3381c,lytB1	3796500.0	0	3796500.0
NC_000962.3	3797000	3798000	lytB1,idsB	3797500.0	0	3797500.0
NC_000962.3	3798000	3799000	idsB	3798500.0	0	3798500.0
NC_000962.3	3799000	3800000	vapC46,vapB46	3799500.0	0	3799500.0
NC_000962.3	3800000	3801000	Rv3386,Rv3387	3800500.0	0	3800500.0
NC_000962.3	3801000	3802000	Rv3387,PE_PGRS52	3801500.0	0	3801500.0
NC_000962.3	3802000	3803000	PE_PGRS52	3802500.0	0	3802500.0
NC_000962.3	3803000	3804000	PE_PGRS52,htdY	3803500.0	0	3803500.0
NC_000962.3	3804000	3805000	htdY,lpqD	3804500.0	0	3804500.0
NC_000962.3	3805000	3806000	lpqD,acrA1	3805500.0	0	3805500.0
NC_000962.3	3806000	3807000	acrA1	3806500.0	0	3806500.0
NC_000962.3	3807000	3808000	acrA1,cmaA1	3807500.0	0	3807500.0
NC_000962.3	3808000	3809000	cmaA1,iunH	3808500.0	0	3808500.0
NC_000962.3	3809000	3810000	iunH,Rv3394c	3809500.0	0	3809500.0
NC_000962.3	3810000	3811000	Rv3394c	3810500.0	0	3810500.0
NC_000962.3	3811000	3812000	Rv3394c,Rv3395c,Rv3395A	3811500.0	0	3811500.0
NC_000962.3	3812000	3813000	Rv3395A,guaA	3812500.0	0	3812500.0
NC_000962.3	3813000	3814000	guaA	3813500.0	0	3813500.0
NC_000962.3	3814000	3815000	guaA,phyA	3814500.0	0	3814500.0
NC_000962.3	3815000	3816000	idsA1	3815500.0	0	3815500.0
NC_000962.3	3816000	3817000	idsA1,Rv3399	3816500.0	0	3816500.0
NC_000962.3	3817000	3818000	Rv3399,Rv3400	3817500.0	0	3817500.0
NC_000962.3	3818000	3819000	Rv3400,Rv3401	3818500.0	0	3818500.0
NC_000962.3	3819000	3820000	Rv3401	3819500.0	0	3819500.0
NC_000962.3	3820000	3821000	Rv3401,Rv3402c	3820500.0	0	3820500.0
NC_000962.3	3821000	3822000	Rv3402c	3821500.0	0	3821500.0
NC_000962.3	3822000	3823000	Rv3403c	3822500.0	0	3822500.0
NC_000962.3	3823000	3824000	Rv3403c,Rv3404c	3823500.0	0	3823500.0
NC_000962.3	3824000	3825000	Rv3404c,Rv3405c	3824500.0	0	3824500.0
NC_000962.3	3825000	3826000	Rv3405c,Rv3406	3825500.0	0	3825500.0
NC_000962.3	3826000	3827000	Rv3406,vapB47,vapC47,choD	3826500.0	0	3826500.0
NC_000962.3	3827000	3828000	choD	3827500.0	0	3827500.0
NC_000962.3	3828000	3829000	choD,guaB3	3828500.0	0	3828500.0
NC_000962.3	3829000	3830000	guaB3,guaB2	3829500.0	0	3829500.0
NC_000962.3	3830000	3831000	guaB2	3830500.0	0	3830500.0
NC_000962.3	3831000	3832000	guaB2,Rv3412	3831500.0	0	3831500.0
NC_000962.3	3832000	3833000	Rv3412,Rv3413c	3832500.0	0	3832500.0
NC_000962.3	3833000	3834000	Rv3413c,sigD,Rv3415c	3833500.0	0	3833500.0
NC_000962.3	3834000	3835000	Rv3415c,whiB3	3834500.0	0	3834500.0
NC_000962.3	3835000	3836000	whiB3,groEL1	3835500.0	0	3835500.0
NC_000962.3	3836000	3837000	groEL1,groES	3836500.0	0	3836500.0
NC_000962.3	3837000	3838000	groES,gcp	3837500.0	0	3837500.0
NC_000962.3	3838000	3839000	gcp,rimI	3838500.0	0	3838500.0
NC_000962.3	3839000	3840000	rimI,Rv3421c,Rv3422c	3839500.0	0	3839500.0
NC_000962.3	3840000	3841000	Rv3422c,alr	3840500.0	0	3840500.0
NC_000962.3	3841000	3842000	alr,Rv3424c	3841500.0	3	3841500.0
NC_000962.3	3842000	3843000	Rv3424c,PPE57	3842500.0	0	3842500.0
NC_000962.3	3843000	3844000	PPE58,Rv3427c	3843500.0	0	3843500.0
NC_000962.3	3844000	3845000	Rv3427c,Rv3428c	3844500.0	0	3844500.0
NC_000962.3	3845000	3846000	Rv3428c	3845500.0	0	3845500.0
NC_000962.3	3846000	3847000		3846500.0	0	3846500.0
NC_000962.3	3847000	3848000	PPE59,Rv3430c	3847500.0	3	3847500.0
NC_000962.3	3848000	3849000	Rv3430c	3848500.0	0	3848500.0
NC_000962.3	3849000	3850000	Rv3431c	3849500.0	0	3849500.0
NC_000962.3	3850000	3851000	Rv3431c,gadB	3850500.0	0	3850500.0
NC_000962.3	3851000	3852000	gadB,Rv3433c	3851500.0	0	3851500.0
NC_000962.3	3852000	3853000	Rv3433c	3852500.0	0	3852500.0
NC_000962.3	3853000	3854000	Rv3433c,Rv3434c,Rv3435c	3853500.0	0	3853500.0
NC_000962.3	3854000	3855000	Rv3435c	3854500.0	0	3854500.0
NC_000962.3	3855000	3856000	glmS	3855500.0	0	3855500.0
NC_000962.3	3856000	3857000	glmS,Rv3437	3856500.0	0	3856500.0
NC_000962.3	3857000	3858000	Rv3437,Rv3438	3857500.0	0	3857500.0
NC_000962.3	3858000	3859000	Rv3438,Rv3439c	3858500.0	0	3858500.0
NC_000962.3	3859000	3860000	Rv3439c,Rv3440c	3859500.0	0	3859500.0
NC_000962.3	3860000	3861000	mrsA	3860500.0	0	3860500.0
NC_000962.3	3861000	3862000	mrsA,rpsI,rplM	3861500.0	0	3861500.0
NC_000962.3	3862000	3863000	rplM,esxT,esxU	3862500.0	0	3862500.0
NC_000962.3	3863000	3864000	esxU,Rv3446c	3863500.0	0	3863500.0
NC_000962.3	3864000	3865000	Rv3446c,eccC4	3864500.0	0	3864500.0
NC_000962.3	3865000	3866000	eccC4	3865500.0	0	3865500.0
NC_000962.3	3866000	3867000	eccC4	3866500.0	0	3866500.0
NC_000962.3	3867000	3868000	eccC4	3867500.0	0	3867500.0
NC_000962.3	3868000	3869000	eccC4,eccD4	3868500.0	0	3868500.0
NC_000962.3	3869000	3870000	eccD4,mycP4	3869500.0	0	3869500.0
NC_000962.3	3870000	3871000	mycP4	3870500.0	0	3870500.0
NC_000962.3	3871000	3872000	mycP4,eccB4	3871500.0	0	3871500.0
NC_000962.3	3872000	3873000	eccB4,cut3	3872500.0	0	3872500.0
NC_000962.3	3873000	3874000	cut3,cut4	3873500.0	0	3873500.0
NC_000962.3	3874000	3875000	cut4,Rv3453,Rv3454	3874500.0	0	3874500.0
NC_000962.3	3875000	3876000	Rv3454	3875500.0	0	3875500.0
NC_000962.3	3876000	3877000	Rv3454,truA,rplQ	3876500.0	0	3876500.0
NC_000962.3	3877000	3878000	rplQ,rpoA	3877500.0	0	3877500.0
NC_000962.3	3878000	3879000	rpoA,rpsD	3878500.0	0	3878500.0
NC_000962.3	3879000	3880000	rpsD,rpsK,rpsM	3879500.0	0	3879500.0
NC_000962.3	3880000	3881000	rpsM,rpmJ,infA,Rv3463	3880500.0	0	3880500.0
NC_000962.3	3881000	3882000	Rv3463,rmlB	3881500.0	0	3881500.0
NC_000962.3	3882000	3883000	rmlB,rmlC	3882500.0	0	3882500.0
NC_000962.3	3883000	3884000	rmlC,Rv3466,Rv3467	3883500.0	16	3883500.0
NC_000962.3	3884000	3885000	Rv3466,Rv3467,Rv3468c	3884500.0	3	3884500.0
NC_000962.3	3885000	3886000	Rv3468c	3885500.0	0	3885500.0
NC_000962.3	3886000	3887000	Rv3468c,mhpE	3886500.0	0	3886500.0
NC_000962.3	3887000	3888000	mhpE,ilvB2	3887500.0	0	3887500.0
NC_000962.3	3888000	3889000	ilvB2,Rv3471c	3888500.0	0	3888500.0
NC_000962.3	3889000	3890000	Rv3471c,Rv3472,bpoA	3889500.0	0	3889500.0
NC_000962.3	3890000	3891000	bpoA,Rv3474	3890500.0	0	3890500.0
NC_000962.3	3891000	3892000	Rv3474,Rv3475	3891500.0	0	3891500.0
NC_000962.3	3892000	3893000	Rv3475,kgtP	3892500.0	0	3892500.0
NC_000962.3	3893000	3894000	kgtP	3893500.0	0	3893500.0
NC_000962.3	3894000	3895000	PE31,PPE60	3894500.0	1	3894500.0
NC_000962.3	3895000	3896000	PPE60,Rv3479	3895500.0	8	3895500.0
NC_000962.3	3896000	3897000	Rv3479	3896500.0	0	3896500.0
NC_000962.3	3897000	3898000	Rv3479	3897500.0	0	3897500.0
NC_000962.3	3898000	3899000	Rv3479,Rv3480c	3898500.0	0	3898500.0
NC_000962.3	3899000	3900000	Rv3480c	3899500.0	0	3899500.0
NC_000962.3	3900000	3901000	Rv3480c,Rv3481c	3900500.0	0	3900500.0
NC_000962.3	3901000	3902000	Rv3481c,Rv3482c	3901500.0	0	3901500.0
NC_000962.3	3902000	3903000	Rv3482c,Rv3483c	3902500.0	0	3902500.0
NC_000962.3	3903000	3904000	cpsA	3903500.0	0	3903500.0
NC_000962.3	3904000	3905000	cpsA,Rv3485c	3904500.0	0	3904500.0
NC_000962.3	3905000	3906000	Rv3485c,Rv3486	3905500.0	0	3905500.0
NC_000962.3	3906000	3907000	Rv3486,lipF	3906500.0	0	3906500.0
NC_000962.3	3907000	3908000	lipF,Rv3488	3907500.0	0	3907500.0
NC_000962.3	3908000	3909000	Rv3489,otsA	3908500.0	0	3908500.0
NC_000962.3	3909000	3910000	otsA,Rv3491	3909500.0	0	3909500.0
NC_000962.3	3910000	3911000	Rv3491,Rv3492c,Rv3493c	3910500.0	0	3910500.0
NC_000962.3	3911000	3912000	Rv3493c,mce4F	3911500.0	0	3911500.0
NC_000962.3	3912000	3913000	mce4F	3912500.0	0	3912500.0
NC_000962.3	3913000	3914000	mce4F,lprN	3913500.0	0	3913500.0
NC_000962.3	3914000	3915000	lprN,mce4D	3914500.0	0	3914500.0
NC_000962.3	3915000	3916000	mce4D,mce4C	3915500.0	0	3915500.0
NC_000962.3	3916000	3917000	mce4C,mce4B	3916500.0	0	3916500.0
NC_000962.3	3917000	3918000	mce4B,mce4A	3917500.0	0	3917500.0
NC_000962.3	3918000	3919000	mce4A	3918500.0	0	3918500.0
NC_000962.3	3919000	3920000	mce4A,yrbE4B	3919500.0	0	3919500.0
NC_000962.3	3920000	3921000	yrbE4B,yrbE4A	3920500.0	0	3920500.0
NC_000962.3	3921000	3922000	Rv3502c	3921500.0	0	3921500.0
NC_000962.3	3922000	3923000	Rv3502c,fdxD,fadE26	3922500.0	0	3922500.0
NC_000962.3	3923000	3924000	fadE26,fadE27	3923500.0	0	3923500.0
NC_000962.3	3924000	3925000	fadE27,fadD17	3924500.0	0	3924500.0
NC_000962.3	3925000	3926000	fadD17	3925500.0	0	3925500.0
NC_000962.3	3926000	3927000	fadD17,PE_PGRS53	3926500.0	0	3926500.0
NC_000962.3	3927000	3928000	PE_PGRS53	3927500.0	0	3927500.0
NC_000962.3	3928000	3929000	PE_PGRS53	3928500.0	0	3928500.0
NC_000962.3	3929000	3930000	PE_PGRS53	3929500.0	0	3929500.0
NC_000962.3	3930000	3931000	PE_PGRS53	3930500.0	1	3930500.0
NC_000962.3	3931000	3932000	PE_PGRS54	3931500.0	0	3931500.0
NC_000962.3	3932000	3933000	PE_PGRS54	3932500.0	6	3932500.0
NC_000962.3	3933000	3934000	PE_PGRS54	3933500.0	0	3933500.0
NC_000962.3	3934000	3935000	PE_PGRS54	3934500.0	5	3934500.0
NC_000962.3	3935000	3936000	PE_PGRS54	3935500.0	5	3935500.0
NC_000962.3	3936000	3937000	PE_PGRS54,ilvX	3936500.0	0	3936500.0
NC_000962.3	3937000	3938000	ilvX	3937500.0	0	3937500.0
NC_000962.3	3938000	3939000	ilvX,Rv3510c	3938500.0	0	3938500.0
NC_000962.3	3939000	3940000	Rv3510c,PE_PGRS55	3939500.0	0	3939500.0
NC_000962.3	3940000	3941000	PE_PGRS55	3940500.0	0	3940500.0
NC_000962.3	3941000	3942000	PE_PGRS55,PE_PGRS56	3941500.0	2	3941500.0
NC_000962.3	3942000	3943000	PE_PGRS56	3942500.0	0	3942500.0
NC_000962.3	3943000	3944000	PE_PGRS56	3943500.0	1	3943500.0
NC_000962.3	3944000	3945000	PE_PGRS56	3944500.0	0	3944500.0
NC_000962.3	3945000	3946000	fadD18,PE_PGRS57	3945500.0	0	3945500.0
NC_000962.3	3946000	3947000	PE_PGRS57	3946500.0	0	3946500.0
NC_000962.3	3947000	3948000	PE_PGRS57	3947500.0	3	3947500.0
NC_000962.3	3948000	3949000	PE_PGRS57	3948500.0	0	3948500.0
NC_000962.3	3949000	3950000	PE_PGRS57	3949500.0	0	3949500.0
NC_000962.3	3950000	3951000	PE_PGRS57,fadD19	3950500.0	0	3950500.0
NC_000962.3	3951000	3952000	fadD19	3951500.0	0	3951500.0
NC_000962.3	3952000	3953000	fadD19,echA19	3952500.0	0	3952500.0
NC_000962.3	3953000	3954000	echA19,Rv3517	3953500.0	0	3953500.0
NC_000962.3	3954000	3955000	Rv3517,cyp142	3954500.0	0	3954500.0
NC_000962.3	3955000	3956000	cyp142,Rv3519	3955500.0	0	3955500.0
NC_000962.3	3956000	3957000	Rv3519,Rv3520c	3956500.0	0	3956500.0
NC_000962.3	3957000	3958000	Rv3520c,Rv3521	3957500.0	0	3957500.0
NC_000962.3	3958000	3959000	Rv3521,ltp4	3958500.0	0	3958500.0
NC_000962.3	3959000	3960000	ltp4,ltp3	3959500.0	0	3959500.0
NC_000962.3	3960000	3961000	ltp3,Rv3524	3960500.0	0	3960500.0
NC_000962.3	3961000	3962000	Rv3524,Rv3525c	3961500.0	0	3961500.0
NC_000962.3	3962000	3963000	Rv3525c,kshA	3962500.0	0	3962500.0
NC_000962.3	3963000	3964000	kshA,Rv3527	3963500.0	0	3963500.0
NC_000962.3	3964000	3965000	Rv3527,Rv3528c	3964500.0	0	3964500.0
NC_000962.3	3965000	3966000	Rv3528c,Rv3529c	3965500.0	0	3965500.0
NC_000962.3	3966000	3967000	Rv3529c	3966500.0	0	3966500.0
NC_000962.3	3967000	3968000	Rv3529c,Rv3530c,Rv3531c	3967500.0	0	3967500.0
NC_000962.3	3968000	3969000	Rv3531c	3968500.0	0	3968500.0
NC_000962.3	3969000	3970000	PPE61	3969500.0	0	3969500.0
NC_000962.3	3970000	3971000	PPE61,PPE62	3970500.0	0	3970500.0
NC_000962.3	3971000	3972000	PPE62	3971500.0	0	3971500.0
NC_000962.3	3972000	3973000	PPE62,hsaF	3972500.0	0	3972500.0
NC_000962.3	3973000	3974000	hsaF,hsaG	3973500.0	0	3973500.0
NC_000962.3	3974000	3975000	hsaG,hsaE	3974500.0	0	3974500.0
NC_000962.3	3975000	3976000	hsaE,kstD	3975500.0	0	3975500.0
NC_000962.3	3976000	3977000	kstD	3976500.0	0	3976500.0
NC_000962.3	3977000	3978000	kstD,Rv3538	3977500.0	0	3977500.0
NC_000962.3	3978000	3979000	PPE63	3978500.0	0	3978500.0
NC_000962.3	3979000	3980000	PPE63,ltp2	3979500.0	0	3979500.0
NC_000962.3	3980000	3981000	ltp2,Rv3541c	3980500.0	0	3980500.0
NC_000962.3	3981000	3982000	Rv3541c,Rv3542c,fadE29	3981500.0	0	3981500.0
NC_000962.3	3982000	3983000	fadE29	3982500.0	0	3982500.0
NC_000962.3	3983000	3984000	fadE29,fadE28	3983500.0	0	3983500.0
NC_000962.3	3984000	3985000	fadE28,cyp125	3984500.0	0	3984500.0
NC_000962.3	3985000	3986000	cyp125,fadA5	3985500.0	0	3985500.0
NC_000962.3	3986000	3987000	fadA5,ddn	3986500.0	0	3986500.0
NC_000962.3	3987000	3988000	ddn,Rv3548c	3987500.0	0	3987500.0
NC_000962.3	3988000	3989000	Rv3548c,Rv3549c	3988500.0	0	3988500.0
NC_000962.3	3989000	3990000	Rv3549c,echA20,Rv3551	3989500.0	0	3989500.0
NC_000962.3	3990000	3991000	Rv3551,Rv3552	3990500.0	0	3990500.0
NC_000962.3	3991000	3992000	Rv3552,Rv3553	3991500.0	0	3991500.0
NC_000962.3	3992000	3993000	Rv3553,fdxB	3992500.0	0	3992500.0
NC_000962.3	3993000	3994000	fdxB	3993500.0	0	3993500.0
NC_000962.3	3994000	3995000	fdxB,Rv3555c	3994500.0	0	3994500.0
NC_000962.3	3995000	3996000	Rv3555c,fadA6	3995500.0	0	3995500.0
NC_000962.3	3996000	3997000	fadA6	3996500.0	0	3996500.0
NC_000962.3	3997000	3998000	Rv3557c,PPE64	3997500.0	0	3997500.0
NC_000962.3	3998000	3999000	PPE64	3998500.0	0	3998500.0
NC_000962.3	3999000	4000000	PPE64,Rv3559c	3999500.0	0	3999500.0
NC_000962.3	4000000	4001000	Rv3559c,fadE30	4000500.0	0	4000500.0
NC_000962.3	4001000	4002000	fadE30,fadD3	4001500.0	0	4001500.0
NC_000962.3	4002000	4003000	fadD3	4002500.0	0	4002500.0
NC_000962.3	4003000	4004000	fadD3,fadE31	4003500.0	0	4003500.0
NC_000962.3	4004000	4005000	fadE31,fadE32	4004500.0	0	4004500.0
NC_000962.3	4005000	4006000	fadE32,fadE33	4005500.0	0	4005500.0
NC_000962.3	4006000	4007000	fadE33,aspB	4006500.0	0	4006500.0
NC_000962.3	4007000	4008000	aspB,nat	4007500.0	0	4007500.0
NC_000962.3	4008000	4009000	nat,Rv3566A,hsaB	4008500.0	0	4008500.0
NC_000962.3	4009000	4010000	hsaB,hsaC	4009500.0	0	4009500.0
NC_000962.3	4010000	4011000	hsaC,hsaD	4010500.0	0	4010500.0
NC_000962.3	4011000	4012000	hsaD,hsaA	4011500.0	0	4011500.0
NC_000962.3	4012000	4013000	hsaA,kshB	4012500.0	0	4012500.0
NC_000962.3	4013000	4014000	kshB,Rv3572	4013500.0	0	4013500.0
NC_000962.3	4014000	4015000	Rv3572,fadE34	4014500.0	0	4014500.0
NC_000962.3	4015000	4016000	fadE34	4015500.0	0	4015500.0
NC_000962.3	4016000	4017000	fadE34,kstR	4016500.0	0	4016500.0
NC_000962.3	4017000	4018000	kstR,Rv3575c	4017500.0	0	4017500.0
NC_000962.3	4018000	4019000	Rv3575c,lppH	4018500.0	0	4018500.0
NC_000962.3	4019000	4020000	lppH,Rv3577	4019500.0	0	4019500.0
NC_000962.3	4020000	4021000	Rv3577,arsB2	4020500.0	0	4020500.0
NC_000962.3	4021000	4022000	arsB2,Rv3579c	4021500.0	0	4021500.0
NC_000962.3	4022000	4023000	Rv3579c,cysS1	4022500.0	0	4022500.0
NC_000962.3	4023000	4024000	cysS1,ispF	4023500.0	0	4023500.0
NC_000962.3	4024000	4025000	ispF,ispD	4024500.0	0	4024500.0
NC_000962.3	4025000	4026000	ispD,Rv3583c,lpqE	4025500.0	0	4025500.0
NC_000962.3	4026000	4027000	lpqE,radA	4026500.0	0	4026500.0
NC_000962.3	4027000	4028000	radA,Rv3586	4027500.0	0	4027500.0
NC_000962.3	4028000	4029000	Rv3586,Rv3587c	4028500.0	0	4028500.0
NC_000962.3	4029000	4030000	Rv3587c,canB	4029500.0	0	4029500.0
NC_000962.3	4030000	4031000	canB,mutY	4030500.0	0	4030500.0
NC_000962.3	4031000	4032000	mutY,PE_PGRS58	4031500.0	0	4031500.0
NC_000962.3	4032000	4033000	PE_PGRS58	4032500.0	1	4032500.0
NC_000962.3	4033000	4034000	PE_PGRS58,Rv3591c	4033500.0	0	4033500.0
NC_000962.3	4034000	4035000	Rv3591c,mhuD,lpqF	4034500.0	0	4034500.0
NC_000962.3	4035000	4036000	lpqF,Rv3594	4035500.0	0	4035500.0
NC_000962.3	4036000	4037000	Rv3594,PE_PGRS59	4036500.0	0	4036500.0
NC_000962.3	4037000	4038000	PE_PGRS59	4037500.0	0	4037500.0
NC_000962.3	4038000	4039000	PE_PGRS59,clpC1	4038500.0	0	4038500.0
NC_000962.3	4039000	4040000	clpC1	4039500.0	0	4039500.0
NC_000962.3	4040000	4041000	clpC1,lsr2	4040500.0	0	4040500.0
NC_000962.3	4041000	4042000	lsr2,lysS	4041500.0	0	4041500.0
NC_000962.3	4042000	4043000	lysS,Rv3599c	4042500.0	0	4042500.0
NC_000962.3	4043000	4044000	Rv3599c,Rv3600c,panD	4043500.0	0	4043500.0
NC_000962.3	4044000	4045000	panD,panC	4044500.0	0	4044500.0
NC_000962.3	4045000	4046000	panC,Rv3603c	4045500.0	0	4045500.0
NC_000962.3	4046000	4047000	Rv3603c,Rv3604c	4046500.0	0	4046500.0
NC_000962.3	4047000	4048000	Rv3604c,Rv3605c	4047500.0	0	4047500.0
NC_000962.3	4048000	4049000	Rv3605c,folK,folB	4048500.0	0	4048500.0
NC_000962.3	4049000	4050000	folB,folP1,folE	4049500.0	0	4049500.0
NC_000962.3	4050000	4051000	folE,ftsH	4050500.0	0	4050500.0
NC_000962.3	4051000	4052000	ftsH	4051500.0	0	4051500.0
NC_000962.3	4052000	4053000	ftsH,Rv3611	4052500.0	0	4052500.0
NC_000962.3	4053000	4054000	Rv3611,Rv3612c,Rv3613c	4053500.0	0	4053500.0
NC_000962.3	4054000	4055000	Rv3613c,espD,espC	4054500.0	0	4054500.0
NC_000962.3	4055000	4056000	espC,espA	4055500.0	0	4055500.0
NC_000962.3	4056000	4057000	espA	4056500.0	0	4056500.0
NC_000962.3	4057000	4058000	ephA	4057500.0	0	4057500.0
NC_000962.3	4058000	4059000	ephA,Rv3618	4058500.0	0	4058500.0
NC_000962.3	4059000	4060000	Rv3618,esxV	4059500.0	0	4059500.0
NC_000962.3	4060000	4061000	esxV,esxW,PPE65	4060500.0	1	4060500.0
NC_000962.3	4061000	4062000	PPE65,PE32	4061500.0	0	4061500.0
NC_000962.3	4062000	4063000	PE32,lpqG	4062500.0	0	4062500.0
NC_000962.3	4063000	4064000	lpqG,hpt,mesJ	4063500.0	0	4063500.0
NC_000962.3	4064000	4065000	mesJ,Rv3626c	4064500.0	0	4064500.0
NC_000962.3	4065000	4066000	Rv3626c,Rv3627c	4065500.0	0	4065500.0
NC_000962.3	4066000	4067000	Rv3627c	4066500.0	0	4066500.0
NC_000962.3	4067000	4068000	Rv3627c,ppa,Rv3629c	4067500.0	0	4067500.0
NC_000962.3	4068000	4069000	Rv3629c	4068500.0	0	4068500.0
NC_000962.3	4069000	4070000	Rv3629c,Rv3630	4069500.0	0	4069500.0
NC_000962.3	4070000	4071000	Rv3630,Rv3631	4070500.0	0	4070500.0
NC_000962.3	4071000	4072000	Rv3631,Rv3632,Rv3633	4071500.0	0	4071500.0
NC_000962.3	4072000	4073000	Rv3633,galE1	4072500.0	0	4072500.0
NC_000962.3	4073000	4074000	galE1,Rv3635	4073500.0	0	4073500.0
NC_000962.3	4074000	4075000	Rv3635	4074500.0	0	4074500.0
NC_000962.3	4075000	4076000	Rv3635,Rv3636	4075500.0	0	4075500.0
NC_000962.3	4076000	4077000	Rv3636,Rv3637,Rv3638	4076500.0	0	4076500.0
NC_000962.3	4077000	4078000	Rv3638,Rv3639c	4077500.0	0	4077500.0
NC_000962.3	4078000	4079000	Rv3639c,Rv3640c	4078500.0	0	4078500.0
NC_000962.3	4079000	4080000	Rv3640c,fic	4079500.0	0	4079500.0
NC_000962.3	4080000	4081000	fic,Rv3642c	4080500.0	0	4080500.0
NC_000962.3	4081000	4082000	Rv3643,thrU,Rv3644c	4081500.0	0	4081500.0
NC_000962.3	4082000	4083000	Rv3644c,Rv3645	4082500.0	0	4082500.0
NC_000962.3	4083000	4084000	Rv3645	4083500.0	0	4083500.0
NC_000962.3	4084000	4085000	Rv3645,topA	4084500.0	0	4084500.0
NC_000962.3	4085000	4086000	topA	4085500.0	0	4085500.0
NC_000962.3	4086000	4087000	topA	4086500.0	0	4086500.0
NC_000962.3	4087000	4088000	topA,Rv3647c	4087500.0	0	4087500.0
NC_000962.3	4088000	4089000	Rv3647c,cspA,Rv3649	4088500.0	0	4088500.0
NC_000962.3	4089000	4090000	Rv3649	4089500.0	0	4089500.0
NC_000962.3	4090000	4091000	Rv3649	4090500.0	0	4090500.0
NC_000962.3	4091000	4092000	Rv3649,PE33,Rv3651	4091500.0	0	4091500.0
NC_000962.3	4092000	4093000	Rv3651	4092500.0	0	4092500.0
NC_000962.3	4093000	4094000	PE_PGRS60,PE_PGRS61	4093500.0	0	4093500.0
NC_000962.3	4094000	4095000	PE_PGRS61,Rv3654c,Rv3655c	4094500.0	0	4094500.0
NC_000962.3	4095000	4096000	Rv3655c,Rv3656c,Rv3657c	4095500.0	0	4095500.0
NC_000962.3	4096000	4097000	Rv3657c,Rv3658c,Rv3659c	4096500.0	0	4096500.0
NC_000962.3	4097000	4098000	Rv3659c	4097500.0	0	4097500.0
NC_000962.3	4098000	4099000	Rv3660c	4098500.0	0	4098500.0
NC_000962.3	4099000	4100000	Rv3660c,Rv3661	4099500.0	0	4099500.0
NC_000962.3	4100000	4101000	Rv3661	4100500.0	0	4100500.0
NC_000962.3	4101000	4102000	Rv3662c	4101500.0	0	4101500.0
NC_000962.3	4102000	4103000	Rv3662c,dppD	4102500.0	0	4102500.0
NC_000962.3	4103000	4104000	dppD,dppC	4103500.0	0	4103500.0
NC_000962.3	4104000	4105000	dppC,dppB	4104500.0	0	4104500.0
NC_000962.3	4105000	4106000	dppB,dppA	4105500.0	0	4105500.0
NC_000962.3	4106000	4107000	dppA	4106500.0	0	4106500.0
NC_000962.3	4107000	4108000	dppA,acs	4107500.0	0	4107500.0
NC_000962.3	4108000	4109000	acs	4108500.0	0	4108500.0
NC_000962.3	4109000	4110000	acs,Rv3668c	4109500.0	0	4109500.0
NC_000962.3	4110000	4111000	Rv3668c,Rv3669	4110500.0	0	4110500.0
NC_000962.3	4111000	4112000	Rv3669,ephE	4111500.0	0	4111500.0
NC_000962.3	4112000	4113000	ephE,Rv3671c	4112500.0	0	4112500.0
NC_000962.3	4113000	4114000	Rv3671c,Rv3672c	4113500.0	0	4113500.0
NC_000962.3	4114000	4115000	Rv3672c,Rv3673c	4114500.0	0	4114500.0
NC_000962.3	4115000	4116000	Rv3673c,nth	4115500.0	0	4115500.0
NC_000962.3	4116000	4117000	Rv3675,crp	4116500.0	0	4116500.0
NC_000962.3	4117000	4118000	crp,Rv3677c	4117500.0	0	4117500.0
NC_000962.3	4118000	4119000	Rv3677c,Rv3678c,Rv3678A,Rv3679	4118500.0	0	4118500.0
NC_000962.3	4119000	4120000	Rv3679,Rv3680	4119500.0	0	4119500.0
NC_000962.3	4120000	4121000	Rv3680	4120500.0	0	4120500.0
NC_000962.3	4121000	4122000	whiB4,ponA2	4121500.0	0	4121500.0
NC_000962.3	4122000	4123000	ponA2	4122500.0	0	4122500.0
NC_000962.3	4123000	4124000	ponA2	4123500.0	0	4123500.0
NC_000962.3	4124000	4125000	ponA2,Rv3683	4124500.0	0	4124500.0
NC_000962.3	4125000	4126000	Rv3683,Rv3684	4125500.0	0	4125500.0
NC_000962.3	4126000	4127000	Rv3684,proY	4126500.0	0	4126500.0
NC_000962.3	4127000	4128000	cyp137	4127500.0	0	4127500.0
NC_000962.3	4128000	4129000	cyp137,Rv3686c	4128500.0	0	4128500.0
NC_000962.3	4129000	4130000	Rv3686c,rsfB,Rv3688c	4129500.0	0	4129500.0
NC_000962.3	4130000	4131000	Rv3688c,Rv3689	4130500.0	0	4130500.0
NC_000962.3	4131000	4132000	Rv3689,Rv3690	4131500.0	0	4131500.0
NC_000962.3	4132000	4133000	Rv3690,Rv3691	4132500.0	0	4132500.0
NC_000962.3	4133000	4134000	Rv3691,moxR2	4133500.0	0	4133500.0
NC_000962.3	4134000	4135000	moxR2,Rv3693	4134500.0	0	4134500.0
NC_000962.3	4135000	4136000	Rv3693	4135500.0	0	4135500.0
NC_000962.3	4136000	4137000	Rv3693,Rv3694c	4136500.0	0	4136500.0
NC_000962.3	4137000	4138000	Rv3694c,Rv3695	4137500.0	0	4137500.0
NC_000962.3	4138000	4139000	Rv3695,glpK	4138500.0	0	4138500.0
NC_000962.3	4139000	4140000	glpK,vapC48	4139500.0	0	4139500.0
NC_000962.3	4140000	4141000	vapC48,vapB48,Rv3698	4140500.0	0	4140500.0
NC_000962.3	4141000	4142000	Rv3698	4141500.0	0	4141500.0
NC_000962.3	4142000	4143000	Rv3698,Rv3699,Rv3700c	4142500.0	0	4142500.0
NC_000962.3	4143000	4144000	Rv3700c,Rv3701c	4143500.0	0	4143500.0
NC_000962.3	4144000	4145000	Rv3701c,Rv3702c	4144500.0	0	4144500.0
NC_000962.3	4145000	4146000	Rv3702c,Rv3703c	4145500.0	0	4145500.0
NC_000962.3	4146000	4147000	Rv3703c,gshA	4146500.0	0	4146500.0
NC_000962.3	4147000	4148000	gshA	4147500.0	0	4147500.0
NC_000962.3	4148000	4149000	gshA,Rv3705c	4148500.0	0	4148500.0
NC_000962.3	4149000	4150000	Rv3705A,Rv3706c	4149500.0	0	4149500.0
NC_000962.3	4150000	4151000	Rv3707c	4150500.0	0	4150500.0
NC_000962.3	4151000	4152000	Rv3707c,asd	4151500.0	0	4151500.0
NC_000962.3	4152000	4153000	asd,ask	4152500.0	0	4152500.0
NC_000962.3	4153000	4154000	ask,leuA	4153500.0	0	4153500.0
NC_000962.3	4154000	4155000	leuA	4154500.0	0	4154500.0
NC_000962.3	4155000	4156000	leuA,dnaQ	4155500.0	0	4155500.0
NC_000962.3	4156000	4157000	dnaQ,Rv3712	4156500.0	0	4156500.0
NC_000962.3	4157000	4158000	Rv3712	4157500.0	0	4157500.0
NC_000962.3	4158000	4159000	Rv3712,cobQ2,Rv3714c	4158500.0	0	4158500.0
NC_000962.3	4159000	4160000	Rv3714c,recR	4159500.0	0	4159500.0
NC_000962.3	4160000	4161000	recR,Rv3716c	4160500.0	0	4160500.0
NC_000962.3	4161000	4162000	Rv3717,Rv3718c	4161500.0	0	4161500.0
NC_000962.3	4162000	4163000	Rv3718c,Rv3719	4162500.0	0	4162500.0
NC_000962.3	4163000	4164000	Rv3719,Rv3720	4163500.0	0	4163500.0
NC_000962.3	4164000	4165000	Rv3720,dnaZX	4164500.0	0	4164500.0
NC_000962.3	4165000	4166000	dnaZX	4165500.0	0	4165500.0
NC_000962.3	4166000	4167000	dnaZX,Rv3722c	4166500.0	0	4166500.0
NC_000962.3	4167000	4168000	Rv3722c	4167500.0	0	4167500.0
NC_000962.3	4168000	4169000	Rv3722c,serV,Rv3723	4168500.0	0	4168500.0
NC_000962.3	4169000	4170000	Rv3723,cut5a,cut5b	4169500.0	0	4169500.0
NC_000962.3	4170000	4171000	cut5b,Rv3725	4170500.0	0	4170500.0
NC_000962.3	4171000	4172000	Rv3725,Rv3726	4171500.0	0	4171500.0
NC_000962.3	4172000	4173000	Rv3726,Rv3727	4172500.0	0	4172500.0
NC_000962.3	4173000	4174000	Rv3727	4173500.0	0	4173500.0
NC_000962.3	4174000	4175000	Rv3727,Rv3728	4174500.0	0	4174500.0
NC_000962.3	4175000	4176000	Rv3728	4175500.0	0	4175500.0
NC_000962.3	4176000	4177000	Rv3728	4176500.0	0	4176500.0
NC_000962.3	4177000	4178000	Rv3728	4177500.0	0	4177500.0
NC_000962.3	4178000	4179000	Rv3728,Rv3729	4178500.0	0	4178500.0
NC_000962.3	4179000	4180000	Rv3729	4179500.0	0	4179500.0
NC_000962.3	4180000	4181000	Rv3729,Rv3730c	4180500.0	0	4180500.0
NC_000962.3	4181000	4182000	Rv3730c,ligC	4181500.0	0	4181500.0
NC_000962.3	4182000	4183000	ligC,Rv3732	4182500.0	0	4182500.0
NC_000962.3	4183000	4184000	Rv3732	4183500.0	0	4183500.0
NC_000962.3	4184000	4185000	Rv3733c,tgs2	4184500.0	0	4184500.0
NC_000962.3	4185000	4186000	tgs2	4185500.0	0	4185500.0
NC_000962.3	4186000	4187000	Rv3735,Rv3736	4186500.0	0	4186500.0
NC_000962.3	4187000	4188000	Rv3736,Rv3737	4187500.0	0	4187500.0
NC_000962.3	4188000	4189000	Rv3737	4188500.0	0	4188500.0
NC_000962.3	4189000	4190000	Rv3737,PPE66	4189500.0	0	4189500.0
NC_000962.3	4190000	4191000	PPE66,PPE67,Rv3740c	4190500.0	0	4190500.0
NC_000962.3	4191000	4192000	Rv3740c	4191500.0	0	4191500.0
NC_000962.3	4192000	4193000	Rv3740c,Rv3741c,Rv3742c	4192500.0	0	4192500.0
NC_000962.3	4193000	4194000	Rv3742c,ctpJ	4193500.0	0	4193500.0
NC_000962.3	4194000	4195000	ctpJ	4194500.0	0	4194500.0
NC_000962.3	4195000	4196000	ctpJ,nmtR,Rv3745c	4195500.0	0	4195500.0
NC_000962.3	4196000	4197000	Rv3745c,PE34,Rv3747	4196500.0	0	4196500.0
NC_000962.3	4197000	4198000	Rv3747,Rv3748,Rv3749c	4197500.0	0	4197500.0
NC_000962.3	4198000	4199000	Rv3749c,Rv3750c,Rv3751	4198500.0	0	4198500.0
NC_000962.3	4199000	4200000	Rv3751,serX,Rv3752c,Rv3753c	4199500.0	0	4199500.0
NC_000962.3	4200000	4201000	Rv3753c,tyrA	4200500.0	0	4200500.0
NC_000962.3	4201000	4202000	tyrA,Rv3755c,proZ	4201500.0	0	4201500.0
NC_000962.3	4202000	4203000	proZ,proW	4202500.0	0	4202500.0
NC_000962.3	4203000	4204000	proW,proV	4203500.0	0	4203500.0
NC_000962.3	4204000	4205000	proV,proX	4204500.0	0	4204500.0
NC_000962.3	4205000	4206000	proX,Rv3760,fadE36	4205500.0	0	4205500.0
NC_000962.3	4206000	4207000	fadE36,Rv3762c	4206500.0	0	4206500.0
NC_000962.3	4207000	4208000	Rv3762c	4207500.0	0	4207500.0
NC_000962.3	4208000	4209000	Rv3762c	4208500.0	0	4208500.0
NC_000962.3	4209000	4210000	lpqH,tcrY	4209500.0	0	4209500.0
NC_000962.3	4210000	4211000	tcrY	4210500.0	0	4210500.0
NC_000962.3	4211000	4212000	tcrY,tcrX	4211500.0	0	4211500.0
NC_000962.3	4212000	4213000	Rv3766,Rv3767c	4212500.0	0	4212500.0
NC_000962.3	4213000	4214000	Rv3767c	4213500.0	0	4213500.0
NC_000962.3	4214000	4215000	Rv3768,Rv3769	4214500.0	0	4214500.0
NC_000962.3	4215000	4216000	Rv3770c,Rv3770A	4215500.0	0	4215500.0
NC_000962.3	4216000	4217000	Rv3770A,Rv3770B,Rv3771c,argU,serT	4216500.0	0	4216500.0
NC_000962.3	4217000	4218000	serT,hisC2	4217500.0	0	4217500.0
NC_000962.3	4218000	4219000	hisC2,Rv3773c,echA21	4218500.0	0	4218500.0
NC_000962.3	4219000	4220000	echA21,lipE	4219500.0	0	4219500.0
NC_000962.3	4220000	4221000	lipE	4220500.0	0	4220500.0
NC_000962.3	4221000	4222000	Rv3776	4221500.0	1	4221500.0
NC_000962.3	4222000	4223000	Rv3776,serU,Rv3777	4222500.0	0	4222500.0
NC_000962.3	4223000	4224000	Rv3777,Rv3778c	4223500.0	0	4223500.0
NC_000962.3	4224000	4225000	Rv3778c,Rv3779	4224500.0	0	4224500.0
NC_000962.3	4225000	4226000	Rv3779	4225500.0	0	4225500.0
NC_000962.3	4226000	4227000	Rv3779,Rv3780	4226500.0	0	4226500.0
NC_000962.3	4227000	4228000	Rv3780,rfbE	4227500.0	0	4227500.0
NC_000962.3	4228000	4229000	rfbE,glfT1	4228500.0	0	4228500.0
NC_000962.3	4229000	4230000	glfT1,rfbD	4229500.0	0	4229500.0
NC_000962.3	4230000	4231000	rfbD,Rv3784	4230500.0	0	4230500.0
NC_000962.3	4231000	4232000	Rv3784,Rv3785	4231500.0	0	4231500.0
NC_000962.3	4232000	4233000	Rv3785,Rv3786c	4232500.0	0	4232500.0
NC_000962.3	4233000	4234000	Rv3786c,Rv3787c	4233500.0	0	4233500.0
NC_000962.3	4234000	4235000	Rv3787c,Rv3788	4234500.0	0	4234500.0
NC_000962.3	4235000	4236000	Rv3788,Rv3789,dprE1	4235500.0	0	4235500.0
NC_000962.3	4236000	4237000	dprE1	4236500.0	0	4236500.0
NC_000962.3	4237000	4238000	dprE1,dprE2,aftA	4237500.0	0	4237500.0
NC_000962.3	4238000	4239000	aftA	4238500.0	0	4238500.0
NC_000962.3	4239000	4240000	aftA,embC	4239500.0	0	4239500.0
NC_000962.3	4240000	4241000	embC	4240500.0	0	4240500.0
NC_000962.3	4241000	4242000	embC	4241500.0	0	4241500.0
NC_000962.3	4242000	4243000	embC	4242500.0	0	4242500.0
NC_000962.3	4243000	4244000	embC,embA	4243500.0	0	4243500.0
NC_000962.3	4244000	4245000	embA	4244500.0	0	4244500.0
NC_000962.3	4245000	4246000	embA	4245500.0	0	4245500.0
NC_000962.3	4246000	4247000	embA,embB	4246500.0	0	4246500.0
NC_000962.3	4247000	4248000	embB	4247500.0	0	4247500.0
NC_000962.3	4248000	4249000	embB	4248500.0	0	4248500.0
NC_000962.3	4249000	4250000	embB,Rv3796	4249500.0	0	4249500.0
NC_000962.3	4250000	4251000	Rv3796	4250500.0	0	4250500.0
NC_000962.3	4251000	4252000	Rv3796,fadE35	4251500.0	0	4251500.0
NC_000962.3	4252000	4253000	fadE35,Rv3798	4252500.0	0	4252500.0
NC_000962.3	4253000	4254000	Rv3798	4253500.0	1	4253500.0
NC_000962.3	4254000	4255000	Rv3798,accD4	4254500.0	0	4254500.0
NC_000962.3	4255000	4256000	accD4,pks13	4255500.0	0	4255500.0
NC_000962.3	4256000	4257000	pks13	4256500.0	0	4256500.0
NC_000962.3	4257000	4258000	pks13	4257500.0	0	4257500.0
NC_000962.3	4258000	4259000	pks13	4258500.0	0	4258500.0
NC_000962.3	4259000	4260000	pks13	4259500.0	0	4259500.0
NC_000962.3	4260000	4261000	pks13	4260500.0	0	4260500.0
NC_000962.3	4261000	4262000	pks13,fadD32	4261500.0	0	4261500.0
NC_000962.3	4262000	4263000	fadD32	4262500.0	0	4262500.0
NC_000962.3	4263000	4264000	fadD32,Rv3802c	4263500.0	0	4263500.0
NC_000962.3	4264000	4265000	Rv3802c,fbpD	4264500.0	0	4264500.0
NC_000962.3	4265000	4266000	fbpD,fbpA	4265500.0	0	4265500.0
NC_000962.3	4266000	4267000	fbpA,aftB	4266500.0	0	4266500.0
NC_000962.3	4267000	4268000	aftB	4267500.0	0	4267500.0
NC_000962.3	4268000	4269000	aftB,ubiA	4268500.0	0	4268500.0
NC_000962.3	4269000	4270000	ubiA,Rv3807c	4269500.0	0	4269500.0
NC_000962.3	4270000	4271000	Rv3807c,glfT2	4270500.0	0	4270500.0
NC_000962.3	4271000	4272000	glfT2	4271500.0	0	4271500.0
NC_000962.3	4272000	4273000	glfT2,glf	4272500.0	0	4272500.0
NC_000962.3	4273000	4274000	glf,pirG	4273500.0	0	4273500.0
NC_000962.3	4274000	4275000	pirG,Rv3811	4274500.0	0	4274500.0
NC_000962.3	4275000	4276000	Rv3811	4275500.0	0	4275500.0
NC_000962.3	4276000	4277000	Rv3811,PE_PGRS62	4276500.0	0	4276500.0
NC_000962.3	4277000	4278000	PE_PGRS62	4277500.0	0	4277500.0
NC_000962.3	4278000	4279000	PE_PGRS62,Rv3813c	4278500.0	0	4278500.0
NC_000962.3	4279000	4280000	Rv3813c,Rv3814c	4279500.0	0	4279500.0
NC_000962.3	4280000	4281000	Rv3814c,Rv3815c,Rv3816c	4280500.0	0	4280500.0
NC_000962.3	4281000	4282000	Rv3816c,Rv3817	4281500.0	0	4281500.0
NC_000962.3	4282000	4283000	Rv3817,Rv3818	4282500.0	0	4282500.0
NC_000962.3	4283000	4284000	Rv3818,Rv3819	4283500.0	0	4283500.0
NC_000962.3	4284000	4285000	Rv3819,papA2	4284500.0	0	4284500.0
NC_000962.3	4285000	4286000	papA2,Rv3821	4285500.0	0	4285500.0
NC_000962.3	4286000	4287000	Rv3821,Rv3822	4286500.0	0	4286500.0
NC_000962.3	4287000	4288000	Rv3822	4287500.0	0	4287500.0
NC_000962.3	4288000	4289000	mmpL8	4288500.0	0	4288500.0
NC_000962.3	4289000	4290000	mmpL8	4289500.0	0	4289500.0
NC_000962.3	4290000	4291000	mmpL8	4290500.0	0	4290500.0
NC_000962.3	4291000	4292000	mmpL8,papA1	4291500.0	0	4291500.0
NC_000962.3	4292000	4293000	papA1	4292500.0	0	4292500.0
NC_000962.3	4293000	4294000	papA1,pks2	4293500.0	0	4293500.0
NC_000962.3	4294000	4295000	pks2	4294500.0	0	4294500.0
NC_000962.3	4295000	4296000	pks2	4295500.0	0	4295500.0
NC_000962.3	4296000	4297000	pks2	4296500.0	0	4296500.0
NC_000962.3	4297000	4298000	pks2	4297500.0	0	4297500.0
NC_000962.3	4298000	4299000	pks2	4298500.0	0	4298500.0
NC_000962.3	4299000	4300000	pks2,fadD23	4299500.0	0	4299500.0
NC_000962.3	4300000	4301000	fadD23	4300500.0	0	4300500.0
NC_000962.3	4301000	4302000	fadD23,Rv3827c	4301500.0	0	4301500.0
NC_000962.3	4302000	4303000	Rv3827c,Rv3828c	4302500.0	0	4302500.0
NC_000962.3	4303000	4304000	Rv3828c,Rv3829c	4303500.0	0	4303500.0
NC_000962.3	4304000	4305000	Rv3829c	4304500.0	0	4304500.0
NC_000962.3	4305000	4306000	Rv3829c,Rv3830c,Rv3831	4305500.0	0	4305500.0
NC_000962.3	4306000	4307000	Rv3831,Rv3832c,Rv3833	4306500.0	0	4306500.0
NC_000962.3	4307000	4308000	Rv3833,serS	4307500.0	0	4307500.0
NC_000962.3	4308000	4309000	serS	4308500.0	0	4308500.0
NC_000962.3	4309000	4310000	Rv3835	4309500.0	0	4309500.0
NC_000962.3	4310000	4311000	Rv3835,Rv3836	4310500.0	0	4310500.0
NC_000962.3	4311000	4312000	Rv3837c,pheA	4311500.0	0	4311500.0
NC_000962.3	4312000	4313000	pheA,Rv3839	4312500.0	0	4312500.0
NC_000962.3	4313000	4314000	Rv3839,Rv3840	4313500.0	0	4313500.0
NC_000962.3	4314000	4315000	bfrB,glpQ1	4314500.0	0	4314500.0
NC_000962.3	4315000	4316000	glpQ1,Rv3843c	4315500.0	0	4315500.0
NC_000962.3	4316000	4317000	Rv3843c	4316500.0	0	4316500.0
NC_000962.3	4317000	4318000		4317500.0	0	4317500.0
NC_000962.3	4318000	4319000	Rv3844	4318500.0	0	4318500.0
NC_000962.3	4319000	4320000	Rv3844,Rv3845	4319500.0	0	4319500.0
NC_000962.3	4320000	4321000	sodA	4320500.0	0	4320500.0
NC_000962.3	4321000	4322000	sodA,Rv3847	4321500.0	0	4321500.0
NC_000962.3	4322000	4323000	Rv3847,Rv3848	4322500.0	0	4322500.0
NC_000962.3	4323000	4324000	Rv3848,espR	4323500.0	0	4323500.0
NC_000962.3	4324000	4325000	Rv3850,Rv3851	4324500.0	0	4324500.0
NC_000962.3	4325000	4326000	hns,rraA	4325500.0	0	4325500.0
NC_000962.3	4326000	4327000	ethA	4326500.0	0	4326500.0
NC_000962.3	4327000	4328000	ethA,ethR	4327500.0	0	4327500.0
NC_000962.3	4328000	4329000	ethR,Rv3856c	4328500.0	0	4328500.0
NC_000962.3	4329000	4330000	Rv3856c,Rv3857c	4329500.0	0	4329500.0
NC_000962.3	4330000	4331000	gltD	4330500.0	0	4330500.0
NC_000962.3	4331000	4332000	gltD,gltB	4331500.0	0	4331500.0
NC_000962.3	4332000	4333000	gltB	4332500.0	0	4332500.0
NC_000962.3	4333000	4334000	gltB	4333500.0	0	4333500.0
NC_000962.3	4334000	4335000	gltB	4334500.0	0	4334500.0
NC_000962.3	4335000	4336000	gltB	4335500.0	0	4335500.0
NC_000962.3	4336000	4337000	gltB,Rv3860	4336500.0	0	4336500.0
NC_000962.3	4337000	4338000	Rv3860,Rv3861	4337500.0	0	4337500.0
NC_000962.3	4338000	4339000	Rv3861,whiB6,Rv3863	4338500.0	0	4338500.0
NC_000962.3	4339000	4340000	Rv3863	4339500.0	0	4339500.0
NC_000962.3	4340000	4341000	Rv3863,espE	4340500.0	0	4340500.0
NC_000962.3	4341000	4342000	espE,espF,espG1	4341500.0	0	4341500.0
NC_000962.3	4342000	4343000	espG1,espH	4342500.0	0	4342500.0
NC_000962.3	4343000	4344000	espH,eccA1	4343500.0	0	4343500.0
NC_000962.3	4344000	4345000	eccA1	4344500.0	0	4344500.0
NC_000962.3	4345000	4346000	eccA1,eccB1	4345500.0	0	4345500.0
NC_000962.3	4346000	4347000	eccB1,eccCa1	4346500.0	0	4346500.0
NC_000962.3	4347000	4348000	eccCa1	4347500.0	0	4347500.0
NC_000962.3	4348000	4349000	eccCa1,eccCb1	4348500.0	0	4348500.0
NC_000962.3	4349000	4350000	eccCb1	4349500.0	0	4349500.0
NC_000962.3	4350000	4351000	eccCb1,PE35	4350500.0	0	4350500.0
NC_000962.3	4351000	4352000	PE35,PPE68	4351500.0	0	4351500.0
NC_000962.3	4352000	4353000	PPE68,esxB,esxA	4352500.0	0	4352500.0
NC_000962.3	4353000	4354000	espI	4353500.0	0	4353500.0
NC_000962.3	4354000	4355000	espI	4354500.0	0	4354500.0
NC_000962.3	4355000	4356000	espI,eccD1	4355500.0	0	4355500.0
NC_000962.3	4356000	4357000	eccD1,espJ	4356500.0	0	4356500.0
NC_000962.3	4357000	4358000	espJ,espK	4357500.0	0	4357500.0
NC_000962.3	4358000	4359000	espK	4358500.0	0	4358500.0
NC_000962.3	4359000	4360000	espK	4359500.0	0	4359500.0
NC_000962.3	4360000	4361000	espL,espB	4360500.0	0	4360500.0
NC_000962.3	4361000	4362000	espB	4361500.0	0	4361500.0
NC_000962.3	4362000	4363000	eccE1	4362500.0	0	4362500.0
NC_000962.3	4363000	4364000	eccE1,mycP1	4363500.0	0	4363500.0
NC_000962.3	4364000	4365000	mycP1,eccA2	4364500.0	0	4364500.0
NC_000962.3	4365000	4366000	eccA2	4365500.0	0	4365500.0
NC_000962.3	4366000	4367000	eccA2,eccE2	4366500.0	0	4366500.0
NC_000962.3	4367000	4368000	eccE2	4367500.0	0	4367500.0
NC_000962.3	4368000	4369000	eccE2,mycP2	4368500.0	0	4368500.0
NC_000962.3	4369000	4370000	mycP2	4369500.0	0	4369500.0
NC_000962.3	4370000	4371000	mycP2,eccD2	4370500.0	0	4370500.0
NC_000962.3	4371000	4372000	eccD2,Rv3888c	4371500.0	0	4371500.0
NC_000962.3	4372000	4373000	Rv3888c,espG2	4372500.0	0	4372500.0
NC_000962.3	4373000	4374000	espG2,esxC	4373500.0	0	4373500.0
NC_000962.3	4374000	4375000	esxC,esxD,PPE69	4374500.0	0	4374500.0
NC_000962.3	4375000	4376000	PPE69,PE36	4375500.0	0	4375500.0
NC_000962.3	4376000	4377000	eccC2	4376500.0	0	4376500.0
NC_000962.3	4377000	4378000	eccC2	4377500.0	0	4377500.0
NC_000962.3	4378000	4379000	eccC2	4378500.0	0	4378500.0
NC_000962.3	4379000	4380000	eccC2	4379500.0	0	4379500.0
NC_000962.3	4380000	4381000	eccC2,eccB2	4380500.0	0	4380500.0
NC_000962.3	4381000	4382000	eccB2,Rv3896c	4381500.0	0	4381500.0
NC_000962.3	4382000	4383000	Rv3896c	4382500.0	0	4382500.0
NC_000962.3	4383000	4384000	Rv3897c,Rv3898c	4383500.0	0	4383500.0
NC_000962.3	4384000	4385000	Rv3899c	4384500.0	0	4384500.0
NC_000962.3	4385000	4386000	Rv3899c,Rv3900c	4385500.0	0	4385500.0
NC_000962.3	4386000	4387000	Rv3900c,Rv3901c	4386500.0	0	4386500.0
NC_000962.3	4387000	4388000	Rv3902c,Rv3903c	4387500.0	0	4387500.0
NC_000962.3	4388000	4389000	Rv3903c	4388500.0	0	4388500.0
NC_000962.3	4389000	4390000	Rv3903c	4389500.0	0	4389500.0
NC_000962.3	4390000	4391000	Rv3903c,esxE,esxF	4390500.0	0	4390500.0
NC_000962.3	4391000	4392000	esxF,Rv3906c,pcnA	4391500.0	0	4391500.0
NC_000962.3	4392000	4393000	pcnA	4392500.0	0	4392500.0
NC_000962.3	4393000	4394000	pcnA,mutT4	4393500.0	0	4393500.0
NC_000962.3	4394000	4395000	mutT4,Rv3909	4394500.0	0	4394500.0
NC_000962.3	4395000	4396000	Rv3909	4395500.0	0	4395500.0
NC_000962.3	4396000	4397000	Rv3909,Rv3910	4396500.0	0	4396500.0
NC_000962.3	4397000	4398000	Rv3910	4397500.0	0	4397500.0
NC_000962.3	4398000	4399000	Rv3910	4398500.0	0	4398500.0
NC_000962.3	4399000	4400000	Rv3910	4399500.0	0	4399500.0
NC_000962.3	4400000	4401000	Rv3910,sigM,Rv3912	4400500.0	0	4400500.0
NC_000962.3	4401000	4402000	Rv3912,trxB2	4401500.0	0	4401500.0
NC_000962.3	4402000	4403000	trxB2,trxC	4402500.0	0	4402500.0
NC_000962.3	4403000	4404000	trxC,Rv3915	4403500.0	0	4403500.0
NC_000962.3	4404000	4405000	Rv3915,Rv3916c	4404500.0	0	4404500.0
NC_000962.3	4405000	4406000	Rv3916c,parB	4405500.0	0	4405500.0
NC_000962.3	4406000	4407000	parB,parA	4406500.0	0	4406500.0
NC_000962.3	4407000	4408000	parA,gid	4407500.0	0	4407500.0
NC_000962.3	4408000	4409000	gid,Rv3920c,Rv3921c	4408500.0	0	4408500.0
NC_000962.3	4409000	4410000	Rv3921c	4409500.0	0	4409500.0
NC_000962.3	4410000	4411000	Rv3921c,Rv3922c,rnpA,rpmH	4410500.0	0	4410500.0
NC_000962.3	4411000	4411532		4411266.0	0	4411266.0
