Chrom	Start	End	NucDiv	OverlapGenes	Middle	NucDiv_kb	NucDiv_Z	NucDiv_ModZ	IsNucDivHotspot	N_HmMapAln_PR_Ovrlap	OvrlapWi_HmMapAln_PR	N_HmMapAln_LR_Ovrlap	OvrlapWi_HmMapAln_LR	N_LCR_Ovrlap	OvrlapWi_LowComplexityRegion	N_LowPmap_Ovrlap	OvrlapWi_LowPmap	PLC_Mask_Count	PLC_Mask_Ovrlap	N_mGCE	N_pGCE	N_Ovrlap_ParalogAlns	Num_PR_SNPs_All	Num_PR_SNPs_Unq
NC_000962.3	0	1000	0.000217905	dnaA	500.0	0.217905	-0.1787780777736711	0.1278628159627603	False	0	0	0	0	0	0	0	0	0	0	0	0	0	0	0
NC_000962.3	1000	2000	0.000790654	dnaA	1500.0	0.790654	0.8291718536378502	2.920255860264408	False	0	0	0	0	0	0	0	0	0	0	0	0	0	0	0
NC_000962.3	2000	3000	0.00030556	dnaN	2500.0	0.30556	-0.0245187927502544	0.5552179266626671	False	0	0	0	0	0	0	0	0	0	0	0	0	0	0	0
NC_000962.3	3000	4000	0.000221073	dnaN,recF	3500.0	0.221073	-0.1732028862277903	0.1433081526885296	False	0	0	0	0	0	0	0	0	0	0	0	0	0	0	0
NC_000962.3	4000	5000	0.000222481	recF,Rv0004	4500.0	0.222481	-0.1707250233185099	0.1501727467888715	False	0	0	0	0	0	0	0	0	0	0	0	0	0	0	0
NC_000962.3	5000	6000	7.90302e-05	gyrB	5500.0	0.0790302	-0.423176313536263	-0.5492104317404787	False	0	0	0	0	0	0	0	0	0	0	0	0	0	0	0
NC_000962.3	6000	7000	0.000482806	gyrB	6500.0	0.482806	0.2874068387968395	1.4193669649504508	False	0	0	0	0	0	0	0	0	0	0	0	0	0	0	0
NC_000962.3	7000	8000	0.000603991	gyrB,gyrA	7500.0	0.6039910000000001	0.5006737540391275	2.010194973508642	False	0	0	0	0	1	1	0	0	0	0	0	0	0	0	0
NC_000962.3	8000	9000	0.000385118	gyrA	8500.0	0.385118	0.1154910206989838	0.9430967458636618	False	0	0	0	0	0	0	0	0	0	0	0	0	0	0	0
NC_000962.3	9000	10000	0.000644562	gyrA,Rv0007	9500.0	0.644562	0.5720724586502168	2.2079957172905806	False	0	0	0	0	0	0	0	0	0	0	0	0	0	0	0
NC_000962.3	10000	11000	0.000171437	Rv0007,ileT	10500.0	0.171437	-0.2605545931631883	-0.0986882910363071	False	0	0	0	0	0	0	0	0	0	0	0	0	0	0	0
NC_000962.3	11000	12000	0.00102176	alaT,Rv0008c	11500.0	1.02176	1.2358827808481834	4.046995124578054	False	0	0	0	0	0	0	0	0	0	0	0	0	0	0	0
NC_000962.3	12000	13000	0.000405536	Rv0008c,ppiA	12500.0	0.405536	0.1514235525751817	1.0426431111625118	False	0	0	0	0	0	0	0	0	0	0	0	0	0	0	0
NC_000962.3	13000	14000	0.000747354	ppiA,Rv0010c,Rv0011c	13500.0	0.747354	0.7529705297942137	2.709150089991109	False	0	0	0	0	0	0	0	0	0	0	0	0	0	0	0
NC_000962.3	14000	15000	0.000926184	Rv0012,trpG	14500.0	0.926184	1.0676837571142483	3.5810217966417777	False	0	0	0	0	0	0	0	0	0	0	0	0	0	0	0
NC_000962.3	15000	16000	0.000860355	trpG,pknB	15500.0	0.8603550000000001	0.9518348668763096	3.2600776453410627	False	0	0	0	0	0	0	0	0	0	0	0	0	0	0	0
NC_000962.3	16000	17000	0.000562012	pknB	16500.0	0.562012	0.4267971865187577	1.80552963562636	False	0	0	0	0	0	0	0	0	0	0	0	0	0	0	0
NC_000962.3	17000	18000	0.00104323	pknB,pknA	17500.0	1.04323	1.2736666705230766	4.151670433764376	False	0	0	0	0	1	1	0	0	0	0	0	0	0	0	0
NC_000962.3	18000	19000	3.9075e-05	pknA,pbpA	18500.0	0.039075	-0.4934913050937055	-0.7440088906879079	False	0	0	0	0	1	1	0	0	0	0	0	0	0	0	0
NC_000962.3	19000	20000	2.64021e-05	pbpA	19500.0	0.0264020999999999	-0.5157936551384635	-0.805794625470737	False	0	0	0	0	0	0	0	0	0	0	0	0	0	0	0
NC_000962.3	20000	21000	0.000225474	pbpA,rodA	20500.0	0.225474	-0.1654578047904729	0.1647648846740443	False	0	0	0	0	0	0	0	0	0	0	0	0	0	0	0
NC_000962.3	21000	22000	0.000266661	rodA,pstP	21500.0	0.266661	-0.0929750351565733	0.3655688883748834	False	0	0	0	0	0	0	0	0	0	0	0	0	0	0	0
NC_000962.3	22000	23000	0.00020576	pstP	22500.0	0.20576	-0.2001514052120306	0.0686508164253652	False	0	0	0	0	0	0	0	0	0	0	0	0	0	0	0
NC_000962.3	23000	24000	0.000345691	pstP,fhaB,fhaA	23500.0	0.345691	0.0461055797016848	0.75087348478825	False	0	0	0	0	0	0	1	1	0	0	0	0	0	0	0
NC_000962.3	24000	25000	0.000221249	fhaA	24500.0	0.221249	-0.1728931533641303	0.1441662269510723	False	0	0	0	0	0	0	0	0	0	0	0	0	0	0	0
NC_000962.3	25000	26000	0.000699303	fhaA,leuT,Rv0021c	25500.0	0.699303	0.6684081784775724	2.474881190051104	False	0	0	0	0	0	0	0	0	0	0	0	0	0	0	0
NC_000962.3	26000	27000	0.000450983	Rv0021c	26500.0	0.450983	0.2314032653863074	1.2642164123544422	False	0	0	0	0	0	0	0	0	0	0	0	0	0	0	0
NC_000962.3	27000	28000	0.00100923	whiB5,Rv0023	27500.0	1.00923	1.2138319127705677	3.9859060875913466	False	0	0	0	0	0	0	0	0	0	0	0	0	0	0	0
NC_000962.3	28000	29000	0.000241406	Rv0023,Rv0024	28500.0	0.241406	-0.1374199412459737	0.242440107121947	False	0	0	0	0	0	0	0	0	0	0	0	0	0	0	0
NC_000962.3	29000	30000	0.000176894	Rv0024,Rv0025,Rv0026	29500.0	0.176894	-0.2509511145439106	-0.0720831134755361	False	0	0	0	0	0	0	0	0	0	0	0	0	0	0	0
NC_000962.3	30000	31000	0.000722184	Rv0026	30500.0	0.7221839999999999	0.7086752105991947	2.5864357196036054	False	0	0	0	0	0	0	0	0	0	0	0	0	0	0	0
NC_000962.3	31000	32000	0.000437922	Rv0026,Rv0027,Rv0028	31500.0	0.437922	0.2084179191802627	1.2005385263142678	False	0	0	0	0	0	0	0	0	0	0	0	0	0	0	0
NC_000962.3	32000	33000	0.000197311	Rv0029	32500.0	0.197311	-0.215020342513529	0.0274583764013675	False	0	0	0	0	0	0	0	0	0	0	0	0	0	0	0
NC_000962.3	33000	34000	0.000779565	Rv0029,Rv0030,Rv0031	33500.0	0.779565	0.8096569233814509	2.8661923063022687	False	0	0	0	0	0	0	0	0	1	1	0	0	0	0	0
NC_000962.3	34000	35000	7.86781e-05	bioF2	34500.0	0.0786781	-0.4237959552481647	-0.5509270678077587	False	0	0	0	0	0	0	0	0	0	0	0	0	0	0	0
NC_000962.3	35000	36000	0.00051748	bioF2	35500.0	0.5174799999999999	0.348427732629501	1.588417345515262	False	0	0	0	0	0	0	0	0	0	0	0	0	0	0	0
NC_000962.3	36000	37000	0.000945018	bioF2,acpA,Rv0034	36500.0	0.945018	1.1008286932175055	3.672845493577743	False	0	0	0	0	0	0	0	0	0	0	0	0	0	0	0
NC_000962.3	37000	38000	0.00137396	Rv0034,fadD34	37500.0	1.37396	1.855700477331525	5.764118734052781	False	0	0	0	0	0	0	0	0	0	0	0	0	0	0	0
NC_000962.3	38000	39000	0.000163693	fadD34	38500.0	0.163693	-0.2741828391642304	-0.1364435585881876	False	0	0	0	0	0	0	0	0	0	0	0	0	0	0	0
NC_000962.3	39000	40000	0.000815472	Rv0036c,Rv0037c	39500.0	0.815472	0.8728477071055493	3.041254082126826	False	0	0	0	0	0	0	0	0	0	0	0	0	0	0	0
NC_000962.3	40000	41000	6.58291e-05	Rv0037c	40500.0	0.0658291	-0.4464082141411644	-0.6135713643953248	False	0	0	0	0	0	0	0	0	0	0	0	0	0	0	0
NC_000962.3	41000	42000	9.17032e-05	Rv0037c,Rv0038	41500.0	0.0917032	-0.4008737875069235	-0.4874242094154553	False	0	0	0	0	0	0	0	0	0	0	0	0	0	0	0
NC_000962.3	42000	43000	0.000690326	Rv0039c,mtc28	42500.0	0.690326	0.6526100425850939	2.431114527239478	False	0	0	0	0	0	0	0	0	0	0	0	0	0	0	0
NC_000962.3	43000	44000	0.000446195	mtc28,leuS	43500.0	0.4461949999999999	0.2229771236181011	1.2408728920757222	False	0	0	0	0	0	0	0	0	0	0	0	0	0	0	0
NC_000962.3	44000	45000	0.00050956	leuS	44500.0	0.50956	0.334489753764799	1.5498040037008392	False	0	0	0	0	0	0	0	0	0	0	0	0	0	0	0
NC_000962.3	45000	46000	2.64021e-05	leuS	45500.0	0.0264020999999999	-0.5157936551384635	-0.805794625470737	False	0	0	0	0	0	0	0	0	0	0	0	0	0	0	0
NC_000962.3	46000	47000	0.000217905	leuS,Rv0042c	46500.0	0.217905	-0.1787780777736711	0.1278628159627603	False	0	0	0	0	0	0	0	0	0	0	0	0	0	0	0
NC_000962.3	47000	48000	0.000230402	Rv0042c,Rv0043c	47500.0	0.230402	-0.1567852846079916	0.1887909640252409	False	0	0	0	0	0	0	0	0	0	0	0	0	0	0	0
NC_000962.3	48000	49000	0.000491078	Rv0043c,Rv0044c	48500.0	0.491078	0.3019642833888617	1.4596964552899594	False	0	0	0	0	0	0	0	0	0	0	0	0	0	0	0
NC_000962.3	49000	50000	0.000628017	Rv0044c,Rv0045c	49500.0	0.628017	0.5429558096203564	2.1273318611896177	False	0	0	0	0	0	0	0	0	0	0	0	0	0	0	0
NC_000962.3	50000	51000	0.000450243	ino1	50500.0	0.450243	0.2301009794822822	1.2606086001142056	False	0	0	0	0	1	1	0	0	0	0	0	0	0	0	0
NC_000962.3	51000	52000	0.000783965	ino1,Rv0047c,Rv0048c	51500.0	0.7839649999999999	0.817400244972952	2.8876441628658367	False	0	0	0	0	0	0	0	0	0	0	0	0	0	0	0
NC_000962.3	52000	53000	2.64021e-05	Rv0048c,Rv0049	52500.0	0.0264020999999999	-0.5157936551384635	-0.805794625470737	False	0	0	0	0	0	0	0	0	0	0	0	0	0	0	0
NC_000962.3	53000	54000	0.000203824	Rv0049,ponA1	53500.0	0.203824	-0.2035584667122911	0.0592119995373951	False	0	0	0	0	0	0	0	0	0	0	0	0	0	0	0
NC_000962.3	54000	55000	0.000629425	ponA1	54500.0	0.629425	0.5454336725296366	2.1341964552899597	False	0	0	0	0	0	0	0	0	0	0	0	0	0	0	0
NC_000962.3	55000	56000	0.000528921	ponA1,Rv0051	55500.0	0.528921	0.3685621286132203	1.6441970480024863	False	0	0	0	0	1	1	0	0	0	0	0	0	0	0	0
NC_000962.3	56000	57000	0.00015454	Rv0051	56500.0	0.1545399999999999	-0.290290707920369	-0.1810682956623567	False	0	0	0	0	0	0	0	0	0	0	0	0	0	0	0
NC_000962.3	57000	58000	0.000433346	Rv0051,Rv0052	57500.0	0.4333459999999999	0.2003648647251014	1.1782285954881562	False	0	0	0	0	0	0	0	0	0	0	0	0	0	0	0
NC_000962.3	58000	59000	0.000105256	rpsF,ssb	58500.0	0.105256	-0.3770229491284469	-0.4213485908621075	False	0	0	0	0	0	0	0	0	0	0	0	0	0	0	0
NC_000962.3	59000	60000	7.85021e-05	ssb,rpsR1,rplI,Rv0057	59500.0	0.0785020999999999	-0.4241056881118248	-0.5517851420703019	False	0	0	0	0	0	0	0	0	0	0	0	0	0	0	0
NC_000962.3	60000	61000	0.000170909	Rv0057,dnaB	60500.0	0.170909	-0.2614837917541684	-0.1012625138239353	False	0	0	0	0	0	0	0	0	0	0	0	0	0	0	0
NC_000962.3	61000	62000	1.3201e-05	dnaB	61500.0	0.013201	-0.5390255557433647	-0.8701555581255828	False	0	0	0	0	0	0	0	0	0	0	0	0	0	0	0
NC_000962.3	62000	63000	0.000373325	dnaB	62500.0	0.3733249999999999	0.0947371589879445	0.8856008948513516	False	0	0	0	0	0	0	0	0	0	0	0	0	0	0	0
NC_000962.3	63000	64000	0.000910519	dnaB,Rv0059,Rv0060	63500.0	0.910519	1.040115772402688	3.5046483118535274	False	0	0	0	0	0	0	0	0	0	0	0	0	0	0	0
NC_000962.3	64000	65000	0.000271413	Rv0060	64500.0	0.271413	-0.0846122478377521	0.3887368934635375	False	0	0	0	0	0	0	0	0	0	0	0	0	0	0	0
NC_000962.3	65000	66000	0.00116433	Rv0061c,celA1	65500.0	1.16433	1.4867839988709834	4.742084031457134	False	0	0	0	0	0	0	0	0	0	0	0	0	0	0	0
NC_000962.3	66000	67000	0.000422785	celA1,Rv0063	66500.0	0.422785	0.1817791330596825	1.1267392643136462	False	0	0	0	0	0	0	0	0	0	0	0	0	0	0	0
NC_000962.3	67000	68000	0.000239027	Rv0063	67500.0	0.239027	-0.1416066144428331	0.2308414783117812	False	0	0	0	0	0	0	0	0	0	0	0	0	0	0	0
NC_000962.3	68000	69000	0.000284966	Rv0063,Rv0064	68500.0	0.284966	-0.0607610574901123	0.4548134871012744	False	0	0	0	0	0	0	0	0	0	0	0	0	0	0	0
NC_000962.3	69000	70000	0.000506079	Rv0064	69500.0	0.506079	0.3283637304784318	1.5328326599058886	False	0	0	0	0	0	0	0	0	0	0	0	0	0	0	0
NC_000962.3	70000	71000	0.000857851	Rv0064	70500.0	0.8578509999999999	0.9474282129524192	3.247869588787613	False	0	0	0	0	0	0	0	0	0	0	0	0	0	0	0
NC_000962.3	71000	72000	0.000296438	Rv0064,vapB1,vapC1	71500.0	0.296438	-0.0405721062860893	0.5107443276688326	False	0	0	0	0	0	0	0	0	0	0	0	0	0	0	0
NC_000962.3	72000	73000	0.000267013	vapC1,icd2	72500.0	0.267013	-0.0923555694292532	0.367285036899969	False	0	0	0	0	0	0	0	0	0	0	0	0	0	0	0
NC_000962.3	73000	74000	7.90302e-05	icd2	73500.0	0.0790302	-0.423176313536263	-0.5492104317404787	False	0	0	0	0	0	0	0	0	0	0	0	0	0	0	0
NC_000962.3	74000	75000	0.000382302	icd2,Rv0067c	74500.0	0.382302	0.1105352948804231	0.9293675576629776	False	0	0	0	0	0	0	0	0	0	0	0	0	0	0	0
NC_000962.3	75000	76000	0.000680293	Rv0067c,Rv0068	75500.0	0.680293	0.634953509510655	2.382199418852596	False	0	0	0	0	0	0	0	0	0	0	0	0	0	0	0
NC_000962.3	76000	77000	0.000105256	Rv0068,sdaA	76500.0	0.105256	-0.3770229491284469	-0.4213485908621075	False	0	0	0	0	0	0	0	0	0	0	0	0	0	0	0
NC_000962.3	77000	78000	0.00017012	sdaA,glyA2	77500.0	0.17012	-0.2628723101031899	-0.1051092217395389	False	0	0	0	0	0	0	0	0	0	0	0	0	0	0	0
NC_000962.3	78000	79000	0.0002231	glyA2	78500.0	0.2231	-0.169635678758251	0.1531906329736098	False	0	0	0	0	0	0	0	0	0	0	0	0	0	0	0
NC_000962.3	79000	80000	0.000649933	Rv0071	79500.0	0.649933	0.5815245905292971	2.2341816085639734	False	0	0	0	0	1	1	1	1	0	0	0	0	0	0	0
NC_000962.3	80000	81000	0.00017985	Rv0071,Rv0072	80500.0	0.17985	-0.2457490103110748	-0.057671366202375	False	2	1	0	0	0	0	2	1	0	0	0	0	2	102	102
NC_000962.3	81000	82000	0.000205545	Rv0072,Rv0073	81500.0	0.205545	-0.2005297720625244	0.0676026007069181	False	1	1	0	0	0	0	0	0	0	0	0	0	1	191	191
NC_000962.3	82000	83000	6.29862e-05	Rv0073,Rv0074	82500.0	0.0629861999999999	-0.4514112798121822	-0.6274317014463636	False	1	1	0	0	0	0	2	1	0	0	0	0	1	101	101
NC_000962.3	83000	84000	0.000520954	Rv0074,Rv0075	83500.0	0.520954	0.3545414369951545	1.6053545613565892	False	0	0	0	0	0	0	0	0	0	0	0	0	0	0	0
NC_000962.3	84000	85000	0.000385629	Rv0075	84500.0	0.385629	0.1163903019110878	0.9455880864782036	False	0	0	0	0	0	0	0	0	0	0	0	0	0	0	0
NC_000962.3	85000	86000	5.24549e-05	Rv0075,Rv0076c,Rv0077c	85500.0	0.0524549	-0.4699447440568586	-0.6787762325890694	False	0	0	0	0	0	0	0	0	0	0	0	0	0	0	0
NC_000962.3	86000	87000	7.83303e-05	Rv0077c,Rv0078	86500.0	0.0783302999999999	-0.4244080296230567	-0.5526227395606704	False	0	0	0	0	0	0	0	0	0	0	0	0	0	0	0
NC_000962.3	87000	88000	0.000527527	Rv0078,Rv0078A,Rv0078B	87500.0	0.527527	0.3661089035453674	1.637400709809392	False	0	0	0	0	0	0	0	0	0	0	0	0	0	0	0
NC_000962.3	88000	89000	9.24072e-05	Rv0078B,Rv0079	88500.0	0.0924072	-0.3996348560522833	-0.4839919123652843	False	0	0	0	0	0	0	0	0	0	0	0	0	0	0	0
NC_000962.3	89000	90000	0.000708631	Rv0079,Rv0080,Rv0081,Rv0082	89500.0	0.708631	0.684824020251555	2.520359125965869	False	0	0	0	0	0	0	0	0	0	0	0	0	0	0	0
NC_000962.3	90000	91000	5.28041e-05	Rv0082,Rv0083	90500.0	0.0528041	-0.469330205897824	-0.6770737352454336	False	0	0	0	0	0	0	0	0	0	0	0	0	0	0	0
NC_000962.3	91000	92000	7.86781e-05	Rv0083	91500.0	0.0786781	-0.4237959552481647	-0.5509270678077587	False	0	0	0	0	0	0	0	0	0	0	0	0	0	0	0
NC_000962.3	92000	93000	0.00022741	Rv0083,hycD	92500.0	0.22741	-0.1620507432902124	0.1742037015620144	False	0	0	0	0	0	0	0	0	0	0	0	0	0	0	0
NC_000962.3	93000	94000	0.000144423	hycD,hycP,hycQ	93500.0	0.144423	-0.3080950680433729	-0.2303929394927247	False	0	0	0	0	0	0	0	0	0	0	0	0	0	0	0
NC_000962.3	94000	95000	0.000680821	hycQ	94500.0	0.680821	0.635882708101635	2.384773641640224	False	0	0	0	0	0	0	0	0	0	0	0	0	0	0	0
NC_000962.3	95000	96000	0.000140107	hycQ,hycE	95500.0	0.1401069999999999	-0.315690562586309	-0.2514352606128073	False	0	0	0	0	0	0	0	0	0	0	0	0	0	0	0
NC_000962.3	96000	97000	0.000438274	hycE,Rv0088	96500.0	0.438274	0.2090373849075828	1.2022546748393532	False	0	0	0	0	0	0	0	0	0	0	0	0	0	0	0
NC_000962.3	97000	98000	0.000940441	Rv0088,Rv0089	97500.0	0.940441	1.0927738789165282	3.650530687329685	False	0	0	0	0	0	0	0	0	0	0	0	0	0	0	0
NC_000962.3	98000	99000	0.000245539	Rv0089,Rv0090	98500.0	0.245539	-0.1301464984874114	0.2625902260258625	False	0	0	0	0	0	0	0	0	0	0	0	0	0	0	0
NC_000962.3	99000	100000	9.24072e-05	Rv0090,mtn	99500.0	0.0924072	-0.3996348560522833	-0.4839919123652843	False	0	0	0	0	0	0	0	0	0	0	0	0	0	0	0
NC_000962.3	100000	101000	0.000118105	mtn,ctpA	100500.0	0.118105	-0.3544106902354473	-0.3587042942745415	False	0	0	0	0	0	0	0	0	0	0	0	0	0	0	0
NC_000962.3	101000	102000	0.000464676	ctpA	101500.0	0.464676	0.2555008341482223	1.3309755650646562	False	0	0	0	0	0	0	0	0	0	0	0	0	0	0	0
NC_000962.3	102000	103000	6.58291e-05	ctpA,Rv0093c	102500.0	0.0658291	-0.4464082141411644	-0.6135713643953248	False	0	0	0	0	0	0	0	0	0	0	0	0	0	0	0
NC_000962.3	103000	104000	0.00405131	Rv0093c,Rv0094c	103500.0	4.05131	6.567423673469165	18.81732968188685	True	2	1	0	0	0	0	1	1	1	1	6	15	2	0	0
NC_000962.3	104000	105000	0.0159606	Rv0094c,Rv0095c	104500.0	15.960599999999998	27.525937854480244	76.88014351232768	True	2	1	0	0	0	0	3	1	2	1	18	28	2	55	28
NC_000962.3	105000	106000	0.00337124	Rv0095c,PPE1	105500.0	3.37124	5.370605329211849	15.501701478890034	True	2	1	0	0	0	0	1	1	2	1	8	9	2	13	7
NC_000962.3	106000	107000	0.000104552	PPE1,Rv0097	106500.0	0.1045519999999999	-0.3782618805830871	-0.4247808879122789	False	0	0	0	0	0	0	0	0	1	1	0	0	0	0	0
NC_000962.3	107000	108000	0.000396207	Rv0097,fcoT	107500.0	0.396207	0.135005950955383	0.9971602998258002	False	0	0	0	0	0	0	0	0	0	0	0	0	0	0	0
NC_000962.3	108000	109000	0.000225826	fcoT,fadD10	108500.0	0.225826	-0.1648383390631528	0.1664810331991297	False	0	0	0	0	0	0	0	0	0	0	0	0	0	0	0
NC_000962.3	109000	110000	6.54771e-05	fadD10,Rv0100	109500.0	0.0654771	-0.4470276798684844	-0.6152875129204102	False	0	0	0	0	0	0	0	0	0	0	0	0	0	0	0
NC_000962.3	110000	111000	0.000131306	Rv0100,nrp	110500.0	0.131306	-0.3311789656151276	-0.2943438491618899	False	0	0	0	0	0	0	0	0	0	0	0	0	0	0	0
NC_000962.3	111000	112000	7.85021e-05	nrp	111500.0	0.0785020999999999	-0.4241056881118248	-0.5517851420703019	False	0	0	0	0	0	0	0	0	0	0	0	0	0	0	0
NC_000962.3	112000	113000	5.28041e-05	nrp	112500.0	0.0528041	-0.469330205897824	-0.6770737352454336	False	0	0	0	0	0	0	0	0	0	0	0	0	0	0	0
NC_000962.3	113000	114000	0.00010508	nrp	113500.0	0.10508	-0.3773326819921069	-0.4222066651246502	False	0	0	0	0	0	0	0	0	0	0	0	0	0	0	0
NC_000962.3	114000	115000	0.000228994	nrp	114500.0	0.228994	-0.159263147517272	0.181926369924899	False	0	0	0	0	0	0	0	0	0	0	0	0	0	0	0
NC_000962.3	115000	116000	0.000205936	nrp	115500.0	0.2059359999999999	-0.1998416723483705	0.0695088906879075	False	0	0	0	0	0	0	0	0	0	0	0	0	0	0	0
NC_000962.3	116000	117000	7.86781e-05	nrp	116500.0	0.0786781	-0.4237959552481647	-0.5509270678077587	False	0	0	0	0	0	0	0	0	0	0	0	0	0	0	0
NC_000962.3	117000	118000	0.000412928	nrp,Rv0102	117500.0	0.412928	0.1644323328489037	1.0786822301893069	False	0	0	0	0	0	0	0	0	0	0	0	0	0	0	0
NC_000962.3	118000	119000	6.58291e-05	Rv0102	118500.0	0.0658291	-0.4464082141411644	-0.6135713643953248	False	0	0	0	0	0	0	0	0	0	0	0	0	0	0	0
NC_000962.3	119000	120000	5.28041e-05	Rv0102,ctpB	119500.0	0.0528041	-0.469330205897824	-0.6770737352454336	False	0	0	0	0	0	0	0	0	0	0	0	0	0	0	0
NC_000962.3	120000	121000	1.3201e-05	ctpB	120500.0	0.013201	-0.5390255557433647	-0.8701555581255828	False	0	0	0	0	0	0	0	0	0	0	0	0	0	0	0
NC_000962.3	121000	122000	5.22761e-05	ctpB	121500.0	0.0522761	-0.4702594044888042	-0.6796479580330618	False	0	0	0	0	0	0	0	0	0	0	0	0	0	0	0
NC_000962.3	122000	123000	0.000206816	ctpB,Rv0104	122500.0	0.206816	-0.1982930080300703	0.0737992620006216	False	0	0	0	0	0	0	0	0	0	0	0	0	0	0	0
NC_000962.3	123000	124000	0.00125216	Rv0104,rpmB1	123500.0	1.25216	1.6413512569122437	5.170292340997636	False	0	0	0	0	0	0	0	0	0	0	0	0	0	0	0
NC_000962.3	124000	125000	9.18792e-05	rpmB1,Rv0106	124500.0	0.0918792	-0.4005640546432634	-0.4865661351529126	False	0	0	0	0	0	0	0	0	0	0	0	0	0	0	0
NC_000962.3	125000	126000	9.20552e-05	Rv0106,ctpI	125500.0	0.0920552	-0.4002543217796034	-0.4857080608903698	False	0	0	0	0	0	0	0	0	0	0	0	0	0	0	0
NC_000962.3	126000	127000	0.000306088	ctpI	126500.0	0.3060879999999999	-0.0235895941592743	0.5577921494502949	False	0	0	0	0	0	0	0	0	0	0	0	0	0	0	0
NC_000962.3	127000	128000	0.000144683	ctpI	127500.0	0.144683	-0.3076375081311479	-0.2291253297866956	False	0	0	0	0	0	0	0	0	0	0	0	0	0	0	0
NC_000962.3	128000	129000	5.26281e-05	ctpI	128500.0	0.0526281	-0.4696399387614841	-0.6779318095079762	False	0	0	0	0	0	0	0	0	0	0	0	0	0	0	0
NC_000962.3	129000	130000	0.00018059	ctpI	129500.0	0.18059	-0.2444467244070497	-0.0540635539621386	False	0	0	0	0	0	0	0	0	0	0	0	0	0	0	0
NC_000962.3	130000	131000	0.000331962	ctpI,Rv0108c	130500.0	0.331962	0.0219446564903849	0.68393881688797	False	0	0	0	0	0	0	0	0	0	0	0	0	0	0	0
NC_000962.3	131000	132000	0.000118105	Rv0108c,PE_PGRS1	131500.0	0.118105	-0.3544106902354473	-0.3587042942745415	False	0	0	0	0	1	1	1	1	1	1	0	0	0	0	0
NC_000962.3	132000	133000	0.000232338	PE_PGRS1	132500.0	0.232338	-0.1533782231077311	0.1982297809132109	False	0	0	0	0	1	1	0	0	1	1	0	0	0	0	0
NC_000962.3	133000	134000	0.000163693	Rv0110,Rv0111	133500.0	0.163693	-0.2741828391642304	-0.1364435585881876	False	0	0	0	0	0	0	0	0	0	0	0	0	0	0	0
NC_000962.3	134000	135000	0.000271237	Rv0111	134500.0	0.271237	-0.0849219807014121	0.3878788192009947	False	0	0	0	0	0	0	0	0	0	0	0	0	0	0	0
NC_000962.3	135000	136000	0.000556203	Rv0111	135500.0	0.556203	0.41657424217216	1.7772083095405034	False	0	0	0	0	0	0	0	0	0	0	0	0	0	0	0
NC_000962.3	136000	137000	2.64021e-05	Rv0111,gca	136500.0	0.0264020999999999	-0.5157936551384635	-0.805794625470737	False	0	0	0	0	0	0	0	0	0	0	0	0	0	0	0
NC_000962.3	137000	138000	0.000401333	gca,gmhA,gmhB	137500.0	0.401333	0.1440269206094818	1.0221517127223576	False	0	0	0	0	0	0	0	0	0	0	0	0	0	0	0
NC_000962.3	138000	139000	0.000307508	gmhB,hddA	138500.0	0.307508	-0.0210906131001989	0.5647152486139925	False	0	0	0	0	0	0	0	0	0	0	0	0	0	0	0
NC_000962.3	139000	140000	0.00110765	hddA	139500.0	1.10765	1.3870359380059183	4.465745115542802	False	0	0	0	0	0	0	0	0	0	0	0	0	0	0	0
NC_000962.3	140000	141000	0.000144155	ldtA	140500.0	0.144155	-0.308566706722128	-0.2316995525743239	False	0	0	0	0	0	0	0	0	0	0	0	0	0	0	0
NC_000962.3	141000	142000	0.000706871	ldtA,oxyS	141500.0	0.706871	0.6817266916149544	2.5117783833404417	False	0	0	0	0	0	0	0	0	0	0	0	0	0	0	0
NC_000962.3	142000	143000	0.000104904	oxyS,oxcA	142500.0	0.104904	-0.377642414855767	-0.423064739387193	False	0	0	0	0	0	0	0	0	0	0	0	0	0	0	0
NC_000962.3	143000	144000	0.000728169	oxcA	143500.0	0.728169	0.7192078878094524	2.6156151199520044	False	0	0	0	0	0	0	0	0	0	0	0	0	0	0	0
NC_000962.3	144000	145000	0.000562188	fadD7	144500.0	0.562188	0.4271069193824178	1.8063877098889027	False	0	0	0	0	0	0	0	0	0	0	0	0	0	0	0
NC_000962.3	145000	146000	0.000143275	fadD7,fusA2	145500.0	0.1432749999999999	-0.3101153710404282	-0.2359899238870381	False	0	0	0	0	0	0	0	0	0	0	0	0	0	0	0
NC_000962.3	146000	147000	0.000937449	fusA2	146500.0	0.937449	1.0875084202343073	3.635943424866459	False	0	0	0	0	0	0	0	0	0	0	0	0	0	0	0
NC_000962.3	147000	148000	0.000754747	fusA2,Rv0121c	147500.0	0.754747	0.7659810699137519	2.74519408443985	False	0	0	0	0	0	0	0	0	0	0	0	0	0	0	0
NC_000962.3	148000	149000	9.20552e-05	Rv0121c,Rv0122,Rv0123	148500.0	0.0920552	-0.4002543217796034	-0.4857080608903698	False	0	0	0	0	0	0	0	0	0	0	0	0	0	0	0
NC_000962.3	149000	150000	0.000190499	Rv0123,PE_PGRS2	149500.0	0.190499	-0.2270084122138258	-0.0057529978965932	False	1	1	0	0	1	1	2	1	1	1	0	0	1	38	38
NC_000962.3	150000	151000	0.000575796	PE_PGRS2	150500.0	0.575796	0.4510549012499513	1.872732451733684	False	0	0	0	0	1	1	1	1	1	1	0	1	0	0	0
NC_000962.3	151000	152000	0.000426305	pepA	151500.0	0.426305	0.1879737903328834	1.1439007495645008	False	0	0	0	0	0	0	0	0	0	0	0	0	0	0	0
NC_000962.3	152000	153000	7.88542e-05	pepA,treS	152500.0	0.0788542	-0.4234860463999231	-0.5500685060030214	False	0	0	0	0	0	0	0	0	0	0	0	0	0	0	0
NC_000962.3	153000	154000	1.3201e-05	treS	153500.0	0.013201	-0.5390255557433647	-0.8701555581255828	False	0	0	0	0	0	0	0	0	0	0	0	0	0	0	0
NC_000962.3	154000	155000	0.000449063	treS,mak	154500.0	0.449063	0.2280243614191068	1.2548556022176125	False	0	0	0	0	0	0	1	1	0	0	0	0	0	0	0
NC_000962.3	155000	156000	0.000194143	mak,Rv0128	155500.0	0.194143	-0.2205955340594099	0.0120130396755984	False	0	0	0	0	0	0	0	0	0	0	0	0	0	0	0
NC_000962.3	156000	157000	0.0001996	Rv0128,fbpC	156500.0	0.1996	-0.2109920554401322	0.0386182172363694	False	0	0	0	0	0	0	0	0	0	0	0	0	0	0	0
NC_000962.3	157000	158000	0.000389518	fbpC,htdZ	157500.0	0.389518	0.123234342290485	0.96454860242723	False	0	0	0	0	0	0	2	1	0	0	0	0	0	0	0
NC_000962.3	158000	159000	6.58291e-05	htdZ,fadE1	158500.0	0.0658291	-0.4464082141411644	-0.6135713643953248	False	0	0	0	0	0	0	0	0	0	0	0	0	0	0	0
NC_000962.3	159000	160000	0.000105432	fadE1,fgd2	159500.0	0.105432	-0.3767132162647869	-0.4204905165995648	False	0	0	0	0	0	0	0	0	0	0	0	0	0	0	0
NC_000962.3	160000	161000	0.000232338	fgd2,Rv0133	160500.0	0.232338	-0.1533782231077311	0.1982297809132109	False	0	0	0	0	0	0	0	0	0	0	0	0	0	0	0
NC_000962.3	161000	162000	0.000105432	Rv0133,ephF	161500.0	0.105432	-0.3767132162647869	-0.4204905165995648	False	0	0	0	0	0	0	1	1	0	0	0	0	0	0	0
NC_000962.3	162000	163000	0.000449011	ephF,Rv0135c	162500.0	0.449011	0.2279328494366618	1.2546020802764064	False	0	0	0	0	0	0	0	0	0	0	0	0	0	0	0
NC_000962.3	163000	164000	0.00134827	Rv0135c,cyp138	163500.0	1.34827	1.8104900383120563	5.638869144253219	False	0	0	0	0	0	0	0	0	0	0	0	0	0	0	0
NC_000962.3	164000	165000	0.000273877	cyp138,msrA	164500.0	0.273877	-0.0802759877465115	0.4007499331391356	False	0	0	0	0	0	0	0	0	0	0	0	0	0	0	0
NC_000962.3	165000	166000	7.90302e-05	msrA,Rv0138,Rv0139	165500.0	0.0790302	-0.423176313536263	-0.5492104317404787	False	0	0	0	0	0	0	0	0	0	0	0	0	0	0	0
NC_000962.3	166000	167000	0.000612	Rv0139,Rv0140	166500.0	0.612	0.5147683591814759	2.049242227876282	False	0	0	0	0	0	0	0	0	0	0	0	0	0	0	0
NC_000962.3	167000	168000	0.000258212	Rv0140,Rv0141c,Rv0142	167500.0	0.258212	-0.1078439724580718	0.3243764483508858	False	0	0	0	0	0	0	0	0	0	0	0	0	0	0	0
NC_000962.3	168000	169000	0.000363292	Rv0142,Rv0143c	168500.0	0.363292	0.0770806259135056	0.8366857864644699	False	0	0	0	0	0	0	0	0	0	0	0	0	0	0	0
NC_000962.3	169000	170000	6.54771e-05	Rv0143c	169500.0	0.0654771	-0.4470276798684844	-0.6152875129204102	False	0	0	0	0	0	0	0	0	0	0	0	0	0	0	0
NC_000962.3	170000	171000	0.000365228	Rv0143c,Rv0144	170500.0	0.365228	0.0804876874137661	0.8461246033524399	False	0	0	0	0	0	0	0	0	0	0	0	0	0	0	0
NC_000962.3	171000	172000	3.96031e-05	Rv0144,Rv0145	171500.0	0.0396031	-0.4925619305181437	-0.7414341803580851	False	0	0	0	0	0	0	0	0	0	0	0	0	0	0	0
NC_000962.3	172000	173000	0.000115113	Rv0145,Rv0146	172500.0	0.115113	-0.3596761489176681	-0.373291556737768	False	0	0	0	0	0	0	0	0	0	0	0	0	0	0	0
NC_000962.3	173000	174000	0.000227762	Rv0146,Rv0147	173500.0	0.227762	-0.1614312775628923	0.1759198500870998	False	0	0	0	0	0	0	0	0	0	0	0	0	0	0	0
NC_000962.3	174000	175000	0.000128138	Rv0147,Rv0148	174500.0	0.128138	-0.3367541571610085	-0.3097891858876592	False	0	0	0	0	0	0	0	0	0	0	0	0	0	0	0
NC_000962.3	175000	176000	3.96031e-05	Rv0148,Rv0149	175500.0	0.0396031	-0.4925619305181437	-0.7414341803580851	False	0	0	0	0	0	0	0	0	0	0	0	0	0	0	0
NC_000962.3	176000	177000	6.60051e-05	Rv0149,Rv0150c	176500.0	0.0660051	-0.4460984812775044	-0.6127132901327821	False	0	0	0	0	0	0	0	0	0	0	0	0	0	0	0
NC_000962.3	177000	178000	0.000515483	PE1	177500.0	0.5154829999999999	0.3449133205344492	1.5786811278885695	False	1	1	0	0	0	0	3	1	1	1	0	0	1	21	21
NC_000962.3	178000	179000	0.000715332	PE1	178500.0	0.715332	0.6966167470662479	2.5530293284277934	False	0	0	0	0	0	0	0	0	1	1	0	0	0	0	0
NC_000962.3	179000	180000	1.31132e-05	PE1,PE2	179500.0	0.0131132	-0.5391800702060316	-0.8705836201724649	False	0	0	0	0	0	0	0	0	2	1	0	0	0	0	0
NC_000962.3	180000	181000	0.000325383	PE2	180500.0	0.325383	0.0103666308652744	0.6518634159034891	False	0	0	0	0	0	0	0	0	1	1	0	0	0	0	0
NC_000962.3	181000	182000	0.000115113	ptbB,fadE2	181500.0	0.115113	-0.3596761489176681	-0.373291556737768	False	0	0	0	0	0	0	0	0	0	0	0	0	0	0	0
NC_000962.3	182000	183000	0.000464676	fadE2	182500.0	0.464676	0.2555008341482223	1.3309755650646562	False	0	0	0	0	0	0	0	0	0	0	0	0	0	0	0
NC_000962.3	183000	184000	0.000464148	fadE2,pntAa	183500.0	0.464148	0.2545716355572421	1.328401342277028	False	0	0	0	0	0	0	0	0	0	0	0	0	0	0	0
NC_000962.3	184000	185000	0.000104904	pntAa,pntAb	184500.0	0.104904	-0.377642414855767	-0.423064739387193	False	0	0	0	0	0	0	0	0	0	0	0	0	0	0	0
NC_000962.3	185000	186000	3.96031e-05	pntAb,pntB	185500.0	0.0396031	-0.4925619305181437	-0.7414341803580851	False	0	0	0	0	0	0	0	0	0	0	0	0	0	0	0
NC_000962.3	186000	187000	3.96031e-05	pntB,Rv0157A,Rv0158	186500.0	0.0396031	-0.4925619305181437	-0.7414341803580851	False	0	0	0	0	0	0	0	0	0	0	0	0	0	0	0
NC_000962.3	187000	188000	0.000427713	Rv0158,PE3	187500.0	0.4277129999999999	0.1904516532421637	1.1507653436648424	False	0	0	0	0	0	0	0	0	1	1	0	0	0	0	0
NC_000962.3	188000	189000	0.000220369	PE3,PE4	188500.0	0.2203689999999999	-0.1744418176824305	0.1398758556383582	False	0	0	0	0	0	0	0	0	2	1	0	0	0	0	0
NC_000962.3	189000	190000	0.0004124	PE4	189500.0	0.4124	0.1635031342579235	1.0761080074016784	False	0	0	0	0	0	0	0	0	1	1	0	0	0	0	0
NC_000962.3	190000	191000	0.000522761	PE4,Rv0161	190500.0	0.5227609999999999	0.3577214783851186	1.6141644488134903	False	0	0	0	0	0	0	0	0	1	1	0	0	0	0	0
NC_000962.3	191000	192000	9.15271e-05	Rv0161,adhE1	191500.0	0.0915271	-0.4011836963551651	-0.4882827712201926	False	0	0	0	0	0	0	0	0	0	0	0	0	0	0	0
NC_000962.3	192000	193000	6.60051e-05	adhE1	192500.0	0.0660051	-0.4460984812775044	-0.6127132901327821	False	0	0	0	0	0	0	0	0	0	0	0	0	0	0	0
NC_000962.3	193000	194000	1.3201e-05	adhE1,Rv0163,TB18.5	193500.0	0.013201	-0.5390255557433647	-0.8701555581255828	False	0	0	0	0	0	0	0	0	0	0	0	0	0	0	0
NC_000962.3	194000	195000	0.000175134	TB18.5,mce1R,fadD5	194500.0	0.1751339999999999	-0.2540484431805112	-0.0806638561009639	False	0	0	0	0	0	0	0	0	0	0	0	0	0	0	0
NC_000962.3	195000	196000	0.000867572	fadD5	195500.0	0.867572	0.964535674132188	3.2952635655272613	False	0	0	0	0	0	0	0	0	0	0	0	0	0	0	0
NC_000962.3	196000	197000	0.000534026	fadD5,yrbE1A	196500.0	0.534026	0.377546141505178	1.669086077038172	False	1	1	0	0	0	0	0	0	0	0	0	0	1	10	10
NC_000962.3	197000	198000	0.000202768	yrbE1A,yrbE1B	197500.0	0.202768	-0.2054168638942513	0.0540635539621387	False	1	1	0	0	0	0	3	1	0	0	0	0	1	178	178
NC_000962.3	198000	199000	0.000194671	yrbE1B,mce1A	198500.0	0.1946709999999999	-0.2196663354684297	0.014587262463226	False	1	1	0	0	0	0	4	1	0	0	0	0	1	219	219
NC_000962.3	199000	200000	0.000871268	mce1A,mce1B	199500.0	0.871268	0.9710400642690488	3.3132831250406585	False	1	1	0	0	0	0	2	1	0	0	0	0	1	151	151
NC_000962.3	200000	201000	0.000233746	mce1B,mce1C	200500.0	0.233746	-0.1509003601984507	0.205094375013553	False	1	1	0	0	0	0	0	0	0	0	0	0	1	236	236
NC_000962.3	201000	202000	0.000129722	mce1C	201500.0	0.129722	-0.333966561388068	-0.3020665175247746	False	1	1	0	0	0	0	1	1	0	0	0	0	1	251	251
NC_000962.3	202000	203000	0.00028743	mce1C,mce1D	202500.0	0.2874299999999999	-0.0564247973988717	0.4668265267768723	False	1	1	0	0	0	0	1	1	0	0	0	0	1	206	206
NC_000962.3	203000	204000	0.00069367	mce1D	203500.0	0.69367	0.6584949669946347	2.44741793822779	False	1	1	0	0	0	0	0	0	0	0	0	0	1	217	217
NC_000962.3	204000	205000	0.00054353	mce1D,lprK	204500.0	0.54353	0.3942717161428203	1.7154220872154795	False	1	1	0	0	0	0	0	0	0	0	0	0	1	119	119
NC_000962.3	205000	206000	1.3201e-05	lprK,mce1F	205500.0	0.013201	-0.5390255557433647	-0.8701555581255828	False	0	0	0	0	0	0	0	0	0	0	0	0	0	0	0
NC_000962.3	206000	207000	0.00104992	mce1F,Rv0175	206500.0	1.04992	1.2854400390337906	4.184287006584892	False	0	0	0	0	0	0	0	0	0	0	0	0	0	0	0
NC_000962.3	207000	208000	0.000279862	Rv0175,Rv0176	207500.0	0.279862	-0.0697433105362536	0.429929333487535	False	0	0	0	0	0	0	0	0	0	0	0	0	0	0	0
NC_000962.3	208000	209000	0.000659699	Rv0176,Rv0177,Rv0178	208500.0	0.659699	0.5987112447707972	2.2817949792912025	False	0	0	0	0	0	0	0	0	0	0	0	0	0	0	0
NC_000962.3	209000	210000	3.96031e-05	Rv0178,lprO	209500.0	0.0396031	-0.4925619305181437	-0.7414341803580851	False	0	0	0	0	0	0	0	0	0	0	0	0	0	0	0
NC_000962.3	210000	211000	0.000152956	lprO,Rv0180c	210500.0	0.1529559999999999	-0.2930783036933094	-0.1887909640252413	False	0	0	0	0	0	0	0	0	0	0	0	0	0	0	0
NC_000962.3	211000	212000	0.000192735	Rv0180c	211500.0	0.192735	-0.2230733969686902	0.0051484455752564	False	0	0	0	0	0	0	0	0	0	0	0	0	0	0	0
NC_000962.3	212000	213000	0.000287782	Rv0180c,Rv0181c	212500.0	0.287782	-0.0558053316715516	0.468542675301958	False	0	0	0	0	0	0	0	0	0	0	0	0	0	0	0
NC_000962.3	213000	214000	0.0012233	Rv0181c,sigG	213500.0	1.2233	1.590562106655261	5.029587663628413	False	0	0	0	0	0	0	0	0	0	0	0	0	0	0	0
NC_000962.3	214000	215000	7.88542e-05	sigG,Rv0183,Rv0184	214500.0	0.0788542	-0.4234860463999231	-0.5500685060030214	False	0	0	0	0	0	0	0	0	0	0	0	0	0	0	0
NC_000962.3	215000	216000	0.000657235	Rv0184,Rv0185	215500.0	0.657235	0.5943749846795565	2.269781939615604	False	0	0	0	0	0	0	0	0	0	0	0	0	0	0	0
NC_000962.3	216000	217000	1.3201e-05	Rv0185,bglS	216500.0	0.013201	-0.5390255557433647	-0.8701555581255828	False	0	0	0	0	0	0	0	0	0	0	0	0	0	0	0
NC_000962.3	217000	218000	0.000534064	bglS	217500.0	0.534064	0.3776130156461954	1.6692713430721302	False	0	0	0	0	0	0	0	0	0	0	0	0	0	0	0
NC_000962.3	218000	219000	0.000128138	bglS,mymT,Rv0187	218500.0	0.128138	-0.3367541571610085	-0.3097891858876592	False	0	0	0	0	0	0	0	0	0	0	0	0	0	0	0
NC_000962.3	219000	220000	0.000186399	Rv0187,Rv0188,ilvD	219500.0	0.1863989999999999	-0.2342237800604519	-0.0257422278762825	False	0	0	0	0	0	0	0	0	0	0	0	0	0	0	0
NC_000962.3	220000	221000	0.000522233	ilvD	220500.0	0.522233	0.3567922797941385	1.6115902260258623	False	0	0	0	0	0	0	0	0	0	0	0	0	0	0	0
NC_000962.3	221000	222000	6.60051e-05	ilvD,Rv0190	221500.0	0.0660051	-0.4460984812775044	-0.6127132901327821	False	0	0	0	0	0	0	0	0	0	0	0	0	0	0	0
NC_000962.3	222000	223000	0.000678357	Rv0190,Rv0191	222500.0	0.678357	0.6315464480103945	2.372760601964625	False	0	0	0	0	0	0	0	0	0	0	0	0	0	0	0
NC_000962.3	223000	224000	0.000295175	Rv0191,Rv0192,Rv0192A	223500.0	0.295175	-0.0427947915520134	0.5045866697506995	False	0	0	0	0	0	0	0	0	0	0	0	0	0	0	0
NC_000962.3	224000	225000	0.000268245	Rv0192,Rv0193c	224500.0	0.268245	-0.0901874393836329	0.3732915567377682	False	0	0	0	0	0	0	0	0	0	0	0	0	0	0	0
NC_000962.3	225000	226000	0.000518888	Rv0193c	225500.0	0.518888	0.3509055955387815	1.5952819396156044	False	0	0	0	0	0	0	0	0	0	0	0	0	0	0	0
NC_000962.3	226000	227000	0.000369453	Rv0193c,Rv0194	226500.0	0.369453	0.0879230359874235	0.8667232610754118	False	0	0	0	0	0	0	0	0	0	0	0	0	0	0	0
NC_000962.3	227000	228000	0.000144859	Rv0194	227500.0	0.144859	-0.3073277752674878	-0.228267255524153	False	0	0	0	0	0	0	0	0	0	0	0	0	0	0	0
NC_000962.3	228000	229000	3.96031e-05	Rv0194	228500.0	0.0396031	-0.4925619305181437	-0.7414341803580851	False	0	0	0	0	0	0	0	0	0	0	0	0	0	0	0
NC_000962.3	229000	230000	6.58291e-05	Rv0194	229500.0	0.0658291	-0.4464082141411644	-0.6135713643953248	False	0	0	0	0	0	0	0	0	0	0	0	0	0	0	0
NC_000962.3	230000	231000	0.000574861	Rv0194,Rv0195	230500.0	0.574861	0.4494094454117573	1.8681739322139257	False	0	0	0	0	0	0	0	0	0	0	0	0	0	0	0
NC_000962.3	231000	232000	0.000240787	Rv0195,Rv0196	231500.0	0.240787	-0.1385092858062326	0.2394222209372086	False	0	0	0	0	0	0	0	0	0	0	0	0	0	0	0
NC_000962.3	232000	233000	0.000213153	Rv0196,Rv0197	232500.0	0.213153	-0.1871408650924924	0.1046948108741065	False	0	0	0	0	0	0	0	0	0	0	0	0	0	0	0
NC_000962.3	233000	234000	0.000725881	Rv0197	233500.0	0.725881	0.715181360581872	2.6044601545389496	False	0	0	0	0	0	0	0	0	0	0	0	0	0	0	0
NC_000962.3	234000	235000	0.000291303	Rv0197,zmp1	234500.0	0.291303	-0.0496089145525344	0.4857090359747591	False	0	0	0	0	0	0	0	0	0	0	0	0	0	0	0
NC_000962.3	235000	236000	7.92062e-05	zmp1	235500.0	0.0792062	-0.422866580672603	-0.5483523574779359	False	0	0	0	0	0	0	0	0	0	0	0	0	0	0	0
NC_000962.3	236000	237000	0.000104728	zmp1,Rv0199	236500.0	0.104728	-0.3779521477194271	-0.4239228136497358	False	0	0	0	0	0	0	0	0	0	0	0	0	0	0	0
NC_000962.3	237000	238000	5.26281e-05	Rv0199,Rv0200,Rv0201c	237500.0	0.0526281	-0.4696399387614841	-0.6779318095079762	False	0	0	0	0	0	0	0	0	0	0	0	0	0	0	0
NC_000962.3	238000	239000	0.000144683	Rv0201c,mmpL11	238500.0	0.144683	-0.3076375081311479	-0.2291253297866956	False	0	0	0	0	0	0	0	0	0	0	0	0	0	0	0
NC_000962.3	239000	240000	0.000258212	mmpL11	239500.0	0.258212	-0.1078439724580718	0.3243764483508858	False	0	0	0	0	0	0	0	0	0	0	0	0	0	0	0
NC_000962.3	240000	241000	5.26281e-05	mmpL11	240500.0	0.0526281	-0.4696399387614841	-0.6779318095079762	False	0	0	0	0	0	0	0	0	0	0	0	0	0	0	0
NC_000962.3	241000	242000	6.60051e-05	mmpL11,Rv0203,Rv0204c	241500.0	0.0660051	-0.4460984812775044	-0.6127132901327821	False	0	0	0	0	1	1	0	0	0	0	0	0	0	0	0
NC_000962.3	242000	243000	2.64021e-05	Rv0204c	242500.0	0.0264020999999999	-0.5157936551384635	-0.805794625470737	False	0	0	0	0	0	0	0	0	0	0	0	0	0	0	0
NC_000962.3	243000	244000	0.000292711	Rv0204c,Rv0205	243500.0	0.292711	-0.047131051643254	0.4925736300751011	False	0	0	0	0	0	0	0	0	0	0	0	0	0	0	0
NC_000962.3	244000	245000	0.000332138	Rv0205,mmpL3	244500.0	0.332138	0.022254389354045	0.6847968911505128	False	0	0	0	0	0	0	0	0	0	0	0	0	0	0	0
NC_000962.3	245000	246000	6.54771e-05	mmpL3	245500.0	0.0654771	-0.4470276798684844	-0.6152875129204102	False	0	0	0	0	0	0	0	0	0	0	0	0	0	0	0
NC_000962.3	246000	247000	0.000228642	mmpL3	246500.0	0.228642	-0.1598826132445921	0.1802102213998136	False	0	0	0	0	0	0	0	0	0	0	0	0	0	0	0
NC_000962.3	247000	248000	3.96031e-05	mmpL3,Rv0207c	247500.0	0.0396031	-0.4925619305181437	-0.7414341803580851	False	0	0	0	0	0	0	0	0	0	0	0	0	0	0	0
NC_000962.3	248000	249000	2.6226e-05	Rv0207c,Rv0208c	248500.0	0.026226	-0.5161035639867051	-0.806653187275474	False	0	0	0	0	0	0	0	0	0	0	0	0	0	0	0
NC_000962.3	249000	250000	0.000590526	Rv0209	249500.0	0.590526	0.4769774301233176	1.944547417002176	False	0	0	0	0	0	0	0	0	0	0	0	0	0	0	0
NC_000962.3	250000	251000	5.28041e-05	Rv0209,Rv0210	250500.0	0.0528041	-0.469330205897824	-0.6770737352454336	False	0	0	0	0	0	0	0	0	0	0	0	0	0	0	0
NC_000962.3	251000	252000	0.000919848	Rv0210,pckA	251500.0	0.919848	1.0565333740224867	3.5501311231902397	False	0	0	0	0	0	0	0	0	0	0	0	0	0	0	0
NC_000962.3	252000	253000	0.000369453	pckA	252500.0	0.369453	0.0879230359874235	0.8667232610754118	False	0	0	0	0	0	0	0	0	0	0	0	0	0	0	0
NC_000962.3	253000	254000	3.94271e-05	pckA,nadR	253500.0	0.0394271	-0.4928716633818038	-0.7422922546206278	False	0	0	0	0	0	0	1	1	0	0	0	0	0	0	0
NC_000962.3	254000	255000	0.000310488	nadR,Rv0213c	254500.0	0.310488	-0.0158462725677731	0.5792440060138636	False	0	0	0	0	0	0	0	0	0	0	0	0	0	0	0
NC_000962.3	255000	256000	0.000167741	Rv0213c	255500.0	0.167741	-0.2670589833000493	-0.1167078505497046	False	0	0	0	0	0	0	0	0	0	0	0	0	0	0	0
NC_000962.3	256000	257000	0.000169501	fadD4	256500.0	0.1695009999999999	-0.2639616546634489	-0.1081271079242777	False	0	0	0	0	0	0	0	0	0	0	0	0	0	0	0
NC_000962.3	257000	258000	0.000334778	fadD4,fadE3	257500.0	0.3347779999999999	0.0269003823089456	0.6976680050886536	False	0	0	0	0	0	0	0	0	0	0	0	0	0	0	0
NC_000962.3	258000	259000	0.000220721	fadE3,Rv0216	258500.0	0.220721	-0.1738223519551104	0.1415920041634441	False	0	0	0	0	0	0	0	0	0	0	0	0	0	0	0
NC_000962.3	259000	260000	7.86781e-05	Rv0216,lipW	259500.0	0.0786781	-0.4237959552481647	-0.5509270678077587	False	0	0	0	0	0	0	0	0	0	0	0	0	0	0	0
NC_000962.3	260000	261000	0.000371565	lipW,Rv0218	260500.0	0.371565	0.0916398303513441	0.8770201522259247	False	0	0	0	0	0	0	0	0	0	0	0	0	0	0	0
NC_000962.3	261000	262000	6.60051e-05	Rv0218	261500.0	0.0660051	-0.4460984812775044	-0.6127132901327821	False	0	0	0	0	1	1	0	0	0	0	0	0	0	0	0
NC_000962.3	262000	263000	0.000702647	Rv0218,Rv0219,lipC	262500.0	0.702647	0.6742931028871134	2.491184601039416	False	0	0	0	0	0	0	0	0	0	0	0	0	0	0	0
NC_000962.3	263000	264000	0.000330026	lipC	263500.0	0.330026	0.0185375949901244	0.6745	False	0	0	0	0	0	0	0	0	0	0	0	0	0	0	0
NC_000962.3	264000	265000	0.000951379	lipC,Rv0221	264500.0	0.951379	1.1120230724546736	3.7038580525779383	False	0	0	0	0	0	0	0	0	0	0	0	0	0	0	0
NC_000962.3	265000	266000	0.000188819	Rv0221,echA1	265500.0	0.188819	-0.2299649531851262	-0.0139437067663194	False	0	0	0	0	0	0	0	0	0	0	0	0	0	0	0
NC_000962.3	266000	267000	0.000125772	echA1,Rv0223c	266500.0	0.125772	-0.3409179523622566	-0.3213244342125235	False	0	0	0	0	0	0	0	0	0	0	0	0	0	0	0
NC_000962.3	267000	268000	0.000535962	Rv0223c,Rv0224c	267500.0	0.5359619999999999	0.3809532030054383	1.678524893926142	False	0	0	0	0	0	0	1	1	0	0	0	0	0	0	0
NC_000962.3	268000	269000	0.0	Rv0224c,Rv0225	268500.0	0.0	-0.5622572803636845	-0.9345160032382342	False	0	0	0	0	0	0	0	0	0	0	0	0	0	0	0
NC_000962.3	269000	270000	5.26281e-05	Rv0225,Rv0226c	269500.0	0.0526281	-0.4696399387614841	-0.6779318095079762	False	0	0	0	0	0	0	0	0	0	0	0	0	0	0	0
NC_000962.3	270000	271000	0.000575389	Rv0226c	270500.0	0.575389	0.4503386440027376	1.8707481550015543	False	0	0	0	0	0	0	0	0	0	0	0	0	0	0	0
NC_000962.3	271000	272000	7.90302e-05	Rv0226c,Rv0227c	271500.0	0.0790302	-0.423176313536263	-0.5492104317404787	False	0	0	0	0	1	1	0	0	0	0	0	0	0	0	0
NC_000962.3	272000	273000	0.000270357	Rv0227c	272500.0	0.270357	-0.0864706450197124	0.383588447888281	False	1	1	0	0	0	0	1	1	0	0	0	0	1	6	6
NC_000962.3	273000	274000	0.000140987	Rv0228	273500.0	0.140987	-0.3141418982680088	-0.2471448893000931	False	0	0	0	0	0	0	0	0	0	0	0	0	0	0	0
NC_000962.3	274000	275000	0.000333898	Rv0228,Rv0229c,php	274500.0	0.333898	0.0253517179906454	0.6933776337759401	False	0	0	0	0	0	0	0	0	0	0	0	0	0	0	0
NC_000962.3	275000	276000	0.000333546	php	275500.0	0.333546	0.0247322522633253	0.6916614852508548	False	0	0	0	0	0	0	0	0	0	0	0	0	0	0	0
NC_000962.3	276000	277000	0.000193791	fadE4	276500.0	0.193791	-0.22121499978673	0.0102968911505128	False	0	0	0	0	0	0	0	0	0	0	0	0	0	0	0
NC_000962.3	277000	278000	0.000105256	fadE4,Rv0232	277500.0	0.105256	-0.3770229491284469	-0.4213485908621075	False	0	0	0	0	0	0	0	0	0	0	0	0	0	0	0
NC_000962.3	278000	279000	0.00058771	Rv0232,nrdB	278500.0	0.58771	0.4720217043047569	1.930818228801492	False	0	0	0	0	1	1	0	0	0	0	0	0	0	0	0
NC_000962.3	279000	280000	5.28041e-05	nrdB,gabD1	279500.0	0.0528041	-0.469330205897824	-0.6770737352454336	False	0	0	0	0	0	0	1	1	0	0	0	0	0	0	0
NC_000962.3	280000	281000	2.6226e-05	gabD1	280500.0	0.026226	-0.5161035639867051	-0.806653187275474	False	0	0	0	0	0	0	0	0	0	0	0	0	0	0	0
NC_000962.3	281000	282000	0.000314185	gabD1,Rv0235c	281500.0	0.314185	-0.0093401225850959	0.5972684409492075	False	0	0	0	0	0	0	0	0	0	0	0	0	0	0	0
NC_000962.3	282000	283000	0.000548635	Rv0235c,aftD	282500.0	0.548635	0.403255729034778	1.7403111162511655	False	0	0	0	0	0	0	0	0	0	0	0	0	0	0	0
NC_000962.3	283000	284000	0.000892918	aftD	283500.0	0.892918	1.009140726190867	3.418836010177308	False	0	0	0	0	0	0	0	0	0	0	0	0	0	0	0
NC_000962.3	284000	285000	0.000393919	aftD	284500.0	0.393919	0.1309794237278024	0.9860053344127448	False	0	0	0	0	0	0	0	0	0	0	0	0	0	0	0
NC_000962.3	285000	286000	0.000214209	aftD	285500.0	0.214209	-0.1852824679105321	0.1098432564493629	False	0	0	0	0	0	0	0	0	0	0	0	0	0	0	0
NC_000962.3	286000	287000	9.18792e-05	aftD,Rv0236A	286500.0	0.0918792	-0.4005640546432634	-0.4865661351529126	False	0	0	0	0	0	0	0	0	0	0	0	0	0	0	0
NC_000962.3	287000	288000	0.000438098	Rv0236A,lpqI	287500.0	0.438098	0.2087276520439227	1.2013966005768104	False	0	0	0	0	0	0	0	0	0	0	0	0	0	0	0
NC_000962.3	288000	289000	0.000464676	lpqI,Rv0238	288500.0	0.464676	0.2555008341482223	1.3309755650646562	False	0	0	0	0	0	0	0	0	0	0	0	0	0	0	0
NC_000962.3	289000	290000	0.000290247	Rv0238,vapB24,vapC24,htdX	289500.0	0.290247	-0.0514673117344947	0.4805605903995026	False	0	0	0	0	1	1	0	0	0	0	0	0	0	0	0
NC_000962.3	290000	291000	0.000297815	htdX,fabG4	290500.0	0.297815	-0.0381487985971127	0.5174577836888404	False	0	0	0	0	0	0	0	0	0	0	0	0	0	0	0
NC_000962.3	291000	292000	0.000178302	fabG4	291500.0	0.178302	-0.2484732516346303	-0.0652185193751942	False	0	0	0	0	0	0	0	0	0	0	0	0	0	0	0
NC_000962.3	292000	293000	7.90302e-05	fabG4,fadA2	292500.0	0.0790302	-0.423176313536263	-0.5492104317404787	False	0	0	0	0	0	0	0	0	0	0	0	0	0	0	0
NC_000962.3	293000	294000	2.64021e-05	fadA2,fadE5	293500.0	0.0264020999999999	-0.5157936551384635	-0.805794625470737	False	0	0	0	0	0	0	1	1	0	0	0	0	0	0	0
NC_000962.3	294000	295000	0.00031084	fadE5	294500.0	0.31084	-0.015226806840453	0.5809601545389492	False	0	0	0	0	0	0	1	1	0	0	0	0	0	0	0
NC_000962.3	295000	296000	0.000287254	fadE5	295500.0	0.287254	-0.0567345302625317	0.46596845251433	False	0	0	0	0	0	0	0	0	0	0	0	0	0	0	0
NC_000962.3	296000	297000	0.000530681	Rv0245,Rv0246	296500.0	0.530681	0.3716594572498207	1.6527777906279135	False	0	0	0	0	0	0	0	0	0	0	0	0	0	0	0
NC_000962.3	297000	298000	0.000283382	Rv0246	297500.0	0.2833819999999999	-0.0635486532630527	0.4470908187383893	False	0	0	0	0	0	0	0	0	0	0	0	0	0	0	0
NC_000962.3	298000	299000	3.96031e-05	Rv0246,Rv0247c,Rv0248c	298500.0	0.0396031	-0.4925619305181437	-0.7414341803580851	False	0	0	0	0	0	0	0	0	0	0	0	0	0	0	0
NC_000962.3	299000	300000	1.3201e-05	Rv0248c	299500.0	0.013201	-0.5390255557433647	-0.8701555581255828	False	0	0	0	0	0	0	0	0	0	0	0	0	0	0	0
NC_000962.3	300000	301000	2.64021e-05	Rv0248c,Rv0249c	300500.0	0.0264020999999999	-0.5157936551384635	-0.805794625470737	False	0	0	0	0	0	0	0	0	0	0	0	0	0	0	0
NC_000962.3	301000	302000	0.00020664	Rv0249c,Rv0250c	301500.0	0.20664	-0.1986027408937304	0.0729411877380789	False	0	0	0	0	0	0	0	0	0	0	0	0	0	0	0
NC_000962.3	302000	303000	0.00020312	Rv0250c,hsp,nirB	302500.0	0.20312	-0.2047973981669313	0.0557797024872241	False	0	0	0	0	0	0	0	0	0	0	0	0	0	0	0
NC_000962.3	303000	304000	0.000103848	nirB	303500.0	0.103848	-0.3795008120377273	-0.4282131849624494	False	0	0	0	0	0	0	0	0	0	0	0	0	0	0	0
NC_000962.3	304000	305000	0.000499527	nirB	304500.0	0.499527	0.3168332206903602	1.500888895313957	False	0	0	0	0	0	0	0	0	0	0	0	0	0	0	0
NC_000962.3	305000	306000	0.000522585	nirB,nirD,cobU	305500.0	0.522585	0.3574117455214586	1.613306374550948	False	0	0	0	0	0	0	0	0	0	0	0	0	0	0	0
NC_000962.3	306000	307000	7.90302e-05	cobU,cobQ1	306500.0	0.0790302	-0.423176313536263	-0.5492104317404787	False	0	0	0	0	0	0	0	0	0	0	0	0	0	0	0
NC_000962.3	307000	308000	2.64021e-05	cobQ1,PPE2	307500.0	0.0264020999999999	-0.5157936551384635	-0.805794625470737	False	0	0	0	0	0	0	0	0	1	1	0	0	0	0	0
NC_000962.3	308000	309000	0.000386702	PPE2	308500.0	0.386702	0.1182786164719243	0.9508194142265464	False	1	1	0	0	0	0	0	0	1	1	0	0	1	0	0
NC_000962.3	309000	310000	0.000345515	PPE2,Rv0257	309500.0	0.345515	0.0457958468380247	0.7500154105257072	False	4	1	0	0	0	0	2	1	2	1	0	0	4	147	129
NC_000962.3	310000	311000	0.000209456	Rv0257,Rv0258c,Rv0259c	310500.0	0.209456	-0.1936470150751696	0.0866703759387627	False	3	1	0	0	0	0	1	1	1	1	0	0	3	6	5
NC_000962.3	311000	312000	0.000485094	Rv0259c,Rv0260c	311500.0	0.4850939999999999	0.29143336602442	1.4305219303635055	False	0	0	0	0	0	0	0	0	0	0	0	0	0	0	0
NC_000962.3	312000	313000	0.000118281	Rv0260c,narK3	312500.0	0.118281	-0.3541009573717872	-0.3578462200119988	False	0	0	0	0	0	0	0	0	0	0	0	0	0	0	0
NC_000962.3	313000	314000	6.58291e-05	narK3	313500.0	0.0658291	-0.4464082141411644	-0.6135713643953248	False	0	0	0	0	0	0	0	0	0	0	0	0	0	0	0
NC_000962.3	314000	315000	3.96031e-05	narK3,aac,Rv0263c	314500.0	0.0396031	-0.4925619305181437	-0.7414341803580851	False	0	0	0	0	0	0	0	0	0	0	0	0	0	0	0
NC_000962.3	315000	316000	0.000117577	Rv0263c,Rv0264c	315500.0	0.117577	-0.3553398888264275	-0.3612785170621697	False	0	0	0	0	0	0	0	0	0	0	0	0	0	0	0
NC_000962.3	316000	317000	0.00020312	Rv0264c,Rv0265c	316500.0	0.20312	-0.2047973981669313	0.0557797024872241	False	0	0	0	0	0	0	0	0	0	0	0	0	0	0	0
NC_000962.3	317000	318000	0.000191679	Rv0265c,oplA	317500.0	0.191679	-0.2249317941506505	0.0	False	0	0	0	0	0	0	0	0	0	0	0	0	0	0	0
NC_000962.3	318000	319000	1.3201e-05	oplA	318500.0	0.013201	-0.5390255557433647	-0.8701555581255828	False	0	0	0	0	0	0	0	0	0	0	0	0	0	0	0
NC_000962.3	319000	320000	5.26281e-05	oplA	319500.0	0.0526281	-0.4696399387614841	-0.6779318095079762	False	0	0	0	0	0	0	0	0	0	0	0	0	0	0	0
NC_000962.3	320000	321000	0.000368573	oplA	320500.0	0.368573	0.0863743716691233	0.862432889762698	False	0	0	0	0	0	0	0	0	0	0	0	0	0	0	0
NC_000962.3	321000	322000	5.1486e-05	oplA,narU	321500.0	0.051486	-0.4716498586682235	-0.6835000289128061	False	0	0	0	0	0	0	0	0	0	0	0	0	0	0	0
NC_000962.3	322000	323000	9.06471e-05	narU,Rv0268c	322500.0	0.0906471	-0.4027323606734654	-0.4925731425329063	False	0	0	0	0	0	0	0	0	0	0	0	0	0	0	0
NC_000962.3	323000	324000	9.18792e-05	Rv0268c,Rv0269c	323500.0	0.0918792	-0.4005640546432634	-0.4865661351529126	False	0	0	0	0	0	0	0	0	0	0	0	0	0	0	0
NC_000962.3	324000	325000	0.000154188	Rv0269c,fadD2	324500.0	0.154188	-0.2909101736476891	-0.1827844441874417	False	0	0	0	0	0	0	0	0	0	0	0	0	0	0	0
NC_000962.3	325000	326000	0.000715848	fadD2	325500.0	0.715848	0.6975248275074332	2.5555450461520675	False	0	0	0	0	0	0	0	0	0	0	0	0	0	0	0
NC_000962.3	326000	327000	0.00028479	fadD2,fadE6	326500.0	0.28479	-0.0610707903537724	0.4539554128387316	False	0	0	0	0	0	0	0	0	0	0	0	0	0	0	0
NC_000962.3	327000	328000	0.000231652	fadE6	327500.0	0.231652	-0.1545854773376788	0.1948852414580728	False	0	0	0	0	0	0	0	0	0	0	0	0	0	0	0
NC_000962.3	328000	329000	0.000243427	fadE6,Rv0272c	328500.0	0.243427	-0.133863292851332	0.2522933348753498	False	0	0	0	0	0	0	0	0	0	0	0	0	0	0	0
NC_000962.3	329000	330000	0.000244307	Rv0272c,Rv0273c	329500.0	0.2443069999999999	-0.1323146285330318	0.256583706188063	False	0	0	0	0	0	0	0	0	0	0	0	0	0	0	0
NC_000962.3	330000	331000	0.000343227	Rv0273c,Rv0274,Rv0275c	330500.0	0.343227	0.0417693196104441	0.7388604451126516	False	0	0	0	0	0	0	0	0	0	0	0	0	0	0	0
NC_000962.3	331000	332000	0.000600031	Rv0274,Rv0275c,Rv0276	331500.0	0.600031	0.4937047646067765	1.9908883026014297	False	0	0	0	0	0	0	0	0	0	0	0	0	0	0	0
NC_000962.3	332000	333000	0.000341467	Rv0276,vapC25	332500.0	0.3414669999999999	0.0386719909738436	0.7302797024872238	False	1	1	0	0	0	0	1	1	1	1	2	2	1	20	20
NC_000962.3	333000	334000	0.00081705	vapC25,vapB25,PE_PGRS3	333500.0	0.81705	0.875624743803592	3.048947497958033	False	3	1	1	1	1	1	6	1	2	1	2	2	2	176	163
NC_000962.3	334000	335000	0.000430721	PE_PGRS3	334500.0	0.430721	0.1957452694574446	1.1654306128792098	False	4	1	1	1	1	1	7	1	1	1	1	1	3	286	243
NC_000962.3	335000	336000	0.000191376	PE_PGRS3	335500.0	0.191376	-0.2254650274329744	-0.0014772528497184	False	4	1	1	1	1	1	4	1	1	1	0	0	3	401	346
NC_000962.3	336000	337000	0.000594541	PE_PGRS3,PE_PGRS4	336500.0	0.594541	0.4840432110755625	1.964122236116432	False	5	1	0	0	1	1	5	1	2	1	0	0	4	195	167
NC_000962.3	337000	338000	4.89302e-05	PE_PGRS4	337500.0	0.0489302	-0.476147672605396	-0.6959606323230716	False	2	1	0	0	1	1	1	1	1	1	0	0	2	325	276
NC_000962.3	338000	339000	0.00514383	PE_PGRS4	338500.0	5.14383	8.490090424638902	24.14382566662089	True	2	1	0	0	1	1	6	1	1	1	6	10	2	278	243
NC_000962.3	339000	340000	0.000501639	PE_PGRS4,PPE3	339500.0	0.5016390000000001	0.3205500150542807	1.5111857864644702	False	3	1	0	0	0	0	2	1	2	1	0	0	3	120	118
NC_000962.3	340000	341000	0.000830257	PPE3,Rv0281	340500.0	0.830257	0.8988670274988094	3.1133371956023628	False	0	0	0	0	1	1	0	0	1	1	0	0	0	0	0
NC_000962.3	341000	342000	0.000101912	Rv0281	341500.0	0.101912	-0.3829078735379878	-0.4376520018504195	False	0	0	0	0	1	1	1	1	0	0	0	0	0	0	0
NC_000962.3	342000	343000	0.000860355	eccA3	342500.0	0.8603550000000001	0.9518348668763096	3.2600776453410627	False	0	0	0	0	0	0	0	0	0	0	0	0	0	0	0
NC_000962.3	343000	344000	0.00025346	eccA3	343500.0	0.25346	-0.1162067597768931	0.301208443262232	False	0	0	0	0	0	0	0	0	0	0	0	0	0	0	0
NC_000962.3	344000	345000	0.00031084	eccA3,eccB3	344500.0	0.31084	-0.015226806840453	0.5809601545389492	False	0	0	0	0	0	0	0	0	0	0	0	0	0	0	0
NC_000962.3	345000	346000	0.000105432	eccB3,eccC3	345500.0	0.105432	-0.3767132162647869	-0.4204905165995648	False	0	0	0	0	0	0	0	0	0	0	0	0	0	0	0
NC_000962.3	346000	347000	0.000205936	eccC3	346500.0	0.2059359999999999	-0.1998416723483705	0.0695088906879075	False	0	0	0	0	0	0	0	0	0	0	0	0	0	0	0
NC_000962.3	347000	348000	9.22312e-05	eccC3	347500.0	0.0922312	-0.3999445889159433	-0.484849986627827	False	0	0	0	0	0	0	0	0	0	0	0	0	0	0	0
NC_000962.3	348000	349000	0.000297815	eccC3	348500.0	0.297815	-0.0381487985971127	0.5174577836888404	False	0	0	0	0	0	0	0	0	0	0	0	0	0	0	0
NC_000962.3	349000	350000	5.26281e-05	eccC3,PE5,PPE4	349500.0	0.0526281	-0.4696399387614841	-0.6779318095079762	False	0	0	0	0	0	0	0	0	2	1	0	0	0	0	0
NC_000962.3	350000	351000	0.000395855	PPE4	350500.0	0.395855	0.1343864852280629	0.9954441513007152	False	0	0	0	0	0	0	1	1	1	1	0	0	0	0	0
NC_000962.3	351000	352000	0.000125674	PPE4,esxG,esxH	351500.0	0.1256739999999999	-0.3410904172522491	-0.321802225563258	False	0	0	0	0	0	0	2	1	1	1	0	0	0	0	0
NC_000962.3	352000	353000	0.00015718	esxH,espG3	352500.0	0.15718	-0.2856447149654683	-0.1681971817242152	False	0	0	0	0	0	0	0	0	0	0	0	0	0	0	0
NC_000962.3	353000	354000	0.00104288	espG3,eccD3	353500.0	1.04288	1.2730507244873888	4.149964036083182	False	0	0	0	0	0	0	0	0	0	0	0	0	0	0	0
NC_000962.3	354000	355000	0.000165101	eccD3,mycP3	354500.0	0.165101	-0.27170497625495	-0.1295789644878457	False	0	0	0	0	0	0	0	0	0	0	0	0	0	0	0
NC_000962.3	355000	356000	0.000205232	mycP3,eccE3	355500.0	0.205232	-0.2010806038030107	0.066076593637737	False	0	0	0	0	0	0	0	0	0	0	0	0	0	0	0
NC_000962.3	356000	357000	0.000228642	eccE3,Rv0293c	356500.0	0.228642	-0.1598826132445921	0.1802102213998136	False	0	0	0	0	0	0	0	0	0	0	0	0	0	0	0
NC_000962.3	357000	358000	0.000256202	Rv0293c	357500.0	0.256202	-0.1113812625487348	0.314576850238892	False	0	0	0	0	0	0	0	0	0	0	0	0	0	0	0
NC_000962.3	358000	359000	0.000327579	Rv0293c,tam,Rv0295c	358500.0	0.327579	0.01423125227776	0.6625698424974883	False	0	0	0	0	0	0	0	0	0	0	0	0	0	0	0
NC_000962.3	359000	360000	1.3201e-05	Rv0295c,Rv0296c	359500.0	0.013201	-0.5390255557433647	-0.8701555581255828	False	0	0	0	0	0	0	0	0	0	0	0	0	0	0	0
NC_000962.3	360000	361000	3.94271e-05	Rv0296c	360500.0	0.0394271	-0.4928716633818038	-0.7422922546206278	False	0	0	0	0	0	0	0	0	0	0	0	0	0	0	0
NC_000962.3	361000	362000	0.000266066	Rv0296c,PE_PGRS5	361500.0	0.266066	-0.0940221434172422	0.3626680123168556	False	1	1	0	0	1	1	2	1	1	1	0	0	1	126	126
NC_000962.3	362000	363000	0.000355861	PE_PGRS5	362500.0	0.355861	0.0640032116529499	0.8004565259817704	False	1	1	0	0	1	1	0	0	1	1	0	0	1	5	5
NC_000962.3	363000	364000	0.0006641	PE_PGRS5,Rv0298,Rv0299,vapB2	363500.0	0.6641	0.6064563262081146	2.303251711276717	False	0	0	0	0	1	1	0	0	1	1	0	0	0	0	0
NC_000962.3	364000	365000	0.000490902	vapB2,vapC2,Rv0302	364500.0	0.490902	0.3016545505252015	1.4588383810274166	False	0	0	0	0	0	0	0	0	0	0	0	0	0	0	0
NC_000962.3	365000	366000	0.000178302	Rv0302,Rv0303	365500.0	0.178302	-0.2484732516346303	-0.0652185193751942	False	0	0	0	0	0	0	0	0	0	0	0	0	0	0	0
NC_000962.3	366000	367000	9.22312e-05	Rv0303,PPE5	366500.0	0.0922312	-0.3999445889159433	-0.484849986627827	False	1	1	1	1	1	1	3	1	1	1	0	0	1	99	99
NC_000962.3	367000	368000	0.000421377	PPE5	367500.0	0.421377	0.1793012701504021	1.1198746702133042	False	1	1	2	1	2	1	5	1	1	1	0	0	1	155	155
NC_000962.3	368000	369000	0.000323689	PPE5	368500.0	0.323689	0.0073854520525465	0.6436044511265152	False	1	1	2	1	1	1	4	1	1	1	0	0	1	93	93
NC_000962.3	369000	370000	0.0002561	PPE5	369500.0	0.2561	-0.1115607668219924	0.314079557200373	False	0	0	4	1	1	1	5	1	1	1	0	0	0	0	0
NC_000962.3	370000	371000	0.000470309	PPE5	370500.0	0.470309	0.26541404563116	1.3584388168879702	False	0	0	5	1	0	0	3	1	1	1	0	0	0	0	0
NC_000962.3	371000	372000	0.000219137	PPE5	371500.0	0.219137	-0.1766099477280508	0.1338693358005595	False	0	0	4	1	1	1	3	1	1	1	0	0	0	0	0
NC_000962.3	372000	373000	0.000663748	PPE5,PPE6	372500.0	0.663748	0.6058368604807944	2.301535562751632	False	0	0	5	1	1	1	5	1	2	1	0	0	0	0	0
NC_000962.3	373000	374000	0.000270192	PPE6	373500.0	0.270192	-0.0867610195793937	0.3827840032671471	False	1	1	4	1	0	0	5	1	1	1	0	0	1	147	147
NC_000962.3	374000	375000	0.000447269	PPE6	374500.0	0.4472689999999999	0.2248671980247538	1.2461090952460114	False	1	1	3	1	1	1	3	1	1	1	0	0	1	172	172
NC_000962.3	375000	376000	7.81542e-05	PPE6,Rv0306	375500.0	0.0781542	-0.4247179384712983	-0.5534813013654072	False	1	1	3	1	0	0	1	1	1	1	0	0	1	29	29
NC_000962.3	376000	377000	0.000269674	Rv0306,Rv0307c	376500.0	0.269674	-0.0876726197122113	0.3802585346989817	False	0	0	0	0	0	0	0	0	0	0	0	0	0	0	0
NC_000962.3	377000	378000	0.000447351	Rv0307c,Rv0308,Rv0309	377500.0	0.447351	0.2250115053816865	1.2465088798456057	False	0	0	0	0	0	0	0	0	0	0	0	0	0	0	0
NC_000962.3	378000	379000	0.000450419	Rv0309,Rv0310c	378500.0	0.450419	0.2304107123459423	1.2614666743767484	False	0	0	0	0	0	0	0	0	0	0	0	0	0	0	0
NC_000962.3	379000	380000	0.000713736	Rv0310c,Rv0311	379500.0	0.7137359999999999	0.6938080331435125	2.545248155001554	False	0	0	0	0	0	0	0	0	0	0	0	0	0	0	0
NC_000962.3	380000	381000	0.000186399	Rv0311,Rv0312	380500.0	0.1863989999999999	-0.2342237800604519	-0.0257422278762825	False	0	0	0	0	0	0	0	0	0	0	0	0	0	0	0
NC_000962.3	381000	382000	0.000306264	Rv0312	381500.0	0.306264	-0.0232798612956142	0.558650223712838	False	0	0	0	0	0	0	0	0	0	0	0	0	0	0	0
NC_000962.3	382000	383000	0.000166861	Rv0312,Rv0313,Rv0314c	382500.0	0.166861	-0.2686076476183495	-0.1209982218624183	False	0	0	0	0	0	0	0	0	0	0	0	0	0	0	0
NC_000962.3	383000	384000	0.000578557	Rv0314c,Rv0315	383500.0	0.5785570000000001	0.4559138355486184	1.886193491727324	False	0	0	0	0	0	0	0	0	0	0	0	0	0	0	0
NC_000962.3	384000	385000	9.18792e-05	Rv0315,Rv0316	384500.0	0.0918792	-0.4005640546432634	-0.4865661351529126	False	0	0	0	0	0	0	0	0	0	0	0	0	0	0	0
NC_000962.3	385000	386000	0.000343143	Rv0316,glpQ2	385500.0	0.343143	0.0416214925618791	0.7384509096691652	False	0	0	0	0	0	0	0	0	0	0	0	0	0	0	0
NC_000962.3	386000	387000	0.000409408	glyU,Rv0318c	386500.0	0.409408	0.1582376755757027	1.0615207449384518	False	0	0	0	0	0	0	0	0	0	0	0	0	0	0	0
NC_000962.3	387000	388000	0.000318233	Rv0318c,pcp,Rv0320	387500.0	0.318233	-0.0022162667209148	0.6170041489876904	False	0	0	0	0	0	0	0	0	0	0	0	0	0	0	0
NC_000962.3	388000	389000	0.0	Rv0320,dcd	388500.0	0.0	-0.5622572803636845	-0.9345160032382342	False	0	0	0	0	0	0	0	0	0	0	0	0	0	0	0
NC_000962.3	389000	390000	7.81501e-05	dcd,udgA	389500.0	0.0781501	-0.4247251538391449	-0.5535012905953869	False	0	0	0	0	0	0	0	0	0	0	0	0	0	0	0
NC_000962.3	390000	391000	3.96031e-05	udgA,Rv0323c	390500.0	0.0396031	-0.4925619305181437	-0.7414341803580851	False	0	0	0	0	0	0	0	0	0	0	0	0	0	0	0
NC_000962.3	391000	392000	0.000397615	Rv0323c,Rv0324	391500.0	0.397615	0.1374838138646633	1.0040248939261422	False	0	0	0	0	0	0	0	0	0	0	0	0	0	0	0
NC_000962.3	392000	393000	0.000642978	Rv0324,Rv0325,Rv0326,cyp135A1	392500.0	0.642978	0.5692848628772764	2.2002730489276963	False	0	0	0	0	0	0	0	0	0	0	0	0	0	0	0
NC_000962.3	393000	394000	0.000372269	cyp135A1	393500.0	0.372269	0.0928787618059842	0.8804524492760958	False	0	0	0	0	0	0	0	0	0	0	0	0	0	0	0
NC_000962.3	394000	395000	9.15296e-05	cyp135A1,Rv0328,Rv0329c	394500.0	0.0915296	-0.4011792967406245	-0.488270582665327	False	0	0	0	0	0	0	0	0	0	0	0	0	0	0	0
NC_000962.3	395000	396000	2.62267e-05	Rv0329c,Rv0330c	395500.0	0.0262267	-0.5161023320946339	-0.8066497744801115	False	0	0	0	0	0	0	0	0	0	0	0	0	0	0	0
NC_000962.3	396000	397000	0.000781522	Rv0330c,Rv0331	396500.0	0.7815219999999999	0.8131009416438527	2.87573350705111	False	0	0	0	0	0	0	0	0	0	0	0	0	0	0	0
NC_000962.3	397000	398000	0.000473125	Rv0331,Rv0332	397500.0	0.473125	0.2703697714497207	1.372168005088654	False	0	0	0	0	0	0	0	0	0	0	0	0	0	0	0
NC_000962.3	398000	399000	3.96031e-05	Rv0332,Rv0333,rmlA	398500.0	0.0396031	-0.4925619305181437	-0.7414341803580851	False	0	0	0	0	0	0	0	0	0	0	0	0	0	0	0
NC_000962.3	399000	400000	0.000104728	rmlA,PE6	399500.0	0.104728	-0.3779521477194271	-0.4239228136497358	False	0	0	0	0	0	0	0	0	1	1	0	0	0	0	0
NC_000962.3	400000	401000	0.000323513	PE6,Rv0336	400500.0	0.323513	0.0070757191888864	0.6427463768639725	False	1	1	0	0	0	0	1	1	2	1	0	0	1	0	0
NC_000962.3	401000	402000	0.000584718	Rv0336,aspC	401500.0	0.5847180000000001	0.4667562456225362	1.9162309663382655	False	1	1	0	0	0	0	1	1	1	1	0	0	1	1	1
NC_000962.3	402000	403000	0.000142043	aspC	402500.0	0.142043	-0.3122835010860485	-0.2419964437248367	False	0	0	0	0	0	0	0	0	0	0	0	0	0	0	0
NC_000962.3	403000	404000	0.000366109	aspC,Rv0338c	403500.0	0.3661089999999999	0.0820381115778826	0.8504198500870994	False	0	0	0	0	0	0	0	0	0	0	0	0	0	0	0
NC_000962.3	404000	405000	0.000212977	Rv0338c	404500.0	0.212977	-0.1874505979561525	0.1038367366115637	False	0	0	0	0	0	0	0	0	0	0	0	0	0	0	0
NC_000962.3	405000	406000	0.000257684	Rv0338c,Rv0339c	405500.0	0.2576839999999999	-0.108773171049052	0.3218022255632572	False	0	0	0	0	0	0	0	0	0	0	0	0	0	0	0
NC_000962.3	406000	407000	0.000650195	Rv0339c	406500.0	0.650195	0.5819856701331546	2.235458969113895	False	0	0	0	0	0	0	0	0	0	0	0	0	0	0	0
NC_000962.3	407000	408000	0.000140283	Rv0339c	407500.0	0.140283	-0.315380829722649	-0.2505771863502641	False	0	0	0	0	0	0	0	0	0	0	0	0	0	0	0
NC_000962.3	408000	409000	0.00022917	Rv0339c,Rv0340	408500.0	0.22917	-0.1589534146536119	0.1827844441874418	False	0	0	0	0	0	0	0	0	0	0	0	0	0	0	0
NC_000962.3	409000	410000	0.000157532	Rv0340,iniB	409500.0	0.157532	-0.2850252492381482	-0.1664810331991296	False	0	0	0	0	0	0	0	0	0	0	0	0	0	0	0
NC_000962.3	410000	411000	0.000102968	iniB,iniA	410500.0	0.1029679999999999	-0.3810494763560275	-0.4325035562751635	False	0	0	0	0	0	0	0	0	0	0	0	0	0	0	0
NC_000962.3	411000	412000	0.000150492	iniA	411500.0	0.150492	-0.29741456378455	-0.2008040037008392	False	0	0	0	0	0	0	0	0	0	0	0	0	0	0	0
NC_000962.3	412000	413000	0.000305736	iniA,iniC	412500.0	0.3057359999999999	-0.0242090598865944	0.5560760009252093	False	0	0	0	0	0	0	0	0	0	0	0	0	0	0	0
NC_000962.3	413000	414000	0.000144507	iniC	413500.0	0.144507	-0.3079472409948079	-0.2299834040492384	False	0	0	0	0	0	0	0	0	0	0	0	0	0	0	0
NC_000962.3	414000	415000	9.20552e-05	iniC,lpqJ	414500.0	0.0920552	-0.4002543217796034	-0.4857080608903698	False	0	0	0	0	0	0	0	0	0	0	0	0	0	0	0
NC_000962.3	415000	416000	0.000186399	Rv0345,ansP2	415500.0	0.1863989999999999	-0.2342237800604519	-0.0257422278762825	False	0	0	0	0	0	0	0	0	0	0	0	0	0	0	0
NC_000962.3	416000	417000	1.3201e-05	ansP2	416500.0	0.013201	-0.5390255557433647	-0.8701555581255828	False	0	0	0	0	0	0	0	0	0	0	0	0	0	0	0
NC_000962.3	417000	418000	2.64021e-05	Rv0347	417500.0	0.0264020999999999	-0.5157936551384635	-0.805794625470737	False	0	0	0	0	0	0	0	0	0	0	0	0	0	0	0
NC_000962.3	418000	419000	0.0	Rv0347,Rv0348,Rv0349	418500.0	0.0	-0.5622572803636845	-0.9345160032382342	False	0	0	0	0	0	0	0	0	0	0	0	0	0	0	0
NC_000962.3	419000	420000	0.000144331	Rv0349,dnaK	419500.0	0.144331	-0.3082569738584679	-0.2308414783117812	False	0	0	0	0	0	0	0	0	0	0	0	0	0	0	0
NC_000962.3	420000	421000	0.000245363	dnaK	420500.0	0.245363	-0.1304562313510714	0.2617321517633198	False	0	0	0	0	0	0	0	0	0	0	0	0	0	0	0
NC_000962.3	421000	422000	0.000150492	dnaK,grpE	421500.0	0.150492	-0.29741456378455	-0.2008040037008392	False	0	0	0	0	0	0	0	0	0	0	0	0	0	0	0
NC_000962.3	422000	423000	0.000218961	grpE,dnaJ1	422500.0	0.218961	-0.1769196805917109	0.1330112615380167	False	0	0	0	0	0	0	0	0	0	0	0	0	0	0	0
NC_000962.3	423000	424000	0.000360652	dnaJ1,hspR	423500.0	0.360652	0.0724346329586049	0.8238146725263287	False	0	0	0	0	0	0	0	0	1	1	0	0	0	0	0
NC_000962.3	424000	425000	0.00102855	hspR,PPE7,PPE8	424500.0	1.02855	1.2478321339405227	4.080099239593197	False	1	1	2	1	2	1	2	1	3	1	0	0	1	27	27
NC_000962.3	425000	426000	0.000290934	PPE8	425500.0	0.290934	-0.0502582976587307	0.4839100052765873	False	1	1	1	1	1	1	5	1	1	1	0	0	1	112	112
NC_000962.3	426000	427000	0.000256719	PPE8	426500.0	0.256719	-0.1104714222617335	0.3170974433851112	False	0	0	2	1	1	1	3	1	1	1	0	0	0	0	0
NC_000962.3	427000	428000	1.3201e-05	PPE8	427500.0	0.013201	-0.5390255557433647	-0.8701555581255828	False	0	0	2	1	1	1	2	1	1	1	0	0	0	0	0
NC_000962.3	428000	429000	0.000763196	PPE8	428500.0	0.763196	0.7808500072152503	2.7863865244638486	False	0	0	2	1	1	1	2	1	1	1	0	0	0	0	0
NC_000962.3	429000	430000	9.20552e-05	PPE8	429500.0	0.0920552	-0.4002543217796034	-0.4857080608903698	False	0	0	4	1	1	1	3	1	1	1	0	0	0	0	0
NC_000962.3	430000	431000	0.000413808	PPE8	430500.0	0.413808	0.1659809971672038	1.0829726015020205	False	0	0	4	1	2	1	1	1	1	1	0	0	0	0	0
NC_000962.3	431000	432000	0.000278017	PPE8	431500.0	0.2780169999999999	-0.0729902260672354	0.4209341799966746	False	0	0	3	1	1	1	6	1	1	1	0	0	0	0	0
NC_000962.3	432000	433000	0.000690678	PPE8	432500.0	0.690678	0.653229508312414	2.432830675764563	False	0	0	2	1	0	0	3	1	1	1	0	0	0	0	0
NC_000962.3	433000	434000	9.22312e-05	PPE8	433500.0	0.0922312	-0.3999445889159433	-0.484849986627827	False	1	1	0	0	1	1	3	1	1	1	0	0	1	112	112
NC_000962.3	434000	435000	0.000244053	PPE8,Rv0356c	434500.0	0.244053	-0.1327616293703593	0.2553453490137119	False	1	1	0	0	1	1	2	1	1	1	0	0	1	27	27
NC_000962.3	435000	436000	0.000208224	Rv0356c,purA	435500.0	0.208224	-0.1958151451207899	0.0806638561009635	False	0	0	0	0	0	0	0	0	0	0	0	0	0	0	0
NC_000962.3	436000	437000	2.64021e-05	purA,Rv0358	436500.0	0.0264020999999999	-0.5157936551384635	-0.805794625470737	False	0	0	0	0	0	0	0	0	0	0	0	0	0	0	0
NC_000962.3	437000	438000	1.3201e-05	Rv0358,Rv0359	437500.0	0.013201	-0.5390255557433647	-0.8701555581255828	False	0	0	0	0	0	0	0	0	0	0	0	0	0	0	0
NC_000962.3	438000	439000	0.000490902	Rv0359,Rv0360c,Rv0361	438500.0	0.490902	0.3016545505252015	1.4588383810274166	False	0	0	0	0	0	0	0	0	0	0	0	0	0	0	0
NC_000962.3	439000	440000	0.000192735	Rv0361,mgtE	439500.0	0.192735	-0.2230733969686902	0.0051484455752564	False	0	0	0	0	0	0	0	0	0	0	0	0	0	0	0
NC_000962.3	440000	441000	0.000217025	mgtE	440500.0	0.217025	-0.1803267420919714	0.1235724446500466	False	0	0	0	0	0	0	0	0	0	0	0	0	0	0	0
NC_000962.3	441000	442000	0.000569404	mgtE,fba	441500.0	0.569404	0.4398059667924797	1.841568754653155	False	0	0	0	0	0	0	0	0	0	0	0	0	0	0	0
NC_000962.3	442000	443000	7.90302e-05	fba,Rv0364	442500.0	0.0790302	-0.423176313536263	-0.5492104317404787	False	0	0	0	0	0	0	0	0	0	0	0	0	0	0	0
NC_000962.3	443000	444000	0.000286902	Rv0364,Rv0365c	443500.0	0.286902	-0.0573539959898518	0.4642523039892444	False	0	0	0	0	0	0	0	0	0	0	0	0	0	0	0
NC_000962.3	444000	445000	0.000276166	Rv0365c,Rv0366c,Rv0367c	444500.0	0.276166	-0.0762477006731146	0.4119097739741376	False	0	0	0	0	0	0	0	0	0	0	0	0	0	0	0
NC_000962.3	445000	446000	0.000705537	Rv0367c,Rv0368c	445500.0	0.705537	0.6793790572960766	2.5052745704641226	False	0	0	0	0	0	0	0	0	0	0	0	0	0	0	0
NC_000962.3	446000	447000	0.000353306	Rv0368c,Rv0369c	446500.0	0.353306	0.0595068055924305	0.7879998229090621	False	0	0	0	0	0	0	0	0	0	0	0	0	0	0	0
NC_000962.3	447000	448000	0.000600575	Rv0369c,Rv0370c	447500.0	0.600575	0.4946621207308166	1.993540532140198	False	0	0	0	0	0	0	0	0	0	0	0	0	0	0	0
NC_000962.3	448000	449000	7.86781e-05	Rv0370c,Rv0371c,Rv0372c	448500.0	0.0786781	-0.4237959552481647	-0.5509270678077587	False	0	0	0	0	0	0	0	0	0	0	0	0	0	0	0
NC_000962.3	449000	450000	0.000311192	Rv0372c,Rv0373c	449500.0	0.311192	-0.0146073411131329	0.5826763030640348	False	0	0	0	0	0	0	0	0	0	0	0	0	0	0	0
NC_000962.3	450000	451000	6.49491e-05	Rv0373c	450500.0	0.0649491	-0.4479568784594646	-0.6178617357080385	False	0	0	0	0	0	0	0	0	0	0	0	0	0	0	0
NC_000962.3	451000	452000	9.15271e-05	Rv0373c,Rv0374c	451500.0	0.0915271	-0.4011836963551651	-0.4882827712201926	False	0	0	0	0	0	0	0	0	0	0	0	0	0	0	0
NC_000962.3	452000	453000	0.000258212	Rv0374c,Rv0375c	452500.0	0.258212	-0.1078439724580718	0.3243764483508858	False	0	0	0	0	0	0	0	0	0	0	0	0	0	0	0
NC_000962.3	453000	454000	0.00012397	Rv0375c,Rv0376c	453500.0	0.12397	-0.3440891945231396	-0.330109944559694	False	0	0	0	0	0	0	0	0	0	0	0	0	0	0	0
NC_000962.3	454000	455000	0.000845721	Rv0376c,Rv0377	454500.0	0.8457210000000001	0.9260812832013036	3.1887307205794126	False	0	0	0	0	0	0	0	0	0	0	0	0	0	0	0
NC_000962.3	455000	456000	0.000540294	Rv0377,Rv0378,secE2	455500.0	0.5402939999999999	0.3885768550814345	1.6996452217973643	False	0	0	0	0	0	0	0	0	0	0	0	0	0	0	0
NC_000962.3	456000	457000	0.00101718	secE2,Rv0380c,Rv0381c	456500.0	1.01718	1.227822687009757	4.024665692064158	False	0	0	0	0	0	0	0	0	0	0	0	0	0	0	0
NC_000962.3	457000	458000	0.000369101	Rv0381c,pyrE	457500.0	0.369101	0.0873035702601034	0.8650071125503265	False	0	0	0	0	0	0	0	0	0	0	0	0	0	0	0
NC_000962.3	458000	459000	5.26281e-05	pyrE,Rv0383c	458500.0	0.0526281	-0.4696399387614841	-0.6779318095079762	False	0	0	0	0	0	0	0	0	0	0	0	0	0	0	0
NC_000962.3	459000	460000	0.000104552	Rv0383c,clpB	459500.0	0.1045519999999999	-0.3782618805830871	-0.4247808879122789	False	0	0	0	0	0	0	1	1	0	0	0	0	0	0	0
NC_000962.3	460000	461000	0.000425073	clpB	460500.0	0.425073	0.185805660287263	1.1378942297267016	False	0	0	0	0	0	0	1	1	0	0	0	0	0	0	0
NC_000962.3	461000	462000	2.64021e-05	clpB	461500.0	0.0264020999999999	-0.5157936551384635	-0.805794625470737	False	0	0	0	0	0	0	2	1	0	0	0	0	0	0	0
NC_000962.3	462000	463000	0.00010508	clpB,Rv0385	462500.0	0.10508	-0.3773326819921069	-0.4222066651246502	False	0	0	0	0	0	0	0	0	0	0	0	0	0	0	0
NC_000962.3	463000	464000	5.28041e-05	Rv0385,Rv0386	463500.0	0.0528041	-0.469330205897824	-0.6770737352454336	False	0	0	0	0	0	0	0	0	0	0	0	0	0	0	0
NC_000962.3	464000	465000	0.000271589	Rv0386	464500.0	0.2715889999999999	-0.0843025149740921	0.3895949677260797	False	0	0	0	0	0	0	0	0	0	0	0	0	0	0	0
NC_000962.3	465000	466000	0.00066938	Rv0386	465500.0	0.66938	0.6157483121179159	2.3289939391529995	False	0	0	0	0	0	0	0	0	0	0	0	0	0	0	0
NC_000962.3	466000	467000	0.000193809	Rv0386,Rv0387c	466500.0	0.193809	-0.2211833225620375	0.0103846487455457	False	0	0	0	0	0	0	0	0	0	0	0	0	0	0	0
NC_000962.3	467000	468000	0.000236484	Rv0387c,PPE9	467500.0	0.236484	-0.1460819023535575	0.218443280302428	False	0	0	0	0	0	0	0	0	1	1	0	0	0	0	0
NC_000962.3	468000	469000	0.000240259	PPE9,purT	468500.0	0.240259	-0.1394384843972128	0.2368479981495804	False	0	0	0	0	0	0	0	0	1	1	0	0	0	0	0
NC_000962.3	469000	470000	0.000297639	purT,Rv0390	469500.0	0.297639	-0.0384585314607728	0.5165997094262976	False	0	0	0	0	0	0	0	0	0	0	0	0	0	0	0
NC_000962.3	470000	471000	1.3201e-05	Rv0390,metZ	470500.0	0.013201	-0.5390255557433647	-0.8701555581255828	False	0	0	0	0	0	0	0	0	0	0	0	0	0	0	0
NC_000962.3	471000	472000	0.000245539	metZ,ndhA	471500.0	0.245539	-0.1301464984874114	0.2625902260258625	False	0	0	0	0	0	0	0	0	0	0	0	0	0	0	0
NC_000962.3	472000	473000	0.000163693	ndhA,Rv0393	472500.0	0.163693	-0.2741828391642304	-0.1364435585881876	False	0	0	0	0	1	1	1	1	1	1	0	0	0	0	0
NC_000962.3	473000	474000	0.000440738	Rv0393	473500.0	0.4407379999999999	0.2133736449988234	1.2142677145149512	False	1	1	0	0	0	0	1	1	1	1	2	2	1	11	11
NC_000962.3	474000	475000	2.64021e-05	Rv0393,Rv0394c,Rv0395	474500.0	0.0264020999999999	-0.5157936551384635	-0.805794625470737	False	1	1	0	0	0	0	2	1	1	1	0	0	1	7	7
NC_000962.3	475000	476000	0.000526809	Rv0395,Rv0396,Rv0397	475500.0	0.5268090000000001	0.3648453342492998	1.6339001568519742	False	1	1	0	0	0	0	1	1	1	1	2	2	1	6	6
NC_000962.3	476000	477000	0.000311368	Rv0397,Rv0397A,Rv0398c	476500.0	0.311368	-0.0142976082494729	0.5835343773265773	False	1	1	0	0	0	0	2	1	1	1	1	1	1	12	12
NC_000962.3	477000	478000	0.000601263	Rv0398c,lpqK	477500.0	0.601263	0.4958728946523967	1.996894822439229	False	0	0	0	0	0	0	0	0	0	0	0	0	0	0	0
NC_000962.3	478000	479000	7.92062e-05	lpqK,fadE7	478500.0	0.0792062	-0.422866580672603	-0.5483523574779359	False	0	0	0	0	0	0	0	0	0	0	0	0	0	0	0
NC_000962.3	479000	480000	0.000153308	fadE7,Rv0401	479500.0	0.153308	-0.2924588379659893	-0.1870748155001553	False	0	0	0	0	0	0	0	0	0	0	0	0	0	0	0
NC_000962.3	480000	481000	0.000191503	Rv0401,mmpL1	480500.0	0.191503	-0.2252415270143105	-0.0008580742625426	False	0	0	0	0	0	0	0	0	0	0	0	0	0	0	0
NC_000962.3	481000	482000	2.6226e-05	mmpL1	481500.0	0.026226	-0.5161035639867051	-0.806653187275474	False	0	0	0	0	0	0	0	0	0	0	0	0	0	0	0
NC_000962.3	482000	483000	0.000228994	mmpL1	482500.0	0.228994	-0.159263147517272	0.181926369924899	False	0	0	0	0	0	0	0	0	0	0	0	0	0	0	0
NC_000962.3	483000	484000	0.00045658	mmpL1,mmpS1,fadD30	483500.0	0.45658	0.2412531224198601	1.2915041489876904	False	0	0	0	0	0	0	0	0	0	0	0	0	0	0	0
NC_000962.3	484000	485000	0.000930269	fadD30	484500.0	0.930269	1.0748727272736305	3.600937895292273	False	0	0	0	0	0	0	0	0	0	0	0	0	0	0	0
NC_000962.3	485000	486000	0.000643154	fadD30,pks6	485500.0	0.643154	0.5695945957409364	2.2011311231902395	False	0	0	0	0	0	0	0	0	0	0	0	0	0	0	0
NC_000962.3	486000	487000	0.000253636	pks6	486500.0	0.253636	-0.115897026913233	0.3020665175247746	False	0	0	0	0	0	0	0	0	0	0	0	0	0	0	0
NC_000962.3	487000	488000	0.000260852	pks6	487500.0	0.260852	-0.1031979795031711	0.3372475622890268	False	0	0	0	0	0	0	0	0	0	0	0	0	0	0	0
NC_000962.3	488000	489000	0.00018147	pks6	488500.0	0.18147	-0.2428980600887494	-0.0497731826494249	False	0	0	0	0	0	0	1	1	0	0	0	0	0	0	0
NC_000962.3	489000	490000	0.000558492	pks6,Rv0406c	489500.0	0.558492	0.4206025292455567	1.788368150375505	False	0	0	0	0	0	0	0	0	0	0	0	0	0	0	0
NC_000962.3	490000	491000	6.54771e-05	Rv0406c,fgd1	490500.0	0.0654771	-0.4470276798684844	-0.6152875129204102	False	0	0	0	0	0	0	0	0	0	0	0	0	0	0	0
NC_000962.3	491000	492000	0.000783437	fgd1,pta	491500.0	0.783437	0.816471046381972	2.885069940078209	False	0	0	0	0	0	0	0	0	0	0	0	0	0	0	0
NC_000962.3	492000	493000	0.000815648	pta	492500.0	0.8156479999999999	0.8731574399692092	3.0421121563893685	False	0	0	0	0	0	0	0	0	0	0	0	0	0	0	0
NC_000962.3	493000	494000	3.96031e-05	pta,ackA	493500.0	0.0396031	-0.4925619305181437	-0.7414341803580851	False	0	0	0	0	0	0	0	0	0	0	0	0	0	0	0
NC_000962.3	494000	495000	0.000129546	ackA	494500.0	0.129546	-0.3342762942517281	-0.3029245917873173	False	0	0	0	0	0	0	0	0	0	0	0	0	0	0	0
NC_000962.3	495000	496000	0.000271237	ackA,pknG	495500.0	0.271237	-0.0849219807014121	0.3878788192009947	False	0	0	0	0	0	0	0	0	0	0	0	0	0	0	0
NC_000962.3	496000	497000	2.64021e-05	pknG	496500.0	0.0264020999999999	-0.5157936551384635	-0.805794625470737	False	0	0	0	0	0	0	0	0	0	0	0	0	0	0	0
NC_000962.3	497000	498000	0.000561836	pknG,glnH	497500.0	0.561836	0.4264874536550977	1.804671561363817	False	0	0	0	0	0	0	0	0	0	0	0	0	0	0	0
NC_000962.3	498000	499000	0.00102563	glnH,Rv0412c	498500.0	1.02563	1.242693384157072	4.065863007510102	False	0	0	0	0	0	0	0	0	0	0	0	0	0	0	0
NC_000962.3	499000	500000	0.0001996	Rv0412c,mutT3	499500.0	0.1996	-0.2109920554401322	0.0386182172363694	False	0	0	0	0	0	0	0	0	0	0	0	0	0	0	0
NC_000962.3	500000	501000	0.000117929	mutT3,thiE	500500.0	0.117929	-0.3547204230991073	-0.3595623685370842	False	0	0	0	0	0	0	0	0	0	0	0	0	0	0	0
NC_000962.3	501000	502000	0.000378077	thiE,thiO	501500.0	0.378077	0.1030999463067657	0.908768899940006	False	0	0	0	0	0	0	0	0	0	0	0	0	0	0	0
NC_000962.3	502000	503000	0.000205936	thiO,thiS,thiG	502500.0	0.2059359999999999	-0.1998416723483705	0.0695088906879075	False	0	0	0	0	0	0	0	0	0	0	0	0	0	0	0
NC_000962.3	503000	504000	0.000238851	thiG,lpqL	503500.0	0.2388509999999999	-0.1419163473064932	0.229983404049238	False	0	0	0	0	0	0	0	0	0	0	0	0	0	0	0
NC_000962.3	504000	505000	1.3201e-05	lpqL	504500.0	0.013201	-0.5390255557433647	-0.8701555581255828	False	0	0	0	0	0	0	0	0	0	0	0	0	0	0	0
NC_000962.3	505000	506000	0.00079083	lpqM	505500.0	0.7908299999999999	0.8294815865015102	2.9211139345269506	False	0	0	0	0	0	0	0	0	0	0	0	0	0	0	0
NC_000962.3	506000	507000	0.000126906	lpqM,Rv0420c	506500.0	0.126906	-0.3389222872066287	-0.3157957057254584	False	0	0	0	0	0	0	0	0	0	0	0	0	0	0	0
NC_000962.3	507000	508000	0.00030996	Rv0421c,thiD	507500.0	0.30996	-0.0167754711587532	0.5766697832262356	False	0	0	0	0	0	0	0	0	0	0	0	0	0	0	0
NC_000962.3	508000	509000	9.22312e-05	thiD,thiC	508500.0	0.0922312	-0.3999445889159433	-0.484849986627827	False	0	0	0	0	0	0	0	0	0	0	0	0	0	0	0
NC_000962.3	509000	510000	1.3201e-05	thiC	509500.0	0.013201	-0.5390255557433647	-0.8701555581255828	False	0	0	0	0	0	0	0	0	0	0	0	0	0	0	0
NC_000962.3	510000	511000	7.81501e-05	thiC,Rv0424c,ctpH	510500.0	0.0781501	-0.4247251538391449	-0.5535012905953869	False	0	0	0	0	0	0	0	0	0	0	0	0	0	0	0
NC_000962.3	511000	512000	7.81501e-05	ctpH	511500.0	0.0781501	-0.4247251538391449	-0.5535012905953869	False	0	0	0	0	0	0	0	0	0	0	0	0	0	0	0
NC_000962.3	512000	513000	0.000104904	ctpH	512500.0	0.104904	-0.377642414855767	-0.423064739387193	False	0	0	0	0	0	0	0	0	0	0	0	0	0	0	0
NC_000962.3	513000	514000	0.000191063	ctpH	513500.0	0.1910629999999999	-0.2260158591734607	-0.0030032599189	False	0	0	0	0	0	0	0	0	0	0	0	0	0	0	0
NC_000962.3	514000	515000	0.000406416	ctpH	514500.0	0.406416	0.1529722168934819	1.0469334824752254	False	0	0	0	0	0	0	0	0	0	0	0	0	0	0	0
NC_000962.3	515000	516000	0.0001519	ctpH,Rv0426c	515500.0	0.1519	-0.2949367008752697	-0.1939394096004972	False	0	0	0	0	0	0	0	0	0	0	0	0	0	0	0
NC_000962.3	516000	517000	5.26281e-05	xthA,Rv0428c	516500.0	0.0526281	-0.4696399387614841	-0.6779318095079762	False	0	0	0	0	0	0	0	0	0	0	0	0	0	0	0
NC_000962.3	517000	518000	0.000854195	Rv0428c,def	517500.0	0.8541949999999999	0.940994216648208	3.2300450461520667	False	0	0	0	0	0	0	0	0	0	0	0	0	0	0	0
NC_000962.3	518000	519000	0.000516952	def,Rv0430	518500.0	0.516952	0.3474985340385209	1.5858431227276342	False	0	0	0	0	0	0	0	0	0	0	0	0	0	0	0
NC_000962.3	519000	520000	0.000331962	Rv0430,Rv0431,sodC	519500.0	0.331962	0.0219446564903849	0.68393881688797	False	0	0	0	0	0	0	0	0	0	0	0	0	0	0	0
NC_000962.3	520000	521000	3.96031e-05	sodC,Rv0433	520500.0	0.0396031	-0.4925619305181437	-0.7414341803580851	False	0	0	0	0	0	0	0	0	0	0	0	0	0	0	0
NC_000962.3	521000	522000	2.64021e-05	Rv0433,Rv0434	521500.0	0.0264020999999999	-0.5157936551384635	-0.805794625470737	False	0	0	0	0	0	0	0	0	0	0	0	0	0	0	0
NC_000962.3	522000	523000	0.000293063	Rv0434,Rv0435c	522500.0	0.2930629999999999	-0.046511585915934	0.4942897786001861	False	0	0	0	0	0	0	0	0	0	0	0	0	0	0	0
NC_000962.3	523000	524000	0.000193967	Rv0435c	523500.0	0.193967	-0.2209052669230699	0.0111549654130556	False	0	0	0	0	0	0	0	0	0	0	0	0	0	0	0
NC_000962.3	524000	525000	0.000410288	Rv0435c,pssA	524500.0	0.410288	0.159786339894003	1.0658111162511654	False	0	0	0	0	0	0	0	0	0	0	0	0	0	0	0
NC_000962.3	525000	526000	0.000346923	pssA,psd	525500.0	0.346923	0.0482737097473051	0.756880004626049	False	0	0	0	0	0	0	0	0	0	0	0	0	0	0	0
NC_000962.3	526000	527000	0.000130778	psd,moeA2	526500.0	0.1307779999999999	-0.3321081642061078	-0.2969180719495187	False	0	0	0	0	0	0	0	0	0	0	0	0	0	0	0
NC_000962.3	527000	528000	0.000369981	moeA2,Rv0439c	527500.0	0.369981	0.0888522345784037	0.8692974838630401	False	0	0	0	0	0	0	0	0	0	0	0	0	0	0	0
NC_000962.3	528000	529000	0.000240259	Rv0439c,groEL2	528500.0	0.240259	-0.1394384843972128	0.2368479981495804	False	0	0	0	0	0	0	0	0	0	0	0	0	0	0	0
NC_000962.3	529000	530000	0.000104904	groEL2	529500.0	0.104904	-0.377642414855767	-0.423064739387193	False	0	0	0	0	0	0	0	0	0	0	0	0	0	0	0
NC_000962.3	530000	531000	3.94271e-05	groEL2,Rv0441c,PPE10	530500.0	0.0394271	-0.4928716633818038	-0.7422922546206278	False	0	0	0	0	0	0	0	0	1	1	0	0	0	0	0
NC_000962.3	531000	532000	0.000648503	PPE10	531500.0	0.648503	0.5790080110120592	2.2272097551808137	False	0	0	0	0	1	1	1	1	1	1	0	2	0	0	0
NC_000962.3	532000	533000	0.00025522	PPE10,Rv0443	532500.0	0.25522	-0.1131094311402926	0.3097891858876593	False	0	0	0	0	0	0	0	0	1	1	0	0	0	0	0
NC_000962.3	533000	534000	0.000490902	rskA,sigK	533500.0	0.490902	0.3016545505252015	1.4588383810274166	False	0	0	0	0	0	0	0	0	0	0	0	0	0	0	0
NC_000962.3	534000	535000	0.000443203	sigK,Rv0446c	534500.0	0.4432029999999999	0.2177116649358803	1.2262856296124958	False	0	0	0	0	0	0	0	0	0	0	0	0	0	0	0
NC_000962.3	535000	536000	0.000115113	Rv0446c,ufaA1	535500.0	0.115113	-0.3596761489176681	-0.373291556737768	False	0	0	0	0	0	0	0	0	0	0	0	0	0	0	0
NC_000962.3	536000	537000	5.26281e-05	ufaA1,Rv0448c	536500.0	0.0526281	-0.4696399387614841	-0.6779318095079762	False	0	0	0	0	0	0	0	0	0	0	0	0	0	0	0
NC_000962.3	537000	538000	9.20552e-05	Rv0448c,Rv0449c	537500.0	0.0920552	-0.4002543217796034	-0.4857080608903698	False	0	0	0	0	0	0	0	0	0	0	0	0	0	0	0
NC_000962.3	538000	539000	9.20552e-05	Rv0449c,mmpL4	538500.0	0.0920552	-0.4002543217796034	-0.4857080608903698	False	0	0	0	0	0	0	1	1	0	0	0	0	0	0	0
NC_000962.3	539000	540000	5.26281e-05	mmpL4	539500.0	0.0526281	-0.4696399387614841	-0.6779318095079762	False	0	0	0	0	0	0	0	0	0	0	0	0	0	0	0
NC_000962.3	540000	541000	0.00010508	mmpL4	540500.0	0.10508	-0.3773326819921069	-0.4222066651246502	False	0	0	0	0	0	0	0	0	0	0	0	0	0	0	0
NC_000962.3	541000	542000	3.96031e-05	mmpL4,mmpS4	541500.0	0.0396031	-0.4925619305181437	-0.7414341803580851	False	0	0	0	0	0	0	0	0	0	0	0	0	0	0	0
NC_000962.3	542000	543000	0.00108812	Rv0452	542500.0	1.08812	1.3526661492145506	4.370528124932236	False	0	0	0	0	0	0	0	0	0	0	0	0	0	0	0
NC_000962.3	543000	544000	1.3201e-05	PPE11	543500.0	0.013201	-0.5390255557433647	-0.8701555581255828	False	0	0	0	0	0	0	1	1	1	1	0	0	0	0	0
NC_000962.3	544000	545000	0.000333898	PPE11,Rv0454	544500.0	0.333898	0.0253517179906454	0.6933776337759401	False	0	0	0	0	0	0	0	0	1	1	0	0	0	0	0
NC_000962.3	545000	546000	6.60051e-05	Rv0454,Rv0455c,echA2	545500.0	0.0660051	-0.4460984812775044	-0.6127132901327821	False	0	0	0	0	0	0	0	0	0	0	0	0	0	0	0
NC_000962.3	546000	547000	0.000832897	echA2	546500.0	0.832897	0.90351302045371	3.1262083095405035	False	0	0	0	0	0	0	0	0	0	0	0	0	0	0	0
NC_000962.3	547000	548000	7.85021e-05	mazF1,mazE1,Rv0457c	547500.0	0.0785020999999999	-0.4241056881118248	-0.5517851420703019	False	0	0	0	0	0	0	0	0	0	0	0	0	0	0	0
NC_000962.3	548000	549000	8.87109e-05	Rv0457c	548500.0	0.0887109	-0.4061397741428891	-0.5020129345052657	False	0	0	0	0	0	0	0	0	0	0	0	0	0	0	0
NC_000962.3	549000	550000	0.000856307	Rv0457c,Rv0458	549500.0	0.856307	0.9447110110121286	3.2403419373025795	False	0	0	0	0	0	0	0	0	0	0	0	0	0	0	0
NC_000962.3	550000	551000	6.56531e-05	Rv0458	550500.0	0.0656530999999999	-0.4467179470048244	-0.6144294386578679	False	0	0	0	0	0	0	0	0	0	0	0	0	0	0	0
NC_000962.3	551000	552000	0.000328618	Rv0458,Rv0459,Rv0460	551500.0	0.3286179999999999	0.016059732080844	0.6676354058996576	False	0	0	0	0	0	0	0	0	0	0	0	0	0	0	0
NC_000962.3	552000	553000	0.000131482	Rv0461,lpdC	552500.0	0.131482	-0.3308692327514675	-0.2934857748993473	False	0	0	0	0	0	0	0	0	0	0	0	0	0	0	0
NC_000962.3	553000	554000	3.94271e-05	lpdC	553500.0	0.0394271	-0.4928716633818038	-0.7422922546206278	False	0	0	0	0	0	0	0	0	0	0	0	0	0	0	0
NC_000962.3	554000	555000	6.56531e-05	lpdC,Rv0463,Rv0464c,Rv0465c	554500.0	0.0656530999999999	-0.4467179470048244	-0.6144294386578679	False	0	0	0	0	0	0	0	0	0	0	0	0	0	0	0
NC_000962.3	555000	556000	0.000926184	Rv0465c	555500.0	0.926184	1.0676837571142483	3.5810217966417777	False	0	0	0	0	0	0	0	0	0	0	0	0	0	0	0
NC_000962.3	556000	557000	0.000257684	Rv0465c,Rv0466	556500.0	0.2576839999999999	-0.108773171049052	0.3218022255632572	False	0	0	0	0	0	0	0	0	0	0	0	0	0	0	0
NC_000962.3	557000	558000	5.28041e-05	Rv0466,icl1	557500.0	0.0528041	-0.469330205897824	-0.6770737352454336	False	0	0	0	0	0	0	0	0	0	0	0	0	0	0	0
NC_000962.3	558000	559000	0.000218961	icl1,fadB2	558500.0	0.218961	-0.1769196805917109	0.1330112615380167	False	0	0	0	0	0	0	0	0	0	0	0	0	0	0	0
NC_000962.3	559000	560000	0.0001996	fadB2,umaA	559500.0	0.1996	-0.2109920554401322	0.0386182172363694	False	0	0	0	0	0	0	0	0	0	0	0	0	0	0	0
NC_000962.3	560000	561000	0.000803081	umaA,pcaA	560500.0	0.8030809999999999	0.8510414575963922	2.9808427287906496	False	0	0	0	0	0	0	1	1	0	0	0	0	0	0	0
NC_000962.3	561000	562000	0.000876208	pcaA,Rv0470A	561500.0	0.876208	0.9797337026013248	3.33736770945521	False	0	0	0	0	0	0	2	1	0	0	0	0	0	0	0
NC_000962.3	562000	563000	7.88542e-05	Rv0470A,Rv0471c,Rv0472c	562500.0	0.0788542	-0.4234860463999231	-0.5500685060030214	False	1	1	0	0	0	0	1	1	0	0	0	0	1	4	4
NC_000962.3	563000	564000	0.000202944	Rv0472c,Rv0473	563500.0	0.2029439999999999	-0.2051071310305913	0.0549216282246809	False	0	0	0	0	0	0	0	0	0	0	0	0	0	0	0
NC_000962.3	564000	565000	0.000245187	Rv0473	564500.0	0.245187	-0.1307659642147315	0.260874077500777	False	0	0	0	0	0	0	0	0	0	0	0	0	0	0	0
NC_000962.3	565000	566000	0.000771468	Rv0474,hbhA	565500.0	0.7714679999999999	0.7954074518072726	2.826716014803356	False	0	0	0	0	0	0	0	0	0	0	0	0	0	0	0
NC_000962.3	566000	567000	0.000143627	hbhA,Rv0476,Rv0477	566500.0	0.143627	-0.3094959053131081	-0.2342737753619521	False	0	0	1	1	1	1	1	1	0	0	0	0	0	0	0
NC_000962.3	567000	568000	0.000212801	Rv0477,deoC,Rv0479c	567500.0	0.212801	-0.1877603308198125	0.1029786623490209	False	0	0	1	1	0	0	0	0	0	0	0	0	0	0	0
NC_000962.3	568000	569000	0.000219137	Rv0479c,Rv0480c	568500.0	0.219137	-0.1766099477280508	0.1338693358005595	False	0	0	1	1	0	0	0	0	0	0	0	0	0	0	0
NC_000962.3	569000	570000	0.000431591	Rv0480c,Rv0481c	569500.0	0.431591	0.1972763353175823	1.169672229972461	False	0	0	2	1	1	1	1	1	0	0	0	0	0	0	0
NC_000962.3	570000	571000	0.000190095	Rv0481c,murB	570500.0	0.190095	-0.2277193899235909	-0.0077226683628846	False	0	0	1	1	0	0	0	0	0	0	0	0	0	0	0
NC_000962.3	571000	572000	6.58291e-05	murB,lprQ	571500.0	0.0658291	-0.4464082141411644	-0.6135713643953248	False	0	0	1	1	0	0	0	0	0	0	0	0	0	0	0
NC_000962.3	572000	573000	0.000728873	lprQ	572500.0	0.728873	0.7204468192640927	2.619047417002176	False	0	0	1	1	0	0	0	0	0	0	0	0	0	0	0
NC_000962.3	573000	574000	0.000294651	lprQ,Rv0484c,Rv0485	573500.0	0.294651	-0.0437169507597285	0.5020319486508562	False	0	0	1	1	0	0	0	0	0	0	0	0	0	0	0
NC_000962.3	574000	575000	3.96031e-05	Rv0485	574500.0	0.0396031	-0.4925619305181437	-0.7414341803580851	False	0	0	1	1	0	0	0	0	0	0	0	0	0	0	0
NC_000962.3	575000	576000	0.000600207	Rv0485,mshA	575500.0	0.6002069999999999	0.4940144974704364	1.991746376863972	False	0	0	1	1	0	0	0	0	0	0	0	0	0	0	0
NC_000962.3	576000	577000	6.54771e-05	mshA,Rv0487	576500.0	0.0654771	-0.4470276798684844	-0.6152875129204102	False	0	0	1	1	0	0	0	0	1	1	0	0	0	0	0
NC_000962.3	577000	578000	3.93406e-05	Rv0487,Rv0488	577500.0	0.0393406	-0.4930238900449095	-0.7427139786189797	False	1	1	2	1	1	1	1	1	1	1	0	0	1	0	0
NC_000962.3	578000	579000	6.60051e-05	Rv0488,gpm1	578500.0	0.0660051	-0.4460984812775044	-0.6127132901327821	False	0	0	1	1	1	1	0	0	0	0	0	0	0	0	0
NC_000962.3	579000	580000	0.000115113	gpm1,senX3	579500.0	0.115113	-0.3596761489176681	-0.373291556737768	False	0	0	1	1	0	0	0	0	1	1	0	0	0	0	0
NC_000962.3	580000	581000	0.000579035	senX3,regX3	580500.0	0.579035	0.4567550418487859	1.8885239434176384	False	2	1	2	1	1	1	1	1	1	1	0	0	2	0	0
NC_000962.3	581000	582000	0.00017795	regX3,Rv0492c	581500.0	0.17795	-0.2490927173619504	-0.0669346679002796	False	0	0	0	0	0	0	0	0	0	0	0	0	0	0	0
NC_000962.3	582000	583000	1.3201e-05	Rv0492c	582500.0	0.013201	-0.5390255557433647	-0.8701555581255828	False	0	0	0	0	0	0	0	0	0	0	0	0	0	0	0
NC_000962.3	583000	584000	0.000496359	Rv0492c,Rv0492A,Rv0493c	583500.0	0.496359	0.3112580291444793	1.4854435585881878	False	0	0	0	0	0	0	0	0	0	0	0	0	0	0	0
NC_000962.3	584000	585000	0.000917032	Rv0493c,Rv0494	584500.0	0.917032	1.0515776482039256	3.536401934989555	False	0	0	0	0	0	0	0	0	0	0	0	0	0	0	0
NC_000962.3	585000	586000	3.96031e-05	Rv0494,Rv0495c	585500.0	0.0396031	-0.4925619305181437	-0.7414341803580851	False	0	0	0	0	1	1	0	0	0	0	0	0	0	0	0
NC_000962.3	586000	587000	7.92062e-05	Rv0495c,Rv0496	586500.0	0.0792062	-0.422866580672603	-0.5483523574779359	False	0	0	0	0	0	0	0	0	0	0	0	0	0	0	0
NC_000962.3	587000	588000	0.000204528	Rv0496,Rv0497	587500.0	0.204528	-0.2023195352576509	0.062644296587566	False	0	0	0	0	0	0	0	0	0	0	0	0	0	0	0
NC_000962.3	588000	589000	0.000105256	Rv0497,Rv0498	588500.0	0.105256	-0.3770229491284469	-0.4213485908621075	False	0	0	0	0	0	0	0	0	0	0	0	0	0	0	0
NC_000962.3	589000	590000	0.000176718	Rv0498,Rv0499	589500.0	0.176718	-0.2512608474075707	-0.0729411877380789	False	0	0	0	0	0	0	0	0	0	0	0	0	0	0	0
NC_000962.3	590000	591000	0.000318937	Rv0499,proC	590500.0	0.3189369999999999	-0.0009773352662747	0.620436446037861	False	0	0	0	0	0	0	0	0	0	0	0	0	0	0	0
NC_000962.3	591000	592000	0.000258388	Rv0500A,Rv0500B,galE2	591500.0	0.258388	-0.1075342395944117	0.3252345226134286	False	0	0	0	0	0	0	0	0	0	0	0	0	0	0	0
NC_000962.3	592000	593000	5.22761e-05	galE2,Rv0502	592500.0	0.0522761	-0.4702594044888042	-0.6796479580330618	False	0	0	0	0	0	0	0	0	0	0	0	0	0	0	0
NC_000962.3	593000	594000	1.3201e-05	Rv0502,cmaA2	593500.0	0.013201	-0.5390255557433647	-0.8701555581255828	False	0	0	0	0	0	0	0	0	0	0	0	0	0	0	0
NC_000962.3	594000	595000	2.64021e-05	cmaA2,Rv0504c	594500.0	0.0264020999999999	-0.5157936551384635	-0.805794625470737	False	0	0	0	0	0	0	1	1	0	0	0	0	0	0	0
NC_000962.3	595000	596000	0.000485798	Rv0504c,serB1	595500.0	0.485798	0.2926722974790603	1.4339542274136774	False	0	0	0	0	0	0	1	1	0	0	0	0	0	0	0
NC_000962.3	596000	597000	5.26281e-05	serB1,mmpS2	596500.0	0.0526281	-0.4696399387614841	-0.6779318095079762	False	0	0	0	0	0	0	0	0	0	0	0	0	0	0	0
NC_000962.3	597000	598000	0.000175134	mmpS2,mmpL2	597500.0	0.1751339999999999	-0.2540484431805112	-0.0806638561009639	False	0	0	0	0	0	0	0	0	0	0	0	0	0	0	0
NC_000962.3	598000	599000	0.000204176	mmpL2	598500.0	0.204176	-0.202939000984971	0.0609281480624806	False	0	0	0	0	0	0	1	1	0	0	0	0	0	0	0
NC_000962.3	599000	600000	0.000743658	mmpL2	599500.0	0.743658	0.7464661396573529	2.691130530477712	False	0	0	0	0	0	0	0	0	0	0	0	0	0	0	0
NC_000962.3	600000	601000	7.81501e-05	mmpL2,Rv0508,hemA	600500.0	0.0781501	-0.4247251538391449	-0.5535012905953869	False	0	0	0	0	0	0	0	0	0	0	0	0	0	0	0
NC_000962.3	601000	602000	0.00010508	hemA,hemC	601500.0	0.10508	-0.3773326819921069	-0.4222066651246502	False	0	0	0	0	0	0	0	0	0	0	0	0	0	0	0
NC_000962.3	602000	603000	0.000152076	hemC,hemD	602500.0	0.152076	-0.2946269680116096	-0.1930813353379545	False	0	0	0	0	0	0	0	0	0	0	0	0	0	0	0
NC_000962.3	603000	604000	5.28041e-05	hemD	603500.0	0.0528041	-0.469330205897824	-0.6770737352454336	False	0	0	0	0	0	0	0	0	0	0	0	0	0	0	0
NC_000962.3	604000	605000	6.56531e-05	hemD,hemB	604500.0	0.0656530999999999	-0.4467179470048244	-0.6144294386578679	False	0	0	0	0	0	0	0	0	0	0	0	0	0	0	0
NC_000962.3	605000	606000	0.000503751	hemB,Rv0513	605500.0	0.503751	0.3242668094182012	1.5214826776149823	False	0	0	0	0	0	0	0	0	0	0	0	0	0	0	0
NC_000962.3	606000	607000	5.22761e-05	Rv0513,Rv0514,Rv0515	606500.0	0.0522761	-0.4702594044888042	-0.6796479580330618	False	1	1	0	0	0	0	1	1	1	1	0	0	1	0	0
NC_000962.3	607000	608000	0.000523817	Rv0515	607500.0	0.523817	0.359579875567079	1.6193128943887471	False	1	1	0	0	0	0	1	1	1	1	0	0	1	0	0
NC_000962.3	608000	609000	0.000561836	Rv0515,Rv0516c,Rv0517	608500.0	0.561836	0.4264874536550977	1.804671561363817	False	1	1	0	0	0	0	1	1	1	1	0	0	1	1	1
NC_000962.3	609000	610000	0.000313832	Rv0517	609500.0	0.313832	-0.0099613481582322	0.5955474170021757	False	0	0	0	0	0	0	0	0	0	0	0	0	0	0	0
NC_000962.3	610000	611000	5.26281e-05	Rv0517,Rv0518	610500.0	0.0526281	-0.4696399387614841	-0.6779318095079762	False	0	0	0	0	0	0	0	0	0	0	0	0	0	0	0
NC_000962.3	611000	612000	0.000645266	Rv0519c	611500.0	0.645266	0.5733113901048571	2.211428014340752	False	0	0	0	0	0	0	0	0	0	0	0	0	0	0	0
NC_000962.3	612000	613000	5.26281e-05	Rv0519c,Rv0520,Rv0521	612500.0	0.0526281	-0.4696399387614841	-0.6779318095079762	False	0	0	0	0	0	0	0	0	0	0	0	0	0	0	0
NC_000962.3	613000	614000	0.000270533	gabP	613500.0	0.2705329999999999	-0.0861609121560524	0.3844465221508233	False	0	0	0	0	1	1	0	0	0	0	0	0	0	0	0
NC_000962.3	614000	615000	9.24072e-05	gabP,Rv0523c,hemL	614500.0	0.0924072	-0.3996348560522833	-0.4839919123652843	False	0	0	0	0	0	0	0	0	0	0	0	0	0	0	0
NC_000962.3	615000	616000	0.000232338	hemL	615500.0	0.232338	-0.1533782231077311	0.1982297809132109	False	0	0	0	0	0	0	0	0	0	0	0	0	0	0	0
NC_000962.3	616000	617000	2.64021e-05	hemL,Rv0525,Rv0526	616500.0	0.0264020999999999	-0.5157936551384635	-0.805794625470737	False	0	0	0	0	0	0	0	0	0	0	0	0	0	0	0
NC_000962.3	617000	618000	5.26281e-05	Rv0526,ccdA	617500.0	0.0526281	-0.4696399387614841	-0.6779318095079762	False	0	0	0	0	0	0	0	0	0	0	0	0	0	0	0
NC_000962.3	618000	619000	0.000138875	ccdA,Rv0528	618500.0	0.138875	-0.3178586926319294	-0.257441780450606	False	0	0	0	0	0	0	0	0	0	0	0	0	0	0	0
NC_000962.3	619000	620000	5.28041e-05	Rv0528,ccsA	619500.0	0.0528041	-0.469330205897824	-0.6770737352454336	False	0	0	0	0	1	1	0	0	0	0	0	0	0	0	0
NC_000962.3	620000	621000	0.000490902	ccsA,Rv0530	620500.0	0.490902	0.3016545505252015	1.4588383810274166	False	0	0	0	0	0	0	0	0	0	0	0	0	0	0	0
NC_000962.3	621000	622000	0.000657411	Rv0530	621500.0	0.657411	0.5946847175432165	2.270640013878147	False	0	0	0	0	0	0	0	0	0	0	0	0	0	0	0
NC_000962.3	622000	623000	3.94271e-05	Rv0530,Rv0530A,Rv0531,PE_PGRS6	622500.0	0.0394271	-0.4928716633818038	-0.7422922546206278	False	0	0	0	0	0	0	1	1	1	1	0	0	0	0	0
NC_000962.3	623000	624000	0.000525092	PE_PGRS6	623500.0	0.525092	0.3618236789827981	1.625529057370236	False	0	0	0	0	1	1	5	1	1	1	0	2	0	0	0
NC_000962.3	624000	625000	5.14066e-05	PE_PGRS6,fabH	624500.0	0.0514066	-0.4717895904260338	-0.6838871374153396	False	0	0	0	0	1	1	2	1	1	1	0	0	0	0	0
NC_000962.3	625000	626000	0.000118105	fabH,menA	625500.0	0.118105	-0.3544106902354473	-0.3587042942745415	False	0	0	0	0	0	0	0	0	0	0	0	0	0	0	0
NC_000962.3	626000	627000	2.6226e-05	menA,pnp	626500.0	0.026226	-0.5161035639867051	-0.806653187275474	False	0	0	0	0	0	0	0	0	0	0	0	0	0	0	0
NC_000962.3	627000	628000	0.000689094	pnp,galE3	627500.0	0.689094	0.6504419125394736	2.425108007401678	False	0	0	0	0	0	0	0	0	0	0	0	0	0	0	0
NC_000962.3	628000	629000	0.000908583	galE3,Rv0537c	628500.0	0.908583	1.036708710902427	3.495209494965558	False	0	0	0	0	0	0	0	0	0	0	0	0	0	0	0
NC_000962.3	629000	630000	0.000263669	Rv0537c	629500.0	0.263669	-0.0982404938387941	0.3509816259116569	False	0	0	0	0	0	0	0	0	0	0	0	0	0	0	0
NC_000962.3	630000	631000	0.000225474	Rv0538	630500.0	0.225474	-0.1654578047904729	0.1647648846740443	False	0	0	0	0	0	0	0	0	1	1	0	0	0	0	0
NC_000962.3	631000	632000	0.000292895	Rv0538,Rv0539	631500.0	0.292895	-0.046807240013064	0.493470707713214	False	0	0	2	1	1	1	1	1	1	1	0	0	0	0	0
NC_000962.3	632000	633000	0.000113881	Rv0539,Rv0540	632500.0	0.113881	-0.3618442789632884	-0.3792980765755672	False	0	0	0	0	0	0	0	0	0	0	0	0	0	0	0
NC_000962.3	633000	634000	0.000189039	Rv0540,Rv0541c	633500.0	0.189039	-0.2295777871055512	-0.0128711139381409	False	0	0	0	0	1	1	0	0	0	0	0	0	0	0	0
NC_000962.3	634000	635000	6.58291e-05	Rv0541c,menE	634500.0	0.0658291	-0.4464082141411644	-0.6135713643953248	False	0	0	0	0	0	0	0	0	0	0	0	0	0	0	0
NC_000962.3	635000	636000	0.000102792	menE,Rv0543c,Rv0544c	635500.0	0.102792	-0.3813592092196876	-0.4333616305377059	False	0	0	0	0	0	0	0	0	0	0	0	0	0	0	0
NC_000962.3	636000	637000	7.86781e-05	Rv0544c,pitA	636500.0	0.0786781	-0.4237959552481647	-0.5509270678077587	False	0	0	0	0	0	0	0	0	0	0	0	0	0	0	0
NC_000962.3	637000	638000	0.00046098	pitA,Rv0546c	637500.0	0.46098	0.2489964440113612	1.312956005551259	False	0	0	0	0	0	0	0	0	0	0	0	0	0	0	0
NC_000962.3	638000	639000	3.96031e-05	Rv0547c	638500.0	0.0396031	-0.4925619305181437	-0.7414341803580851	False	0	0	0	0	0	0	0	0	0	0	0	0	0	0	0
NC_000962.3	639000	640000	3.96031e-05	menB	639500.0	0.0396031	-0.4925619305181437	-0.7414341803580851	False	0	0	0	0	0	0	0	0	0	0	0	0	0	0	0
NC_000962.3	640000	641000	0.000627489	vapC3,vapB3	640500.0	0.627489	0.5420266110293761	2.1247576384019893	False	0	0	0	0	0	0	0	0	0	0	0	0	0	0	0
NC_000962.3	641000	642000	7.86781e-05	fadD8	641500.0	0.0786781	-0.4237959552481647	-0.5509270678077587	False	0	0	0	0	0	0	0	0	0	0	0	0	0	0	0
NC_000962.3	642000	643000	5.26281e-05	fadD8,Rv0552	642500.0	0.0526281	-0.4696399387614841	-0.6779318095079762	False	1	1	0	0	0	0	1	1	0	0	0	0	1	4	4
NC_000962.3	643000	644000	0.000271941	Rv0552	643500.0	0.271941	-0.083683049246772	0.3913111162511655	False	0	0	0	0	0	0	0	0	0	0	0	0	0	0	0
NC_000962.3	644000	645000	6.53011e-05	Rv0552,menC	644500.0	0.0653011	-0.4473374127321445	-0.616145587182953	False	0	0	0	0	0	0	0	0	0	0	0	0	0	0	0
NC_000962.3	645000	646000	5.22761e-05	menC,bpoC	645500.0	0.0522761	-0.4702594044888042	-0.6796479580330618	False	0	0	0	0	0	0	0	0	0	0	0	0	0	0	0
NC_000962.3	646000	647000	0.000297463	bpoC,menD	646500.0	0.297463	-0.0387682643244328	0.5157416351637548	False	0	0	0	0	0	0	0	0	0	0	0	0	0	0	0
NC_000962.3	647000	648000	6.60051e-05	menD,Rv0556	647500.0	0.0660051	-0.4460984812775044	-0.6127132901327821	False	0	0	0	0	0	0	0	0	0	0	0	0	0	0	0
NC_000962.3	648000	649000	0.00079787	Rv0556,mgtA	648500.0	0.79787	0.8418709010479121	2.95543690502866	False	0	0	0	0	0	0	0	0	0	0	0	0	0	0	0
NC_000962.3	649000	650000	0.00028215	mgtA,menH	649500.0	0.28215	-0.065716783308673	0.4410842989005906	False	0	0	0	0	0	0	0	0	0	0	0	0	0	0	0
NC_000962.3	650000	651000	7.90302e-05	menH,Rv0559c,Rv0560c	650500.0	0.0790302	-0.423176313536263	-0.5492104317404787	False	0	0	0	0	0	0	0	0	0	0	0	0	0	0	0
NC_000962.3	651000	652000	0.000163693	Rv0560c,Rv0561c	651500.0	0.163693	-0.2741828391642304	-0.1364435585881876	False	0	0	0	0	0	0	0	0	0	0	0	0	0	0	0
NC_000962.3	652000	653000	0.000128314	Rv0561c,grcC1	652500.0	0.128314	-0.3364444242973484	-0.3089311116251164	False	0	0	0	0	0	0	0	0	0	0	0	0	0	0	0
NC_000962.3	653000	654000	0.000146795	grcC1,htpX	653500.0	0.1467949999999999	-0.3039207137672273	-0.2188284386361833	False	0	0	0	0	0	0	0	0	0	0	0	0	0	0	0
NC_000962.3	654000	655000	9.20552e-05	htpX,gpdA1	654500.0	0.0920552	-0.4002543217796034	-0.4857080608903698	False	0	0	0	0	0	0	0	0	0	0	0	0	0	0	0
NC_000962.3	655000	656000	0.000770236	gpdA1	655500.0	0.770236	0.7932393217616522	2.8207094949655573	False	0	0	0	0	0	0	0	0	0	0	0	0	0	0	0
NC_000962.3	656000	657000	6.54771e-05	Rv0565c	656500.0	0.0654771	-0.4470276798684844	-0.6152875129204102	False	0	0	0	0	0	0	0	0	0	0	0	0	0	0	0
NC_000962.3	657000	658000	0.00163288	Rv0565c,Rv0566c	657500.0	1.63288	2.3113597560750434	7.026462984379857	False	0	0	0	0	0	0	0	0	0	0	0	0	0	0	0
NC_000962.3	658000	659000	0.000233394	Rv0566c,tyrT,Rv0567	658500.0	0.233394	-0.1515198259257708	0.2033782264884674	False	0	0	0	0	0	0	0	0	0	0	0	0	0	0	0
NC_000962.3	659000	660000	0.000551099	Rv0567,cyp135B1	659500.0	0.551099	0.4075919891260186	1.752324155926764	False	0	0	0	0	0	0	0	0	0	0	0	0	0	0	0
NC_000962.3	660000	661000	6.58291e-05	cyp135B1	660500.0	0.0658291	-0.4464082141411644	-0.6135713643953248	False	0	0	0	0	0	0	0	0	0	0	0	0	0	0	0
NC_000962.3	661000	662000	0.000157004	Rv0569,nrdZ	661500.0	0.157004	-0.2859544478291284	-0.1690552559867578	False	0	0	0	0	0	0	0	0	0	0	0	0	0	0	0
NC_000962.3	662000	663000	0.000650899	nrdZ	662500.0	0.650899	0.5832246015877949	2.238891266164066	False	0	0	0	0	0	0	0	0	0	0	0	0	0	0	0
NC_000962.3	663000	664000	0.000152346	nrdZ,Rv0571c	663500.0	0.152346	-0.2941518096412221	-0.1917649714124627	False	0	0	1	1	0	0	0	0	0	0	0	0	0	0	0
NC_000962.3	664000	665000	0.000124797	Rv0571c	664500.0	0.124797	-0.3426338020331005	-0.3260779706101324	False	0	0	0	0	0	0	0	0	0	0	0	0	0	0	0
NC_000962.3	665000	666000	0.000185088	Rv0572c,pncB2	665500.0	0.185088	-0.236530937925556	-0.0321339060478361	False	0	0	0	0	0	0	0	0	0	0	0	0	0	0	0
NC_000962.3	666000	667000	0.000104383	pncB2	666500.0	0.104383	-0.3785592945260334	-0.4256048342211973	False	0	0	0	0	0	0	0	0	0	0	0	0	0	0	0
NC_000962.3	667000	668000	6.53926e-05	pncB2,Rv0574c	667500.0	0.0653926	-0.4471763868399576	-0.6156994860748697	False	0	0	0	0	0	0	0	0	0	0	0	0	0	0	0
NC_000962.3	668000	669000	0.000123211	Rv0574c,Rv0575c	668500.0	0.123211	-0.3454249174976735	-0.3338103898169096	False	0	0	0	0	0	0	0	0	0	0	0	0	0	0	0
NC_000962.3	669000	670000	0.000628997	Rv0575c,Rv0576	669500.0	0.6289969999999999	0.5446804585202815	2.132109774696957	False	0	0	0	0	0	0	1	1	0	0	0	0	0	0	0
NC_000962.3	670000	671000	0.000581637	Rv0576	670500.0	0.581637	0.4613341606626691	1.901209791321821	False	0	0	0	0	0	0	0	0	0	0	0	0	0	0	0
NC_000962.3	671000	672000	0.000150936	Rv0576,TB27.3,PE_PGRS7	671500.0	0.150936	-0.2966331922421349	-0.1986393163566973	False	0	0	0	0	1	1	0	0	1	1	0	0	0	0	0
NC_000962.3	672000	673000	0.00010456	PE_PGRS7	672500.0	0.10456	-0.3782478018165571	-0.4247418845367083	False	0	0	0	0	1	1	0	0	1	1	0	0	0	0	0
NC_000962.3	673000	674000	0.00106902	PE_PGRS7	673500.0	1.06902	1.3190530941241707	4.277407565758565	False	0	0	0	0	1	1	1	1	1	1	0	0	0	0	0
NC_000962.3	674000	675000	0.000265429	PE_PGRS7	674500.0	0.265429	-0.0951431652021936	0.3595623685370844	False	0	0	0	0	1	1	0	0	1	1	0	0	0	0	0
NC_000962.3	675000	676000	0.000205328	PE_PGRS7	675500.0	0.205328	-0.2009116586046507	0.0665446341445785	False	0	0	0	0	1	1	2	1	1	1	0	0	0	0	0
NC_000962.3	676000	677000	2.64021e-05	Rv0579	676500.0	0.0264020999999999	-0.5157936551384635	-0.805794625470737	False	0	0	0	0	0	0	0	0	0	0	0	0	0	0	0
NC_000962.3	677000	678000	3.96031e-05	Rv0580c,vapB26,vapC26	677500.0	0.0396031	-0.4925619305181437	-0.7414341803580851	False	0	0	0	0	0	0	1	1	0	0	0	0	0	0	0
NC_000962.3	678000	679000	0.000232162	vapC26,lpqN	678500.0	0.232162	-0.1536879559713911	0.1973717066506683	False	0	0	0	0	0	0	0	0	0	0	0	0	0	0	0
NC_000962.3	679000	680000	6.58309e-05	lpqN,Rv0584	679500.0	0.0658309	-0.4464050464186951	-0.6135625886358215	False	0	0	0	0	0	0	0	0	0	0	0	0	0	0	0
NC_000962.3	680000	681000	7.89453e-05	Rv0584	680500.0	0.0789453	-0.4233257244460627	-0.5496243550637165	False	0	0	0	0	0	0	0	0	0	0	0	0	0	0	0
NC_000962.3	681000	682000	5.24521e-05	Rv0584,Rv0585c	681500.0	0.0524521	-0.4699496716251441	-0.678789883770519	False	0	0	0	0	0	0	0	0	0	0	0	0	0	0	0
NC_000962.3	682000	683000	2.64021e-05	Rv0585c	682500.0	0.0264020999999999	-0.5157936551384635	-0.805794625470737	False	0	0	0	0	0	0	0	0	0	0	0	0	0	0	0
NC_000962.3	683000	684000	0.000763548	Rv0585c	683500.0	0.763548	0.7814694729425705	2.7881026729889333	False	0	0	0	0	0	0	0	0	0	0	0	0	0	0	0
NC_000962.3	684000	685000	0.000511144	Rv0585c,mce2R	684500.0	0.511144	0.3372773495377395	1.557526672063724	False	0	0	0	0	0	0	0	0	0	0	0	0	0	0	0
NC_000962.3	685000	686000	0.000579965	mce2R,yrbE2A,yrbE2B	685500.0	0.579965	0.4583916984578987	1.8930580858276649	False	1	1	0	0	0	0	2	1	0	0	0	0	1	143	143
NC_000962.3	686000	687000	0.000953114	yrbE2B,mce2A	686500.0	0.953114	1.1150764049458677	3.712316909654709	False	1	1	0	0	0	0	3	1	0	0	0	0	1	199	199
NC_000962.3	687000	688000	0.00013113	mce2A	687500.0	0.13113	-0.3314886984787876	-0.2952019234244327	False	1	1	0	0	0	0	2	1	0	0	0	0	1	187	187
NC_000962.3	688000	689000	0.000143979	mce2A,mce2B,Rv0590A	688500.0	0.143979	-0.308876439585788	-0.2325576268368666	False	1	1	0	0	0	0	0	0	0	0	0	0	1	235	235
NC_000962.3	689000	690000	7.86781e-05	Rv0590A,mce2C	689500.0	0.0786781	-0.4237959552481647	-0.5509270678077587	False	1	1	0	0	0	0	0	0	0	0	0	0	1	263	263
NC_000962.3	690000	691000	0.000843458	mce2C,mce2D	690500.0	0.8434579999999999	0.9220987521191288	3.1776976407150133	False	1	1	0	0	0	0	1	1	0	0	0	0	1	223	223
NC_000962.3	691000	692000	7.92062e-05	mce2D	691500.0	0.0792062	-0.422866580672603	-0.5483523574779359	False	1	1	0	0	0	0	0	0	0	0	0	0	1	215	215
NC_000962.3	692000	693000	0.0001175	mce2D,lprL	692500.0	0.1175	-0.3554753969542787	-0.3616539245520321	False	1	1	0	0	0	0	0	0	0	0	0	0	1	124	124
NC_000962.3	693000	694000	3.93396e-05	lprL,mce2F	693500.0	0.0393395999999999	-0.4930256498907257	-0.7427188540409265	False	0	0	0	0	0	0	0	0	0	0	0	0	0	0	0
NC_000962.3	694000	695000	0.000490902	mce2F,vapC4	694500.0	0.490902	0.3016545505252015	1.4588383810274166	False	0	0	0	0	0	0	0	0	0	0	0	0	0	0	0
NC_000962.3	695000	696000	5.28041e-05	vapC4,vapB4,Rv0597c	695500.0	0.0528041	-0.469330205897824	-0.6770737352454336	False	0	0	0	0	0	0	0	0	0	0	0	0	0	0	0
NC_000962.3	696000	697000	0.000548635	Rv0597c	696500.0	0.548635	0.403255729034778	1.7403111162511655	False	0	0	0	0	0	0	0	0	0	0	0	0	0	0	0
NC_000962.3	697000	698000	9.22312e-05	vapC27,vapB27,Rv0600c	697500.0	0.0922312	-0.3999445889159433	-0.484849986627827	False	0	0	0	0	0	0	0	0	0	0	0	0	0	0	0
NC_000962.3	698000	699000	9.24072e-05	Rv0600c,Rv0601c	698500.0	0.0924072	-0.3996348560522833	-0.4839919123652843	False	0	0	0	0	0	0	0	0	0	0	0	0	0	0	0
NC_000962.3	699000	700000	0.000677301	tcrA,Rv0603	699500.0	0.677301	0.6296880508284343	2.367612156389369	False	0	0	0	0	1	1	0	0	0	0	0	0	0	0	0
NC_000962.3	700000	701000	0.000332138	Rv0603,lpqO	700500.0	0.332138	0.022254389354045	0.6847968911505128	False	0	0	0	0	0	0	0	0	0	0	0	0	0	0	0
NC_000962.3	701000	702000	0.000105256	lpqO,Rv0605	701500.0	0.105256	-0.3770229491284469	-0.4213485908621075	False	1	1	0	0	0	0	2	1	1	1	0	0	1	105	105
NC_000962.3	702000	703000	0.0	Rv0605,Rv0606,Rv0607	702500.0	0.0	-0.5622572803636845	-0.9345160032382342	False	1	1	0	0	0	0	3	1	2	1	0	0	1	124	124
NC_000962.3	703000	704000	5.28041e-05	Rv0607,vapB28,vapC28,Rv0609A	703500.0	0.0528041	-0.469330205897824	-0.6770737352454336	False	0	0	0	0	0	0	0	0	0	0	0	0	0	0	0
NC_000962.3	704000	705000	0.000232338	Rv0609A,Rv0610c	704500.0	0.232338	-0.1533782231077311	0.1982297809132109	False	0	0	0	0	0	0	0	0	0	0	0	0	0	0	0
NC_000962.3	705000	706000	0.000729753	Rv0610c,Rv0611c	705500.0	0.729753	0.721995483582393	2.623337788314889	False	0	0	0	0	0	0	0	0	0	0	0	0	0	0	0
NC_000962.3	706000	707000	2.6226e-05	Rv0611c,Rv0612,Rv0613c	706500.0	0.026226	-0.5161035639867051	-0.806653187275474	False	0	0	0	0	0	0	0	0	0	0	0	0	0	0	0
NC_000962.3	707000	708000	0.000496359	Rv0613c	707500.0	0.496359	0.3112580291444793	1.4854435585881878	False	0	0	0	0	0	0	0	0	0	0	0	0	0	0	0
NC_000962.3	708000	709000	0.000142395	Rv0613c	708500.0	0.142395	-0.3116640353587285	-0.2402802951997513	False	0	0	0	0	0	0	0	0	0	0	0	0	0	0	0
NC_000962.3	709000	710000	0.000242371	Rv0613c,Rv0614	709500.0	0.2423709999999999	-0.1357216900332923	0.2471448893000928	False	0	0	0	0	0	0	3	1	0	0	0	0	0	0	0
NC_000962.3	710000	711000	5.28041e-05	Rv0614,Rv0615,Rv0616c,vapB29	710500.0	0.0528041	-0.469330205897824	-0.6770737352454336	False	0	0	0	0	0	0	0	0	0	0	0	0	0	0	0
NC_000962.3	711000	712000	0.000338474	vapB29,vapC29,galTa	711500.0	0.338474	0.0334047724458066	0.7156875646020514	False	0	0	0	0	0	0	1	1	0	0	0	0	0	0	0
NC_000962.3	712000	713000	0.000562892	galTa,galTb,galK	712500.0	0.562892	0.4283458508370579	1.8098200069390733	False	0	0	0	0	0	0	0	0	0	0	0	0	0	0	0
NC_000962.3	713000	714000	0.0005643	galK	713500.0	0.5643	0.4308237137463383	1.8166846010394155	False	0	0	0	0	0	0	0	0	0	0	0	0	0	0	0
NC_000962.3	714000	715000	5.22761e-05	Rv0621	714500.0	0.0522761	-0.4702594044888042	-0.6796479580330618	False	0	0	0	0	0	0	0	0	0	0	0	0	0	0	0
NC_000962.3	715000	716000	0.000279862	Rv0621,Rv0622	715500.0	0.279862	-0.0697433105362536	0.429929333487535	False	0	0	0	0	0	0	0	0	0	0	0	0	0	0	0
NC_000962.3	716000	717000	0.000192735	Rv0622,vapB30,vapC30	716500.0	0.192735	-0.2230733969686902	0.0051484455752564	False	0	0	0	0	0	0	1	1	0	0	0	0	0	0	0
NC_000962.3	717000	718000	0.000444435	vapC30,Rv0625c	717500.0	0.444435	0.2198797949815007	1.2322921494502954	False	0	0	0	0	0	0	2	1	0	0	0	0	0	0	0
NC_000962.3	718000	719000	0.000216849	vapB5,vapC5,Rv0628c	718500.0	0.216849	-0.1806364749556314	0.1227143703875038	False	1	1	0	0	0	0	3	1	0	0	0	0	1	34	34
NC_000962.3	719000	720000	7.92062e-05	Rv0628c	719500.0	0.0792062	-0.422866580672603	-0.5483523574779359	False	1	1	0	0	0	0	4	1	0	0	0	0	1	134	134
NC_000962.3	720000	721000	0.000258388	recD	720500.0	0.258388	-0.1075342395944117	0.3252345226134286	False	0	0	0	0	0	0	0	0	0	0	0	0	0	0	0
NC_000962.3	721000	722000	0.000549163	recD,recB	721500.0	0.549163	0.4041849276257581	1.7428853390387935	False	0	0	0	0	0	0	0	0	0	0	0	0	0	0	0
NC_000962.3	722000	723000	0.000309608	recB	722500.0	0.309608	-0.0173949368860733	0.57495363470115	False	0	0	0	0	1	1	0	0	0	0	0	0	0	0	0
NC_000962.3	723000	724000	2.6226e-05	recB	723500.0	0.026226	-0.5161035639867051	-0.806653187275474	False	0	0	0	0	0	0	0	0	0	0	0	0	0	0	0
NC_000962.3	724000	725000	7.88542e-05	recB	724500.0	0.0788542	-0.4234860463999231	-0.5500685060030214	False	0	0	0	0	0	0	0	0	0	0	0	0	0	0	0
NC_000962.3	725000	726000	0.000562716	recB,recC	725500.0	0.562716	0.4280361179733979	1.808961932676531	False	0	0	0	0	0	0	0	0	0	0	0	0	0	0	0
NC_000962.3	726000	727000	0.000662516	recC	726500.0	0.662516	0.6036687304351741	2.2955290429138326	False	0	0	0	0	0	0	0	0	0	0	0	0	0	0	0
NC_000962.3	727000	728000	0.000129546	recC	727500.0	0.129546	-0.3342762942517281	-0.3029245917873173	False	0	0	0	0	0	0	0	0	0	0	0	0	0	0	0
NC_000962.3	728000	729000	3.94271e-05	recC,echA3	728500.0	0.0394271	-0.4928716633818038	-0.7422922546206278	False	0	0	0	0	0	0	0	0	0	0	0	0	0	0	0
NC_000962.3	729000	730000	0.000154188	echA3,Rv0633c	729500.0	0.154188	-0.2909101736476891	-0.1827844441874417	False	0	0	0	0	0	0	0	0	0	0	0	0	0	0	0
NC_000962.3	730000	731000	0.000192735	Rv0633c,Rv0634c	730500.0	0.192735	-0.2230733969686902	0.0051484455752564	False	0	0	0	0	0	0	0	0	0	0	0	0	0	0	0
NC_000962.3	731000	732000	0.000191503	Rv0634c,Rv0634A,thrT,metT,rpmG2,hadA	731500.0	0.191503	-0.2252415270143105	-0.0008580742625426	False	0	0	0	0	0	0	0	0	0	0	0	0	0	0	0
NC_000962.3	732000	733000	0.00032809	hadA,hadB,hadC	732500.0	0.32809	0.0151305334898639	0.6650611831120299	False	0	0	0	0	0	0	0	0	0	0	0	0	0	0	0
NC_000962.3	733000	734000	7.92062e-05	hadC,trpT,secE1	733500.0	0.0792062	-0.422866580672603	-0.5483523574779359	False	0	0	0	0	0	0	0	0	0	0	0	0	0	0	0
NC_000962.3	734000	735000	0.000308904	secE1,nusG	734500.0	0.3089039999999999	-0.0186338683407136	0.5715213376509787	False	0	0	0	0	0	0	0	0	0	0	0	0	0	0	0
NC_000962.3	735000	736000	0.000104904	rplK,rplA	735500.0	0.104904	-0.377642414855767	-0.423064739387193	False	0	0	0	0	0	0	0	0	0	0	0	0	0	0	0
NC_000962.3	736000	737000	0.000305032	rplA,mmaA4	736500.0	0.305032	-0.0254479913412345	0.552643703875039	False	0	0	0	0	0	0	1	1	0	0	0	0	0	0	0
NC_000962.3	737000	738000	6.4245e-05	mmaA4,mmaA3	737500.0	0.064245	-0.4491959858986865	-0.621294520300404	False	0	0	0	0	0	0	2	1	0	0	0	0	0	0	0
NC_000962.3	738000	739000	0.000574861	mmaA3,mmaA2	738500.0	0.574861	0.4494094454117573	1.8681739322139257	False	0	0	0	0	0	0	5	1	0	0	0	0	0	0	0
NC_000962.3	739000	740000	0.000205936	mmaA2,mmaA1	739500.0	0.2059359999999999	-0.1998416723483705	0.0695088906879075	False	0	0	0	0	0	0	2	1	0	0	0	0	0	0	0
NC_000962.3	740000	741000	0.00020312	mmaA1,lipG	740500.0	0.20312	-0.2047973981669313	0.0557797024872241	False	0	0	0	0	0	0	0	0	0	0	0	0	0	0	0
NC_000962.3	741000	742000	3.94271e-05	lipG,Rv0647c	741500.0	0.0394271	-0.4928716633818038	-0.7422922546206278	False	0	0	0	0	0	0	0	0	0	0	0	0	0	0	0
NC_000962.3	742000	743000	7.90302e-05	Rv0647c,Rv0648	742500.0	0.0790302	-0.423176313536263	-0.5492104317404787	False	0	0	0	0	0	0	1	1	0	0	0	0	0	0	0
NC_000962.3	743000	744000	0.000105256	Rv0648	743500.0	0.105256	-0.3770229491284469	-0.4213485908621075	False	0	0	0	0	0	0	0	0	0	0	0	0	0	0	0
NC_000962.3	744000	745000	0.000137291	Rv0648	744500.0	0.137291	-0.3206462884048698	-0.2651644488134906	False	0	0	0	0	0	0	0	0	0	0	0	0	0	0	0
NC_000962.3	745000	746000	0.000236914	Rv0648	745500.0	0.2369139999999999	-0.1453251686525699	0.2205397117393217	False	0	0	0	0	0	0	0	0	0	0	0	0	0	0	0
NC_000962.3	746000	747000	2.63144e-05	Rv0648,fabD2	746500.0	0.0263144	-0.5159479936165486	-0.8062221999754239	False	0	0	0	0	0	0	0	0	0	0	0	0	0	0	0
NC_000962.3	747000	748000	6.55677e-05	fabD2,Rv0650	747500.0	0.0655676999999999	-0.4468682378375322	-0.6148457996920791	False	0	0	0	0	0	0	1	1	0	0	0	0	0	0	0
NC_000962.3	748000	749000	2.64021e-05	rplJ,rplL	748500.0	0.0264020999999999	-0.5157936551384635	-0.805794625470737	False	0	0	0	0	0	0	0	0	0	0	0	0	0	0	0
NC_000962.3	749000	750000	0.000218961	rplL,Rv0653c,Rv0654	749500.0	0.218961	-0.1769196805917109	0.1330112615380167	False	0	0	0	0	0	0	0	0	0	0	0	0	0	0	0
NC_000962.3	750000	751000	6.4245e-05	Rv0654	750500.0	0.064245	-0.4491959858986865	-0.621294520300404	False	0	0	0	0	0	0	0	0	0	0	0	0	0	0	0
NC_000962.3	751000	752000	0.000116873	Rv0654,mkl	751500.0	0.116873	-0.3565788202810676	-0.3647108141123406	False	0	0	0	0	0	0	0	0	0	0	0	0	0	0	0
NC_000962.3	752000	753000	0.000392687	mkl,vapC6	752500.0	0.392687	0.1288112936821821	0.9799988145749456	False	0	0	0	0	0	0	0	0	0	0	0	0	0	0	0
NC_000962.3	753000	754000	0.000471365	vapC6,vapB6,Rv0658c	753500.0	0.471365	0.2672724428131202	1.3635872624632264	False	0	0	0	0	0	0	0	0	0	0	0	0	0	0	0
NC_000962.3	754000	755000	0.000324217	Rv0658c,mazF2,mazE2	754500.0	0.324217	0.0083146506435267	0.6461786739141434	False	0	0	0	0	0	0	0	0	0	0	0	0	0	0	0
NC_000962.3	755000	756000	5.26281e-05	mazE2,vapC7,vapB7	755500.0	0.0526281	-0.4696399387614841	-0.6779318095079762	False	0	0	0	0	0	0	1	1	0	0	0	0	0	0	0
NC_000962.3	756000	757000	0.00015718	vapB7,atsD	756500.0	0.15718	-0.2856447149654683	-0.1681971817242152	False	0	0	0	0	0	0	0	0	0	0	0	0	0	0	0
NC_000962.3	757000	758000	0.000995182	atsD	757500.0	0.995182	1.189109598743884	3.917416160090208	False	0	0	0	0	0	0	0	0	0	0	0	0	0	0	0
NC_000962.3	758000	759000	0.000105256	atsD,vapB8,vapC8	758500.0	0.105256	-0.3770229491284469	-0.4213485908621075	False	0	0	0	0	0	0	0	0	0	0	0	0	0	0	0
NC_000962.3	759000	760000	0.000116169	vapC8,Rv0666,rpoB	759500.0	0.116169	-0.3578177517357078	-0.3681431111625116	False	0	0	0	0	0	0	0	0	0	0	0	0	0	0	0
NC_000962.3	760000	761000	0.000300279	rpoB	760500.0	0.3002789999999999	-0.0338125385058721	0.5294708233644383	False	0	0	0	0	0	0	0	0	0	0	0	0	0	0	0
NC_000962.3	761000	762000	0.00113318	rpoB	761500.0	1.13318	1.4319648016947877	4.590214637830962	False	0	0	0	0	0	0	0	0	0	0	0	0	0	0	0
NC_000962.3	762000	763000	0.000128314	rpoB	762500.0	0.128314	-0.3364444242973484	-0.3089311116251164	False	0	0	0	0	0	0	0	0	0	0	0	0	0	0	0
NC_000962.3	763000	764000	0.00103619	rpoB,rpoC	763500.0	1.03619	1.2612773559766746	4.117347463262665	False	0	0	0	0	0	0	0	0	0	0	0	0	0	0	0
NC_000962.3	764000	765000	0.000499879	rpoC	764500.0	0.4998789999999999	0.3174526864176801	1.502605043839042	False	0	0	0	0	0	0	0	0	0	0	0	0	0	0	0
NC_000962.3	765000	766000	0.000504807	rpoC	765500.0	0.504807	0.3261252066001615	1.5266311231902392	False	0	0	0	0	0	0	0	0	0	0	0	0	0	0	0
NC_000962.3	766000	767000	0.000285846	rpoC	766500.0	0.285846	-0.0592123931718121	0.459103858413988	False	0	0	0	0	0	0	0	0	0	0	0	0	0	0	0
NC_000962.3	767000	768000	0.00101648	rpoC,Rv0669c	767500.0	1.01648	1.226590794938382	4.021252896701773	False	0	0	0	0	0	0	0	0	0	0	0	0	0	0	0
NC_000962.3	768000	769000	5.26281e-05	Rv0669c	768500.0	0.0526281	-0.4696399387614841	-0.6779318095079762	False	0	0	0	0	0	0	0	0	0	0	0	0	0	0	0
NC_000962.3	769000	770000	0.000192383	Rv0669c,end	769500.0	0.192383	-0.2236928626960103	0.0034322970501709	False	0	0	0	0	0	0	0	0	0	0	0	0	0	0	0
NC_000962.3	770000	771000	5.26281e-05	end,lpqP	770500.0	0.0526281	-0.4696399387614841	-0.6779318095079762	False	0	0	0	0	0	0	0	0	0	0	0	0	0	0	0
NC_000962.3	771000	772000	0.000230754	lpqP,fadE8	771500.0	0.230754	-0.1561658188806715	0.1905071125503263	False	0	0	0	0	0	0	0	0	0	0	0	0	0	0	0
NC_000962.3	772000	773000	6.58291e-05	fadE8	772500.0	0.0658291	-0.4464082141411644	-0.6135713643953248	False	0	0	0	0	0	0	0	0	0	0	0	0	0	0	0
NC_000962.3	773000	774000	0.000563772	fadE8,echA4	773500.0	0.563772	0.4298945151553582	1.8141103782517876	False	0	0	0	0	0	0	0	0	0	0	0	0	0	0	0
NC_000962.3	774000	775000	5.28041e-05	echA4,Rv0674,echA5	774500.0	0.0528041	-0.469330205897824	-0.6770737352454336	False	0	0	0	0	0	0	0	0	0	0	0	0	0	0	0
NC_000962.3	775000	776000	3.96031e-05	echA5,mmpL5	775500.0	0.0396031	-0.4925619305181437	-0.7414341803580851	False	0	0	0	0	0	0	0	0	0	0	0	0	0	0	0
NC_000962.3	776000	777000	0.000937097	mmpL5	776500.0	0.937097	1.0868889545069873	3.634227276341373	False	0	0	0	0	0	0	1	1	0	0	0	0	0	0	0
NC_000962.3	777000	778000	7.90302e-05	mmpL5	777500.0	0.0790302	-0.423176313536263	-0.5492104317404787	False	0	0	0	0	0	0	0	0	0	0	0	0	0	0	0
NC_000962.3	778000	779000	0.000163517	mmpL5,mmpS5,Rv0678	778500.0	0.163517	-0.2744925720278904	-0.1373016328507303	False	0	0	0	0	0	0	0	0	0	0	0	0	0	0	0
NC_000962.3	779000	780000	0.000535962	Rv0678,Rv0679c	779500.0	0.5359619999999999	0.3809532030054383	1.678524893926142	False	0	0	0	0	0	0	0	0	0	0	0	0	0	0	0
NC_000962.3	780000	781000	9.18792e-05	Rv0679c,Rv0680c,Rv0681	780500.0	0.0918792	-0.4005640546432634	-0.4865661351529126	False	0	0	0	0	0	0	0	0	0	0	0	0	0	0	0
NC_000962.3	781000	782000	0.000657851	Rv0681,rpsL,rpsG	781500.0	0.657851	0.5954590497023666	2.2727851995345034	False	0	0	0	0	0	0	0	0	0	0	0	0	0	0	0
NC_000962.3	782000	783000	0.000258388	rpsG,fusA1	782500.0	0.258388	-0.1075342395944117	0.3252345226134286	False	0	0	0	0	0	0	0	0	0	0	0	0	0	0	0
NC_000962.3	783000	784000	6.60051e-05	fusA1	783500.0	0.0660051	-0.4460984812775044	-0.6127132901327821	False	0	0	0	0	0	0	0	0	0	0	0	0	0	0	0
NC_000962.3	784000	785000	6.54771e-05	fusA1,tuf	784500.0	0.0654771	-0.4470276798684844	-0.6152875129204102	False	0	0	0	0	0	0	0	0	0	0	0	0	0	0	0
NC_000962.3	785000	786000	0.0	tuf	785500.0	0.0	-0.5622572803636845	-0.9345160032382342	False	0	0	0	0	0	0	0	0	0	0	0	0	0	0	0
NC_000962.3	786000	787000	0.000307848	tuf,Rv0686	786500.0	0.307848	-0.0204922655226738	0.5663728920757227	False	0	0	0	0	0	0	1	1	0	0	0	0	0	0	0
NC_000962.3	787000	788000	7.92062e-05	Rv0687,Rv0688	787500.0	0.0792062	-0.422866580672603	-0.5483523574779359	False	0	0	0	0	0	0	0	0	0	0	0	0	0	0	0
NC_000962.3	788000	789000	0.000707223	Rv0688	788500.0	0.7072229999999999	0.6823461573422746	2.5134945318655264	False	0	0	0	0	0	0	0	0	0	0	0	0	0	0	0
NC_000962.3	789000	790000	1.3201e-05	Rv0688,Rv0689c	789500.0	0.013201	-0.5390255557433647	-0.8701555581255828	False	0	0	0	0	0	0	0	0	0	0	0	0	0	0	0
NC_000962.3	790000	791000	3.96031e-05	Rv0690c	790500.0	0.0396031	-0.4925619305181437	-0.7414341803580851	False	0	0	0	0	0	0	0	0	0	0	0	0	0	0	0
NC_000962.3	791000	792000	0.000451475	Rv0690c,Rv0691c,Rv0691A,Rv0692	791500.0	0.451475	0.2322691095279025	1.2666151199520048	False	0	0	0	0	0	0	0	0	0	0	0	0	0	0	0
NC_000962.3	792000	793000	6.58291e-05	Rv0692,pqqE	792500.0	0.0658291	-0.4464082141411644	-0.6135713643953248	False	0	0	0	0	0	0	0	0	0	0	0	0	0	0	0
NC_000962.3	793000	794000	0.000152076	pqqE,lldD1	793500.0	0.152076	-0.2946269680116096	-0.1930813353379545	False	0	0	0	0	0	0	0	0	0	0	0	0	0	0	0
NC_000962.3	794000	795000	0.00021263	lldD1,Rv0695	794500.0	0.21263	-0.1880612644543913	0.1021449651962096	False	0	0	0	0	1	1	0	0	0	0	0	0	0	0	0
NC_000962.3	795000	796000	6.58291e-05	Rv0695,Rv0696	795500.0	0.0658291	-0.4464082141411644	-0.6135713643953248	False	0	0	0	0	0	0	1	1	0	0	0	0	0	0	0
NC_000962.3	796000	797000	0.000176718	Rv0696,Rv0697	796500.0	0.176718	-0.2512608474075707	-0.0729411877380789	False	0	0	0	0	0	0	0	0	0	0	0	0	0	0	0
NC_000962.3	797000	798000	0.000631009	Rv0697	797500.0	0.6310089999999999	0.548221268302577	2.141919123652844	False	0	0	0	0	0	0	0	0	0	0	0	0	0	0	0
NC_000962.3	798000	799000	0.000799454	Rv0697,Rv0698	798500.0	0.799454	0.8446584968208525	2.963159573391544	False	0	0	0	0	0	0	2	1	0	0	0	0	0	0	0
NC_000962.3	799000	800000	0.000575213	Rv0698,Rv0699	799500.0	0.575213	0.4500289111390774	1.8698900807390115	False	0	0	0	0	0	0	1	1	0	0	0	0	0	0	0
NC_000962.3	800000	801000	0.000424545	rpsJ,rplC	800500.0	0.424545	0.184876461696283	1.1353200069390736	False	0	0	0	0	0	0	0	0	0	0	0	0	0	0	0
NC_000962.3	801000	802000	0.000131482	rplC,rplD	801500.0	0.131482	-0.3308692327514675	-0.2934857748993473	False	0	0	0	0	0	0	0	0	0	0	0	0	0	0	0
NC_000962.3	802000	803000	1.3201e-05	rplD,rplW,rplB	802500.0	0.013201	-0.5390255557433647	-0.8701555581255828	False	0	0	0	0	0	0	0	0	0	0	0	0	0	0	0
NC_000962.3	803000	804000	1.3201e-05	rplB,rpsS,rplV	803500.0	0.013201	-0.5390255557433647	-0.8701555581255828	False	0	0	0	0	0	0	0	0	0	0	0	0	0	0	0
NC_000962.3	804000	805000	5.28041e-05	rplV,rpsC	804500.0	0.0528041	-0.469330205897824	-0.6770737352454336	False	0	0	0	0	0	0	0	0	0	0	0	0	0	0	0
NC_000962.3	805000	806000	0.000221425	rpsC,rplP,rpmC,rpsQ	805500.0	0.221425	-0.1725834205004702	0.1450243012136151	False	0	0	0	0	0	0	0	0	0	0	0	0	0	0	0
NC_000962.3	806000	807000	9.06471e-05	rpsQ,atsA	806500.0	0.0906471	-0.4027323606734654	-0.4925731425329063	False	0	0	0	0	0	0	0	0	0	0	0	0	0	0	0
NC_000962.3	807000	808000	0.000167213	atsA	807500.0	0.167213	-0.2679881818910294	-0.1192820733373328	False	0	0	0	0	0	0	0	0	0	0	0	0	0	0	0
NC_000962.3	808000	809000	2.64021e-05	atsA,Rv0712	808500.0	0.0264020999999999	-0.5157936551384635	-0.805794625470737	False	0	0	0	0	0	0	0	0	0	0	0	0	0	0	0
NC_000962.3	809000	810000	0.000203296	Rv0712,Rv0713	809500.0	0.203296	-0.2044876653032712	0.0566377767497669	False	0	0	0	0	0	0	0	0	0	0	0	0	0	0	0
NC_000962.3	810000	811000	0.000232162	Rv0713	810500.0	0.232162	-0.1536879559713911	0.1973717066506683	False	0	0	0	0	0	0	0	0	0	0	0	0	0	0	0
NC_000962.3	811000	812000	0.000702295	rplN,rplX	811500.0	0.702295	0.6736736371597933	2.4894684525143296	False	0	0	0	0	0	0	0	0	0	0	0	0	0	0	0
NC_000962.3	812000	813000	0.000346043	rplX,rplE,rpsN1,rpsH	812500.0	0.346043	0.0467250454290048	0.7525896333133353	False	0	0	0	0	0	0	1	1	0	0	0	0	0	0	0
NC_000962.3	813000	814000	2.64021e-05	rpsH,rplF,rplR	813500.0	0.0264020999999999	-0.5157936551384635	-0.805794625470737	False	0	0	0	0	0	0	0	0	0	0	0	0	0	0	0
NC_000962.3	814000	815000	5.26281e-05	rplR,rpsE,rpmD	814500.0	0.0526281	-0.4696399387614841	-0.6779318095079762	False	0	0	0	0	0	0	0	0	0	0	0	0	0	0	0
NC_000962.3	815000	816000	0.00050692	rpmD,rplO,sppA	815500.0	0.50692	0.3298437608098983	1.5369328897626984	False	0	0	0	0	1	1	0	0	0	0	0	0	0	0	0
NC_000962.3	816000	817000	0.000144155	sppA	816500.0	0.144155	-0.308566706722128	-0.2316995525743239	False	0	0	0	0	0	0	0	0	0	0	0	0	0	0	0
NC_000962.3	817000	818000	0.000179534	sppA,Rv0724A,Rv0725c	817500.0	0.179534	-0.24630512158901	-0.059211999537395	False	0	0	0	0	0	0	0	0	0	0	0	0	0	0	0
NC_000962.3	818000	819000	2.64021e-05	Rv0725c,Rv0726c	818500.0	0.0264020999999999	-0.5157936551384635	-0.805794625470737	False	0	0	0	0	0	0	1	1	0	0	0	0	0	0	0
NC_000962.3	819000	820000	0.000192735	Rv0726c,fucA	819500.0	0.192735	-0.2230733969686902	0.0051484455752564	False	0	0	0	0	0	0	0	0	0	0	0	0	0	0	0
NC_000962.3	820000	821000	0.000998702	fucA,serA2	820500.0	0.998702	1.1953042560170848	3.9345776453410624	False	0	0	0	0	0	0	0	0	0	0	0	0	0	0	0
NC_000962.3	821000	822000	0.000417153	serA2,xylB	821500.0	0.417153	0.171867681422561	1.0992808879122786	False	0	0	0	0	0	0	0	0	0	0	0	0	0	0	0
NC_000962.3	822000	823000	5.26281e-05	xylB,Rv0730	822500.0	0.0526281	-0.4696399387614841	-0.6779318095079762	False	0	0	0	0	0	0	0	0	0	0	0	0	0	0	0
NC_000962.3	823000	824000	3.96031e-05	Rv0730,Rv0731c	823500.0	0.0396031	-0.4925619305181437	-0.7414341803580851	False	0	0	0	0	0	0	0	0	0	0	0	0	0	0	0
NC_000962.3	824000	825000	6.60051e-05	Rv0731c,secY	824500.0	0.0660051	-0.4460984812775044	-0.6127132901327821	False	0	0	0	0	0	0	0	0	0	0	0	0	0	0	0
NC_000962.3	825000	826000	0.000284438	secY	825500.0	0.2844379999999999	-0.0616902560810925	0.4522392643136457	False	0	0	0	0	0	0	0	0	0	0	0	0	0	0	0
NC_000962.3	826000	827000	0.000129546	secY,adk,mapA	826500.0	0.129546	-0.3342762942517281	-0.3029245917873173	False	0	0	0	0	0	0	0	0	0	0	0	0	0	0	0
NC_000962.3	827000	828000	6.58291e-05	mapA,sigL	827500.0	0.0658291	-0.4464082141411644	-0.6135713643953248	False	0	0	0	0	0	0	0	0	0	0	0	0	0	0	0
NC_000962.3	828000	829000	0.000105432	sigL,rslA	828500.0	0.105432	-0.3767132162647869	-0.4204905165995648	False	0	0	0	0	0	0	0	0	0	0	0	0	0	0	0
NC_000962.3	829000	830000	0.000245363	Rv0737	829500.0	0.245363	-0.1304562313510714	0.2617321517633198	False	0	0	0	0	0	0	1	1	0	0	0	0	0	0	0
NC_000962.3	830000	831000	3.70595e-05	Rv0738,Rv0739	830500.0	0.0370595	-0.4970382743363579	-0.7538353036206061	False	0	0	0	0	0	0	2	1	0	0	0	0	0	0	0
NC_000962.3	831000	832000	2.48237e-05	Rv0739,Rv0740	831500.0	0.0248237	-0.5185713957748329	-0.8134899914707221	False	0	0	0	0	0	0	1	1	1	1	0	0	0	0	0
NC_000962.3	832000	833000	0.000699578	Rv0740,Rv0741,PE_PGRS8	832500.0	0.6995779999999999	0.6688921360770412	2.4762219310863256	False	1	1	0	0	0	0	2	1	3	1	0	0	1	11	11
NC_000962.3	833000	834000	0.000137308	PE_PGRS8,Rv0743c	833500.0	0.1373079999999999	-0.3206163710259935	-0.2650815666404046	False	0	0	0	0	0	0	3	1	1	1	0	0	0	0	0
NC_000962.3	834000	835000	8.9767e-05	Rv0743c,Rv0744c	834500.0	0.089767	-0.4042812009763473	-0.4968640013878146	False	0	0	0	0	0	0	0	0	0	0	0	0	0	0	0
NC_000962.3	835000	836000	0.000566412	Rv0745,PE_PGRS9	835500.0	0.5664119999999999	0.4345405081102588	1.826981492189928	False	1	1	0	0	0	0	3	1	1	1	0	0	1	52	52
NC_000962.3	836000	837000	0.000400713	PE_PGRS9	836500.0	0.400713	0.1429358162034067	1.019128951115673	False	2	1	0	0	1	1	2	1	1	1	0	0	2	149	93
NC_000962.3	837000	838000	0.000338784	PE_PGRS9	837500.0	0.338784	0.0339503246488442	0.7171989454053936	False	0	0	1	1	1	1	1	1	1	1	0	1	0	0	0
NC_000962.3	838000	839000	0.000368954	PE_PGRS9,PE_PGRS10	838500.0	0.368954	0.0870448729251146	0.8642904255242254	False	4	1	1	1	2	1	2	1	2	1	1	1	5	339	174
NC_000962.3	839000	840000	0.000607281	PE_PGRS10	839500.0	0.607281	0.5064636467745909	2.0262351117118547	False	8	1	2	1	1	1	7	1	1	1	0	2	9	1112	615
NC_000962.3	840000	841000	0.00104066	PE_PGRS10,vapB31	840500.0	1.04066	1.269143866775313	4.139140599362473	False	6	1	2	1	1	1	7	1	1	1	0	0	7	766	428
NC_000962.3	841000	842000	0.00105379	vapB31,vapC31,Rv0749A	841500.0	1.05379	1.2922506423426792	4.20315488951694	False	1	1	0	0	0	0	4	1	0	0	2	2	1	55	55
NC_000962.3	842000	843000	0.00094361	Rv0750,mmsB	842500.0	0.94361	1.0983508303082252	3.6659808994774	False	1	1	0	0	0	0	2	1	1	1	3	3	1	11	11
NC_000962.3	843000	844000	0.000344283	mmsB,fadE9	843500.0	0.344283	0.0436277167924044	0.744008890687908	False	0	0	0	0	0	0	0	0	0	0	0	0	0	0	0
NC_000962.3	844000	845000	5.26281e-05	fadE9,mmsA	844500.0	0.0526281	-0.4696399387614841	-0.6779318095079762	False	0	0	0	0	0	0	0	0	0	0	0	0	0	0	0
NC_000962.3	845000	846000	3.96031e-05	mmsA	845500.0	0.0396031	-0.4925619305181437	-0.7414341803580851	False	0	0	0	0	0	0	0	0	0	0	0	0	0	0	0
NC_000962.3	846000	847000	0.000398143	PE_PGRS11	846500.0	0.398143	0.1384130124556435	1.0065991167137704	False	0	0	0	0	1	1	0	0	1	1	0	0	0	0	0
NC_000962.3	847000	848000	0.00059123	PE_PGRS11	847500.0	0.59123	0.4782163615779579	1.947979714052347	False	0	0	0	0	0	0	0	0	1	1	0	0	0	0	0
NC_000962.3	848000	849000	0.000345515	PPE12	848500.0	0.345515	0.0457958468380247	0.7500154105257072	False	0	0	0	0	0	0	0	0	1	1	0	0	0	0	0
NC_000962.3	849000	850000	0.000271589	PPE12	849500.0	0.2715889999999999	-0.0843025149740921	0.3895949677260797	False	0	0	0	0	0	0	1	1	1	1	0	0	0	0	0
NC_000962.3	850000	851000	0.000739374	PPE12,Rv0755A,thrV,Rv0756c	850500.0	0.739374	0.7389269601805367	2.6702442228599104	False	0	0	0	0	0	0	0	0	2	1	0	0	0	0	0
NC_000962.3	851000	852000	0.000219665	Rv0756c,phoP	851500.0	0.219665	-0.1756807491370707	0.1364435585881877	False	0	0	0	0	0	0	0	0	0	0	0	0	0	0	0
NC_000962.3	852000	853000	0.00032809	phoP,phoR	852500.0	0.32809	0.0151305334898639	0.6650611831120299	False	0	0	0	0	0	0	0	0	0	0	0	0	0	0	0
NC_000962.3	853000	854000	0.000105344	phoR,Rv0759c	853500.0	0.105344	-0.3768680826966169	-0.4209195537308361	False	0	0	0	0	0	0	0	0	0	0	0	0	0	0	0
NC_000962.3	854000	855000	0.000284966	Rv0759c,Rv0760c,adhB	854500.0	0.284966	-0.0607610574901123	0.4548134871012744	False	0	0	0	0	1	1	0	0	0	0	0	0	0	0	0
NC_000962.3	855000	856000	1.3201e-05	adhB,Rv0762c	855500.0	0.013201	-0.5390255557433647	-0.8701555581255828	False	0	0	0	0	0	0	0	0	0	0	0	0	0	0	0
NC_000962.3	856000	857000	0.000252228	Rv0762c,Rv0763c,cyp51	856500.0	0.252228	-0.1183748898225134	0.2952019234244328	False	0	0	0	0	0	0	0	0	0	0	0	0	0	0	0
NC_000962.3	857000	858000	0.000238323	cyp51	857500.0	0.238323	-0.1428455458974733	0.2274091812616104	False	0	0	0	0	0	0	0	0	0	0	0	0	0	0	0
NC_000962.3	858000	859000	0.000155596	cyp51,Rv0765c,cyp123	858500.0	0.155596	-0.2884323107384087	-0.1759198500870997	False	0	0	0	0	0	0	0	0	0	0	0	0	0	0	0
NC_000962.3	859000	860000	0.000151646	cyp123	859500.0	0.151646	-0.2953837017125973	-0.1951777667748487	False	0	0	0	0	0	0	0	0	0	0	0	0	0	0	0
NC_000962.3	860000	861000	3.94271e-05	cyp123,Rv0767c,aldA	860500.0	0.0394271	-0.4928716633818038	-0.7422922546206278	False	0	0	0	0	0	0	0	0	0	0	0	0	0	0	0
NC_000962.3	861000	862000	0.00061464	aldA	861500.0	0.61464	0.5194143521363764	2.062113341814422	False	0	0	0	0	0	0	0	0	0	0	0	0	0	0	0
NC_000962.3	862000	863000	0.000166157	aldA,Rv0769	862500.0	0.166157	-0.2698465790729897	-0.1244305189125893	False	0	0	0	0	0	0	0	0	0	0	0	0	0	0	0
NC_000962.3	863000	864000	0.000166333	Rv0769,Rv0770	863500.0	0.166333	-0.2695368462093296	-0.1235724446500465	False	0	0	0	0	1	1	1	1	0	0	0	0	0	0	0
NC_000962.3	864000	865000	7.90302e-05	Rv0770,Rv0771,purD	864500.0	0.0790302	-0.423176313536263	-0.5492104317404787	False	0	0	0	0	0	0	0	0	0	0	0	0	0	0	0
NC_000962.3	865000	866000	0.000219137	purD,ggtA	865500.0	0.219137	-0.1766099477280508	0.1338693358005595	False	0	0	0	0	0	0	0	0	0	0	0	0	0	0	0
NC_000962.3	866000	867000	0.000675893	ggtA	866500.0	0.675893	0.6272101879191538	2.360747562289027	False	0	0	0	0	0	0	0	0	0	0	0	0	0	0	0
NC_000962.3	867000	868000	7.90302e-05	ggtA,Rv0774c	867500.0	0.0790302	-0.423176313536263	-0.5492104317404787	False	0	0	0	0	0	0	0	0	0	0	0	0	0	0	0
NC_000962.3	868000	869000	0.000395679	Rv0774c,Rv0775,Rv0776c	868500.0	0.395679	0.1340767523644029	0.994586077038172	False	0	0	0	0	0	0	0	0	0	0	0	0	0	0	0
NC_000962.3	869000	870000	0.00017971	Rv0775,Rv0776c	869500.0	0.17971	-0.2459953887253499	-0.0583539252748522	False	0	0	0	0	0	0	0	0	0	0	0	0	0	0	0
NC_000962.3	870000	871000	1.3201e-05	purB	870500.0	0.013201	-0.5390255557433647	-0.8701555581255828	False	0	0	0	0	0	0	0	0	0	0	0	0	0	0	0
NC_000962.3	871000	872000	0.000240259	purB,cyp126	871500.0	0.240259	-0.1394384843972128	0.2368479981495804	False	0	0	0	0	0	0	0	0	0	0	0	0	0	0	0
NC_000962.3	872000	873000	0.000167741	cyp126,Rv0779c	872500.0	0.167741	-0.2670589833000493	-0.1167078505497046	False	0	0	0	0	0	0	0	0	0	0	0	0	0	0	0
NC_000962.3	873000	874000	2.64021e-05	Rv0779c,purC	873500.0	0.0264020999999999	-0.5157936551384635	-0.805794625470737	False	0	0	0	0	0	0	0	0	0	0	0	0	0	0	0
NC_000962.3	874000	875000	0.000216321	purC,ptrBa,ptrBb	874500.0	0.216321	-0.1815656735466116	0.1201401475998757	False	0	0	0	0	0	0	0	0	0	0	0	0	0	0	0
NC_000962.3	875000	876000	6.56531e-05	ptrBb	875500.0	0.0656530999999999	-0.4467179470048244	-0.6144294386578679	False	0	0	0	0	0	0	0	0	0	0	0	0	0	0	0
NC_000962.3	876000	877000	0.000523113	ptrBb,emrB	876500.0	0.5231129999999999	0.3583409441124387	1.615880597338576	False	0	0	0	0	0	0	0	0	0	0	0	0	0	0	0
NC_000962.3	877000	878000	0.000153308	emrB	877500.0	0.153308	-0.2924588379659893	-0.1870748155001553	False	0	0	0	0	0	0	0	0	0	0	0	0	0	0	0
NC_000962.3	878000	879000	3.96031e-05	emrB,Rv0784	878500.0	0.0396031	-0.4925619305181437	-0.7414341803580851	False	0	0	0	0	0	0	0	0	0	0	0	0	0	0	0
NC_000962.3	879000	880000	2.64021e-05	Rv0784,Rv0785	879500.0	0.0264020999999999	-0.5157936551384635	-0.805794625470737	False	0	0	0	0	0	0	0	0	0	0	0	0	0	0	0
NC_000962.3	880000	881000	0.000274405	Rv0785	880500.0	0.274405	-0.0793467891555313	0.4033241559267639	False	0	0	0	0	0	0	0	0	0	0	0	0	0	0	0
NC_000962.3	881000	882000	0.000192735	Rv0785,Rv0786c,Rv0787	881500.0	0.192735	-0.2230733969686902	0.0051484455752564	False	0	0	0	0	0	0	0	0	0	0	0	0	0	0	0
NC_000962.3	882000	883000	0.000148732	Rv0787,Rv0787A,purQ	882500.0	0.148732	-0.3005118924211505	-0.2093847463262665	False	0	0	0	0	0	0	0	0	0	0	0	0	0	0	0
NC_000962.3	883000	884000	6.56531e-05	purQ,Rv0789c	883500.0	0.0656530999999999	-0.4467179470048244	-0.6144294386578679	False	0	0	0	0	0	0	0	0	0	0	0	0	0	0	0
NC_000962.3	884000	885000	0.000138875	Rv0789c,Rv0790c,Rv0791c	884500.0	0.138875	-0.3178586926319294	-0.257441780450606	False	0	0	0	0	0	0	0	0	0	0	0	0	0	0	0
NC_000962.3	885000	886000	0.000395679	Rv0791c,Rv0792c	885500.0	0.395679	0.1340767523644029	0.994586077038172	False	0	0	0	0	0	0	0	0	0	0	0	0	0	0	0
NC_000962.3	886000	887000	0.000247651	Rv0792c,Rv0793	886500.0	0.2476509999999999	-0.1264297041234909	0.2728871171763749	False	0	0	0	0	0	0	0	0	0	0	0	0	0	0	0
NC_000962.3	887000	888000	5.28041e-05	Rv0793,Rv0794c	887500.0	0.0528041	-0.469330205897824	-0.6770737352454336	False	0	0	0	0	0	0	0	0	0	0	0	0	0	0	0
NC_000962.3	888000	889000	0.000233579	Rv0794c	888500.0	0.233579	-0.1511942544497645	0.2042801795485266	False	0	0	0	0	0	0	0	0	0	0	0	0	0	0	0
NC_000962.3	889000	890000	8.59192e-05	Rv0795,Rv0796	889500.0	0.0859192	-0.411052735708115	-0.5156236499526552	False	15	1	0	0	0	0	1	1	2	1	0	0	15	0	0
NC_000962.3	890000	891000	0.000880206	Rv0796,Rv0797	890500.0	0.880206	0.9867695661746936	3.3568596463963805	False	15	1	0	0	0	0	1	1	2	1	0	0	15	1	1
NC_000962.3	891000	892000	0.00079378	Rv0797,cfp29	891500.0	0.79378	0.8346731316594485	2.935496429268434	False	1	1	0	0	0	0	1	1	1	1	0	0	1	0	0
NC_000962.3	892000	893000	0.000725881	cfp29,Rv0799c	892500.0	0.725881	0.715181360581872	2.6044601545389496	False	0	0	0	0	0	0	0	0	0	0	0	0	0	0	0
NC_000962.3	893000	894000	0.00010508	Rv0799c,pepC	893500.0	0.10508	-0.3773326819921069	-0.4222066651246502	False	0	0	0	0	0	0	0	0	0	0	0	0	0	0	0
NC_000962.3	894000	895000	0.000377549	pepC,Rv0801,Rv0802c	894500.0	0.377549	0.1021707477157857	0.9061946771523778	False	0	0	0	0	0	0	0	0	0	0	0	0	0	0	0
NC_000962.3	895000	896000	0.000476117	Rv0802c,purL	895500.0	0.476117	0.2756352301319415	1.3867552675518806	False	0	0	0	0	0	0	0	0	0	0	0	0	0	0	0
NC_000962.3	896000	897000	0.000316297	purL	896500.0	0.316297	-0.0056233282211754	0.6075653320997203	False	0	0	0	0	0	0	0	0	0	0	0	0	0	0	0
NC_000962.3	897000	898000	0.000294647	purL	897500.0	0.294647	-0.0437239901429935	0.5020124469630711	False	0	0	0	0	0	0	0	0	0	0	0	0	0	0	0
NC_000962.3	898000	899000	5.28041e-05	purL,Rv0804,Rv0805	898500.0	0.0528041	-0.469330205897824	-0.6770737352454336	False	0	0	0	0	1	1	0	0	0	0	0	0	0	0	0
NC_000962.3	899000	900000	0.000277046	Rv0805,cpsY	899500.0	0.2770459999999999	-0.0746990363548144	0.4162001452868508	False	0	0	0	0	0	0	0	0	0	0	0	0	0	0	0
NC_000962.3	900000	901000	0.000187807	cpsY	900500.0	0.187807	-0.2317459171511715	-0.0188776337759401	False	0	0	0	0	0	0	0	0	0	0	0	0	0	0	0
NC_000962.3	901000	902000	7.85021e-05	cpsY,Rv0807	901500.0	0.0785020999999999	-0.4241056881118248	-0.5517851420703019	False	0	0	0	0	0	0	0	0	0	0	0	0	0	0	0
NC_000962.3	902000	903000	0.000474181	Rv0807,purF	902500.0	0.474181	0.272228168631681	1.3773164506639104	False	0	0	0	0	0	0	0	0	0	0	0	0	0	0	0
NC_000962.3	903000	904000	0.000833601	purF,purM	903500.0	0.833601	0.9047519519083502	3.129640606590675	False	0	0	0	0	0	0	0	0	0	0	0	0	0	0	0
NC_000962.3	904000	905000	5.26281e-05	purM,Rv0810c	904500.0	0.0526281	-0.4696399387614841	-0.6779318095079762	False	0	0	0	0	0	0	0	0	0	0	0	0	0	0	0
NC_000962.3	905000	906000	0.000138699	Rv0810c,Rv0811c	905500.0	0.138699	-0.3181684254955894	-0.2582998547131488	False	0	0	0	0	0	0	0	0	0	0	0	0	0	0	0
NC_000962.3	906000	907000	0.000167565	Rv0811c,Rv0812	906500.0	0.167565	-0.2673687161637094	-0.1175659248122474	False	0	0	0	0	0	0	0	0	0	0	0	0	0	0	0
NC_000962.3	907000	908000	0.000143275	Rv0812,Rv0813c	907500.0	0.1432749999999999	-0.3101153710404282	-0.2359899238870381	False	0	0	0	0	0	0	0	0	0	0	0	0	0	0	0
NC_000962.3	908000	909000	0.000512315	Rv0813c,sseC2,cysA2	908500.0	0.512315	0.3393381289885683	1.5632357911628003	False	1	1	0	0	0	0	1	1	1	1	0	0	1	0	0
NC_000962.3	909000	910000	0.000816054	cysA2,thiX	909500.0	0.816054	0.8738719373706066	3.044091577699552	False	1	1	0	0	0	0	1	1	0	0	0	0	1	0	0
NC_000962.3	910000	911000	0.000396911	thiX,Rv0817c,Rv0818	910500.0	0.396911	0.1362448824100232	1.0005925968759712	False	0	0	0	0	0	0	0	0	0	0	0	0	0	0	0
NC_000962.3	911000	912000	0.00033249	Rv0818,mshD	911500.0	0.33249	0.0228738550813651	0.6865130396755984	False	0	0	0	0	0	0	0	0	0	0	0	0	0	0	0
NC_000962.3	912000	913000	5.26281e-05	mshD,phoT	912500.0	0.0526281	-0.4696399387614841	-0.6779318095079762	False	0	0	0	0	0	0	0	0	0	0	0	0	0	0	0
NC_000962.3	913000	914000	0.00046714	phoT,phoY2	913500.0	0.46714	0.2598370942394629	1.3429886047402546	False	0	0	0	0	0	0	0	0	0	0	0	0	0	0	0
NC_000962.3	914000	915000	1.3201e-05	phoY2,Rv0822c	914500.0	0.013201	-0.5390255557433647	-0.8701555581255828	False	0	0	0	0	0	0	0	0	0	0	0	0	0	0	0
NC_000962.3	915000	916000	7.88542e-05	Rv0822c	915500.0	0.0788542	-0.4234860463999231	-0.5500685060030214	False	0	0	0	0	0	0	0	0	0	0	0	0	0	0	0
NC_000962.3	916000	917000	0.000880597	Rv0822c,Rv0823c	916500.0	0.880597	0.9874576658888474	3.3587659363773694	False	0	0	0	0	0	0	0	0	1	1	0	0	0	0	0
NC_000962.3	917000	918000	0.000438638	Rv0823c,desA1	917500.0	0.438638	0.2096779687846978	1.204029328427794	False	0	0	2	1	0	0	1	1	1	1	0	0	0	0	0
NC_000962.3	918000	919000	0.000126293	desA1,Rv0825c	918500.0	0.126293	-0.3400010726919902	-0.3187843393785192	False	0	0	1	1	0	0	0	0	0	0	0	0	0	0	0
NC_000962.3	919000	920000	0.00113793	Rv0825c,Rv0826	919500.0	1.13793	1.4403240693219763	4.613372892075724	False	0	0	1	1	0	0	0	0	0	0	0	0	0	0	0
NC_000962.3	920000	921000	0.000104904	Rv0826,kmtR	920500.0	0.104904	-0.377642414855767	-0.423064739387193	False	0	0	1	1	0	0	0	0	0	0	0	0	0	0	0
NC_000962.3	921000	922000	0.00033777	kmtR,Rv0828c,Rv0829,Rv0830	921500.0	0.3377699999999999	0.0321658409911664	0.71225526755188	False	3	1	1	1	0	0	1	1	1	1	2	2	3	62	46
NC_000962.3	922000	923000	0.000156652	Rv0830,Rv0831c	922500.0	0.1566519999999999	-0.2865739135564485	-0.1707714045118438	False	0	0	1	1	0	0	0	0	0	0	0	0	0	0	0
NC_000962.3	923000	924000	0.000386526	Rv0831c,lysT,gluT	923500.0	0.386526	0.1179688836082642	0.9499613399640034	False	0	0	1	1	0	0	0	0	0	0	0	0	0	0	0
NC_000962.3	924000	925000	0.0	gluT,aspT,pheU,PE_PGRS12	924500.0	0.0	-0.5622572803636845	-0.9345160032382342	False	0	0	1	1	0	0	0	0	1	1	0	0	0	0	0
NC_000962.3	925000	926000	0.000842501	PE_PGRS12,PE_PGRS13	925500.0	0.8425009999999999	0.9204145796729774	3.173031861912438	False	3	1	1	1	1	1	4	1	2	1	0	1	3	330	293
NC_000962.3	926000	927000	0.000390802	PE_PGRS13	926500.0	0.390802	0.1254939843185503	0.970808644206235	False	2	1	2	1	1	1	7	1	1	1	0	0	2	346	193
NC_000962.3	927000	928000	0.000161912	PE_PGRS13,PE_PGRS14	927500.0	0.161912	-0.2773171245629721	-0.1451266850744865	False	2	1	1	1	2	1	2	1	2	1	0	0	2	192	96
NC_000962.3	928000	929000	0.000554091	PE_PGRS14	928500.0	0.554091	0.4128574478082395	1.7669114183899903	False	0	0	1	1	1	1	0	0	1	1	0	0	0	0	0
NC_000962.3	929000	930000	0.000279862	PE_PGRS14	929500.0	0.279862	-0.0697433105362536	0.429929333487535	False	0	0	1	1	1	1	0	0	1	1	0	0	0	0	0
NC_000962.3	930000	931000	3.96031e-05	PE_PGRS14,lpqQ	930500.0	0.0396031	-0.4925619305181437	-0.7414341803580851	False	0	0	0	0	1	1	0	0	1	1	0	0	0	0	0
NC_000962.3	931000	932000	0.000654074	lpqQ	931500.0	0.654074	0.5888121120543894	2.2543707308434597	False	0	0	0	0	0	0	0	0	0	0	0	0	0	0	0
NC_000962.3	932000	933000	0.000639835	Rv0836c	932500.0	0.6398349999999999	0.5637536674768018	2.1849495977505837	False	0	0	0	0	0	0	0	0	0	0	0	0	0	0	0
NC_000962.3	933000	934000	0.000329876	Rv0837c	933500.0	0.329876	0.0182736181176869	0.6737686867080603	False	0	0	0	0	0	0	0	0	0	0	0	0	0	0	0
NC_000962.3	934000	935000	0.00109978	Rv0837c,lpqR	934500.0	1.09978	1.3731859514320288	4.427375544825692	False	0	0	0	0	0	0	0	0	0	0	0	0	0	0	0
NC_000962.3	935000	936000	0.0	lpqR,Rv0839	935500.0	0.0	-0.5622572803636845	-0.9345160032382342	False	0	0	0	0	0	0	0	0	0	0	0	0	0	0	0
NC_000962.3	936000	937000	6.55694e-05	Rv0839,pip	936500.0	0.0655694	-0.4468652460996446	-0.6148375114747698	False	0	0	0	0	0	0	0	0	0	0	0	0	0	0	0
NC_000962.3	937000	938000	0.000169431	pip,Rv0841	937500.0	0.169431	-0.2640848438705864	-0.1084683874605159	False	0	0	0	0	0	0	0	0	0	0	0	0	0	0	0
NC_000962.3	938000	939000	0.0004464	Rv0842	938500.0	0.4464	0.2233378920104324	1.2418723535747072	False	0	0	0	0	0	0	0	0	0	0	0	0	0	0	0
NC_000962.3	939000	940000	0.000105346	Rv0842,Rv0843	939500.0	0.105346	-0.3768645630049844	-0.4209098028869437	False	0	0	0	0	0	0	0	0	0	0	0	0	0	0	0
NC_000962.3	940000	941000	0.000661636	Rv0843,narL	940500.0	0.661636	0.6021200661168737	2.2912386716011186	False	0	0	0	0	0	0	0	0	0	0	0	0	0	0	0
NC_000962.3	941000	942000	0.000943786	narL,Rv0845	941500.0	0.943786	1.098660563171885	3.666838973739944	False	0	0	0	0	0	0	0	0	0	0	0	0	0	0	0
NC_000962.3	942000	943000	0.000253284	Rv0845,Rv0846c	942500.0	0.253284	-0.1165164926405531	0.3003503689996893	False	0	0	0	0	0	0	0	0	0	0	0	0	0	0	0
NC_000962.3	943000	944000	2.64021e-05	Rv0846c	943500.0	0.0264020999999999	-0.5157936551384635	-0.805794625470737	False	0	0	0	0	0	0	0	0	0	0	0	0	0	0	0
NC_000962.3	944000	945000	0.00013025	Rv0846c,lpqS,cysK2	944500.0	0.13025	-0.3330373627970879	-0.2994922947371464	False	0	0	0	0	0	0	0	0	0	0	0	0	0	0	0
NC_000962.3	945000	946000	0.000302924	cysK2	945500.0	0.3029239999999999	-0.0291577463218901	0.5423663144123108	False	0	0	0	0	0	0	0	0	0	0	0	0	0	0	0
NC_000962.3	946000	947000	5.22782e-05	cysK2,Rv0849	946500.0	0.0522782	-0.47025570881259	-0.6796377196469746	False	0	0	0	0	0	0	0	0	0	0	0	0	0	0	0
NC_000962.3	947000	948000	0.00026113	Rv0849,Rv0850,Rv0851c	947500.0	0.26113	-0.1027087423662536	0.3386029295900886	False	0	0	0	0	0	0	0	0	1	1	0	0	0	0	0
NC_000962.3	948000	949000	0.000376674	Rv0851c,fadD16	948500.0	0.376674	0.1006308826265667	0.9019286829493957	False	0	0	0	0	0	0	0	0	0	0	0	0	0	0	0
NC_000962.3	949000	950000	0.000526281	fadD16,pdc	949500.0	0.526281	0.3639161356583196	1.6313259340643456	False	0	0	0	0	0	0	0	0	0	0	0	0	0	0	0
NC_000962.3	950000	951000	0.000215793	pdc	950500.0	0.215793	-0.1824948721375917	0.1175659248122475	False	0	0	0	0	0	0	0	0	0	0	0	0	0	0	0
NC_000962.3	951000	952000	0.000691734	pdc,Rv0854,far	951500.0	0.691734	0.6550879054943741	2.437979121339819	False	0	0	0	0	0	0	0	0	0	0	0	0	0	0	0
NC_000962.3	952000	953000	0.000396735	far,Rv0856	952500.0	0.396735	0.1359351495463631	0.9997345226134288	False	0	0	0	0	0	0	0	0	0	0	0	0	0	0	0
NC_000962.3	953000	954000	0.0002084	Rv0856,Rv0857,dapC	953500.0	0.2084	-0.1955054122571299	0.0815219303635063	False	0	0	0	0	0	0	0	0	0	0	0	0	0	0	0
NC_000962.3	954000	955000	0.000942378	dapC	954500.0	0.942378	1.096182700262605	3.659974379639602	False	0	0	0	0	0	0	0	0	0	0	0	0	0	0	0
NC_000962.3	955000	956000	0.000362764	fadA	955500.0	0.362764	0.0761514273225255	0.8341115636768415	False	0	0	0	0	0	0	0	0	0	0	0	0	0	0	0
NC_000962.3	956000	957000	0.000118457	fadA,fadB	956500.0	0.1184569999999999	-0.3537912245081273	-0.3569881457494565	False	0	0	0	0	0	0	0	0	0	0	0	0	0	0	0
NC_000962.3	957000	958000	0.000551803	fadB	957500.0	0.551803	0.4088309205806588	1.7557564529769352	False	0	0	0	0	0	0	0	0	0	0	0	0	0	0	0
NC_000962.3	958000	959000	7.88542e-05	fadB,ercc3	958500.0	0.0788542	-0.4234860463999231	-0.5500685060030214	False	0	0	0	0	0	0	1	1	0	0	0	0	0	0	0
NC_000962.3	959000	960000	6.54771e-05	ercc3	959500.0	0.0654771	-0.4470276798684844	-0.6152875129204102	False	0	0	0	0	0	0	0	0	0	0	0	0	0	0	0
NC_000962.3	960000	961000	0.000551627	ercc3,Rv0862c	960500.0	0.551627	0.4085211877169987	1.754898378714392	False	8	1	2	1	1	1	1	1	0	0	0	0	8	35	21
NC_000962.3	961000	962000	9.22312e-05	Rv0862c	961500.0	0.0922312	-0.3999445889159433	-0.484849986627827	False	0	0	1	1	0	0	0	0	0	0	0	0	0	0	0
NC_000962.3	962000	963000	0.000118105	Rv0862c,Rv0863,moaC2	962500.0	0.118105	-0.3544106902354473	-0.3587042942745415	False	0	0	1	1	0	0	0	0	0	0	0	0	0	0	0
NC_000962.3	963000	964000	2.64021e-05	moaC2,mog,moaE2	963500.0	0.0264020999999999	-0.5157936551384635	-0.805794625470737	False	0	0	1	1	0	0	0	0	0	0	0	0	0	0	0
NC_000962.3	964000	965000	0.000474768	moaE2,rpfA	964500.0	0.4747679999999999	0.2732611981258198	1.3801783233463678	False	0	0	4	1	1	1	1	1	1	1	0	0	0	0	0
NC_000962.3	965000	966000	5.26281e-05	rpfA,moaD2	965500.0	0.0526281	-0.4696399387614841	-0.6779318095079762	False	0	0	1	1	1	1	1	1	1	1	0	0	0	0	0
NC_000962.3	966000	967000	0.000143451	moaD2,moaA2	966500.0	0.143451	-0.3098056381767682	-0.2351318496244949	False	0	0	0	0	0	0	0	0	0	0	0	0	0	0	0
NC_000962.3	967000	968000	1.3201e-05	moaA2,Rv0870c,cspB	967500.0	0.013201	-0.5390255557433647	-0.8701555581255828	False	0	0	0	0	0	0	0	0	0	0	0	0	0	0	0
NC_000962.3	968000	969000	7.86781e-05	cspB,PE_PGRS15	968500.0	0.0786781	-0.4237959552481647	-0.5509270678077587	False	0	0	0	0	1	1	1	1	1	1	0	0	0	0	0
NC_000962.3	969000	970000	0.000588686	PE_PGRS15	969500.0	0.588686	0.4737393138214173	1.9355766406210475	False	0	0	0	0	1	1	1	1	1	1	0	0	0	0	0
NC_000962.3	970000	971000	0.000190095	PE_PGRS15,fadE10	970500.0	0.190095	-0.2277193899235909	-0.0077226683628846	False	0	0	0	0	0	0	0	0	1	1	0	0	0	0	0
NC_000962.3	971000	972000	1.3201e-05	fadE10	971500.0	0.013201	-0.5390255557433647	-0.8701555581255828	False	0	0	0	0	0	0	0	0	0	0	0	0	0	0	0
NC_000962.3	972000	973000	0.000588062	fadE10,Rv0874c	972500.0	0.588062	0.472641170032077	1.9325343773265773	False	1	1	0	0	0	0	3	1	0	0	0	0	1	61	61
NC_000962.3	973000	974000	9.20552e-05	Rv0874c,Rv0875c	973500.0	0.0920552	-0.4002543217796034	-0.4857080608903698	False	1	1	0	0	0	0	3	1	0	0	0	0	1	107	107
NC_000962.3	974000	975000	6.58291e-05	Rv0875c,Rv0876c	974500.0	0.0658291	-0.4464082141411644	-0.6135713643953248	False	0	0	0	0	0	0	0	0	0	0	0	0	0	0	0
NC_000962.3	975000	976000	6.54771e-05	Rv0876c	975500.0	0.0654771	-0.4470276798684844	-0.6152875129204102	False	0	0	0	0	0	0	0	0	0	0	0	0	0	0	0
NC_000962.3	976000	977000	0.000405623	Rv0877,PPE13	976500.0	0.4056229999999999	0.1515766591611954	1.0430672728718362	False	0	0	0	0	1	1	0	0	1	1	0	0	0	0	0
NC_000962.3	977000	978000	0.000284614	PPE13	977500.0	0.284614	-0.0613805232174324	0.4530973385761888	False	0	0	0	0	0	0	2	1	1	1	0	0	0	0	0
NC_000962.3	978000	979000	0.000154716	PPE13,Rv0879c,Rv0880	978500.0	0.154716	-0.289980975056709	-0.1802102213998135	False	0	0	0	0	0	0	2	1	1	1	0	0	0	0	0
NC_000962.3	979000	980000	0.000128138	Rv0880,Rv0881	979500.0	0.128138	-0.3367541571610085	-0.3097891858876592	False	0	0	0	0	0	0	0	0	0	0	0	0	0	0	0
NC_000962.3	980000	981000	0.00010508	Rv0881,Rv0882,Rv0883c	980500.0	0.10508	-0.3773326819921069	-0.4222066651246502	False	0	0	0	0	0	0	0	0	0	0	0	0	0	0	0
NC_000962.3	981000	982000	0.000175134	Rv0883c,serC	981500.0	0.1751339999999999	-0.2540484431805112	-0.0806638561009639	False	0	0	0	0	0	0	0	0	0	0	0	0	0	0	0
NC_000962.3	982000	983000	0.00010508	serC,Rv0885	982500.0	0.10508	-0.3773326819921069	-0.4222066651246502	False	0	0	0	0	0	0	0	0	0	0	0	0	0	0	0
NC_000962.3	983000	984000	0.000268245	Rv0885,fprB	983500.0	0.268245	-0.0901874393836329	0.3732915567377682	False	0	0	0	0	0	0	0	0	0	0	0	0	0	0	0
NC_000962.3	984000	985000	1.3201e-05	fprB	984500.0	0.013201	-0.5390255557433647	-0.8701555581255828	False	0	0	0	0	0	0	0	0	0	0	0	0	0	0	0
NC_000962.3	985000	986000	0.000221425	fprB,Rv0887c	985500.0	0.221425	-0.1725834205004702	0.1450243012136151	False	0	0	0	0	0	0	0	0	0	0	0	0	0	0	0
NC_000962.3	986000	987000	3.94271e-05		986500.0	0.0394271	-0.4928716633818038	-0.7422922546206278	False	0	0	0	0	0	0	0	0	0	0	0	0	0	0	0
NC_000962.3	987000	988000	0.000192735	Rv0888	987500.0	0.192735	-0.2230733969686902	0.0051484455752564	False	0	0	0	0	0	0	0	0	0	0	0	0	0	0	0
NC_000962.3	988000	989000	0.000104552	Rv0888,citA	988500.0	0.1045519999999999	-0.3782618805830871	-0.4247808879122789	False	0	0	0	0	0	0	0	0	0	0	0	0	0	0	0
NC_000962.3	989000	990000	0.000271941	citA,Rv0890c	989500.0	0.271941	-0.083683049246772	0.3913111162511655	False	0	0	0	0	0	0	0	0	0	0	0	0	0	0	0
NC_000962.3	990000	991000	3.96031e-05	Rv0890c	990500.0	0.0396031	-0.4925619305181437	-0.7414341803580851	False	0	0	0	0	0	0	0	0	0	0	0	0	0	0	0
NC_000962.3	991000	992000	0.000680117	Rv0890c	991500.0	0.6801170000000001	0.634643776646995	2.3813413445900533	False	0	0	0	0	0	0	0	0	0	0	0	0	0	0	0
NC_000962.3	992000	993000	5.26281e-05	Rv0890c,Rv0891c	992500.0	0.0526281	-0.4696399387614841	-0.6779318095079762	False	0	0	0	0	0	0	0	0	0	0	0	0	0	0	0
NC_000962.3	993000	994000	9.22312e-05	Rv0891c,Rv0892	993500.0	0.0922312	-0.3999445889159433	-0.484849986627827	False	0	0	0	0	0	0	0	0	0	0	0	0	0	0	0
NC_000962.3	994000	995000	0.000383886	Rv0892	994500.0	0.383886	0.1133228906533635	0.9370902260258626	False	0	0	0	0	0	0	0	0	0	0	0	0	0	0	0
NC_000962.3	995000	996000	3.96031e-05	Rv0892,Rv0893c	995500.0	0.0396031	-0.4925619305181437	-0.7414341803580851	False	0	0	0	0	0	0	0	0	0	0	0	0	0	0	0
NC_000962.3	996000	997000	0.00133964	Rv0893c,Rv0894	996500.0	1.33964	1.7953025689178166	5.596794252856947	False	0	0	0	0	0	0	1	1	0	0	0	0	0	0	0
NC_000962.3	997000	998000	0.00010508	Rv0894,Rv0895	997500.0	0.10508	-0.3773326819921069	-0.4222066651246502	False	0	0	0	0	0	0	0	0	0	0	0	0	0	0	0
NC_000962.3	998000	999000	6.60051e-05	Rv0895	998500.0	0.0660051	-0.4460984812775044	-0.6127132901327821	False	0	0	0	0	0	0	0	0	0	0	0	0	0	0	0
NC_000962.3	999000	1000000	3.96031e-05	Rv0895,gltA2	999500.0	0.0396031	-0.4925619305181437	-0.7414341803580851	False	0	0	0	0	0	0	0	0	0	0	0	0	0	0	0
NC_000962.3	1000000	1001000	9.18792e-05	gltA2,Rv0897c	1000500.0	0.0918792	-0.4005640546432634	-0.4865661351529126	False	0	0	0	0	0	0	0	0	0	0	0	0	0	0	0
NC_000962.3	1001000	1002000	0.000189567	Rv0897c	1001500.0	0.1895669999999999	-0.2286485885145711	-0.0102968911505132	False	0	0	0	0	0	0	0	0	0	0	0	0	0	0	0
NC_000962.3	1002000	1003000	0.000307848	Rv0897c,Rv0898c,ompA	1002500.0	0.307848	-0.0204922655226738	0.5663728920757227	False	0	0	0	0	0	0	0	0	0	0	0	0	0	0	0
NC_000962.3	1003000	1004000	0.000359068	ompA,Rv0900,Rv0901	1003500.0	0.359068	0.0696470371856645	0.8160920041634442	False	0	0	0	0	0	0	0	0	0	0	0	0	0	0	0
NC_000962.3	1004000	1005000	3.94271e-05	Rv0901,prrB	1004500.0	0.0394271	-0.4928716633818038	-0.7422922546206278	False	0	0	0	0	0	0	0	0	0	0	0	0	0	0	0
NC_000962.3	1005000	1006000	3.96031e-05	prrB,prrA	1005500.0	0.0396031	-0.4925619305181437	-0.7414341803580851	False	0	0	0	0	0	0	0	0	0	0	0	0	0	0	0
NC_000962.3	1006000	1007000	2.6226e-05	prrA,accD3	1006500.0	0.026226	-0.5161035639867051	-0.806653187275474	False	0	0	0	0	0	0	0	0	0	0	0	0	0	0	0
NC_000962.3	1007000	1008000	0.000154188	accD3	1007500.0	0.154188	-0.2909101736476891	-0.1827844441874417	False	0	0	0	0	0	0	0	0	0	0	0	0	0	0	0
NC_000962.3	1008000	1009000	0.000141515	accD3,echA6,Rv0906	1008500.0	0.141515	-0.3132126996770287	-0.2445706665124649	False	0	0	0	0	0	0	0	0	0	0	0	0	0	0	0
NC_000962.3	1009000	1010000	0.000442851	Rv0906	1009500.0	0.442851	0.2170921992085603	1.2245694810874106	False	0	0	0	0	0	0	0	0	0	0	0	0	0	0	0
NC_000962.3	1010000	1011000	2.6226e-05	Rv0906,Rv0907	1010500.0	0.026226	-0.5161035639867051	-0.806653187275474	False	0	0	0	0	0	0	0	0	0	0	0	0	0	0	0
NC_000962.3	1011000	1012000	0.000517304	Rv0907,ctpE	1011500.0	0.517304	0.348117999765841	1.5875592712527196	False	0	0	0	0	0	0	0	0	0	0	0	0	0	0	0
NC_000962.3	1012000	1013000	0.000207168	ctpE	1012500.0	0.207168	-0.1976735423027502	0.0755154105257071	False	0	0	0	0	0	0	0	0	0	0	0	0	0	0	0
NC_000962.3	1013000	1014000	7.81501e-05	ctpE	1013500.0	0.0781501	-0.4247251538391449	-0.5535012905953869	False	0	0	0	0	0	0	0	0	0	0	0	0	0	0	0
NC_000962.3	1014000	1015000	0.000279334	ctpE,Rv0909,Rv0910	1014500.0	0.279334	-0.0706725091272338	0.4273551106999069	False	0	0	0	0	0	0	0	0	0	0	0	0	0	0	0
NC_000962.3	1015000	1016000	7.88542e-05	Rv0910,Rv0911	1015500.0	0.0788542	-0.4234860463999231	-0.5500685060030214	False	0	0	0	0	0	0	0	0	0	0	0	0	0	0	0
NC_000962.3	1016000	1017000	0.000118105	Rv0911,Rv0912	1016500.0	0.118105	-0.3544106902354473	-0.3587042942745415	False	0	0	0	0	0	0	0	0	0	0	0	0	0	0	0
NC_000962.3	1017000	1018000	3.96031e-05	Rv0913c	1017500.0	0.0396031	-0.4925619305181437	-0.7414341803580851	False	0	0	0	0	0	0	0	0	0	0	0	0	0	0	0
NC_000962.3	1018000	1019000	7.90302e-05	Rv0913c,Rv0914c	1018500.0	0.0790302	-0.423176313536263	-0.5492104317404787	False	0	0	0	0	0	0	0	0	0	0	0	0	0	0	0
NC_000962.3	1019000	1020000	0.00020136	Rv0914c	1019500.0	0.20136	-0.2078947268035317	0.0471989598617968	False	0	0	0	0	0	0	0	0	0	0	0	0	0	0	0
NC_000962.3	1020000	1021000	0.000347979	PPE14	1020500.0	0.347979	0.0501321069292654	0.7620284502013054	False	0	0	0	0	0	0	0	0	1	1	0	0	0	0	0
NC_000962.3	1021000	1022000	0.000232338	PPE14,PE7	1021500.0	0.232338	-0.1533782231077311	0.1982297809132109	False	0	0	0	0	0	0	0	0	2	1	0	0	0	0	0
NC_000962.3	1022000	1023000	0.000662692	betP	1022500.0	0.662692	0.6039784632988341	2.2963871171763754	False	0	0	0	0	0	0	0	0	0	0	0	0	0	0	0
NC_000962.3	1023000	1024000	0.000218961	betP	1023500.0	0.218961	-0.1769196805917109	0.1330112615380167	False	0	0	0	0	0	0	0	0	0	0	0	0	0	0	0
NC_000962.3	1024000	1025000	0.000577501	Rv0918,Rv0919	1024500.0	0.577501	0.454055438366658	1.8810450461520676	False	0	0	0	0	0	0	0	0	0	0	0	0	0	0	0
NC_000962.3	1025000	1026000	9.22312e-05	Rv0919,argT,Rv0920c	1025500.0	0.0922312	-0.3999445889159433	-0.484849986627827	False	0	0	0	0	0	0	0	0	1	1	0	0	0	0	0
NC_000962.3	1026000	1027000	0.000155596	Rv0920c	1026500.0	0.155596	-0.2884323107384087	-0.1759198500870997	False	0	0	0	0	0	0	0	0	1	1	0	0	0	0	0
NC_000962.3	1027000	1028000	0.000391807	Rv0921,Rv0922	1027500.0	0.3918069999999999	0.1272626293638818	0.9757084432622314	False	0	0	0	0	0	0	0	0	2	1	0	0	0	0	0
NC_000962.3	1028000	1029000	0.000650899	Rv0922	1028500.0	0.650899	0.5832246015877949	2.238891266164066	False	0	0	0	0	0	0	0	0	1	1	0	0	0	0	0
NC_000962.3	1029000	1030000	0.000321049	Rv0922,Rv0923c	1029500.0	0.321049	0.0027394590976458	0.6307333371883741	False	0	0	0	0	0	0	0	0	1	1	0	0	0	0	0
NC_000962.3	1030000	1031000	0.000181998	Rv0923c,mntH	1030500.0	0.181998	-0.2419688614977693	-0.0471989598617967	False	0	0	0	0	0	0	0	0	0	0	0	0	0	0	0
NC_000962.3	1031000	1032000	2.64021e-05	mntH,Rv0925c	1031500.0	0.0264020999999999	-0.5157936551384635	-0.805794625470737	False	0	0	0	0	1	1	0	0	0	0	0	0	0	0	0
NC_000962.3	1032000	1033000	0.000330026	Rv0925c,Rv0926c	1032500.0	0.330026	0.0185375949901244	0.6745	False	0	0	0	0	0	0	0	0	0	0	0	0	0	0	0
NC_000962.3	1033000	1034000	6.58291e-05	Rv0926c,Rv0927c	1033500.0	0.0658291	-0.4464082141411644	-0.6135713643953248	False	0	0	0	0	0	0	0	0	0	0	0	0	0	0	0
NC_000962.3	1034000	1035000	0.000638402	Rv0927c,pstS3	1034500.0	0.638402	0.5612318084221154	2.177963118101585	False	0	0	0	0	0	0	0	0	0	0	0	0	0	0	0
NC_000962.3	1035000	1036000	0.000155948	pstS3	1035500.0	0.155948	-0.2878128450110886	-0.1742037015620142	False	0	0	0	0	0	0	0	0	0	0	0	0	0	0	0
NC_000962.3	1036000	1037000	5.26281e-05	pstS3,pstC2,pstA1	1036500.0	0.0526281	-0.4696399387614841	-0.6779318095079762	False	0	0	0	0	0	0	0	0	0	0	0	0	0	0	0
NC_000962.3	1037000	1038000	0.000284262	pstC2,pstA1,pknD	1037500.0	0.284262	-0.0619999889447525	0.4513811900511035	False	0	0	0	0	0	0	0	0	0	0	0	0	0	0	0
NC_000962.3	1038000	1039000	0.000118105	pknD	1038500.0	0.118105	-0.3544106902354473	-0.3587042942745415	False	0	0	0	0	0	0	0	0	0	0	0	0	0	0	0
NC_000962.3	1039000	1040000	0.000330554	pknD,pstS2	1039500.0	0.330554	0.0194667935811045	0.6770742227876283	False	0	0	0	0	0	0	0	0	0	0	0	0	0	0	0
NC_000962.3	1040000	1041000	0.000884117	pstS2	1040500.0	0.884117	0.9936523231620484	3.375927421628225	False	0	0	0	0	0	0	0	0	0	0	0	0	0	0	0
NC_000962.3	1041000	1042000	7.92062e-05	pstS2,pstB	1041500.0	0.0792062	-0.422866580672603	-0.5483523574779359	False	0	0	0	0	0	0	0	0	0	0	0	0	0	0	0
NC_000962.3	1042000	1043000	0.000191679	pstB,pstS1	1042500.0	0.191679	-0.2249317941506505	0.0	False	0	0	0	0	0	0	0	0	0	0	0	0	0	0	0
NC_000962.3	1043000	1044000	0.000310488	pstS1,pstC1	1043500.0	0.310488	-0.0158462725677731	0.5792440060138636	False	0	0	0	0	0	0	0	0	0	0	0	0	0	0	0
NC_000962.3	1044000	1045000	0.000104904	pstC1,pstA2	1044500.0	0.104904	-0.377642414855767	-0.423064739387193	False	0	0	0	0	0	0	0	0	0	0	0	0	0	0	0
NC_000962.3	1045000	1046000	6.54771e-05	pstA2,mku	1045500.0	0.0654771	-0.4470276798684844	-0.6152875129204102	False	0	0	0	0	0	0	0	0	0	0	0	0	0	0	0
NC_000962.3	1046000	1047000	3.94271e-05	mku,ligD	1046500.0	0.0394271	-0.4928716633818038	-0.7422922546206278	False	0	0	0	0	0	0	0	0	0	0	0	0	0	0	0
NC_000962.3	1047000	1048000	0.000367693	ligD	1047500.0	0.367693	0.084825707350823	0.8581425184499845	False	0	0	0	0	0	0	0	0	0	0	0	0	0	0	0
NC_000962.3	1048000	1049000	0.000232338	ligD,Rv0939	1048500.0	0.232338	-0.1533782231077311	0.1982297809132109	False	0	0	0	0	0	0	0	0	0	0	0	0	0	0	0
NC_000962.3	1049000	1050000	6.54771e-05	Rv0939	1049500.0	0.0654771	-0.4470276798684844	-0.6152875129204102	False	0	0	0	0	0	0	0	0	0	0	0	0	0	0	0
NC_000962.3	1050000	1051000	0.000225826	Rv0939,Rv0940c	1050500.0	0.225826	-0.1648383390631528	0.1664810331991297	False	0	0	0	0	0	0	0	0	0	0	0	0	0	0	0
NC_000962.3	1051000	1052000	0.000150492	Rv0940c,Rv0941c	1051500.0	0.150492	-0.29741456378455	-0.2008040037008392	False	0	0	0	0	0	0	0	0	0	0	0	0	0	0	0
NC_000962.3	1052000	1053000	0.000281094	Rv0941c,Rv0942,Rv0943c	1052500.0	0.281094	-0.0675751804906333	0.4359358533253342	False	0	0	0	0	0	0	0	0	0	0	0	0	0	0	0
NC_000962.3	1053000	1054000	0.000357665	Rv0943c,Rv0944	1053500.0	0.357665	0.0671779735054654	0.8092517871728336	False	0	0	0	0	0	0	0	0	0	0	0	0	0	0	0
NC_000962.3	1054000	1055000	0.000628721	Rv0944,Rv0945	1054500.0	0.6287210000000001	0.5441947410749965	2.130764158239789	False	0	0	0	0	0	0	0	0	0	0	0	0	0	0	0
NC_000962.3	1055000	1056000	0.000129722	Rv0945,pgi	1055500.0	0.129722	-0.333966561388068	-0.3020665175247746	False	0	0	0	0	0	0	0	0	0	0	0	0	0	0	0
NC_000962.3	1056000	1057000	0.000104552	pgi	1056500.0	0.1045519999999999	-0.3782618805830871	-0.4247808879122789	False	0	0	0	0	0	0	0	0	0	0	0	0	0	0	0
NC_000962.3	1057000	1058000	0.000115113	Rv0947c,Rv0948c	1057500.0	0.115113	-0.3596761489176681	-0.373291556737768	False	0	0	0	0	0	0	0	0	0	0	0	0	0	0	0
NC_000962.3	1058000	1059000	5.26281e-05	uvrD1	1058500.0	0.0526281	-0.4696399387614841	-0.6779318095079762	False	0	0	0	0	0	0	0	0	0	0	0	0	0	0	0
NC_000962.3	1059000	1060000	5.28041e-05	uvrD1	1059500.0	0.0528041	-0.469330205897824	-0.6770737352454336	False	0	0	0	0	0	0	0	0	0	0	0	0	0	0	0
NC_000962.3	1060000	1061000	1.3201e-05	uvrD1,Rv0950c	1060500.0	0.013201	-0.5390255557433647	-0.8701555581255828	False	0	0	0	0	0	0	0	0	0	0	0	0	0	0	0
NC_000962.3	1061000	1062000	0.000258564	Rv0950c,sucC	1061500.0	0.258564	-0.1072245067307517	0.3260925968759714	False	0	0	0	0	0	0	0	0	0	0	0	0	0	0	0
NC_000962.3	1062000	1063000	7.7446e-05	sucC	1062500.0	0.077446	-0.4259642612783667	-0.5569340751877525	False	0	0	0	0	0	0	0	0	0	0	0	0	0	0	0
NC_000962.3	1063000	1064000	0.00045922	sucC,sucD	1063500.0	0.4592199999999999	0.2458991153747607	1.304375262925831	False	0	0	0	0	0	0	0	0	0	0	0	0	0	0	0
NC_000962.3	1064000	1065000	0.000144507	sucD,Rv0953c	1064500.0	0.144507	-0.3079472409948079	-0.2299834040492384	False	0	0	0	0	0	0	1	1	0	0	0	0	0	0	0
NC_000962.3	1065000	1066000	0.000245011	Rv0954	1065500.0	0.245011	-0.1310756970783915	0.2600160032382343	False	0	0	0	0	0	0	0	0	0	0	0	0	0	0	0
NC_000962.3	1066000	1067000	0.000374733	Rv0954,Rv0955	1066500.0	0.374733	0.0972150218972248	0.8924654889516939	False	0	0	0	0	0	0	0	0	0	0	0	0	0	0	0
NC_000962.3	1067000	1068000	0.000117049	Rv0955,purN	1067500.0	0.117049	-0.3562690874174076	-0.3638527398497979	False	0	0	0	0	0	0	0	0	0	0	0	0	0	0	0
NC_000962.3	1068000	1069000	0.000175046	purN,purH	1068500.0	0.1750459999999999	-0.2542033096123411	-0.0810928932322353	False	0	0	0	0	0	0	0	0	0	0	0	0	0	0	0
NC_000962.3	1069000	1070000	0.00010508	purH,Rv0958	1069500.0	0.10508	-0.3773326819921069	-0.4222066651246502	False	0	0	0	0	0	0	0	0	0	0	0	0	0	0	0
NC_000962.3	1070000	1071000	0.000214737	Rv0958	1070500.0	0.214737	-0.184353269319552	0.1124174792369911	False	0	0	0	0	0	0	0	0	0	0	0	0	0	0	0
NC_000962.3	1071000	1072000	0.000650371	Rv0958,Rv0959	1071500.0	0.6503709999999999	0.5822954029968146	2.236317043376437	False	0	0	0	0	0	0	1	1	0	0	0	0	0	0	0
NC_000962.3	1072000	1073000	0.000258564	Rv0959	1072500.0	0.258564	-0.1072245067307517	0.3260925968759714	False	0	0	0	0	0	0	0	0	0	0	0	0	0	0	0
NC_000962.3	1073000	1074000	0.000286902	Rv0959,vapB9,vapC9	1073500.0	0.286902	-0.0573539959898518	0.4642523039892444	False	0	0	0	0	0	0	0	0	0	0	0	0	0	0	0
NC_000962.3	1074000	1075000	2.64021e-05	Rv0961,lprP	1074500.0	0.0264020999999999	-0.5157936551384635	-0.805794625470737	False	0	0	0	0	0	0	0	0	0	0	0	0	0	0	0
NC_000962.3	1075000	1076000	0.000279334	lprP,Rv0963c	1075500.0	0.279334	-0.0706725091272338	0.4273551106999069	False	0	0	0	0	0	0	0	0	0	0	0	0	0	0	0
NC_000962.3	1076000	1077000	0.00097406	Rv0963c,Rv0964c,Rv0965c	1076500.0	0.97406	1.1519381354130456	3.8144374977411872	False	0	0	0	0	0	0	0	0	0	0	0	0	0	0	0
NC_000962.3	1077000	1078000	0.000436162	Rv0965c,Rv0966c,csoR	1077500.0	0.436162	0.2053205905436622	1.1919577836888404	False	0	0	0	0	0	0	0	0	0	0	0	0	0	0	0
NC_000962.3	1078000	1079000	0.0	csoR,Rv0968,ctpV	1078500.0	0.0	-0.5622572803636845	-0.9345160032382342	False	0	0	0	0	0	0	0	0	0	0	0	0	0	0	0
NC_000962.3	1079000	1080000	7.89432e-05	ctpV	1079500.0	0.0789432	-0.4233294201222768	-0.5496345934498037	False	0	0	0	0	0	0	0	0	0	0	0	0	0	0	0
NC_000962.3	1080000	1081000	0.00067202	ctpV	1080500.0	0.67202	0.6203943050728165	2.34186505309114	False	0	0	0	0	0	0	0	0	0	0	0	0	0	0	0
NC_000962.3	1081000	1082000	1.3201e-05	ctpV,Rv0970,echA7	1081500.0	0.013201	-0.5390255557433647	-0.8701555581255828	False	0	0	0	0	0	0	0	0	0	0	0	0	0	0	0
NC_000962.3	1082000	1083000	0.000176894	echA7,fadE12	1082500.0	0.176894	-0.2509511145439106	-0.0720831134755361	False	0	0	0	0	1	1	0	0	0	0	0	0	0	0	0
NC_000962.3	1083000	1084000	0.000218961	fadE12,accA2	1083500.0	0.218961	-0.1769196805917109	0.1330112615380167	False	0	0	0	0	1	1	0	0	0	0	0	0	0	0	0
NC_000962.3	1084000	1085000	6.60051e-05	accA2	1084500.0	0.0660051	-0.4460984812775044	-0.6127132901327821	False	0	0	0	0	0	0	0	0	0	0	0	0	0	0	0
NC_000962.3	1085000	1086000	5.28041e-05	accA2,accD2	1085500.0	0.0528041	-0.469330205897824	-0.6770737352454336	False	0	0	0	0	0	0	0	0	0	0	0	0	0	0	0
NC_000962.3	1086000	1087000	0.000245363	accD2	1086500.0	0.245363	-0.1304562313510714	0.2617321517633198	False	0	0	0	0	0	0	0	0	0	0	0	0	0	0	0
NC_000962.3	1087000	1088000	0.000275637	accD2,fadE13	1087500.0	0.275637	-0.077178659109911	0.4093306757645631	False	0	0	0	0	0	0	0	0	0	0	0	0	0	0	0
NC_000962.3	1088000	1089000	9.18792e-05	fadE13,Rv0976c	1088500.0	0.0918792	-0.4005640546432634	-0.4865661351529126	False	0	0	0	0	0	0	0	0	0	0	0	0	0	0	0
NC_000962.3	1089000	1090000	2.64021e-05	Rv0976c	1089500.0	0.0264020999999999	-0.5157936551384635	-0.805794625470737	False	0	0	0	0	0	0	0	0	0	0	0	0	0	0	0
NC_000962.3	1090000	1091000	0.000194143	Rv0976c,PE_PGRS16	1090500.0	0.194143	-0.2205955340594099	0.0120130396755984	False	0	0	0	0	1	1	1	1	1	1	0	0	0	0	0
NC_000962.3	1091000	1092000	0.000260148	PE_PGRS16	1091500.0	0.260148	-0.1044369109578114	0.3338152652388559	False	0	0	0	0	1	1	1	1	1	1	0	0	0	0	0
NC_000962.3	1092000	1093000	3.91646e-05	PE_PGRS16	1092500.0	0.0391646	-0.4933336229085695	-0.7435720528815225	False	0	0	0	0	1	1	0	0	1	1	0	0	0	0	0
NC_000962.3	1093000	1094000	0.000189924	PE_PGRS16,PE_PGRS17	1093500.0	0.189924	-0.2280203235581697	-0.0085563655156959	False	2	1	0	0	0	0	3	1	2	1	0	0	2	71	67
NC_000962.3	1094000	1095000	0.00182421	PE_PGRS17,Rv0979c,rpmF	1094500.0	1.82421	2.648071056098206	7.959277465358845	False	3	1	0	0	0	0	2	1	1	1	4	4	2	20	15
NC_000962.3	1095000	1096000	0.00310016	rpmF,PE_PGRS18	1095500.0	3.10016	4.893546325342728	14.180072097696373	True	2	1	0	0	1	1	3	1	1	1	5	6	2	58	58
NC_000962.3	1096000	1097000	0.00487615	PE_PGRS18,mprA	1096500.0	4.87615	8.01901489654503	22.838772720044528	True	2	1	0	0	1	1	1	1	1	1	6	7	2	25	16
NC_000962.3	1097000	1098000	0.00125955	mprA,mprB	1097500.0	1.25955	1.6543565174943329	5.206321709180539	False	0	0	0	0	0	0	0	0	0	0	0	0	0	0	0
NC_000962.3	1098000	1099000	0.000691558	mprB	1098500.0	0.691558	0.6547781726307141	2.4371210470772766	False	0	0	0	0	0	0	0	0	0	0	0	0	0	0	0
NC_000962.3	1099000	1100000	0.000548987	mprB,pepD	1099500.0	0.548987	0.4038751947620981	1.7420272647762511	False	0	0	0	0	0	0	0	0	0	0	0	0	0	0	0
NC_000962.3	1100000	1101000	1.3201e-05	pepD,moaB2	1100500.0	0.013201	-0.5390255557433647	-0.8701555581255828	False	0	0	0	0	0	0	0	0	0	0	0	0	0	0	0
NC_000962.3	1101000	1102000	0.000118105	moaB2,mscL,Rv0986	1101500.0	0.118105	-0.3544106902354473	-0.3587042942745415	False	0	0	0	0	0	0	0	0	0	0	0	0	0	0	0
NC_000962.3	1102000	1103000	0.00168164	Rv0986,Rv0987	1102500.0	1.68164	2.3971698380754063	7.264188558479765	False	0	0	0	0	0	0	0	0	0	0	0	0	0	0	0
NC_000962.3	1103000	1104000	0.000791886	Rv0987	1103500.0	0.791886	0.8313399836834705	2.9262623801022065	False	0	0	0	0	0	0	0	0	0	0	0	0	0	0	0
NC_000962.3	1104000	1105000	0.000700183	Rv0987	1104500.0	0.700183	0.6699568427958726	2.479171561363817	False	0	0	0	0	0	0	0	0	0	0	0	0	0	0	0
NC_000962.3	1105000	1106000	0.00147306	Rv0987,Rv0988	1105500.0	1.47306	2.0301011977219265	6.247273048927696	False	0	0	0	0	0	0	0	0	0	0	0	0	0	0	0
NC_000962.3	1106000	1107000	0.000707927	Rv0988,grcC2	1106500.0	0.707927	0.6835850887969147	2.5169268289156976	False	0	0	0	0	0	0	0	0	0	0	0	0	0	0	0
NC_000962.3	1107000	1108000	0.000890981	grcC2,Rv0990c	1107500.0	0.890981	1.00573190484479	3.409392317867392	False	0	0	0	0	0	0	0	0	0	0	0	0	0	0	0
NC_000962.3	1108000	1109000	0.000628113	Rv0990c,Rv0991c,Rv0992c	1108500.0	0.628113	0.5431247548187164	2.127799901696459	False	0	0	0	0	0	0	0	0	0	0	0	0	0	0	0
NC_000962.3	1109000	1110000	0.000293063	Rv0992c,galU	1109500.0	0.2930629999999999	-0.046511585915934	0.4942897786001861	False	0	0	0	0	0	0	0	0	0	0	0	0	0	0	0
NC_000962.3	1110000	1111000	0.000343227	galU,moeA1	1110500.0	0.343227	0.0417693196104441	0.7388604451126516	False	0	0	0	0	0	0	0	0	0	0	0	0	0	0	0
NC_000962.3	1111000	1112000	0.00108354	moeA1,rimJ	1111500.0	1.08354	1.3446060553761243	4.34819869241834	False	0	0	0	0	0	0	0	0	0	0	0	0	0	0	0
NC_000962.3	1112000	1113000	1.3201e-05	rimJ,Rv0996	1112500.0	0.013201	-0.5390255557433647	-0.8701555581255828	False	0	0	0	0	1	1	0	0	0	0	0	0	0	0	0
NC_000962.3	1113000	1114000	0.000383534	Rv0996,alaV	1113500.0	0.383534	0.1127034249260434	0.935374077500777	False	0	0	0	0	0	0	0	0	0	0	0	0	0	0	0
NC_000962.3	1114000	1115000	9.20552e-05	Rv0997,Rv0998	1114500.0	0.0920552	-0.4002543217796034	-0.4857080608903698	False	0	0	0	0	0	0	0	0	0	0	0	0	0	0	0
NC_000962.3	1115000	1116000	6.58291e-05	Rv0998,Rv0999	1115500.0	0.0658291	-0.4464082141411644	-0.6135713643953248	False	0	0	0	0	0	0	0	0	0	0	0	0	0	0	0
NC_000962.3	1116000	1117000	1.3201e-05	Rv0999,Rv1000c	1116500.0	0.013201	-0.5390255557433647	-0.8701555581255828	False	0	0	0	0	0	0	0	0	0	0	0	0	0	0	0
NC_000962.3	1117000	1118000	0.00023181	Rv1000c,arcA	1117500.0	0.23181	-0.1543074216987113	0.1956555581255827	False	0	0	0	0	0	0	0	0	0	0	0	0	0	0	0
NC_000962.3	1118000	1119000	0.000104904	arcA,Rv1002c	1118500.0	0.104904	-0.377642414855767	-0.423064739387193	False	0	0	0	0	0	0	0	0	0	0	0	0	0	0	0
NC_000962.3	1119000	1120000	0.000323425	Rv1002c	1119500.0	0.323425	0.0069208527570564	0.6423173397327012	False	0	0	0	0	0	0	0	0	0	0	0	0	0	0	0
NC_000962.3	1120000	1121000	6.58291e-05	Rv1003,Rv1004c	1120500.0	0.0658291	-0.4464082141411644	-0.6135713643953248	False	0	0	0	0	0	0	0	0	0	0	0	0	0	0	0
NC_000962.3	1121000	1122000	0.000331434	Rv1004c	1121500.0	0.331434	0.0210154578994048	0.681364594100342	False	0	0	0	0	1	1	3	1	0	0	0	0	0	0	0
NC_000962.3	1122000	1123000	9.18792e-05	Rv1004c,pabB	1122500.0	0.0918792	-0.4005640546432634	-0.4865661351529126	False	0	0	0	0	0	0	0	0	0	0	0	0	0	0	0
NC_000962.3	1123000	1124000	0.000279862	pabB,Rv1006	1123500.0	0.279862	-0.0697433105362536	0.429929333487535	False	0	0	0	0	0	0	0	0	0	0	0	0	0	0	0
NC_000962.3	1124000	1125000	0.000208224	Rv1006	1124500.0	0.208224	-0.1958151451207899	0.0806638561009635	False	0	0	0	0	0	0	0	0	0	0	0	0	0	0	0
NC_000962.3	1125000	1126000	0.000219137	Rv1006,metS	1125500.0	0.219137	-0.1766099477280508	0.1338693358005595	False	0	0	0	0	0	0	0	0	0	0	0	0	0	0	0
NC_000962.3	1126000	1127000	9.21432e-05	metS	1126500.0	0.0921432	-0.4000994553477733	-0.4852790237590985	False	0	0	0	0	0	0	0	0	0	0	0	0	0	0	0
NC_000962.3	1127000	1128000	0.000464148	metS,tatD	1127500.0	0.464148	0.2545716355572421	1.328401342277028	False	0	0	0	0	0	0	0	0	0	0	0	0	0	0	0
NC_000962.3	1128000	1129000	0.000165101	rpfB	1128500.0	0.165101	-0.27170497625495	-0.1295789644878457	False	0	0	0	0	0	0	0	0	0	0	0	0	0	0	0
NC_000962.3	1129000	1130000	3.94271e-05	rpfB,ksgA	1129500.0	0.0394271	-0.4928716633818038	-0.7422922546206278	False	0	0	0	0	0	0	0	0	0	0	0	0	0	0	0
NC_000962.3	1130000	1131000	0.000427713	ksgA,ispE	1130500.0	0.4277129999999999	0.1904516532421637	1.1507653436648424	False	0	0	0	0	0	0	0	0	0	0	0	0	0	0	0
NC_000962.3	1131000	1132000	0.000446195	ispE,Rv1012,pks16	1131500.0	0.4461949999999999	0.2229771236181011	1.2408728920757222	False	0	0	0	0	0	0	0	0	0	0	0	0	0	0	0
NC_000962.3	1132000	1133000	3.94271e-05	pks16	1132500.0	0.0394271	-0.4928716633818038	-0.7422922546206278	False	0	0	0	0	0	0	0	0	0	0	0	0	0	0	0
NC_000962.3	1133000	1134000	5.26281e-05	pks16,pth,rplY	1133500.0	0.0526281	-0.4696399387614841	-0.6779318095079762	False	0	0	0	0	0	0	0	0	0	0	0	0	0	0	0
NC_000962.3	1134000	1135000	2.64021e-05	rplY,lpqT	1134500.0	0.0264020999999999	-0.5157936551384635	-0.805794625470737	False	0	0	0	0	0	0	0	0	0	0	0	0	0	0	0
NC_000962.3	1135000	1136000	0.000168797	lpqT,prsA	1135500.0	0.168797	-0.265200586118089	-0.1115594049744482	False	0	0	0	0	0	0	0	0	0	0	0	0	0	0	0
NC_000962.3	1136000	1137000	3.92511e-05	prsA,glmU	1136500.0	0.0392511	-0.4931813962454638	-0.7431503288831706	False	0	0	0	0	0	0	0	0	0	0	0	0	0	0	0
NC_000962.3	1137000	1138000	0.000152076	glmU	1137500.0	0.152076	-0.2946269680116096	-0.1930813353379545	False	0	0	0	0	0	0	0	0	0	0	0	0	0	0	0
NC_000962.3	1138000	1139000	2.64021e-05	glmU,glnT,Rv1019,mfd	1138500.0	0.0264020999999999	-0.5157936551384635	-0.805794625470737	False	0	0	0	0	0	0	0	0	0	0	0	0	0	0	0
NC_000962.3	1139000	1140000	0.000386174	mfd	1139500.0	0.3861739999999999	0.1173494178809441	0.9482451914389176	False	0	0	0	0	0	0	0	0	0	0	0	0	0	0	0
NC_000962.3	1140000	1141000	7.92062e-05	mfd	1140500.0	0.0792062	-0.422866580672603	-0.5483523574779359	False	0	0	0	0	0	0	0	0	0	0	0	0	0	0	0
NC_000962.3	1141000	1142000	0.00010508	mfd	1141500.0	0.10508	-0.3773326819921069	-0.4222066651246502	False	0	0	0	0	0	0	0	0	0	0	0	0	0	0	0
NC_000962.3	1142000	1143000	0.000150492	mfd,Rv1021	1142500.0	0.150492	-0.29741456378455	-0.2008040037008392	False	0	0	0	0	0	0	0	0	0	0	0	0	0	0	0
NC_000962.3	1143000	1144000	0.00025346	Rv1021,lpqU	1143500.0	0.25346	-0.1162067597768931	0.301208443262232	False	0	0	0	0	0	0	0	0	0	0	0	0	0	0	0
NC_000962.3	1144000	1145000	0.000676245	lpqU,eno	1144500.0	0.676245	0.6278296536464739	2.3624637108141124	False	0	0	0	0	0	0	0	0	0	0	0	0	0	0	0
NC_000962.3	1145000	1146000	0.000700887	eno,Rv1024	1145500.0	0.7008869999999999	0.6711957742505128	2.482603858413988	False	0	0	0	0	0	0	0	0	0	0	0	0	0	0	0
NC_000962.3	1146000	1147000	0.000153484	Rv1024,Rv1025	1146500.0	0.153484	-0.2921491051023293	-0.1862167412376125	False	0	0	0	0	0	0	0	0	0	0	0	0	0	0	0
NC_000962.3	1147000	1148000	5.28041e-05	Rv1025,Rv1026	1147500.0	0.0528041	-0.469330205897824	-0.6770737352454336	False	0	0	0	0	0	0	0	0	0	0	0	0	0	0	0
NC_000962.3	1148000	1149000	0.00120534	kdpE	1148500.0	1.20534	1.5589552757954066	4.942025085473484	False	0	0	0	0	0	0	0	0	0	0	0	0	0	0	0
NC_000962.3	1149000	1150000	0.000240435	kdpE,kdpD	1149500.0	0.240435	-0.1391287515335527	0.2377060724121232	False	0	0	0	0	0	0	0	0	0	0	0	0	0	0	0
NC_000962.3	1150000	1151000	0.000117753	kdpD	1150500.0	0.117753	-0.3550301559627674	-0.360420442799627	False	0	0	0	0	0	0	0	0	0	0	0	0	0	0	0
NC_000962.3	1151000	1152000	0.000903302	kdpD,kdpF	1151500.0	0.903302	1.0274149651468096	3.4694623916673297	False	0	0	0	0	0	0	0	0	0	0	0	0	0	0	0
NC_000962.3	1152000	1153000	0.000368925	kdpF,kdpA	1152500.0	0.368925	0.0869938373964433	0.8641490382877837	False	0	0	0	0	0	0	0	0	0	0	0	0	0	0	0
NC_000962.3	1153000	1154000	0.00033601	kdpA,kdpB	1153500.0	0.33601	0.0290685123545659	0.703674524926453	False	0	0	0	0	0	0	0	0	0	0	0	0	0	0	0
NC_000962.3	1154000	1155000	0.000156124	kdpB	1154500.0	0.1561239999999999	-0.2875031121474286	-0.173345627299472	False	0	0	0	0	0	0	0	0	0	0	0	0	0	0	0
NC_000962.3	1155000	1156000	0.000322809	kdpB,kdpC	1155500.0	0.322809	0.0058367877342463	0.6393140798138016	False	0	0	0	0	0	0	0	0	0	0	0	0	0	0	0
NC_000962.3	1156000	1157000	7.85021e-05	kdpC,trcS	1156500.0	0.0785020999999999	-0.4241056881118248	-0.5517851420703019	False	0	0	0	0	0	0	0	0	0	0	0	0	0	0	0
NC_000962.3	1157000	1158000	0.000232338	trcS,trcR	1157500.0	0.232338	-0.1533782231077311	0.1982297809132109	False	0	0	0	0	0	0	0	0	0	0	0	0	0	0	0
NC_000962.3	1158000	1159000	9.18792e-05	trcR,Rv1034c	1158500.0	0.0918792	-0.4005640546432634	-0.4865661351529126	False	0	0	0	0	0	0	0	0	1	1	0	0	0	0	0
NC_000962.3	1159000	1160000	0.000255924	Rv1034c,Rv1035c	1159500.0	0.255924	-0.1118704996856524	0.3132214829378302	False	0	0	0	0	0	0	1	1	2	1	0	0	0	0	0
NC_000962.3	1160000	1161000	0.000632945	Rv1035c,Rv1036c,esxI,esxJ	1160500.0	0.632945	0.5516283298028376	2.1513579405408136	False	4	1	0	0	0	0	2	1	4	1	0	0	4	64	37
NC_000962.3	1161000	1162000	0.00046186	esxJ,PPE15	1161500.0	0.46186	0.2505451083296615	1.3172463768639726	False	4	1	0	0	0	0	2	1	2	1	0	0	4	18	9
NC_000962.3	1162000	1163000	0.000206288	PPE15,PE8	1162500.0	0.206288	-0.1992222066210504	0.0712250392129934	False	0	0	0	0	0	0	1	1	2	1	0	0	0	0	0
NC_000962.3	1163000	1164000	0.000118281	PE8	1163500.0	0.118281	-0.3541009573717872	-0.3578462200119988	False	0	0	0	0	0	0	0	0	1	1	0	0	0	0	0
NC_000962.3	1164000	1165000	0.000895558	Rv1041c	1164500.0	0.895558	1.0137867191457677	3.4317071241154484	False	1	1	0	0	0	0	1	1	1	1	0	0	1	0	0
NC_000962.3	1165000	1166000	0.000565004	Rv1041c,Rv1042c,Rv1043c	1165500.0	0.5650040000000001	0.4320626452009786	1.8201168980895868	False	1	1	0	0	0	0	1	1	2	1	0	0	1	0	0
NC_000962.3	1166000	1167000	2.64021e-05	Rv1043c	1166500.0	0.0264020999999999	-0.5157936551384635	-0.805794625470737	False	0	0	0	0	0	0	0	0	0	0	0	0	0	0	0
NC_000962.3	1167000	1168000	1.3201e-05	Rv1044,Rv1045	1167500.0	0.013201	-0.5390255557433647	-0.8701555581255828	False	0	0	0	0	0	0	0	0	0	0	0	0	0	0	0
NC_000962.3	1168000	1169000	0.000535962	Rv1045,Rv1046c	1168500.0	0.5359619999999999	0.3809532030054383	1.678524893926142	False	0	0	0	0	0	0	0	0	0	0	0	0	0	0	0
NC_000962.3	1169000	1170000	0.000762646	Rv1046c,Rv1047	1169500.0	0.7626459999999999	0.7798820920163128	2.783705042393402	False	5	1	0	0	0	0	1	1	1	1	0	0	5	5	2
NC_000962.3	1170000	1171000	0.000370714	Rv1047	1170500.0	0.370714	0.0901422015617151	0.8728711681496527	False	5	1	0	0	0	0	1	1	1	1	0	0	5	0	0
NC_000962.3	1171000	1172000	2.64021e-05	Rv1048c	1171500.0	0.0264020999999999	-0.5157936551384635	-0.805794625470737	False	0	0	0	0	0	0	0	0	0	0	0	0	0	0	0
NC_000962.3	1172000	1173000	0.000535962	Rv1048c,Rv1049,Rv1050	1172500.0	0.5359619999999999	0.3809532030054383	1.678524893926142	False	0	0	0	0	0	0	0	0	0	0	0	0	0	0	0
NC_000962.3	1173000	1174000	0.000523113	Rv1050,Rv1051c	1173500.0	0.5231129999999999	0.3583409441124387	1.615880597338576	False	0	0	0	0	0	0	0	0	0	0	0	0	0	0	0
NC_000962.3	1174000	1175000	0.000258564	Rv1051c	1174500.0	0.258564	-0.1072245067307517	0.3260925968759714	False	0	0	0	0	0	0	0	0	0	0	0	0	0	0	0
NC_000962.3	1175000	1176000	0.000682581	Rv1052	1175500.0	0.682581	0.6389800367382357	2.393354384265651	False	0	0	0	0	0	0	0	0	0	0	0	0	0	0	0
NC_000962.3	1176000	1177000	0.000258212	Rv1052,Rv1053c,Rv1054	1176500.0	0.258212	-0.1078439724580718	0.3243764483508858	False	0	0	0	0	0	0	0	0	1	1	0	0	0	0	0
NC_000962.3	1177000	1178000	0.00066674	Rv1054,Rv1055,leuX,Rv1056	1177500.0	0.66674	0.6111023191630152	2.3161228252148587	False	0	0	0	0	0	0	0	0	2	1	0	0	0	0	0
NC_000962.3	1178000	1179000	0.000240435	Rv1056	1178500.0	0.240435	-0.1391287515335527	0.2377060724121232	False	0	0	0	0	0	0	0	0	0	0	0	0	0	0	0
NC_000962.3	1179000	1180000	0.000105432	Rv1057	1179500.0	0.105432	-0.3767132162647869	-0.4204905165995648	False	0	0	0	0	0	0	1	1	0	0	0	0	0	0	0
NC_000962.3	1180000	1181000	2.6226e-05	Rv1057,fadD14	1180500.0	0.026226	-0.5161035639867051	-0.806653187275474	False	0	0	0	0	0	0	0	0	0	0	0	0	0	0	0
NC_000962.3	1181000	1182000	1.3201e-05	fadD14	1181500.0	0.013201	-0.5390255557433647	-0.8701555581255828	False	0	0	0	0	0	0	0	0	0	0	0	0	0	0	0
NC_000962.3	1182000	1183000	2.60514e-05	fadD14,Rv1059	1182500.0	0.0260514	-0.5164108330662225	-0.8075044359472918	False	0	0	0	0	0	0	1	1	0	0	0	0	0	0	0
NC_000962.3	1183000	1184000	5.24549e-05	Rv1059,Rv1060	1183500.0	0.0524549	-0.4699447440568586	-0.6787762325890694	False	0	0	0	0	0	0	0	0	0	0	0	0	0	0	0
NC_000962.3	1184000	1185000	0.000270181	Rv1061,Rv1062	1184500.0	0.270181	-0.0867803778833725	0.3827303736257382	False	0	0	0	0	0	0	0	0	0	0	0	0	0	0	0
NC_000962.3	1185000	1186000	1.3201e-05	Rv1062,Rv1063c	1185500.0	0.013201	-0.5390255557433647	-0.8701555581255828	False	0	0	0	0	0	0	0	0	0	0	0	0	0	0	0
NC_000962.3	1186000	1187000	0.00028479	Rv1063c,lpqV	1186500.0	0.28479	-0.0610707903537724	0.4539554128387316	False	0	0	0	0	0	0	0	0	0	0	0	0	0	0	0
NC_000962.3	1187000	1188000	3.9075e-05	lpqV,Rv1065,Rv1066	1187500.0	0.039075	-0.4934913050937055	-0.7440088906879079	False	0	0	0	0	0	0	0	0	0	0	0	0	0	0	0
NC_000962.3	1188000	1189000	0.000374029	Rv1065,Rv1066,PE_PGRS19	1188500.0	0.374029	0.0959760904425847	0.8890331919015231	False	1	1	0	0	2	1	3	1	1	1	0	0	1	82	82
NC_000962.3	1189000	1190000	0.000263536	PE_PGRS19	1189500.0	0.263536	-0.0984745533323555	0.3503331947928036	False	1	1	0	0	1	1	4	1	1	1	0	0	1	6	6
NC_000962.3	1190000	1191000	0.000468728	PE_PGRS19,PE_PGRS20	1190500.0	0.468728	0.2626317293956683	1.350730774790924	False	2	1	0	0	2	1	3	1	2	1	0	0	2	40	40
NC_000962.3	1191000	1192000	0.00145622	PE_PGRS20	1191500.0	1.45622	2.000465394176272	6.165170943352585	False	1	1	0	0	1	1	2	1	1	1	0	0	1	54	54
NC_000962.3	1192000	1193000	0.000218961	PE_PGRS20,Rv1069c	1192500.0	0.218961	-0.1769196805917109	0.1330112615380167	False	0	0	0	0	0	0	0	0	1	1	0	0	0	0	0
NC_000962.3	1193000	1194000	0.000308904	Rv1069c	1193500.0	0.3089039999999999	-0.0186338683407136	0.5715213376509787	False	0	0	0	0	0	0	0	0	0	0	0	0	0	0	0
NC_000962.3	1194000	1195000	0.000173198	Rv1069c,echA8	1194500.0	0.173198	-0.2574555046807716	-0.0901026729889336	False	0	0	0	0	0	0	0	0	0	0	0	0	0	0	0
NC_000962.3	1195000	1196000	0.000186399	echA8,echA9	1195500.0	0.1863989999999999	-0.2342237800604519	-0.0257422278762825	False	0	0	0	0	0	0	0	0	0	0	0	0	0	0	0
NC_000962.3	1196000	1197000	7.86813e-05	echA9,Rv1072	1196500.0	0.0786813	-0.4237903237415528	-0.5509114664575306	False	0	0	0	0	0	0	0	0	0	0	0	0	0	0	0
NC_000962.3	1197000	1198000	0.00074006	Rv1072,Rv1073	1197500.0	0.7400599999999999	0.7401342144104843	2.6735887623150485	False	0	0	0	0	0	0	0	0	0	0	0	0	0	0	0
NC_000962.3	1198000	1199000	6.50397e-05	Rv1073,fadA3	1198500.0	0.0650396999999999	-0.4477974364285124	-0.6174200224797073	False	0	0	0	0	0	0	0	0	0	0	0	0	0	0	0
NC_000962.3	1199000	1200000	0.000303104	fadA3,Rv1075c	1199500.0	0.303104	-0.028840974074965	0.5432438903626389	False	0	0	0	0	0	0	0	0	0	0	0	0	0	0	0
NC_000962.3	1200000	1201000	0.000201184	Rv1075c,lipU	1200500.0	0.201184	-0.2082044596671918	0.0463408855992541	False	0	0	0	0	0	0	0	0	0	0	0	0	0	0	0
NC_000962.3	1201000	1202000	0.000562188	lipU,cbs	1201500.0	0.562188	0.4271069193824178	1.8063877098889027	False	0	0	0	0	0	0	0	0	0	0	0	0	0	0	0
NC_000962.3	1202000	1203000	2.64021e-05	cbs	1202500.0	0.0264020999999999	-0.5157936551384635	-0.805794625470737	False	0	0	0	0	0	0	0	0	0	0	0	0	0	0	0
NC_000962.3	1203000	1204000	0.000357132	cbs,pra	1203500.0	0.357132	0.0662399756854041	0.8066531872754741	False	0	0	0	0	1	1	0	0	0	0	0	0	0	0	0
NC_000962.3	1204000	1205000	1.3201e-05	pra,metB	1204500.0	0.013201	-0.5390255557433647	-0.8701555581255828	False	0	0	0	0	0	0	0	0	0	0	0	0	0	0	0
NC_000962.3	1205000	1206000	6.56531e-05	metB,greA,Rv1081c	1205500.0	0.0656530999999999	-0.4467179470048244	-0.6144294386578679	False	0	0	0	0	0	0	0	0	0	0	0	0	0	0	0
NC_000962.3	1206000	1207000	6.60051e-05	Rv1081c,mca	1206500.0	0.0660051	-0.4460984812775044	-0.6127132901327821	False	0	0	0	0	0	0	0	0	0	0	0	0	0	0	0
NC_000962.3	1207000	1208000	0.000165101	mca,Rv1083,Rv1084	1207500.0	0.165101	-0.27170497625495	-0.1295789644878457	False	0	0	0	0	0	0	0	0	0	0	0	0	0	0	0
NC_000962.3	1208000	1209000	0.000315593	Rv1084	1208500.0	0.315593	-0.0068622596758155	0.6041330350495495	False	0	0	0	0	0	0	0	0	0	0	0	0	0	0	0
NC_000962.3	1209000	1210000	1.31132e-05	Rv1084,Rv1085c	1209500.0	0.0131132	-0.5391800702060316	-0.8705836201724649	False	0	0	0	0	0	0	0	0	0	0	0	0	0	0	0
NC_000962.3	1210000	1211000	0.000218961	Rv1085c,Rv1086	1210500.0	0.218961	-0.1769196805917109	0.1330112615380167	False	0	0	0	0	0	0	0	0	0	0	0	0	0	0	0
NC_000962.3	1211000	1212000	0.000525225	Rv1086,PE_PGRS21	1211500.0	0.525225	0.3620577384763594	1.6261774884890894	False	1	1	0	0	1	1	4	1	1	1	0	0	1	70	70
NC_000962.3	1212000	1213000	0.000881645	PE_PGRS21	1212500.0	0.881645	0.9893019843042776	3.363875378577057	False	1	1	0	0	1	1	3	1	1	1	0	1	1	29	29
NC_000962.3	1213000	1214000	0.000158062	PE_PGRS21	1213500.0	0.1580619999999999	-0.2840925309555356	-0.1638970595676094	False	0	0	0	0	1	1	0	0	1	1	0	1	0	0	0
NC_000962.3	1214000	1215000	0.000262538	Rv1087A,PE9,PE10	1214500.0	0.262538	-0.1002308794569732	0.3454675236904306	False	0	0	0	0	0	0	0	0	2	1	0	0	0	0	0
NC_000962.3	1215000	1216000	0.000995182	PE10,celA2a,celA2b	1215500.0	0.995182	1.189109598743884	3.917416160090208	False	0	0	0	0	0	0	0	0	1	1	0	0	0	0	0
NC_000962.3	1216000	1217000	0.000118284	celA2b,PE_PGRS22	1216500.0	0.118284	-0.3540956778343385	-0.3578315937461599	False	1	1	0	0	1	1	4	1	1	1	0	0	1	81	81
NC_000962.3	1217000	1218000	0.00115861	PE_PGRS22	1217500.0	1.15861	1.4767176808020317	4.714196617924494	False	1	1	2	1	1	1	3	1	1	1	0	1	1	18	18
NC_000962.3	1218000	1219000	0.00126785	PE_PGRS22	1218500.0	1.26785	1.6689632377692103	5.246787711334543	False	0	0	2	1	1	1	1	1	1	1	0	0	0	0	0
NC_000962.3	1219000	1220000	1.3201e-05	PE_PGRS22,coaA	1219500.0	0.013201	-0.5390255557433647	-0.8701555581255828	False	0	0	0	0	0	0	0	0	1	1	0	0	0	0	0
NC_000962.3	1220000	1221000	0.000358364	coaA,glyA1	1220500.0	0.358364	0.0684081057310244	0.8126597071132733	False	0	0	0	0	0	0	0	0	0	0	0	0	0	0	0
NC_000962.3	1221000	1222000	6.60051e-05	glyA1,desA2	1221500.0	0.0660051	-0.4460984812775044	-0.6127132901327821	False	0	0	0	0	0	0	0	0	0	0	0	0	0	0	0
NC_000962.3	1222000	1223000	9.13511e-05	desA2,phoH2	1222500.0	0.0913510999999999	-0.4014934292188252	-0.4891408454827359	False	0	0	0	0	0	0	0	0	0	0	0	0	0	0	0
NC_000962.3	1223000	1224000	3.96031e-05	phoH2	1223500.0	0.0396031	-0.4925619305181437	-0.7414341803580851	False	0	0	0	0	0	0	0	0	0	0	0	0	0	0	0
NC_000962.3	1224000	1225000	0.000176366	phoH2,Rv1096	1224500.0	0.176366	-0.2518803131348908	-0.0746573362631643	False	0	0	0	0	0	0	0	0	0	0	0	0	0	0	0
NC_000962.3	1225000	1226000	5.22761e-05	Rv1096,Rv1097c	1225500.0	0.0522761	-0.4702594044888042	-0.6796479580330618	False	0	0	0	0	0	0	0	0	0	0	0	0	0	0	0
NC_000962.3	1226000	1227000	0.000202768	Rv1097c,fum	1226500.0	0.202768	-0.2054168638942513	0.0540635539621387	False	0	0	0	0	0	0	0	0	0	0	0	0	0	0	0
NC_000962.3	1227000	1228000	0.000673605	fum,glpX	1227500.0	0.673605	0.6231836606915732	2.349592596875972	False	0	0	0	0	0	0	0	0	0	0	0	0	0	0	0
NC_000962.3	1228000	1229000	0.000245539	glpX,Rv1100	1228500.0	0.245539	-0.1301464984874114	0.2625902260258625	False	0	0	0	0	0	0	0	0	0	0	0	0	0	0	0
NC_000962.3	1229000	1230000	6.60051e-05	Rv1100,Rv1101c	1229500.0	0.0660051	-0.4460984812775044	-0.6127132901327821	False	0	0	0	0	0	0	0	0	0	0	0	0	0	0	0
NC_000962.3	1230000	1231000	0.000512024	Rv1101c,mazF3,mazE3	1230500.0	0.512024	0.3388260138560397	1.5618170433764376	False	0	0	0	0	0	0	1	1	0	0	0	0	0	0	0
NC_000962.3	1231000	1232000	0.000167389	mazE3,Rv1104	1231500.0	0.1673889999999999	-0.2676784490273694	-0.1184239990747906	False	0	0	0	0	0	0	0	0	0	0	0	0	0	0	0
NC_000962.3	1232000	1233000	0.000188159	Rv1105,Rv1106c	1232500.0	0.188159	-0.2311264514238514	-0.0171614852508547	False	0	0	0	0	0	0	0	0	0	0	0	0	0	0	0
NC_000962.3	1233000	1234000	5.22761e-05	Rv1106c,xseB	1233500.0	0.0522761	-0.4702594044888042	-0.6796479580330618	False	0	0	0	0	0	0	0	0	0	0	0	0	0	0	0
NC_000962.3	1234000	1235000	0.000264901	xseB,xseA	1234500.0	0.264901	-0.0960723637931738	0.3569881457494561	False	0	0	0	0	0	0	0	0	0	0	0	0	0	0	0
NC_000962.3	1235000	1236000	0.000332138	xseA,Rv1109c	1235500.0	0.332138	0.022254389354045	0.6847968911505128	False	0	0	0	0	0	0	0	0	0	0	0	0	0	0	0
NC_000962.3	1236000	1237000	0.000102968	Rv1109c,lytB2	1236500.0	0.1029679999999999	-0.3810494763560275	-0.4325035562751635	False	0	0	0	0	0	0	0	0	0	0	0	0	0	0	0
NC_000962.3	1237000	1238000	0.000307848	lytB2,Rv1111c	1237500.0	0.307848	-0.0204922655226738	0.5663728920757227	False	0	0	0	0	0	0	0	0	0	0	0	0	0	0	0
NC_000962.3	1238000	1239000	5.22761e-05	Rv1111c,Rv1112	1238500.0	0.0522761	-0.4702594044888042	-0.6796479580330618	False	0	0	0	0	0	0	0	0	0	0	0	0	0	0	0
NC_000962.3	1239000	1240000	9.20552e-05	Rv1112,vapB32,vapC32	1239500.0	0.0920552	-0.4002543217796034	-0.4857080608903698	False	0	0	0	0	0	0	0	0	0	0	0	0	0	0	0
NC_000962.3	1240000	1241000	0.000180766	Rv1115	1240500.0	0.180766	-0.2441369915433896	-0.0532054796995958	False	0	0	0	0	0	0	0	0	0	0	0	0	0	0	0
NC_000962.3	1241000	1242000	0.000116169	Rv1116,Rv1116A,Rv1117,Rv1118c	1241500.0	0.116169	-0.3578177517357078	-0.3681431111625116	False	0	0	0	0	0	0	0	0	0	0	0	0	0	0	0
NC_000962.3	1242000	1243000	0.000144683	Rv1118c,Rv1119c	1242500.0	0.144683	-0.3076375081311479	-0.2291253297866956	False	0	0	0	0	0	0	0	0	0	0	0	0	0	0	0
NC_000962.3	1243000	1244000	9.18792e-05	Rv1119c,Rv1120c,zwf1	1243500.0	0.0918792	-0.4005640546432634	-0.4865661351529126	False	0	0	0	0	0	0	0	0	0	0	0	0	0	0	0
NC_000962.3	1244000	1245000	0.000115113	zwf1	1244500.0	0.115113	-0.3596761489176681	-0.373291556737768	False	0	0	0	0	0	0	0	0	0	0	0	0	0	0	0
NC_000962.3	1245000	1246000	0.000118281	zwf1,gnd2	1245500.0	0.118281	-0.3541009573717872	-0.3578462200119988	False	0	0	0	0	0	0	0	0	0	0	0	0	0	0	0
NC_000962.3	1246000	1247000	0.000232162	gnd2,bpoB	1246500.0	0.232162	-0.1536879559713911	0.1973717066506683	False	0	0	0	0	0	0	0	0	0	0	0	0	0	0	0
NC_000962.3	1247000	1248000	0.000127786	bpoB,ephC	1247500.0	0.127786	-0.3373736228883285	-0.3115053344127446	False	0	0	0	0	0	0	0	0	0	0	0	0	0	0	0
NC_000962.3	1248000	1249000	0.00117172	ephC,Rv1125	1248500.0	1.17172	1.4997892594530726	4.778113399640036	False	0	0	0	0	0	0	0	0	0	0	0	0	0	0	0
NC_000962.3	1249000	1250000	5.26281e-05	Rv1125,Rv1126c,ppdK	1249500.0	0.0526281	-0.4696399387614841	-0.6779318095079762	False	0	0	0	0	0	0	0	0	0	0	0	0	0	0	0
NC_000962.3	1250000	1251000	0.000838001	ppdK	1250500.0	0.838001	0.9124952734998512	3.1510924631542427	False	0	0	0	0	0	0	0	0	0	0	0	0	0	0	0
NC_000962.3	1251000	1252000	0.000583838	ppdK,Rv1128c	1251500.0	0.5838380000000001	0.465207581304236	1.911940595025552	False	0	0	0	0	0	0	1	1	1	1	0	0	0	0	0
NC_000962.3	1252000	1253000	0.000384414	Rv1128c	1252500.0	0.384414	0.1142520892443437	0.9396644488134904	False	0	0	0	0	0	0	0	0	1	1	0	0	0	0	0
NC_000962.3	1253000	1254000	0.00023181	Rv1129c	1253500.0	0.23181	-0.1543074216987113	0.1956555581255827	False	0	0	0	0	0	0	0	0	0	0	0	0	0	0	0
NC_000962.3	1254000	1255000	0.000564828	Rv1129c,prpD	1254500.0	0.564828	0.4317529123373184	1.8192588238270435	False	0	0	0	0	0	0	0	0	0	0	0	0	0	0	0
NC_000962.3	1255000	1256000	7.90302e-05	prpD	1255500.0	0.0790302	-0.423176313536263	-0.5492104317404787	False	0	0	0	0	0	0	0	0	0	0	0	0	0	0	0
NC_000962.3	1256000	1257000	0.000245011	prpD,prpC	1256500.0	0.245011	-0.1310756970783915	0.2600160032382343	False	0	0	0	0	0	0	0	0	0	0	0	0	0	0	0
NC_000962.3	1257000	1258000	0.000302392	prpC,Rv1132	1257500.0	0.302392	-0.0300939842961352	0.5397725899368979	False	0	0	0	0	0	0	0	0	0	0	0	0	0	0	0
NC_000962.3	1258000	1259000	3.94271e-05	Rv1132	1258500.0	0.0394271	-0.4928716633818038	-0.7422922546206278	False	0	0	0	0	0	0	0	0	0	0	0	0	0	0	0
NC_000962.3	1259000	1260000	5.26281e-05	Rv1132,metE	1259500.0	0.0526281	-0.4696399387614841	-0.6779318095079762	False	0	0	0	0	0	0	0	0	0	0	0	0	0	0	0
NC_000962.3	1260000	1261000	9.06471e-05	metE	1260500.0	0.0906471	-0.4027323606734654	-0.4925731425329063	False	0	0	0	0	0	0	0	0	0	0	0	0	0	0	0
NC_000962.3	1261000	1262000	7.90302e-05	metE,Rv1134	1261500.0	0.0790302	-0.423176313536263	-0.5492104317404787	False	0	0	0	0	0	0	0	0	0	0	0	0	0	0	0
NC_000962.3	1262000	1263000	0.00033513	Rv1134,PPE16	1262500.0	0.33513	0.0275198480362657	0.6993841536137393	False	0	0	0	0	1	1	1	1	1	1	0	0	0	0	0
NC_000962.3	1263000	1264000	0.000183269	PPE16	1263500.0	0.183269	-0.2397320974653152	-0.0410022985680932	False	0	0	1	1	1	1	3	1	1	1	0	1	0	0	0
NC_000962.3	1264000	1265000	0.0	PPE16,Rv1135A,Rv1136	1264500.0	0.0	-0.5622572803636845	-0.9345160032382342	False	0	0	1	1	0	0	0	0	1	1	0	0	0	0	0
NC_000962.3	1265000	1266000	0.000592814	Rv1137c,Rv1138c	1265500.0	0.592814	0.4810039573508983	1.9557023824152315	False	0	0	1	1	0	0	0	0	0	0	0	0	0	0	0
NC_000962.3	1266000	1267000	0.000150492	Rv1138c,Rv1139c	1266500.0	0.150492	-0.29741456378455	-0.2008040037008392	False	0	0	1	1	0	0	0	0	0	0	0	0	0	0	0
NC_000962.3	1267000	1268000	0.000152076	Rv1140	1267500.0	0.152076	-0.2946269680116096	-0.1930813353379545	False	0	0	1	1	0	0	1	1	0	0	0	0	0	0	0
NC_000962.3	1268000	1269000	7.90302e-05	Rv1140,echA11	1268500.0	0.0790302	-0.423176313536263	-0.5492104317404787	False	0	0	0	0	0	0	0	0	0	0	0	0	0	0	0
NC_000962.3	1269000	1270000	0.000312072	echA11,echA10	1269500.0	0.312072	-0.0130586767948327	0.5869666743767484	False	0	0	0	0	0	0	0	0	0	0	0	0	0	0	0
NC_000962.3	1270000	1271000	1.3201e-05	mcr	1270500.0	0.013201	-0.5390255557433647	-0.8701555581255828	False	0	0	0	0	0	0	0	0	0	0	0	0	0	0	0
NC_000962.3	1271000	1272000	0.000141339	mcr,Rv1144	1271500.0	0.141339	-0.3135224325406887	-0.2454287407750077	False	0	0	0	0	0	0	0	0	0	0	0	0	0	0	0
NC_000962.3	1272000	1273000	0.000191327	mmpL13a	1272500.0	0.191327	-0.2255512598779706	-0.0017161485250854	False	0	0	0	0	0	0	0	0	0	0	0	0	0	0	0
NC_000962.3	1273000	1274000	0.0003559	mmpL13a,mmpL13b	1273500.0	0.3559	0.0640718456397836	0.8006466674376749	False	0	0	0	0	0	0	0	0	0	0	0	0	0	0	0
NC_000962.3	1274000	1275000	2.64021e-05	mmpL13b,Rv1147	1274500.0	0.0264020999999999	-0.5157936551384635	-0.805794625470737	False	0	0	0	0	0	0	0	0	0	0	0	0	0	0	0
NC_000962.3	1275000	1276000	0.000501991	Rv1147	1275500.0	0.5019910000000001	0.3211694807816008	1.5129019349895558	False	1	1	0	0	0	0	2	1	0	0	0	0	1	2	2
NC_000962.3	1276000	1277000	0.013222	Rv1148c	1276500.0	13.222	22.70642410209728	63.52831297028486	True	2	1	0	0	0	0	3	1	1	1	6	7	2	49	49
NC_000962.3	1277000	1278000	0.000255748	Rv1148c,Rv1149	1277500.0	0.255748	-0.1121802325493125	0.3123634086752874	False	2	1	0	0	0	0	2	1	2	1	0	0	2	16	16
NC_000962.3	1278000	1279000	0.000764076	Rv1149,Rv1150,Rv1151c	1278500.0	0.7640760000000001	0.7823986715335508	2.790676895776562	False	1	1	0	0	0	0	1	1	2	1	0	0	1	0	0
NC_000962.3	1279000	1280000	0.000130426	Rv1151c,Rv1152,omt	1279500.0	0.130426	-0.3327276299334278	-0.2986342204746037	False	0	0	0	0	0	0	0	0	0	0	0	0	0	0	0
NC_000962.3	1280000	1281000	0.000157356	Rv1152,omt,Rv1154c	1280500.0	0.157356	-0.2853349821018083	-0.1673391074616724	False	0	0	0	0	0	0	0	0	0	0	0	0	0	0	0
NC_000962.3	1281000	1282000	0.000773404	Rv1154c,Rv1155	1281500.0	0.773404	0.7988145133075332	2.836154831691327	False	0	0	0	0	0	0	1	1	0	0	0	0	0	0	0
NC_000962.3	1282000	1283000	1.3201e-05	Rv1156	1282500.0	0.013201	-0.5390255557433647	-0.8701555581255828	False	0	0	0	0	0	0	1	1	0	0	0	0	0	0	0
NC_000962.3	1283000	1284000	7.85021e-05	Rv1157c	1283500.0	0.0785020999999999	-0.4241056881118248	-0.5517851420703019	False	0	0	0	0	0	0	0	0	0	0	0	0	0	0	0
NC_000962.3	1284000	1285000	0.000130089	Rv1157c,Rv1158c,pimE	1284500.0	0.130089	-0.3333206979735041	-0.3002772376704951	False	0	0	0	0	0	0	2	1	0	0	0	0	0	0	0
NC_000962.3	1285000	1286000	0.000535786	pimE	1285500.0	0.535786	0.3806434701417784	1.677666819663599	False	0	0	0	0	0	0	0	0	0	0	0	0	0	0	0
NC_000962.3	1286000	1287000	0.000589822	pimE,Rv1159A,mutT2	1286500.0	0.5898220000000001	0.4757384986686776	1.941115119952005	False	0	0	0	0	0	0	0	0	0	0	0	0	0	0	0
NC_000962.3	1287000	1288000	0.000653715	mutT2,narG	1287500.0	0.653715	0.5881803274063556	2.2526204543647497	False	1	1	0	0	0	0	2	1	0	0	0	0	1	93	93
NC_000962.3	1288000	1289000	0.000562012	narG	1288500.0	0.562012	0.4267971865187577	1.80552963562636	False	1	1	0	0	0	0	1	1	0	0	0	0	1	6	6
NC_000962.3	1289000	1290000	0.000138699	narG	1289500.0	0.138699	-0.3181684254955894	-0.2582998547131488	False	0	0	0	0	0	0	0	0	0	0	0	0	0	0	0
NC_000962.3	1290000	1291000	5.26281e-05	narG	1290500.0	0.0526281	-0.4696399387614841	-0.6779318095079762	False	0	0	0	0	0	0	0	0	0	0	0	0	0	0	0
NC_000962.3	1291000	1292000	3.94271e-05	narG,narH	1291500.0	0.0394271	-0.4928716633818038	-0.7422922546206278	False	0	0	0	0	0	0	0	0	0	0	0	0	0	0	0
NC_000962.3	1292000	1293000	0.000469781	narH,narJ	1292500.0	0.469781	0.2644848470401798	1.355864594100342	False	0	0	0	0	0	0	0	0	0	0	0	0	0	0	0
NC_000962.3	1293000	1294000	0.000438274	narJ,narI	1293500.0	0.438274	0.2090373849075828	1.2022546748393532	False	0	0	0	0	0	0	1	1	0	0	0	0	0	0	0
NC_000962.3	1294000	1295000	3.94271e-05	narI,typA	1294500.0	0.0394271	-0.4928716633818038	-0.7422922546206278	False	0	0	0	0	0	0	0	0	0	0	0	0	0	0	0
NC_000962.3	1295000	1296000	3.96031e-05	typA	1295500.0	0.0396031	-0.4925619305181437	-0.7414341803580851	False	0	0	0	0	0	0	0	0	0	0	0	0	0	0	0
NC_000962.3	1296000	1297000	0.00010068	typA,lpqW	1296500.0	0.10068	-0.3850760035836081	-0.4436585216882186	False	0	0	0	0	0	0	0	0	0	0	0	0	0	0	0
NC_000962.3	1297000	1298000	9.17032e-05	lpqW	1297500.0	0.0917032	-0.4008737875069235	-0.4874242094154553	False	0	0	0	0	0	0	0	0	0	0	0	0	0	0	0
NC_000962.3	1298000	1299000	5.28041e-05	lpqW,Rv1167c,PPE17	1298500.0	0.0528041	-0.469330205897824	-0.6770737352454336	False	0	0	0	0	0	0	0	0	1	1	0	0	0	0	0
NC_000962.3	1299000	1300000	0.000601439	PPE17,lipX	1299500.0	0.6014390000000001	0.4961826275160569	1.997752896701772	False	0	0	0	0	0	0	0	0	2	1	0	0	0	0	0
NC_000962.3	1300000	1301000	6.60051e-05	lipX,mshB	1300500.0	0.0660051	-0.4460984812775044	-0.6127132901327821	False	0	0	0	0	0	0	0	0	1	1	0	0	0	0	0
NC_000962.3	1301000	1302000	0.000232338	mshB,Rv1171,PE12	1301500.0	0.232338	-0.1533782231077311	0.1982297809132109	False	0	0	0	0	0	0	0	0	1	1	0	0	0	0	0
NC_000962.3	1302000	1303000	0.000401487	PE12,fbiC	1302500.0	0.401487	0.1442979368651844	1.0229025277020825	False	0	0	0	0	0	0	0	0	2	1	0	0	0	0	0
NC_000962.3	1303000	1304000	6.54771e-05	fbiC	1303500.0	0.0654771	-0.4470276798684844	-0.6152875129204102	False	0	0	0	0	0	0	0	0	1	1	0	0	0	0	0
NC_000962.3	1304000	1305000	5.24521e-05	fbiC	1304500.0	0.0524521	-0.4699496716251441	-0.678789883770519	False	0	0	0	0	0	0	0	0	1	1	0	0	0	0	0
NC_000962.3	1305000	1306000	2.6226e-05	fbiC,TB8.4	1305500.0	0.026226	-0.5161035639867051	-0.806653187275474	False	0	0	2	1	0	0	1	1	1	1	0	0	0	0	0
NC_000962.3	1306000	1307000	0.000661988	TB8.4,fadH	1306500.0	0.6619879999999999	0.6027395318441939	2.292954820126204	False	0	0	0	0	0	0	0	0	0	0	0	0	0	0	0
NC_000962.3	1307000	1308000	0.000245539	fadH	1307500.0	0.245539	-0.1301464984874114	0.2625902260258625	False	0	0	0	0	0	0	0	0	0	0	0	0	0	0	0
NC_000962.3	1308000	1309000	0.000154188	fadH,Rv1176c	1308500.0	0.154188	-0.2909101736476891	-0.1827844441874417	False	0	0	0	0	0	0	0	0	0	0	0	0	0	0	0
NC_000962.3	1309000	1310000	2.64021e-05	fdxC,Rv1178	1309500.0	0.0264020999999999	-0.5157936551384635	-0.805794625470737	False	0	0	0	0	0	0	0	0	0	0	0	0	0	0	0
NC_000962.3	1310000	1311000	0.000441794	Rv1178,Rv1179c	1310500.0	0.441794	0.2152320421807837	1.219416160090208	False	0	0	0	0	0	0	0	0	0	0	0	0	0	0	0
NC_000962.3	1311000	1312000	0.000150492	Rv1179c	1311500.0	0.150492	-0.29741456378455	-0.2008040037008392	False	0	0	0	0	0	0	0	0	0	0	0	0	0	0	0
NC_000962.3	1312000	1313000	6.60051e-05	Rv1179c	1312500.0	0.0660051	-0.4460984812775044	-0.6127132901327821	False	0	0	0	0	0	0	0	0	0	0	0	0	0	0	0
NC_000962.3	1313000	1314000	0.000140522	Rv1179c,pks3	1313500.0	0.1405219999999999	-0.3149602265725652	-0.2494119605051072	False	0	0	0	0	0	0	0	0	0	0	0	0	0	0	0
NC_000962.3	1314000	1315000	0.000271413	pks3	1314500.0	0.271413	-0.0846122478377521	0.3887368934635375	False	0	0	0	0	0	0	0	0	0	0	0	0	0	0	0
NC_000962.3	1315000	1316000	1.3201e-05	pks3,pks4	1315500.0	0.013201	-0.5390255557433647	-0.8701555581255828	False	0	0	0	0	0	0	0	0	0	0	0	0	0	0	0
NC_000962.3	1316000	1317000	0.000105256	pks4	1316500.0	0.105256	-0.3770229491284469	-0.4213485908621075	False	0	0	0	0	0	0	0	0	0	0	0	0	0	0	0
NC_000962.3	1317000	1318000	0.000535786	pks4	1317500.0	0.535786	0.3806434701417784	1.677666819663599	False	0	0	0	0	0	0	0	0	0	0	0	0	0	0	0
NC_000962.3	1318000	1319000	0.000104904	pks4	1318500.0	0.104904	-0.377642414855767	-0.423064739387193	False	0	0	0	0	1	1	0	0	0	0	0	0	0	0	0
NC_000962.3	1319000	1320000	1.3201e-05	pks4	1319500.0	0.013201	-0.5390255557433647	-0.8701555581255828	False	0	0	0	0	0	0	1	1	0	0	0	0	0	0	0
NC_000962.3	1320000	1321000	0.000496359	papA3	1320500.0	0.496359	0.3112580291444793	1.4854435585881878	False	0	0	0	0	0	0	0	0	0	0	0	0	0	0	0
NC_000962.3	1321000	1322000	0.000127082	papA3,mmpL10	1321500.0	0.127082	-0.3386125543429688	-0.3149376314629156	False	0	0	0	0	0	0	0	0	0	0	0	0	0	0	0
NC_000962.3	1322000	1323000	0.000522761	mmpL10	1322500.0	0.5227609999999999	0.3577214783851186	1.6141644488134903	False	0	0	0	0	0	0	0	0	0	0	0	0	0	0	0
NC_000962.3	1323000	1324000	0.000148732	mmpL10	1323500.0	0.148732	-0.3005118924211505	-0.2093847463262665	False	0	0	0	0	0	0	0	0	0	0	0	0	0	0	0
NC_000962.3	1324000	1325000	0.000193087	mmpL10,Rv1184c	1324500.0	0.1930869999999999	-0.2224539312413702	0.0068645941003414	False	0	0	0	0	0	0	0	0	0	0	0	0	0	0	0
NC_000962.3	1325000	1326000	0.000128314	Rv1184c,fadD21	1325500.0	0.128314	-0.3364444242973484	-0.3089311116251164	False	0	0	0	0	0	0	0	0	0	0	0	0	0	0	0
NC_000962.3	1326000	1327000	2.64021e-05	fadD21	1326500.0	0.0264020999999999	-0.5157936551384635	-0.805794625470737	False	0	0	0	0	0	0	1	1	0	0	0	0	0	0	0
NC_000962.3	1327000	1328000	0.000227586	fadD21,Rv1186c	1327500.0	0.227586	-0.1617410104265524	0.1750617758245572	False	0	0	0	0	0	0	0	0	0	0	0	0	0	0	0
NC_000962.3	1328000	1329000	5.22761e-05	Rv1186c	1328500.0	0.0522761	-0.4702594044888042	-0.6796479580330618	False	0	0	0	0	0	0	0	0	0	0	0	0	0	0	0
NC_000962.3	1329000	1330000	0.000549163	Rv1186c,rocA	1329500.0	0.549163	0.4041849276257581	1.7428853390387935	False	0	0	0	0	0	0	0	0	0	0	0	0	0	0	0
NC_000962.3	1330000	1331000	0.0	rocA	1330500.0	0.0	-0.5622572803636845	-0.9345160032382342	False	0	0	0	0	0	0	0	0	0	0	0	0	0	0	0
NC_000962.3	1331000	1332000	0.000231021	rocA,Rv1188	1331500.0	0.231021	-0.1556959400477327	0.1918088502099793	False	0	0	0	0	0	0	0	0	0	0	0	0	0	0	0
NC_000962.3	1332000	1333000	3.95156e-05	Rv1188,sigI,Rv1190	1332500.0	0.0395156	-0.4927159170270657	-0.7418607797783834	False	0	0	0	0	0	0	0	0	0	0	0	0	0	0	0
NC_000962.3	1333000	1334000	0.000451475	Rv1190,Rv1191	1333500.0	0.451475	0.2322691095279025	1.2666151199520048	False	0	0	0	0	0	0	0	0	0	0	0	0	0	0	0
NC_000962.3	1334000	1335000	0.000271941	Rv1191,Rv1192	1334500.0	0.271941	-0.083683049246772	0.3913111162511655	False	0	0	0	0	0	0	0	0	0	0	0	0	0	0	0
NC_000962.3	1335000	1336000	1.3201e-05	Rv1192,fadD36	1335500.0	0.013201	-0.5390255557433647	-0.8701555581255828	False	0	0	0	0	0	0	0	0	0	0	0	0	0	0	0
NC_000962.3	1336000	1337000	0.0004645	fadD36	1336500.0	0.4645	0.2551911012845622	1.3301174908021136	False	0	0	0	0	0	0	0	0	0	0	0	0	0	0	0
NC_000962.3	1337000	1338000	2.64021e-05	fadD36,Rv1194c	1337500.0	0.0264020999999999	-0.5157936551384635	-0.805794625470737	False	0	0	0	0	0	0	0	0	0	0	0	0	0	0	0
NC_000962.3	1338000	1339000	0.000280742	Rv1194c	1338500.0	0.280742	-0.0681946462179534	0.4342197048002486	False	1	1	0	0	0	0	0	0	0	0	0	0	1	16	16
NC_000962.3	1339000	1340000	0.00160817	PE13,PPE18	1339500.0	1.60817	2.2678739659554994	6.905991308087636	False	2	1	0	0	1	1	2	1	2	1	7	7	2	147	123
NC_000962.3	1340000	1341000	0.0028402	PPE18,esxK	1340500.0	2.8402000000000003	4.43605680695031	12.91265740854518	True	6	1	0	0	0	0	3	1	2	1	6	8	6	119	84
NC_000962.3	1341000	1342000	0.00299955	esxL,Rv1199c	1341500.0	2.99955	4.71648823776979	13.689555895682595	True	9	1	0	0	0	0	1	1	2	1	8	10	9	45	26
NC_000962.3	1342000	1343000	0.00137467	Rv1199c,Rv1200	1342500.0	1.3746699999999998	1.856949967861064	5.767580283634628	False	5	1	0	0	0	0	1	1	1	1	0	0	5	7	2
NC_000962.3	1343000	1344000	3.96031e-05	Rv1200	1343500.0	0.0396031	-0.4925619305181437	-0.7414341803580851	False	0	0	0	0	0	0	0	0	0	0	0	0	0	0	0
NC_000962.3	1344000	1345000	0.000205936	Rv1200,dapD	1344500.0	0.2059359999999999	-0.1998416723483705	0.0695088906879075	False	0	0	0	0	0	0	0	0	0	0	0	0	0	0	0
NC_000962.3	1345000	1346000	0.000115113	dapD,dapE	1345500.0	0.115113	-0.3596761489176681	-0.373291556737768	False	0	0	0	0	0	0	0	0	0	0	0	0	0	0	0
NC_000962.3	1346000	1347000	6.60051e-05	dapE,Rv1203c,Rv1204c	1346500.0	0.0660051	-0.4460984812775044	-0.6127132901327821	False	0	0	0	0	0	0	0	0	0	0	0	0	0	0	0
NC_000962.3	1347000	1348000	0.000209456	Rv1204c	1347500.0	0.209456	-0.1936470150751696	0.0866703759387627	False	0	0	0	0	0	0	0	0	0	0	0	0	0	0	0
NC_000962.3	1348000	1349000	2.64021e-05	Rv1204c,Rv1205	1348500.0	0.0264020999999999	-0.5157936551384635	-0.805794625470737	False	0	0	0	0	0	0	0	0	0	0	0	0	0	0	0
NC_000962.3	1349000	1350000	0.000553387	Rv1205,fadD6	1349500.0	0.5533870000000001	0.4116185163535992	1.7634791213398198	False	0	0	0	0	0	0	0	0	0	0	0	0	0	0	0
NC_000962.3	1350000	1351000	2.6226e-05	fadD6	1350500.0	0.026226	-0.5161035639867051	-0.806653187275474	False	0	0	0	0	0	0	0	0	0	0	0	0	0	0	0
NC_000962.3	1351000	1352000	0.000677125	fadD6,folP2	1351500.0	0.677125	0.6293783179647742	2.366754082126826	False	0	0	0	0	0	0	1	1	0	0	0	0	0	0	0
NC_000962.3	1352000	1353000	0.000189743	folP2,gpgS	1352500.0	0.189743	-0.228338855650911	-0.00943881688797	False	0	0	0	0	0	0	0	0	0	0	0	0	0	0	0
NC_000962.3	1353000	1354000	9.06471e-05	gpgS,Rv1209,tagA	1353500.0	0.0906471	-0.4027323606734654	-0.4925731425329063	False	0	0	0	0	0	0	0	0	0	0	0	0	0	0	0
NC_000962.3	1354000	1355000	0.000176894	tagA,Rv1211,glgA	1354500.0	0.176894	-0.2509511145439106	-0.0720831134755361	False	0	0	0	0	0	0	0	0	0	0	0	0	0	0	0
NC_000962.3	1355000	1356000	9.18792e-05	glgA,glgC	1355500.0	0.0918792	-0.4005640546432634	-0.4865661351529126	False	0	0	0	0	0	0	0	0	0	0	0	0	0	0	0
NC_000962.3	1356000	1357000	0.000516248	glgC	1356500.0	0.5162479999999999	0.3462596025838807	1.582410825677463	False	0	0	0	0	0	0	0	0	0	0	0	0	0	0	0
NC_000962.3	1357000	1358000	0.000724296	glgC,PE14,Rv1215c	1357500.0	0.724296	0.7123920049631153	2.596732610754119	False	1	1	0	0	0	0	2	1	1	1	0	0	1	38	38
NC_000962.3	1358000	1359000	0.00049143	Rv1215c	1358500.0	0.4914299999999999	0.3025837491161816	1.4614126038150446	False	0	0	0	0	0	0	0	0	0	0	0	0	0	0	0
NC_000962.3	1359000	1360000	6.58291e-05	Rv1215c,Rv1216c	1359500.0	0.0658291	-0.4464082141411644	-0.6135713643953248	False	0	0	0	0	0	0	0	0	0	0	0	0	0	0	0
NC_000962.3	1360000	1361000	0.000266309	Rv1216c,Rv1217c	1360500.0	0.266309	-0.0935945008838935	0.3638527398497981	False	0	0	0	0	0	0	0	0	0	0	0	0	0	0	0
NC_000962.3	1361000	1362000	0.00127716	Rv1217c,Rv1218c	1361500.0	1.27716	1.6853474023185004	5.292177889654276	False	0	0	0	0	0	0	0	0	0	0	0	0	0	0	0
NC_000962.3	1362000	1363000	0.000397615	Rv1218c,Rv1219c	1362500.0	0.397615	0.1374838138646633	1.0040248939261422	False	0	0	0	0	0	0	0	0	0	0	0	0	0	0	0
NC_000962.3	1363000	1364000	5.28041e-05	Rv1219c,Rv1220c	1363500.0	0.0528041	-0.469330205897824	-0.6770737352454336	False	0	0	0	0	0	0	0	0	0	0	0	0	0	0	0
NC_000962.3	1364000	1365000	0.000181998	Rv1220c,sigE	1364500.0	0.181998	-0.2419688614977693	-0.0471989598617967	False	0	0	0	0	0	0	0	0	0	0	0	0	0	0	0
NC_000962.3	1365000	1366000	0.000304856	sigE,rseA,htrA	1365500.0	0.304856	-0.0257577242048946	0.5517856296124963	False	0	0	0	0	0	0	0	0	0	0	0	0	0	0	0
NC_000962.3	1366000	1367000	7.86781e-05	htrA	1366500.0	0.0786781	-0.4237959552481647	-0.5509270678077587	False	0	0	0	0	0	0	0	0	0	0	0	0	0	0	0
NC_000962.3	1367000	1368000	0.000524697	htrA,tatB,Rv1225c	1367500.0	0.524697	0.3611285398853792	1.6236032657014607	False	0	0	0	0	0	0	0	0	0	0	0	0	0	0	0
NC_000962.3	1368000	1369000	0.00043141	Rv1225c,Rv1226c	1368500.0	0.43141	0.196957803224841	1.1687897786001866	False	0	0	0	0	0	0	0	0	0	0	0	0	0	0	0
NC_000962.3	1369000	1370000	0.000499351	Rv1226c	1369500.0	0.499351	0.3165234878267	1.5000308210514142	False	0	0	0	0	0	0	0	0	0	0	0	0	0	0	0
NC_000962.3	1370000	1371000	0.000522585	Rv1226c,Rv1227c,lpqX	1370500.0	0.522585	0.3574117455214586	1.613306374550948	False	0	0	0	0	0	0	0	0	0	0	0	0	0	0	0
NC_000962.3	1371000	1372000	0.000128314	lpqX,mrp	1371500.0	0.128314	-0.3364444242973484	-0.3089311116251164	False	0	0	0	0	0	0	0	0	0	0	0	0	0	0	0
NC_000962.3	1372000	1373000	0.000228994	mrp,Rv1230c	1372500.0	0.228994	-0.159263147517272	0.181926369924899	False	0	0	0	0	0	0	0	0	0	0	0	0	0	0	0
NC_000962.3	1373000	1374000	7.85021e-05	Rv1230c	1373500.0	0.0785020999999999	-0.4241056881118248	-0.5517851420703019	False	0	0	0	0	0	0	0	0	0	0	0	0	0	0	0
NC_000962.3	1374000	1375000	0.000951002	Rv1230c,Rv1231c,Rv1232c	1374500.0	0.951002	1.1113596105819474	3.702020018504196	False	0	0	0	0	0	0	0	0	0	0	0	0	0	0	0
NC_000962.3	1375000	1376000	0.000621328	Rv1232c	1375500.0	0.621328	0.5311842009554583	2.0947201637910475	False	0	0	0	0	0	0	0	0	0	0	0	0	0	0	0
NC_000962.3	1376000	1377000	0.000144683	Rv1232c,Rv1233c,Rv1234	1376500.0	0.144683	-0.3076375081311479	-0.2291253297866956	False	0	0	0	0	0	0	0	0	0	0	0	0	0	0	0
NC_000962.3	1377000	1378000	0.000304856	Rv1234,lpqY	1377500.0	0.304856	-0.0257577242048946	0.5517856296124963	False	0	0	0	0	0	0	0	0	0	0	0	0	0	0	0
NC_000962.3	1378000	1379000	5.28041e-05	lpqY,sugA	1378500.0	0.0528041	-0.469330205897824	-0.6770737352454336	False	0	0	0	0	0	0	0	0	0	0	0	0	0	0	0
NC_000962.3	1379000	1380000	7.92062e-05	sugA,sugB	1379500.0	0.0792062	-0.422866580672603	-0.5483523574779359	False	0	0	0	0	0	0	0	0	0	0	0	0	0	0	0
NC_000962.3	1380000	1381000	3.94271e-05	sugB,sugC	1380500.0	0.0394271	-0.4928716633818038	-0.7422922546206278	False	0	0	0	0	0	0	0	0	0	0	0	0	0	0	0
NC_000962.3	1381000	1382000	2.6226e-05	sugC,corA	1381500.0	0.026226	-0.5161035639867051	-0.806653187275474	False	0	0	0	0	0	0	0	0	0	0	0	0	0	0	0
NC_000962.3	1382000	1383000	2.64021e-05	corA	1382500.0	0.0264020999999999	-0.5157936551384635	-0.805794625470737	False	0	0	0	0	0	0	0	0	0	0	0	0	0	0	0
NC_000962.3	1383000	1384000	0.000131658	corA,mdh	1383500.0	0.131658	-0.3305594998878075	-0.2926277006368045	False	0	0	0	0	0	0	0	0	0	0	0	0	0	0	0
NC_000962.3	1384000	1385000	0.000215793	mdh,vapB33,vapC33,PE_PGRS23	1384500.0	0.215793	-0.1824948721375917	0.1175659248122475	False	0	0	0	0	0	0	0	0	1	1	0	0	0	0	0
NC_000962.3	1385000	1386000	0.00017146	PE_PGRS23	1385500.0	0.17146	-0.2605141167094146	-0.098576156331543	False	0	0	0	0	1	1	0	0	1	1	0	0	0	0	0
NC_000962.3	1386000	1387000	5.26281e-05	PE_PGRS23,lpqZ	1386500.0	0.0526281	-0.4696399387614841	-0.6779318095079762	False	0	0	0	0	1	1	3	1	1	1	0	0	0	0	0
NC_000962.3	1387000	1388000	0.00023181	lpqZ,Rv1245c	1387500.0	0.23181	-0.1543074216987113	0.1956555581255827	False	0	0	0	0	0	0	0	0	0	0	0	0	0	0	0
NC_000962.3	1388000	1389000	0.000215793	Rv1245c,relE,relB	1388500.0	0.215793	-0.1824948721375917	0.1175659248122475	False	0	0	0	0	0	0	1	1	0	0	0	0	0	0	0
NC_000962.3	1389000	1390000	0.000330026	relB,Rv1248c	1389500.0	0.330026	0.0185375949901244	0.6745	False	0	0	0	0	0	0	0	0	0	0	0	0	0	0	0
NC_000962.3	1390000	1391000	0.000702119	Rv1248c	1390500.0	0.7021189999999999	0.6733639042961331	2.488610378251787	False	0	0	0	0	0	0	0	0	0	0	0	0	0	0	0
NC_000962.3	1391000	1392000	6.54771e-05	Rv1248c	1391500.0	0.0654771	-0.4470276798684844	-0.6152875129204102	False	0	0	0	0	0	0	0	0	0	0	0	0	0	0	0
NC_000962.3	1392000	1393000	0.000163517	Rv1248c	1392500.0	0.163517	-0.2744925720278904	-0.1373016328507303	False	0	0	0	0	0	0	0	0	0	0	0	0	0	0	0
NC_000962.3	1393000	1394000	0.000638578	Rv1248c,Rv1249c	1393500.0	0.638578	0.5615415412857753	2.178821192364128	False	0	0	0	0	0	0	0	0	0	0	0	0	0	0	0
NC_000962.3	1394000	1395000	1.3201e-05	Rv1250	1394500.0	0.013201	-0.5390255557433647	-0.8701555581255828	False	0	0	0	0	0	0	0	0	0	0	0	0	0	0	0
NC_000962.3	1395000	1396000	0.000306088	Rv1250,Rv1251c	1395500.0	0.3060879999999999	-0.0235895941592743	0.5577921494502949	False	0	0	0	0	0	0	0	0	0	0	0	0	0	0	0
NC_000962.3	1396000	1397000	0.000431884	Rv1251c	1396500.0	0.431884	0.1977919701417436	1.1711007286027164	False	0	0	0	0	0	0	0	0	0	0	0	0	0	0	0
NC_000962.3	1397000	1398000	0.000627811	Rv1251c	1397500.0	0.627811	0.5425932813822089	2.1263275242686865	False	0	0	0	0	0	0	0	0	0	0	0	0	0	0	0
NC_000962.3	1398000	1399000	3.95156e-05	Rv1251c	1398500.0	0.0395156	-0.4927159170270657	-0.7418607797783834	False	0	0	0	0	0	0	0	0	0	0	0	0	0	0	0
NC_000962.3	1399000	1400000	7.86781e-05	Rv1251c,lprE,deaD	1399500.0	0.0786781	-0.4237959552481647	-0.5509270678077587	False	0	0	0	0	0	0	0	0	0	0	0	0	0	0	0
NC_000962.3	1400000	1401000	0.000279862	deaD	1400500.0	0.279862	-0.0697433105362536	0.429929333487535	False	0	0	0	0	0	0	0	0	0	0	0	0	0	0	0
NC_000962.3	1401000	1402000	0.000141515	deaD,Rv1254	1401500.0	0.141515	-0.3132126996770287	-0.2445706665124649	False	0	0	0	0	0	0	0	0	0	0	0	0	0	0	0
NC_000962.3	1402000	1403000	9.18792e-05	Rv1254,Rv1255c	1402500.0	0.0918792	-0.4005640546432634	-0.4865661351529126	False	0	0	0	0	0	0	0	0	0	0	0	0	0	0	0
NC_000962.3	1403000	1404000	3.94271e-05	Rv1255c,cyp130	1403500.0	0.0394271	-0.4928716633818038	-0.7422922546206278	False	0	0	0	0	0	0	0	0	0	0	0	0	0	0	0
NC_000962.3	1404000	1405000	0.000243779	cyp130,Rv1257c	1404500.0	0.243779	-0.1332438271240118	0.2540094834004351	False	0	0	0	0	0	0	0	0	0	0	0	0	0	0	0
NC_000962.3	1405000	1406000	6.58291e-05	Rv1257c	1405500.0	0.0658291	-0.4464082141411644	-0.6135713643953248	False	0	0	0	0	0	0	0	0	0	0	0	0	0	0	0
NC_000962.3	1406000	1407000	9.22312e-05	Rv1257c,Rv1258c	1406500.0	0.0922312	-0.3999445889159433	-0.484849986627827	False	0	0	0	0	0	0	0	0	0	0	0	0	0	0	0
NC_000962.3	1407000	1408000	3.96031e-05	Rv1258c,udgB	1407500.0	0.0396031	-0.4925619305181437	-0.7414341803580851	False	0	0	0	0	0	0	0	0	0	0	0	0	0	0	0
NC_000962.3	1408000	1409000	7.86781e-05	udgB,Rv1260	1408500.0	0.0786781	-0.4237959552481647	-0.5509270678077587	False	0	0	0	0	0	0	1	1	0	0	0	0	0	0	0
NC_000962.3	1409000	1410000	0.000192735	Rv1260,Rv1261c,Rv1262c	1409500.0	0.192735	-0.2230733969686902	0.0051484455752564	False	0	0	0	0	0	0	0	0	0	0	0	0	0	0	0
NC_000962.3	1410000	1411000	0.000266661	Rv1262c,amiB2	1410500.0	0.266661	-0.0929750351565733	0.3655688883748834	False	0	0	0	0	0	0	0	0	0	0	0	0	0	0	0
NC_000962.3	1411000	1412000	6.60051e-05	amiB2,Rv1264	1411500.0	0.0660051	-0.4460984812775044	-0.6127132901327821	False	0	0	0	0	0	0	0	0	0	0	0	0	0	0	0
NC_000962.3	1412000	1413000	7.90302e-05	Rv1264	1412500.0	0.0790302	-0.423176313536263	-0.5492104317404787	False	0	0	0	0	0	0	0	0	0	0	0	0	0	0	0
NC_000962.3	1413000	1414000	0.000322637	Rv1264,Rv1265,pknH	1413500.0	0.322637	0.0055340942538513	0.638475507239044	False	0	0	0	0	0	0	0	0	0	0	0	0	0	0	0
NC_000962.3	1414000	1415000	0.000143554	pknH	1414500.0	0.143554	-0.3096243740576944	-0.2346296811640295	False	0	0	0	0	0	0	0	0	0	0	0	0	0	0	0
NC_000962.3	1415000	1416000	7.60389e-05	pknH	1415500.0	0.0760389	-0.4284405403264125	-0.5637942814083428	False	0	0	0	0	0	0	0	0	0	0	0	0	0	0	0
NC_000962.3	1416000	1417000	3.94271e-05	embR	1416500.0	0.0394271	-0.4928716633818038	-0.7422922546206278	False	0	0	0	0	0	0	0	0	0	0	0	0	0	0	0
NC_000962.3	1417000	1418000	0.000678357	embR,Rv1268c	1417500.0	0.678357	0.6315464480103945	2.372760601964625	False	0	0	0	0	0	0	0	0	0	0	0	0	0	0	0
NC_000962.3	1418000	1419000	3.85531e-05	Rv1268c,Rv1269c	1418500.0	0.0385531	-0.4944097686252065	-0.7465533734016638	False	0	0	0	0	0	0	0	0	0	0	0	0	0	0	0
NC_000962.3	1419000	1420000	0.000199145	lprA,Rv1271c	1419500.0	0.199145	-0.2117927852865261	0.0363999002508186	False	0	0	0	0	0	0	0	0	0	0	0	0	0	0	0
NC_000962.3	1420000	1421000	7.85021e-05	Rv1271c,Rv1272c	1420500.0	0.0785020999999999	-0.4241056881118248	-0.5517851420703019	False	0	0	0	0	0	0	0	0	0	0	0	0	0	0	0
NC_000962.3	1421000	1422000	9.24072e-05	Rv1272c	1421500.0	0.0924072	-0.3996348560522833	-0.4839919123652843	False	0	0	0	0	0	0	0	0	0	0	0	0	0	0	0
NC_000962.3	1422000	1423000	0.000245363	Rv1272c,Rv1273c	1422500.0	0.245363	-0.1304562313510714	0.2617321517633198	False	0	0	0	0	0	0	0	0	0	0	0	0	0	0	0
NC_000962.3	1423000	1424000	2.64021e-05	Rv1273c	1423500.0	0.0264020999999999	-0.5157936551384635	-0.805794625470737	False	0	0	0	0	0	0	0	0	0	0	0	0	0	0	0
NC_000962.3	1424000	1425000	0.000305208	Rv1273c,lprB,lprC	1424500.0	0.305208	-0.0251382584775745	0.5535017781375815	False	0	0	0	0	0	0	0	0	0	0	0	0	0	0	0
NC_000962.3	1425000	1426000	7.88542e-05	lprC,Rv1276c	1425500.0	0.0788542	-0.4234860463999231	-0.5500685060030214	False	0	0	0	0	0	0	0	0	0	0	0	0	0	0	0
NC_000962.3	1426000	1427000	0.000428241	Rv1277	1426500.0	0.428241	0.1913808518331439	1.153339566452471	False	0	0	0	0	0	0	0	0	0	0	0	0	0	0	0
NC_000962.3	1427000	1428000	2.6226e-05	Rv1277,Rv1278	1427500.0	0.026226	-0.5161035639867051	-0.806653187275474	False	0	0	0	0	0	0	0	0	0	0	0	0	0	0	0
NC_000962.3	1428000	1429000	0.000252404	Rv1278	1428500.0	0.252404	-0.1180651569588533	0.2960599976869756	False	0	0	0	0	0	0	0	0	0	0	0	0	0	0	0
NC_000962.3	1429000	1430000	0.000117929	Rv1278	1429500.0	0.117929	-0.3547204230991073	-0.3595623685370842	False	0	0	0	0	0	0	0	0	0	0	0	0	0	0	0
NC_000962.3	1430000	1431000	2.64021e-05	Rv1278,Rv1279	1430500.0	0.0264020999999999	-0.5157936551384635	-0.805794625470737	False	0	0	0	0	0	0	0	0	0	0	0	0	0	0	0
NC_000962.3	1431000	1432000	0.000165277	Rv1279,oppA	1431500.0	0.165277	-0.2713952433912899	-0.1287208902253029	False	0	0	0	0	0	0	0	0	0	0	0	0	0	0	0
NC_000962.3	1432000	1433000	1.3201e-05	oppA	1432500.0	0.013201	-0.5390255557433647	-0.8701555581255828	False	0	0	0	0	0	0	0	0	0	0	0	0	0	0	0
NC_000962.3	1433000	1434000	6.58291e-05	oppA,oppD	1433500.0	0.0658291	-0.4464082141411644	-0.6135713643953248	False	0	0	0	0	0	0	0	0	0	0	0	0	0	0	0
NC_000962.3	1434000	1435000	6.58291e-05	oppD	1434500.0	0.0658291	-0.4464082141411644	-0.6135713643953248	False	0	0	0	0	0	0	0	0	0	0	0	0	0	0	0
NC_000962.3	1435000	1436000	2.6226e-05	oppD,oppC	1435500.0	0.026226	-0.5161035639867051	-0.806653187275474	False	0	0	0	0	0	0	0	0	0	0	0	0	0	0	0
NC_000962.3	1436000	1437000	0.000118105	oppC,oppB	1436500.0	0.118105	-0.3544106902354473	-0.3587042942745415	False	0	0	0	0	0	0	0	0	0	0	0	0	0	0	0
NC_000962.3	1437000	1438000	5.28041e-05	oppB,canA,cysD	1437500.0	0.0528041	-0.469330205897824	-0.6770737352454336	False	0	0	0	0	0	0	0	0	0	0	0	0	0	0	0
NC_000962.3	1438000	1439000	0.000129722	cysD,cysN	1438500.0	0.129722	-0.333966561388068	-0.3020665175247746	False	0	0	0	0	0	0	0	0	0	0	0	0	0	0	0
NC_000962.3	1439000	1440000	3.96031e-05	cysN	1439500.0	0.0396031	-0.4925619305181437	-0.7414341803580851	False	0	0	0	0	0	0	0	0	0	0	0	0	0	0	0
NC_000962.3	1440000	1441000	0.00020664	cysN,Rv1287	1440500.0	0.20664	-0.1986027408937304	0.0729411877380789	False	0	0	0	0	0	0	0	0	0	0	0	0	0	0	0
NC_000962.3	1441000	1442000	7.72799e-05	Rv1287,Rv1288	1441500.0	0.0772799	-0.4262565716684459	-0.5577438827730271	False	0	0	1	1	0	0	1	1	1	1	0	0	0	0	0
NC_000962.3	1442000	1443000	0.000246947	Rv1288,Rv1289	1442500.0	0.246947	-0.127668635578131	0.2694548201262044	False	0	0	0	0	0	0	0	0	1	1	0	0	0	0	0
NC_000962.3	1443000	1444000	0.000205936	Rv1289,Rv1290c	1443500.0	0.2059359999999999	-0.1998416723483705	0.0695088906879075	False	0	0	0	0	0	0	1	1	0	0	0	0	0	0	0
NC_000962.3	1444000	1445000	0.000281446	Rv1290c	1444500.0	0.281446	-0.0669557147633133	0.4376520018504195	False	0	0	0	0	0	0	0	0	0	0	0	0	0	0	0
NC_000962.3	1445000	1446000	0.000505159	Rv1290c,Rv1290A,Rv1291c	1445500.0	0.505159	0.3267446723274816	1.5283472717153246	False	0	0	0	0	0	0	0	0	0	0	0	0	0	0	0
NC_000962.3	1446000	1447000	0.000667444	argV,argS	1446500.0	0.667444	0.6123412506176554	2.319555122265029	False	0	0	0	0	0	0	0	0	0	0	0	0	0	0	0
NC_000962.3	1447000	1448000	0.000343227	argS	1447500.0	0.343227	0.0417693196104441	0.7388604451126516	False	0	0	0	0	0	0	0	0	0	0	0	0	0	0	0
NC_000962.3	1448000	1449000	1.3201e-05	argS,lysA	1448500.0	0.013201	-0.5390255557433647	-0.8701555581255828	False	0	0	0	0	0	0	0	0	0	0	0	0	0	0	0
NC_000962.3	1449000	1450000	2.64021e-05	lysA,thrA	1449500.0	0.0264020999999999	-0.5157936551384635	-0.805794625470737	False	0	0	0	0	0	0	0	0	0	0	0	0	0	0	0
NC_000962.3	1450000	1451000	0.000181118	thrA,thrC	1450500.0	0.181118	-0.2435175258160695	-0.0514893311745104	False	0	0	0	0	0	0	0	0	1	1	0	0	0	0	0
NC_000962.3	1451000	1452000	0.000143451	thrC,thrB	1451500.0	0.143451	-0.3098056381767682	-0.2351318496244949	False	7	1	2	1	1	1	1	1	1	1	0	0	7	96	35
NC_000962.3	1452000	1453000	0.000151548	thrB	1452500.0	0.151548	-0.2955561666025898	-0.1956555581255827	False	0	0	0	0	0	0	1	1	0	0	0	0	0	0	0
NC_000962.3	1453000	1454000	0.000150492	rho	1453500.0	0.150492	-0.29741456378455	-0.2008040037008392	False	0	0	0	0	0	0	0	0	0	0	0	0	0	0	0
NC_000962.3	1454000	1455000	5.22761e-05	rho	1454500.0	0.0522761	-0.4702594044888042	-0.6796479580330618	False	0	0	0	0	0	0	0	0	0	0	0	0	0	0	0
NC_000962.3	1455000	1456000	0.0	rho,rpmE,prfA	1455500.0	0.0	-0.5622572803636845	-0.9345160032382342	False	0	0	0	0	0	0	0	0	0	0	0	0	0	0	0
NC_000962.3	1456000	1457000	5.26281e-05	prfA,hemK	1456500.0	0.0526281	-0.4696399387614841	-0.6779318095079762	False	0	0	0	0	0	0	1	1	0	0	0	0	0	0	0
NC_000962.3	1457000	1458000	7.86781e-05	hemK,Rv1301	1457500.0	0.0786781	-0.4237959552481647	-0.5509270678077587	False	0	0	0	0	0	0	1	1	0	0	0	0	0	0	0
NC_000962.3	1458000	1459000	0.000279686	Rv1301,rfe	1458500.0	0.279686	-0.0700530433999137	0.4290712592249922	False	0	0	0	0	0	0	0	0	0	0	0	0	0	0	0
NC_000962.3	1459000	1460000	0.000103848	rfe,Rv1303	1459500.0	0.103848	-0.3795008120377273	-0.4282131849624494	False	0	0	0	0	0	0	0	0	0	0	0	0	0	0	0
NC_000962.3	1460000	1461000	0.000115993	Rv1303,atpB	1460500.0	0.115993	-0.3581274845993679	-0.3690011854250543	False	0	0	0	0	0	0	0	0	0	0	0	0	0	0	0
NC_000962.3	1461000	1462000	0.000291479	atpE,atpF,atpH	1461500.0	0.291479	-0.0492991816888744	0.4865671102373018	False	0	0	0	0	0	0	0	0	0	0	0	0	0	0	0
NC_000962.3	1462000	1463000	1.3201e-05	atpH	1462500.0	0.013201	-0.5390255557433647	-0.8701555581255828	False	0	0	0	0	0	0	0	0	0	0	0	0	0	0	0
NC_000962.3	1463000	1464000	7.90302e-05	atpH,atpA	1463500.0	0.0790302	-0.423176313536263	-0.5492104317404787	False	0	0	0	0	0	0	0	0	0	0	0	0	0	0	0
NC_000962.3	1464000	1465000	0.000152076	atpA,atpG	1464500.0	0.152076	-0.2946269680116096	-0.1930813353379545	False	0	0	0	0	0	0	0	0	0	0	0	0	0	0	0
NC_000962.3	1465000	1466000	7.90302e-05	atpG,atpD	1465500.0	0.0790302	-0.423176313536263	-0.5492104317404787	False	0	0	0	0	0	0	0	0	0	0	0	0	0	0	0
NC_000962.3	1466000	1467000	6.56531e-05	atpD	1466500.0	0.0656530999999999	-0.4467179470048244	-0.6144294386578679	False	0	0	0	0	0	0	0	0	0	0	0	0	0	0	0
NC_000962.3	1467000	1468000	7.85021e-05	atpD,atpC,Rv1312	1467500.0	0.0785020999999999	-0.4241056881118248	-0.5517851420703019	False	0	0	0	0	0	0	0	0	0	0	0	0	0	0	0
NC_000962.3	1468000	1469000	0.00156446	Rv1312,Rv1313c	1468500.0	1.56446	2.1909511053272004	6.692886614816368	False	1	1	0	0	1	1	1	1	1	1	0	0	1	2	2
NC_000962.3	1469000	1470000	0.000302744	Rv1313c,Rv1314c	1469500.0	0.3027439999999999	-0.0294745185688152	0.5414887384619829	False	1	1	0	0	0	0	1	1	1	1	0	0	1	3	3
NC_000962.3	1470000	1471000	0.0001996	Rv1314c,murA	1470500.0	0.1996	-0.2109920554401322	0.0386182172363694	False	0	0	0	0	0	0	0	0	0	0	0	0	0	0	0
NC_000962.3	1471000	1472000	0.000143451	murA,rrs	1471500.0	0.143451	-0.3098056381767682	-0.2351318496244949	False	0	0	0	0	0	0	0	0	0	0	0	0	0	0	0
NC_000962.3	1472000	1473000	0.000373501	rrs	1472500.0	0.3735009999999999	0.0950468918516045	0.8864589691138944	False	0	0	0	0	0	0	0	0	0	0	0	0	0	0	0
NC_000962.3	1473000	1474000	0.00033161	rrs,rrl	1473500.0	0.3316099999999999	0.0213251907630648	0.6822226683628843	False	0	0	0	0	0	0	0	0	0	0	0	0	0	0	0
NC_000962.3	1474000	1475000	0.000150492	rrl	1474500.0	0.150492	-0.29741456378455	-0.2008040037008392	False	0	0	0	0	0	0	0	0	0	0	0	0	0	0	0
NC_000962.3	1475000	1476000	1.3201e-05	rrl	1475500.0	0.013201	-0.5390255557433647	-0.8701555581255828	False	0	0	0	0	0	0	0	0	0	0	0	0	0	0	0
NC_000962.3	1476000	1477000	1.3201e-05	rrl,rrf	1476500.0	0.013201	-0.5390255557433647	-0.8701555581255828	False	0	0	0	0	0	0	0	0	0	0	0	0	0	0	0
NC_000962.3	1477000	1478000	0.000600207	rrf,ogt,alkA	1477500.0	0.6002069999999999	0.4940144974704364	1.991746376863972	False	0	0	0	0	0	0	0	0	0	0	0	0	0	0	0
NC_000962.3	1478000	1479000	0.000266661	alkA	1478500.0	0.266661	-0.0929750351565733	0.3655688883748834	False	0	0	0	0	0	0	0	0	0	0	0	0	0	0	0
NC_000962.3	1479000	1480000	0.000485622	alkA,Rv1318c	1479500.0	0.485622	0.2923625646154002	1.4330961531511344	False	0	0	1	1	1	1	3	1	1	1	0	0	0	0	0
NC_000962.3	1480000	1481000	0.00087338	Rv1318c,Rv1319c	1480500.0	0.87338	0.9747568586329696	3.323580016191172	False	0	0	2	1	0	0	0	0	2	1	0	0	0	0	0
NC_000962.3	1481000	1482000	0.00100733	Rv1319c	1481500.0	1.00733	1.2104882057196922	3.9766427858934414	False	0	0	2	1	1	1	5	1	1	1	0	1	0	0	0
NC_000962.3	1482000	1483000	0.000143275	Rv1319c,Rv1320c	1482500.0	0.1432749999999999	-0.3101153710404282	-0.2359899238870381	False	0	0	2	1	0	0	1	1	1	1	0	0	0	0	0
NC_000962.3	1483000	1484000	0.000105608	Rv1320c	1483500.0	0.105608	-0.3764034834011269	-0.4196324423370221	False	0	0	1	1	0	0	3	1	0	0	0	0	0	0	0
NC_000962.3	1484000	1485000	5.26281e-05	Rv1320c,Rv1321,Rv1322	1484500.0	0.0526281	-0.4696399387614841	-0.6779318095079762	False	0	0	1	1	0	0	0	0	0	0	0	0	0	0	0
NC_000962.3	1485000	1486000	9.18792e-05	Rv1322,Rv1322A,fadA4	1485500.0	0.0918792	-0.4005640546432634	-0.4865661351529126	False	0	0	0	0	0	0	0	0	0	0	0	0	0	0	0
NC_000962.3	1486000	1487000	5.22761e-05	fadA4	1486500.0	0.0522761	-0.4702594044888042	-0.6796479580330618	False	0	0	0	0	0	0	0	0	0	0	0	0	0	0	0
NC_000962.3	1487000	1488000	0.000245187	fadA4,Rv1324	1487500.0	0.245187	-0.1307659642147315	0.260874077500777	False	0	0	0	0	0	0	0	0	0	0	0	0	0	0	0
NC_000962.3	1488000	1489000	0.000591054	Rv1324,PE_PGRS24	1488500.0	0.5910540000000001	0.4779066287142979	1.9471216397898043	False	0	0	0	0	1	1	1	1	1	1	0	0	0	0	0
NC_000962.3	1489000	1490000	0.000180942	PE_PGRS24	1489500.0	0.180942	-0.2438272586797296	-0.0523474054370531	False	1	1	0	0	1	1	3	1	1	1	0	0	1	153	153
NC_000962.3	1490000	1491000	0.000968076	glgB	1490500.0	0.968076	1.1414072180486043	3.785262972814734	False	0	0	0	0	0	0	0	0	0	0	0	0	0	0	0
NC_000962.3	1491000	1492000	2.64021e-05	glgB	1491500.0	0.0264020999999999	-0.5157936551384635	-0.805794625470737	False	0	0	0	0	0	0	0	0	0	0	0	0	0	0	0
NC_000962.3	1492000	1493000	0.000319289	glgB,glgE	1492500.0	0.319289	-0.0003578695389546	0.6221525945629468	False	0	0	0	0	0	0	0	0	0	0	0	0	0	0	0
NC_000962.3	1493000	1494000	6.54771e-05	glgE	1493500.0	0.0654771	-0.4470276798684844	-0.6152875129204102	False	0	0	0	0	0	0	0	0	0	0	0	0	0	0	0
NC_000962.3	1494000	1495000	2.64021e-05	glgE,glgP	1494500.0	0.0264020999999999	-0.5157936551384635	-0.805794625470737	False	0	0	0	0	0	0	0	0	0	0	0	0	0	0	0
NC_000962.3	1495000	1496000	0.000409584	glgP	1495500.0	0.409584	0.1585474084393628	1.0623788192009946	False	0	0	0	0	0	0	0	0	0	0	0	0	0	0	0
NC_000962.3	1496000	1497000	0.000319465	glgP	1496500.0	0.319465	-4.813667529455667e-05	0.6230106688254896	False	0	0	0	0	0	0	0	0	0	0	0	0	0	0	0
NC_000962.3	1497000	1498000	5.26281e-05	glgP,dinG	1497500.0	0.0526281	-0.4696399387614841	-0.6779318095079762	False	0	0	0	0	0	0	0	0	0	0	0	0	0	0	0
NC_000962.3	1498000	1499000	0.000549515	dinG	1498500.0	0.549515	0.4048043933530782	1.7446014875638791	False	0	0	0	0	0	0	0	0	0	0	0	0	0	0	0
NC_000962.3	1499000	1500000	0.000154716	dinG,pncB1	1499500.0	0.154716	-0.289980975056709	-0.1802102213998135	False	0	0	0	0	0	0	0	0	0	0	0	0	0	0	0
NC_000962.3	1500000	1501000	0.000135531	pncB1,Rv1331,Rv1332	1500500.0	0.1355309999999999	-0.3237436170414703	-0.2737451914389185	False	0	0	0	0	0	0	0	0	0	0	0	0	0	0	0
NC_000962.3	1501000	1502000	0.000600943	Rv1332,Rv1333	1501500.0	0.600943	0.4953097439911967	1.995334687416424	False	0	0	0	0	0	0	0	0	0	0	0	0	0	0	0
NC_000962.3	1502000	1503000	5.21056e-05	Rv1333,mec	1502500.0	0.0521055999999999	-0.4705594582004749	-0.6804792174749005	False	0	0	0	0	0	0	0	0	0	0	0	0	0	0	0
NC_000962.3	1503000	1504000	6.4691e-05	mec,cysO,cysM	1503500.0	0.064691	-0.4484110946646388	-0.6191200821123696	False	0	0	0	0	0	0	0	0	0	0	0	0	0	0	0
NC_000962.3	1504000	1505000	0.000178478	cysM,Rv1337	1504500.0	0.178478	-0.2481635187709702	-0.0643604451126514	False	0	0	0	0	0	0	0	0	0	0	0	0	0	0	0
NC_000962.3	1505000	1506000	0.000533146	Rv1337,murI,Rv1339	1505500.0	0.533146	0.3759974771868776	1.6647957057254583	False	0	0	0	0	0	0	0	0	0	0	0	0	0	0	0
NC_000962.3	1506000	1507000	0.00012409	Rv1339,rphA	1506500.0	0.12409	-0.3438780130251895	-0.3295248939261421	False	0	0	0	0	0	0	0	0	0	0	0	0	0	0	0
NC_000962.3	1507000	1508000	0.00025522	rphA,Rv1341	1507500.0	0.25522	-0.1131094311402926	0.3097891858876593	False	0	0	0	0	0	0	0	0	0	0	0	0	0	0	0
NC_000962.3	1508000	1509000	7.85021e-05	Rv1341,Rv1342c,lprD,mbtL	1508500.0	0.0785020999999999	-0.4241056881118248	-0.5517851420703019	False	0	0	0	0	0	0	0	0	0	0	0	0	0	0	0
NC_000962.3	1509000	1510000	0.000225826	mbtL,mbtM	1509500.0	0.225826	-0.1648383390631528	0.1664810331991297	False	0	0	0	0	0	0	0	0	0	0	0	0	0	0	0
NC_000962.3	1510000	1511000	2.64021e-05	mbtM,mbtN	1510500.0	0.0264020999999999	-0.5157936551384635	-0.805794625470737	False	0	0	0	0	0	0	0	0	0	0	0	0	0	0	0
NC_000962.3	1511000	1512000	0.000192735	mbtN,mbtK	1511500.0	0.192735	-0.2230733969686902	0.0051484455752564	False	0	0	0	0	0	0	0	0	0	0	0	0	0	0	0
NC_000962.3	1512000	1513000	0.00012409	mbtN,mbtK,leuW	1512500.0	0.12409	-0.3438780130251895	-0.3295248939261421	False	0	0	0	0	0	0	0	0	0	0	0	0	0	0	0
NC_000962.3	1513000	1514000	0.000128314	irtA	1513500.0	0.128314	-0.3364444242973484	-0.3089311116251164	False	0	0	0	0	0	0	0	0	0	0	0	0	0	0	0
NC_000962.3	1514000	1515000	0.000219137	irtA	1514500.0	0.219137	-0.1766099477280508	0.1338693358005595	False	0	0	0	0	0	0	0	0	0	0	0	0	0	0	0
NC_000962.3	1515000	1516000	7.86781e-05	irtA,irtB	1515500.0	0.0786781	-0.4237959552481647	-0.5509270678077587	False	0	0	0	0	0	0	0	0	0	0	0	0	0	0	0
NC_000962.3	1516000	1517000	7.81501e-05	irtB	1516500.0	0.0781501	-0.4247251538391449	-0.5535012905953869	False	0	0	0	0	0	0	0	0	0	0	0	0	0	0	0
NC_000962.3	1517000	1518000	3.96031e-05	irtB,fabG2	1517500.0	0.0396031	-0.4925619305181437	-0.7414341803580851	False	0	0	0	0	0	0	0	0	0	0	0	0	0	0	0
NC_000962.3	1518000	1519000	0.000157708	fabG2,Rv1351,Rv1352	1518500.0	0.157708	-0.2847155163744882	-0.165622958936587	False	0	0	0	0	0	0	0	0	0	0	0	0	0	0	0
NC_000962.3	1519000	1520000	0.000119902	Rv1352,Rv1353c	1519500.0	0.119902	-0.3512482473036455	-0.3499431610371023	False	0	0	0	0	0	0	0	0	0	0	0	0	0	0	0
NC_000962.3	1520000	1521000	1.21468e-05	Rv1354c	1520500.0	0.0121468	-0.5408807852028559	-0.8752952279413359	False	0	0	0	0	0	0	0	0	0	0	0	0	0	0	0
NC_000962.3	1521000	1522000	0.000236215	Rv1354c,moeY	1521500.0	0.2362149999999999	-0.1465553008781289	0.2171317917988821	False	0	0	0	0	0	0	0	0	0	0	0	0	0	0	0
NC_000962.3	1522000	1523000	0.000248798	moeY	1522500.0	0.248798	-0.1244111609722518	0.278479226148742	False	0	0	0	0	0	0	0	0	0	0	0	0	0	0	0
NC_000962.3	1523000	1524000	0.000767948	moeY	1523500.0	0.767948	0.7892127945340717	2.8095545295525017	False	0	0	0	0	0	0	0	0	0	0	0	0	0	0	0
NC_000962.3	1524000	1525000	5.28041e-05	moeY,Rv1356c	1524500.0	0.0528041	-0.469330205897824	-0.6770737352454336	False	0	0	0	0	0	0	0	0	0	0	0	0	0	0	0
NC_000962.3	1525000	1526000	0.000357836	Rv1357c	1525500.0	0.357836	0.0674789071400442	0.8100854843256449	False	0	0	0	0	0	0	0	0	0	0	0	0	0	0	0
NC_000962.3	1526000	1527000	0.000661494	Rv1357c,Rv1358	1526500.0	0.661494	0.6018701680109663	2.290546361684749	False	0	0	0	0	0	0	0	0	0	0	0	0	0	0	0
NC_000962.3	1527000	1528000	5.21056e-05	Rv1358	1527500.0	0.0521055999999999	-0.4705594582004749	-0.6804792174749005	False	0	0	0	0	0	0	0	0	0	0	0	0	0	0	0
NC_000962.3	1528000	1529000	0.000133598	Rv1358	1528500.0	0.133598	-0.327145399004282	-0.2831693820610493	False	0	0	0	0	0	0	0	0	0	0	0	0	0	0	0
NC_000962.3	1529000	1530000	0.000200837	Rv1358	1529500.0	0.200837	-0.2088151261654307	0.0446491141838999	False	0	0	0	0	0	0	0	0	0	0	0	0	0	0	0
NC_000962.3	1530000	1531000	3.96031e-05	Rv1358,Rv1359	1530500.0	0.0396031	-0.4925619305181437	-0.7414341803580851	False	0	0	0	0	0	0	0	0	0	0	0	0	0	0	0
NC_000962.3	1531000	1532000	0.000138875	Rv1360	1531500.0	0.138875	-0.3178586926319294	-0.257441780450606	False	0	0	0	0	0	0	0	0	0	0	0	0	0	0	0
NC_000962.3	1532000	1533000	0.00149119	Rv1360,PPE19	1532500.0	1.49119	2.062007202370544	6.335664448813491	False	2	1	0	0	0	0	2	1	1	1	3	3	2	92	77
NC_000962.3	1533000	1534000	0.0025001	PPE19,Rv1362c	1533500.0	2.5001	3.837533244843596	11.254526404620266	True	2	1	0	0	0	0	1	1	1	1	3	3	2	59	53
NC_000962.3	1534000	1535000	0.000361532	Rv1362c,Rv1363c	1534500.0	0.361532	0.0739832972769052	0.8281050438390426	False	0	0	0	0	0	0	0	0	0	0	0	0	0	0	0
NC_000962.3	1535000	1536000	0.000372797	Rv1363c,Rv1364c	1535500.0	0.372797	0.0938079603969644	0.8830266720637239	False	0	0	0	0	1	1	0	0	0	0	0	0	0	0	0
NC_000962.3	1536000	1537000	6.54771e-05	Rv1364c	1536500.0	0.0654771	-0.4470276798684844	-0.6152875129204102	False	0	0	0	0	0	0	0	0	0	0	0	0	0	0	0
NC_000962.3	1537000	1538000	0.000225474	Rv1364c,rsfA	1537500.0	0.225474	-0.1654578047904729	0.1647648846740443	False	0	0	0	0	0	0	0	0	0	0	0	0	0	0	0
NC_000962.3	1538000	1539000	0.00022477	rsfA,Rv1366	1538500.0	0.22477	-0.1666967362451131	0.1613325876238733	False	0	0	0	0	0	0	0	0	0	0	0	0	0	0	0
NC_000962.3	1539000	1540000	6.60051e-05	Rv1366,Rv1366A,Rv1367c	1539500.0	0.0660051	-0.4460984812775044	-0.6127132901327821	False	0	0	0	0	0	0	0	0	0	0	0	0	0	0	0
NC_000962.3	1540000	1541000	0.000727641	Rv1367c	1540500.0	0.727641	0.7182786892184724	2.613040897164377	False	0	0	0	0	0	0	0	0	0	0	0	0	0	0	0
NC_000962.3	1541000	1542000	0.000561836	lprF,Rv1369c	1541500.0	0.561836	0.4264874536550977	1.804671561363817	False	15	1	0	0	0	0	1	1	1	1	0	0	15	0	0
NC_000962.3	1542000	1543000	0.0	Rv1369c,Rv1370c	1542500.0	0.0	-0.5622572803636845	-0.9345160032382342	False	15	1	0	0	0	0	1	1	2	1	0	0	15	0	0
NC_000962.3	1543000	1544000	0.0	Rv1370c,Rv1371	1543500.0	0.0	-0.5622572803636845	-0.9345160032382342	False	15	1	0	0	0	0	1	1	1	1	0	0	15	1	1
NC_000962.3	1544000	1545000	0.000498823	Rv1371,Rv1372	1544500.0	0.498823	0.3155942892357199	1.4974565982637862	False	0	0	0	0	0	0	0	0	0	0	0	0	0	0	0
NC_000962.3	1545000	1546000	0.000276342	Rv1372	1545500.0	0.276342	-0.0759379678094546	0.4127678482366801	False	0	0	0	0	0	0	0	0	0	0	0	0	0	0	0
NC_000962.3	1546000	1547000	0.000714616	Rv1372,Rv1373	1546500.0	0.7146159999999999	0.6953566974618126	2.549538526314268	False	0	0	0	0	0	0	0	0	0	0	0	0	0	0	0
NC_000962.3	1547000	1548000	3.96031e-05	Rv1374c,Rv1375	1547500.0	0.0396031	-0.4925619305181437	-0.7414341803580851	False	0	0	0	0	0	0	0	0	0	0	0	0	0	0	0
NC_000962.3	1548000	1549000	0.000345163	Rv1375	1548500.0	0.345163	0.0451763811107046	0.7482992620006217	False	0	0	0	0	0	0	0	0	0	0	0	0	0	0	0
NC_000962.3	1549000	1550000	0.000118105	Rv1375,Rv1376	1549500.0	0.118105	-0.3544106902354473	-0.3587042942745415	False	0	0	0	0	0	0	0	0	0	0	0	0	0	0	0
NC_000962.3	1550000	1551000	6.58291e-05	Rv1376,Rv1377c	1550500.0	0.0658291	-0.4464082141411644	-0.6135713643953248	False	0	0	0	0	0	0	0	0	0	0	0	0	0	0	0
NC_000962.3	1551000	1552000	1.3201e-05	Rv1377c,Rv1378c	1551500.0	0.013201	-0.5390255557433647	-0.8701555581255828	False	0	0	0	0	0	0	0	0	0	0	0	0	0	0	0
NC_000962.3	1552000	1553000	6.58291e-05	Rv1378c,pyrR	1552500.0	0.0658291	-0.4464082141411644	-0.6135713643953248	False	0	0	0	0	0	0	0	0	0	0	0	0	0	0	0
NC_000962.3	1553000	1554000	0.000140107	pyrR,pyrB	1553500.0	0.1401069999999999	-0.315690562586309	-0.2514352606128073	False	0	0	0	0	0	0	0	0	0	0	0	0	0	0	0
NC_000962.3	1554000	1555000	0.00012937	pyrB,pyrC	1554500.0	0.1293699999999999	-0.3345860271153881	-0.3037826660498605	False	0	0	0	0	0	0	0	0	0	0	0	0	0	0	0
NC_000962.3	1555000	1556000	0.000131658	pyrC,Rv1382,carA	1555500.0	0.131658	-0.3305594998878075	-0.2926277006368045	False	0	0	0	0	0	0	0	0	0	0	0	0	0	0	0
NC_000962.3	1556000	1557000	0.000575213	carA	1556500.0	0.575213	0.4500289111390774	1.8698900807390115	False	0	0	0	0	0	0	0	0	0	0	0	0	0	0	0
NC_000962.3	1557000	1558000	6.58291e-05	carA,carB	1557500.0	0.0658291	-0.4464082141411644	-0.6135713643953248	False	0	0	0	0	0	0	0	0	0	0	0	0	0	0	0
NC_000962.3	1558000	1559000	0.000258036	carB	1558500.0	0.258036	-0.1081537053217319	0.3235183740883431	False	0	0	0	0	0	0	0	0	0	0	0	0	0	0	0
NC_000962.3	1559000	1560000	0.000279334	carB	1559500.0	0.279334	-0.0706725091272338	0.4273551106999069	False	0	0	0	0	0	0	0	0	0	0	0	0	0	0	0
NC_000962.3	1560000	1561000	0.000271413	carB,pyrF	1560500.0	0.271413	-0.0846122478377521	0.3887368934635375	False	0	0	0	0	0	0	0	0	0	0	0	0	0	0	0
NC_000962.3	1561000	1562000	0.00063981	pyrF,PE15,PPE20	1561500.0	0.63981	0.5637096713313956	2.184827712201927	False	0	0	0	0	0	0	0	0	2	1	0	0	0	0	0
NC_000962.3	1562000	1563000	0.000165277	PPE20	1562500.0	0.165277	-0.2713952433912899	-0.1287208902253029	False	0	0	0	0	0	0	0	0	1	1	0	0	0	0	0
NC_000962.3	1563000	1564000	0.000536842	PPE20,mihF	1563500.0	0.536842	0.3825018673237387	1.6828152652388562	False	0	0	0	0	0	0	0	0	1	1	0	0	0	0	0
NC_000962.3	1564000	1565000	7.90302e-05	mihF,gmk	1564500.0	0.0790302	-0.423176313536263	-0.5492104317404787	False	0	0	0	0	0	0	0	0	0	0	0	0	0	0	0
NC_000962.3	1565000	1566000	0.000205936	gmk,rpoZ,dfp	1565500.0	0.2059359999999999	-0.1998416723483705	0.0695088906879075	False	0	0	0	0	0	0	0	0	0	0	0	0	0	0	0
NC_000962.3	1566000	1567000	2.6226e-05	dfp,metK	1566500.0	0.026226	-0.5161035639867051	-0.806653187275474	False	0	0	0	0	0	0	0	0	0	0	0	0	0	0	0
NC_000962.3	1567000	1568000	0.00017971	metK	1567500.0	0.17971	-0.2459953887253499	-0.0583539252748522	False	0	0	0	0	0	0	0	0	0	0	0	0	0	0	0
NC_000962.3	1568000	1569000	0.000271765	metK,Rv1393c	1568500.0	0.271765	-0.0839927821104321	0.3904530419886227	False	0	0	0	0	0	0	1	1	0	0	0	0	0	0	0
NC_000962.3	1569000	1570000	3.93396e-05	Rv1393c,cyp132	1569500.0	0.0393395999999999	-0.4930256498907257	-0.7427188540409265	False	0	0	0	0	0	0	0	0	0	0	0	0	0	0	0
NC_000962.3	1570000	1571000	0.000272821	cyp132	1570500.0	0.272821	-0.0821343849284717	0.3956014875638792	False	0	0	0	0	0	0	0	0	0	0	0	0	0	0	0
NC_000962.3	1571000	1572000	3.96031e-05	Rv1395	1571500.0	0.0396031	-0.4925619305181437	-0.7414341803580851	False	0	0	0	0	0	0	0	0	0	0	0	0	0	0	0
NC_000962.3	1572000	1573000	0.000827441	Rv1395,PE_PGRS25	1572500.0	0.8274410000000001	0.8939113016802486	3.099608007401679	False	0	0	0	0	1	1	0	0	1	1	0	0	0	0	0
NC_000962.3	1573000	1574000	0.000403517	PE_PGRS25	1573500.0	0.403517	0.1478704238721724	1.0327996342530017	False	1	1	0	0	1	1	2	1	1	1	0	0	1	131	131
NC_000962.3	1574000	1575000	0.000306264	vapC10,vapB10,nlhH	1574500.0	0.306264	-0.0232798612956142	0.558650223712838	False	0	0	0	0	0	0	0	0	0	0	0	0	0	0	0
NC_000962.3	1575000	1576000	0.00048351	nlhH,lipI	1575500.0	0.48351	0.2886457702514796	1.4227992620006216	False	0	0	0	0	0	0	0	0	0	0	0	0	0	0	0
NC_000962.3	1576000	1577000	0.000889573	lipI,Rv1401	1576500.0	0.889573	1.0032540419355096	3.402527723767049	False	0	0	0	0	0	0	0	0	0	0	0	0	0	0	0
NC_000962.3	1577000	1578000	0.000561836	Rv1401,priA	1577500.0	0.561836	0.4264874536550977	1.804671561363817	False	0	0	0	0	0	0	0	0	0	0	0	0	0	0	0
NC_000962.3	1578000	1579000	3.94271e-05	priA	1578500.0	0.0394271	-0.4928716633818038	-0.7422922546206278	False	0	0	0	0	0	0	0	0	0	0	0	0	0	0	0
NC_000962.3	1579000	1580000	3.9075e-05	priA,Rv1403c	1579500.0	0.039075	-0.4934913050937055	-0.7440088906879079	False	0	0	0	0	0	0	0	0	0	0	0	0	0	0	0
NC_000962.3	1580000	1581000	0.000332842	Rv1403c,Rv1404	1580500.0	0.332842	0.0234933208086852	0.688229188200684	False	0	0	0	0	0	0	0	0	0	0	0	0	0	0	0
NC_000962.3	1581000	1582000	0.000284262	Rv1404,Rv1405c	1581500.0	0.284262	-0.0619999889447525	0.4513811900511035	False	0	0	0	0	0	0	0	0	0	0	0	0	0	0	0
NC_000962.3	1582000	1583000	0.000117049	fmt	1582500.0	0.117049	-0.3562690874174076	-0.3638527398497979	False	0	0	0	0	0	0	0	0	0	0	0	0	0	0	0
NC_000962.3	1583000	1584000	7.90302e-05	fmt,fmu	1583500.0	0.0790302	-0.423176313536263	-0.5492104317404787	False	0	0	0	0	0	0	0	0	0	0	0	0	0	0	0
NC_000962.3	1584000	1585000	0.000330906	fmu,rpe	1584500.0	0.330906	0.0200862593084246	0.6787903713127136	False	0	0	0	0	0	0	0	0	0	0	0	0	0	0	0
NC_000962.3	1585000	1586000	0.000585422	rpe,ribG	1585500.0	0.585422	0.4679951770771764	1.9196632633884363	False	0	0	0	0	0	0	0	0	0	0	0	0	0	0	0
NC_000962.3	1586000	1587000	0.000150492	ribG,Rv1410c	1586500.0	0.150492	-0.29741456378455	-0.2008040037008392	False	0	0	0	0	0	0	0	0	0	0	0	0	0	0	0
NC_000962.3	1587000	1588000	0.000118633	Rv1410c,lprG	1587500.0	0.118633	-0.3534814916444672	-0.3561300714869132	False	0	0	0	0	0	0	0	0	0	0	0	0	0	0	0
NC_000962.3	1588000	1589000	0.000135531	lprG,ribC	1588500.0	0.1355309999999999	-0.3237436170414703	-0.2737451914389185	False	0	0	0	0	0	0	0	0	0	0	0	0	0	0	0
NC_000962.3	1589000	1590000	0.000526985	ribC,Rv1413,Rv1414	1589500.0	0.526985	0.3651550671129598	1.6347582311145166	False	0	0	0	0	0	0	0	0	0	0	0	0	0	0	0
NC_000962.3	1590000	1591000	0.000205936	Rv1414,ribA2	1590500.0	0.2059359999999999	-0.1998416723483705	0.0695088906879075	False	0	0	0	0	0	0	0	0	0	0	0	0	0	0	0
NC_000962.3	1591000	1592000	3.94271e-05	ribA2,ribH	1591500.0	0.0394271	-0.4928716633818038	-0.7422922546206278	False	0	0	0	0	0	0	0	0	0	0	0	0	0	0	0
NC_000962.3	1592000	1593000	0.000118457	ribH,Rv1417,lprH	1592500.0	0.1184569999999999	-0.3537912245081273	-0.3569881457494565	False	0	0	0	0	0	0	0	0	0	0	0	0	0	0	0
NC_000962.3	1593000	1594000	0.000654595	lprH,Rv1419	1593500.0	0.654595	0.5897289917246558	2.2569108256774637	False	0	0	0	0	0	0	0	0	0	0	0	0	0	0	0
NC_000962.3	1594000	1595000	0.000588238	uvrC	1594500.0	0.588238	0.4729509028957372	1.9333924515891203	False	0	0	0	0	0	0	0	0	0	0	0	0	0	0	0
NC_000962.3	1595000	1596000	0.000523113	uvrC,Rv1421	1595500.0	0.5231129999999999	0.3583409441124387	1.615880597338576	False	0	0	0	0	0	0	0	0	0	0	0	0	0	0	0
NC_000962.3	1596000	1597000	0.000173198	Rv1421,Rv1422	1596500.0	0.173198	-0.2574555046807716	-0.0901026729889336	False	0	0	0	0	0	0	0	0	0	0	0	0	0	0	0
NC_000962.3	1597000	1598000	2.64021e-05	Rv1422,whiA	1597500.0	0.0264020999999999	-0.5157936551384635	-0.805794625470737	False	0	0	0	0	0	0	0	0	0	0	0	0	0	0	0
NC_000962.3	1598000	1599000	0.000182702	whiA,Rv1424c	1598500.0	0.182702	-0.2407299300431291	-0.0437666628116257	False	0	0	0	0	0	0	0	0	0	0	0	0	0	0	0
NC_000962.3	1599000	1600000	0.000116169	Rv1424c,Rv1425	1599500.0	0.116169	-0.3578177517357078	-0.3681431111625116	False	0	0	0	0	0	0	0	0	0	0	0	0	0	0	0
NC_000962.3	1600000	1601000	0.000306264	Rv1425	1600500.0	0.306264	-0.0232798612956142	0.558650223712838	False	0	0	0	0	0	0	0	0	0	0	0	0	0	0	0
NC_000962.3	1601000	1602000	0.000463972	Rv1425,lipO	1601500.0	0.463972	0.254261902693582	1.3275432680144854	False	0	0	0	0	0	0	0	0	0	0	0	0	0	0	0
NC_000962.3	1602000	1603000	6.58291e-05	lipO,fadD12	1602500.0	0.0658291	-0.4464082141411644	-0.6135713643953248	False	0	0	0	0	0	0	0	0	0	0	0	0	0	0	0
NC_000962.3	1603000	1604000	6.58291e-05	fadD12,Rv1428c	1603500.0	0.0658291	-0.4464082141411644	-0.6135713643953248	False	0	0	0	0	0	0	0	0	0	0	0	0	0	0	0
NC_000962.3	1604000	1605000	0.000477701	Rv1428c,Rv1429	1604500.0	0.477701	0.2784228259048819	1.394477935914765	False	0	0	0	0	0	0	0	0	0	0	0	0	0	0	0
NC_000962.3	1605000	1606000	0.000233394	Rv1429	1605500.0	0.233394	-0.1515198259257708	0.2033782264884674	False	0	0	0	0	0	0	0	0	0	0	0	0	0	0	0
NC_000962.3	1606000	1607000	0.000702119	Rv1429,PE16	1606500.0	0.7021189999999999	0.6733639042961331	2.488610378251787	False	0	0	0	0	0	0	1	1	1	1	0	0	0	0	0
NC_000962.3	1607000	1608000	2.64021e-05	PE16	1607500.0	0.0264020999999999	-0.5157936551384635	-0.805794625470737	False	0	0	0	0	0	0	0	0	1	1	0	0	0	0	0
NC_000962.3	1608000	1609000	0.000512024	Rv1431	1608500.0	0.512024	0.3388260138560397	1.5618170433764376	False	0	0	0	0	0	0	0	0	0	0	0	0	0	0	0
NC_000962.3	1609000	1610000	0.000185088	Rv1431,Rv1432	1609500.0	0.185088	-0.236530937925556	-0.0321339060478361	False	0	0	0	0	0	0	0	0	0	0	0	0	0	0	0
NC_000962.3	1610000	1611000	3.95156e-05	Rv1432	1610500.0	0.0395156	-0.4927159170270657	-0.7418607797783834	False	0	0	0	0	0	0	0	0	0	0	0	0	0	0	0
NC_000962.3	1611000	1612000	0.000331962	Rv1432,Rv1433	1611500.0	0.331962	0.0219446564903849	0.68393881688797	False	0	0	0	0	0	0	0	0	0	0	0	0	0	0	0
NC_000962.3	1612000	1613000	0.000208576	Rv1433,Rv1434,Rv1435c	1612500.0	0.208576	-0.1951956793934698	0.0823800046260491	False	0	0	0	0	1	1	1	1	0	0	0	0	0	0	0
NC_000962.3	1613000	1614000	0.000176894	gap	1613500.0	0.176894	-0.2509511145439106	-0.0720831134755361	False	0	0	0	0	0	0	0	0	0	0	0	0	0	0	0
NC_000962.3	1614000	1615000	0.000141339	gap,pgk	1614500.0	0.141339	-0.3135224325406887	-0.2454287407750077	False	0	0	0	0	0	0	0	0	0	0	0	0	0	0	0
NC_000962.3	1615000	1616000	2.64021e-05	pgk,tpi	1615500.0	0.0264020999999999	-0.5157936551384635	-0.805794625470737	False	0	0	0	0	0	0	0	0	0	0	0	0	0	0	0
NC_000962.3	1616000	1617000	0.000631009	tpi,Rv1439c	1616500.0	0.6310089999999999	0.548221268302577	2.141919123652844	False	0	0	0	0	0	0	0	0	0	0	0	0	0	0	0
NC_000962.3	1617000	1618000	0.000714968	Rv1439c,secG	1617500.0	0.7149679999999999	0.6959761631891328	2.5512546748393525	False	0	0	0	0	0	0	0	0	0	0	0	0	0	0	0
NC_000962.3	1618000	1619000	0.000633804	secG,PE_PGRS26	1618500.0	0.6338039999999999	0.5531400373589965	2.155545927992656	False	0	0	0	0	1	1	3	1	1	1	0	0	0	0	0
NC_000962.3	1619000	1620000	0.000429892	PE_PGRS26,bisC	1619500.0	0.429892	0.1942863572757731	1.1613888880857557	False	0	0	0	0	1	1	2	1	1	1	0	0	0	0	0
NC_000962.3	1620000	1621000	0.000640514	bisC	1620500.0	0.640514	0.5649486027860359	2.188260009252098	False	0	0	0	0	0	0	0	0	0	0	0	0	0	0	0
NC_000962.3	1621000	1622000	0.0	bisC	1621500.0	0.0	-0.5622572803636845	-0.9345160032382342	False	0	0	0	0	0	0	0	0	0	0	0	0	0	0	0
NC_000962.3	1622000	1623000	0.000195199	bisC,Rv1443c	1622500.0	0.195199	-0.2187371368774496	0.0171614852508548	False	0	0	0	0	0	0	0	0	0	0	0	0	0	0	0
NC_000962.3	1623000	1624000	0.0	Rv1444c,devB	1623500.0	0.0	-0.5622572803636845	-0.9345160032382342	False	0	0	0	0	0	0	0	0	0	0	0	0	0	0	0
NC_000962.3	1624000	1625000	0.000192735	devB,opcA	1624500.0	0.192735	-0.2230733969686902	0.0051484455752564	False	0	0	0	0	0	0	0	0	0	0	0	0	0	0	0
NC_000962.3	1625000	1626000	0.000258388	opcA,zwf2	1625500.0	0.258388	-0.1075342395944117	0.3252345226134286	False	0	0	0	0	1	1	1	1	0	0	0	0	0	0	0
NC_000962.3	1626000	1627000	0.000270181	zwf2,tal	1626500.0	0.270181	-0.0867803778833725	0.3827303736257382	False	0	0	0	0	1	1	0	0	0	0	0	0	0	0	0
NC_000962.3	1627000	1628000	0.000397615	tal	1627500.0	0.397615	0.1374838138646633	1.0040248939261422	False	0	0	0	0	0	0	0	0	0	0	0	0	0	0	0
NC_000962.3	1628000	1629000	6.58291e-05	tal,tkt	1628500.0	0.0658291	-0.4464082141411644	-0.6135713643953248	False	0	0	0	0	1	1	0	0	0	0	0	0	0	0	0
NC_000962.3	1629000	1630000	9.18792e-05	tkt	1629500.0	0.0918792	-0.4005640546432634	-0.4865661351529126	False	0	0	0	0	0	0	0	0	0	0	0	0	0	0	0
NC_000962.3	1630000	1631000	0.000214737	tkt,PE_PGRS27	1630500.0	0.214737	-0.184353269319552	0.1124174792369911	False	0	0	0	0	1	1	0	0	1	1	0	0	0	0	0
NC_000962.3	1631000	1632000	3.96031e-05	PE_PGRS27	1631500.0	0.0396031	-0.4925619305181437	-0.7414341803580851	False	1	1	0	0	1	1	3	1	1	1	0	0	1	109	109
NC_000962.3	1632000	1633000	0.000114148	PE_PGRS27	1632500.0	0.114148	-0.3613744001303496	-0.3779963389159143	False	1	1	0	0	1	1	2	1	1	1	0	0	1	20	20
NC_000962.3	1633000	1634000	0.00210891	PE_PGRS27	1633500.0	2.10891	3.1490991599846554	9.347310093460646	False	2	1	0	0	1	1	2	1	1	1	6	10	2	52	52
NC_000962.3	1634000	1635000	0.00903773	PE_PGRS27	1634500.0	9.037730000000002	15.342754048535795	43.12823118318432	True	2	1	0	0	2	1	2	1	1	1	14	16	2	132	132
NC_000962.3	1635000	1636000	0.000217553	ctaB	1635500.0	0.217553	-0.1793975435009912	0.1261466674376749	False	0	0	0	0	0	0	0	0	0	0	0	0	0	0	0
NC_000962.3	1636000	1637000	0.00154667	PE_PGRS28	1636500.0	1.54667	2.159643448256108	6.606152858392304	False	1	1	0	0	1	1	2	1	1	1	3	3	1	27	27
NC_000962.3	1637000	1638000	0.00607394	PE_PGRS28	1637500.0	6.07394	10.126940616791432	28.67850437306194	True	2	1	0	0	1	1	1	1	1	1	10	12	2	52	52
NC_000962.3	1638000	1639000	0.00325907	PE_PGRS28,Rv1453	1638500.0	3.2590700000000004	5.1732034240030575	14.954825399177432	True	2	1	0	0	0	0	2	1	1	1	10	10	2	213	208
NC_000962.3	1639000	1640000	0.000559372	Rv1453,qor	1639500.0	0.5593720000000001	0.4221511935638571	1.7926585216882192	False	1	1	0	0	0	0	0	0	0	0	0	0	1	137	137
NC_000962.3	1640000	1641000	0.000266485	qor,Rv1455	1640500.0	0.266485	-0.0932847680202334	0.3647108141123409	False	0	0	0	0	0	0	0	0	0	0	0	0	0	0	0
NC_000962.3	1641000	1642000	5.26281e-05	Rv1455,Rv1456c	1641500.0	0.0526281	-0.4696399387614841	-0.6779318095079762	False	0	0	0	0	0	0	0	0	0	0	0	0	0	0	0
NC_000962.3	1642000	1643000	0.000105256	Rv1456c,Rv1457c	1642500.0	0.105256	-0.3770229491284469	-0.4213485908621075	False	0	0	0	0	0	0	0	0	0	0	0	0	0	0	0
NC_000962.3	1643000	1644000	0.00050956	Rv1457c,Rv1458c	1643500.0	0.50956	0.334489753764799	1.5498040037008392	False	0	0	0	0	0	0	0	0	1	1	0	0	0	0	0
NC_000962.3	1644000	1645000	7.90302e-05	Rv1458c,Rv1459c	1644500.0	0.0790302	-0.423176313536263	-0.5492104317404787	False	2	1	0	0	0	0	1	1	1	1	0	0	2	22	12
NC_000962.3	1645000	1646000	0.000341819	Rv1459c	1645500.0	0.341819	0.0392914567011637	0.7319958510123096	False	0	0	0	0	0	0	0	0	0	0	0	0	0	0	0
NC_000962.3	1646000	1647000	0.000179358	Rv1459c,Rv1460,Rv1461	1646500.0	0.179358	-0.24661485445267	-0.0600700737999378	False	0	0	0	0	0	0	0	0	0	0	0	0	0	0	0
NC_000962.3	1647000	1648000	0.000767596	Rv1461	1647500.0	0.767596	0.7885933288067515	2.807838381027417	False	0	0	0	0	0	0	0	0	0	0	0	0	0	0	0
NC_000962.3	1648000	1649000	0.000201184	Rv1461	1648500.0	0.201184	-0.2082044596671918	0.0463408855992541	False	0	0	0	0	0	0	0	0	0	0	0	0	0	0	0
NC_000962.3	1649000	1650000	7.90302e-05	Rv1461,Rv1462	1649500.0	0.0790302	-0.423176313536263	-0.5492104317404787	False	0	0	0	0	0	0	0	0	0	0	0	0	0	0	0
NC_000962.3	1650000	1651000	0.00018059	Rv1462,Rv1463	1650500.0	0.18059	-0.2444467244070497	-0.0540635539621386	False	0	0	0	0	0	0	0	0	0	0	0	0	0	0	0
NC_000962.3	1651000	1652000	0.000689094	Rv1463,csd	1651500.0	0.689094	0.6504419125394736	2.425108007401678	False	0	0	0	0	0	0	0	0	0	0	0	0	0	0	0
NC_000962.3	1652000	1653000	0.000218961	csd,Rv1465	1652500.0	0.218961	-0.1769196805917109	0.1330112615380167	False	0	0	0	0	0	0	0	0	0	0	0	0	0	0	0
NC_000962.3	1653000	1654000	5.26281e-05	Rv1465,Rv1466,fadE15	1653500.0	0.0526281	-0.4696399387614841	-0.6779318095079762	False	0	0	0	0	0	0	0	0	0	0	0	0	0	0	0
NC_000962.3	1654000	1655000	0.000221425	fadE15	1654500.0	0.221425	-0.1725834205004702	0.1450243012136151	False	0	0	0	0	0	0	1	1	0	0	0	0	0	0	0
NC_000962.3	1655000	1656000	2.64021e-05	fadE15,PE_PGRS29	1655500.0	0.0264020999999999	-0.5157936551384635	-0.805794625470737	False	0	0	0	0	1	1	0	0	1	1	0	0	0	0	0
NC_000962.3	1656000	1657000	0.000296943	PE_PGRS29,ctpD	1656500.0	0.2969429999999999	-0.039683384148883	0.5132064157516965	False	0	0	0	0	1	1	3	1	1	1	0	0	0	0	0
NC_000962.3	1657000	1658000	0.000340952	ctpD	1657500.0	0.340952	0.0377656703784748	0.7277688601848974	False	0	0	0	0	0	0	0	0	0	0	0	0	0	0	0
NC_000962.3	1658000	1659000	0.000322328	ctpD,trxA	1658500.0	0.322328	0.0049903018966299	0.6369690018576479	False	0	0	0	0	0	0	0	0	0	0	0	0	0	0	0
NC_000962.3	1659000	1660000	0.000484849	trxA,trxB1,echA12	1659500.0	0.484849	0.2910022037994387	1.4293274519866712	False	0	0	0	0	0	0	0	0	0	0	0	0	0	0	0
NC_000962.3	1660000	1661000	0.000131482	echA12,Rv1473	1660500.0	0.131482	-0.3308692327514675	-0.2934857748993473	False	0	0	0	0	0	0	0	0	0	0	0	0	0	0	0
NC_000962.3	1661000	1662000	3.96031e-05	Rv1473	1661500.0	0.0396031	-0.4925619305181437	-0.7414341803580851	False	0	0	0	0	0	0	0	0	0	0	0	0	0	0	0
NC_000962.3	1662000	1663000	0.000176366	Rv1473,Rv1473A,Rv1474c	1662500.0	0.176366	-0.2518803131348908	-0.0746573362631643	False	0	0	0	0	0	0	0	0	0	0	0	0	0	0	0
NC_000962.3	1663000	1664000	5.22761e-05	Rv1474c,acn	1663500.0	0.0522761	-0.4702594044888042	-0.6796479580330618	False	0	0	0	0	0	0	0	0	0	0	0	0	0	0	0
NC_000962.3	1664000	1665000	0.0	acn	1664500.0	0.0	-0.5622572803636845	-0.9345160032382342	False	0	0	0	0	0	0	0	0	0	0	0	0	0	0	0
NC_000962.3	1665000	1666000	7.90302e-05	acn	1665500.0	0.0790302	-0.423176313536263	-0.5492104317404787	False	0	0	0	0	0	0	0	0	0	0	0	0	0	0	0
NC_000962.3	1666000	1667000	0.000117577	acn,Rv1476,ripA	1666500.0	0.117577	-0.3553398888264275	-0.3612785170621697	False	0	0	0	0	0	0	0	0	0	0	0	0	0	0	0
NC_000962.3	1667000	1668000	0.000188335	ripA	1667500.0	0.188335	-0.2308167185601914	-0.0163034109883119	False	0	0	0	0	0	0	0	0	0	0	0	0	0	0	0
NC_000962.3	1668000	1669000	0.000296407	ripA,Rv1478	1668500.0	0.296407	-0.0406266615063931	0.5105931895884984	False	0	0	0	0	0	0	0	0	0	0	0	0	0	0	0
NC_000962.3	1669000	1670000	0.000745946	Rv1478,moxR1	1669500.0	0.745946	0.7504926668849335	2.7022854958907674	False	0	0	0	0	0	0	0	0	0	0	0	0	0	0	0
NC_000962.3	1670000	1671000	7.90302e-05	moxR1,Rv1480	1670500.0	0.0790302	-0.423176313536263	-0.5492104317404787	False	0	0	0	0	0	0	0	0	0	0	0	0	0	0	0
NC_000962.3	1671000	1672000	2.64021e-05	Rv1480,Rv1481	1671500.0	0.0264020999999999	-0.5157936551384635	-0.805794625470737	False	0	0	0	0	0	0	0	0	0	0	0	0	0	0	0
NC_000962.3	1672000	1673000	6.58291e-05	Rv1481,Rv1482c	1672500.0	0.0658291	-0.4464082141411644	-0.6135713643953248	False	0	0	0	0	0	0	1	1	0	0	0	0	0	0	0
NC_000962.3	1673000	1674000	0.000441442	Rv1482c,fabG1	1673500.0	0.441442	0.2146125764534636	1.2177000115651224	False	0	0	0	0	0	0	0	0	0	0	0	0	0	0	0
NC_000962.3	1674000	1675000	0.000271237	fabG1,inhA	1674500.0	0.271237	-0.0849219807014121	0.3878788192009947	False	0	0	0	0	0	0	0	0	0	0	0	0	0	0	0
NC_000962.3	1675000	1676000	2.64021e-05	inhA,hemZ	1675500.0	0.0264020999999999	-0.5157936551384635	-0.805794625470737	False	0	0	0	0	0	0	0	0	0	0	0	0	0	0	0
NC_000962.3	1676000	1677000	0.000353612	hemZ,Rv1486c,Rv1487	1676500.0	0.353612	0.0600453184122031	0.7894917020246192	False	0	0	0	0	0	0	0	0	0	0	0	0	0	0	0
NC_000962.3	1677000	1678000	0.000143803	Rv1487,Rv1488	1677500.0	0.143803	-0.3091861724494481	-0.2334157010994094	False	0	0	0	0	1	1	0	0	0	0	0	0	0	0	0
NC_000962.3	1678000	1679000	0.000574861	Rv1488,Rv1489,Rv1489A	1678500.0	0.574861	0.4494094454117573	1.8681739322139257	False	0	0	0	0	0	0	1	1	1	1	0	0	0	0	0
NC_000962.3	1679000	1680000	0.000117577	Rv1489A,Rv1490	1679500.0	0.117577	-0.3553398888264275	-0.3612785170621697	False	0	0	0	0	0	0	1	1	1	1	0	0	0	0	0
NC_000962.3	1680000	1681000	7.85021e-05	Rv1490	1680500.0	0.0785020999999999	-0.4241056881118248	-0.5517851420703019	False	0	0	0	0	0	0	0	0	0	0	0	0	0	0	0
NC_000962.3	1681000	1682000	0.000227586	Rv1491c	1681500.0	0.227586	-0.1617410104265524	0.1750617758245572	False	0	0	0	0	0	0	0	0	0	0	0	0	0	0	0
NC_000962.3	1682000	1683000	1.3201e-05	mutA	1682500.0	0.013201	-0.5390255557433647	-0.8701555581255828	False	0	0	0	0	0	0	0	0	0	0	0	0	0	0	0
NC_000962.3	1683000	1684000	2.64021e-05	mutA	1683500.0	0.0264020999999999	-0.5157936551384635	-0.805794625470737	False	0	0	0	0	0	0	0	0	0	0	0	0	0	0	0
NC_000962.3	1684000	1685000	9.11751e-05	mutA,mutB	1684500.0	0.0911751	-0.4018031620824852	-0.4899989197452782	False	0	0	0	0	0	0	0	0	1	1	0	0	0	0	0
NC_000962.3	1685000	1686000	1.3201e-05	mutB	1685500.0	0.013201	-0.5390255557433647	-0.8701555581255828	False	0	0	0	0	0	0	1	1	1	1	0	0	0	0	0
NC_000962.3	1686000	1687000	0.000117929	mutB,mazE4,mazF4,Rv1496	1686500.0	0.117929	-0.3547204230991073	-0.3595623685370842	False	0	0	0	0	0	0	0	0	1	1	0	0	0	0	0
NC_000962.3	1687000	1688000	1.3201e-05	Rv1496,lipL	1687500.0	0.013201	-0.5390255557433647	-0.8701555581255828	False	0	0	0	0	0	0	0	0	0	0	0	0	0	0	0
NC_000962.3	1688000	1689000	0.00118228	lipL	1688500.0	1.18228	1.5183732312726754	4.8295978553926	False	0	0	0	0	0	0	0	0	0	0	0	0	0	0	0
NC_000962.3	1689000	1690000	0.000289895	lipL,Rv1498c	1689500.0	0.2898949999999999	-0.0520867774618148	0.4788444418744168	False	0	0	0	0	0	0	0	0	0	0	0	0	0	0	0
NC_000962.3	1690000	1691000	0.000157356	Rv1498A,Rv1499,Rv1500	1690500.0	0.157356	-0.2853349821018083	-0.1673391074616724	False	0	0	0	0	0	0	0	0	0	0	0	0	0	0	0
NC_000962.3	1691000	1692000	0.000406944	Rv1500,Rv1501	1691500.0	0.406944	0.1539014154844621	1.0495077052628534	False	0	0	0	0	0	0	0	0	0	0	0	0	0	0	0
NC_000962.3	1692000	1693000	0.000482454	Rv1501,Rv1502	1692500.0	0.482454	0.2867873730695194	1.4176508164253654	False	0	0	0	0	0	0	0	0	0	0	0	0	0	0	0
NC_000962.3	1693000	1694000	0.000240963	Rv1502,Rv1503c	1693500.0	0.2409629999999999	-0.1381995529425726	0.2402802951997509	False	0	0	0	0	0	0	0	0	0	0	0	0	0	0	0
NC_000962.3	1694000	1695000	0.000483862	Rv1503c,Rv1504c	1694500.0	0.483862	0.2892652359787998	1.4245154105257072	False	0	0	0	0	0	0	0	0	0	0	0	0	0	0	0
NC_000962.3	1695000	1696000	0.00153361	Rv1504c,Rv1505c,Rv1506c	1695500.0	1.53361	2.13665986189588	6.542479847774075	False	0	0	0	0	0	0	0	0	0	0	0	0	0	0	0
NC_000962.3	1696000	1697000	9.13511e-05	Rv1506c,Rv1507c	1696500.0	0.0913510999999999	-0.4014934292188252	-0.4891408454827359	False	0	0	0	0	0	0	0	0	0	0	0	0	0	0	0
NC_000962.3	1697000	1698000	0.000830609	Rv1507c,Rv1507A	1697500.0	0.8306089999999999	0.8994864932261294	3.1150533441274475	False	0	0	0	0	0	0	0	0	0	0	0	0	0	0	0
NC_000962.3	1698000	1699000	0.000266485	Rv1508c	1698500.0	0.266485	-0.0932847680202334	0.3647108141123409	False	0	0	0	0	0	0	0	0	0	0	0	0	0	0	0
NC_000962.3	1699000	1700000	0.000603199	Rv1508c,Rv1508A	1699500.0	0.603199	0.4992799561526573	2.0063336393271998	False	0	0	0	0	0	0	1	1	0	0	0	0	0	0	0
NC_000962.3	1700000	1701000	7.90302e-05	Rv1508A,Rv1509	1700500.0	0.0790302	-0.423176313536263	-0.5492104317404787	False	0	0	0	0	0	0	0	0	0	0	0	0	0	0	0
NC_000962.3	1701000	1702000	0.000753163	Rv1509,Rv1510	1701500.0	0.753163	0.7631934741408117	2.7374714160769664	False	1	1	0	0	0	0	0	0	0	0	0	0	1	128	128
NC_000962.3	1702000	1703000	0.000170557	Rv1510	1702500.0	0.170557	-0.2621032574814886	-0.1029786623490209	False	3	1	0	0	0	0	3	1	0	0	0	0	3	147	142
NC_000962.3	1703000	1704000	0.000157884	gmdA	1703500.0	0.157884	-0.2844057835108281	-0.1647648846740442	False	0	0	0	0	0	0	1	1	0	0	0	0	0	0	0
NC_000962.3	1704000	1705000	0.000180766	gmdA,epiA	1704500.0	0.180766	-0.2441369915433896	-0.0532054796995958	False	0	0	0	0	0	0	0	0	0	0	0	0	0	0	0
NC_000962.3	1705000	1706000	5.28041e-05	epiA,Rv1513,Rv1514c	1705500.0	0.0528041	-0.469330205897824	-0.6770737352454336	False	0	0	0	0	0	0	0	0	0	0	0	0	0	0	0
NC_000962.3	1706000	1707000	0.000853491	Rv1514c,Rv1515c	1706500.0	0.853491	0.9397552851935675	3.2266127491018963	False	0	0	0	0	0	0	0	0	0	0	0	0	0	0	0
NC_000962.3	1707000	1708000	0.00013025	Rv1515c,Rv1516c	1707500.0	0.13025	-0.3330373627970879	-0.2994922947371464	False	0	0	0	0	0	0	0	0	0	0	0	0	0	0	0
NC_000962.3	1708000	1709000	0.000291127	Rv1516c,Rv1517	1708500.0	0.291127	-0.0499186474161944	0.4848509617122165	False	0	0	0	0	0	0	0	0	0	0	0	0	0	0	0
NC_000962.3	1709000	1710000	0.000437042	Rv1517,Rv1518	1709500.0	0.437042	0.2068692548619625	1.196248155001554	False	0	0	0	0	0	0	0	0	0	0	0	0	0	0	0
NC_000962.3	1710000	1711000	0.000302331	Rv1518,Rv1519	1710500.0	0.3023309999999999	-0.0302013348909266	0.5394751891981752	False	0	0	0	0	0	0	1	1	0	0	0	0	0	0	0
NC_000962.3	1711000	1712000	0.000925904	Rv1519,Rv1520	1711500.0	0.925904	1.067191000285698	3.5796566784968227	False	0	0	0	0	0	0	0	0	0	0	0	0	0	0	0
NC_000962.3	1712000	1713000	0.000201008	Rv1520,fadD25	1712500.0	0.201008	-0.2085141925308518	0.0454828113367113	False	0	0	0	0	0	0	1	1	0	0	0	0	0	0	0
NC_000962.3	1713000	1714000	0.000525929	fadD25	1713500.0	0.525929	0.3632966699309994	1.62960978553926	False	0	0	0	0	0	0	2	1	0	0	0	0	0	0	0
NC_000962.3	1714000	1715000	0.000129636	fadD25,mmpL12	1714500.0	0.129636	-0.3341179081282655	-0.3024858038121534	False	0	0	0	0	0	0	0	0	0	0	0	0	0	0	0
NC_000962.3	1715000	1716000	0.000455566	mmpL12	1715500.0	0.455566	0.2394686387621823	1.2865604711341774	False	0	0	0	0	0	0	0	0	0	0	0	0	0	0	0
NC_000962.3	1716000	1717000	0.000506412	mmpL12	1716500.0	0.5064120000000001	0.3289497591352432	1.5344561754139956	False	0	0	0	0	0	0	0	0	0	0	0	0	0	0	0
NC_000962.3	1717000	1718000	0.00017867	mmpL12,Rv1523	1717500.0	0.17867	-0.2478256283742502	-0.0634243640989685	False	0	0	0	0	0	0	0	0	0	0	0	0	0	0	0
NC_000962.3	1718000	1719000	0.000594604	Rv1523,Rv1524	1718500.0	0.594604	0.4841540813619863	1.9644293876990468	False	0	0	0	0	0	0	0	0	0	0	0	0	0	0	0
NC_000962.3	1719000	1720000	0.000227583	Rv1524	1719500.0	0.227583	-0.1617462899640011	0.1750471495587184	False	0	0	0	0	0	0	0	0	0	0	0	0	0	0	0
NC_000962.3	1720000	1721000	7.06216e-05	wbbL2,Rv1526c	1720500.0	0.0706216	-0.437974153066785	-0.5902059047178471	False	0	0	0	0	0	0	0	0	0	0	0	0	0	0	0
NC_000962.3	1721000	1722000	0.000322254	Rv1526c	1721500.0	0.322254	0.0048600733062274	0.6366082206336242	False	0	0	0	0	0	0	0	0	0	0	0	0	0	0	0
NC_000962.3	1722000	1723000	0.00122048	Rv1526c,pks5	1722500.0	1.22048	1.5855993414534353	5.015838973739944	False	2	1	0	0	0	0	2	1	0	0	0	0	2	325	284
NC_000962.3	1723000	1724000	2.64021e-05	pks5	1723500.0	0.0264020999999999	-0.5157936551384635	-0.805794625470737	False	2	1	0	0	0	0	2	1	0	0	0	0	2	447	370
NC_000962.3	1724000	1725000	0.000113881	pks5	1724500.0	0.113881	-0.3618442789632884	-0.3792980765755672	False	2	1	0	0	0	0	0	0	0	0	0	0	2	522	452
NC_000962.3	1725000	1726000	3.9075e-05	pks5	1725500.0	0.039075	-0.4934913050937055	-0.7440088906879079	False	2	1	0	0	0	0	1	1	0	0	0	0	2	445	381
NC_000962.3	1726000	1727000	0.000279862	pks5	1726500.0	0.279862	-0.0697433105362536	0.429929333487535	False	2	1	0	0	0	0	0	0	0	0	0	0	2	435	362
NC_000962.3	1727000	1728000	5.22761e-05	pks5	1727500.0	0.0522761	-0.4702594044888042	-0.6796479580330618	False	2	1	0	0	0	0	0	0	0	0	0	0	2	467	407
NC_000962.3	1728000	1729000	0.0007727	pks5,papA4	1728500.0	0.7726999999999999	0.7975755818528929	2.832722534641156	False	2	1	0	0	0	0	0	0	0	0	0	0	2	185	156
NC_000962.3	1729000	1730000	7.86781e-05	papA4,fadD24	1729500.0	0.0786781	-0.4237959552481647	-0.5509270678077587	False	0	0	0	0	0	0	0	0	0	0	0	0	0	0	0
NC_000962.3	1730000	1731000	0.000178478	fadD24	1730500.0	0.178478	-0.2481635187709702	-0.0643604451126514	False	0	0	0	0	0	0	2	1	0	0	0	0	0	0	0
NC_000962.3	1731000	1732000	0.000630833	fadD24,adh	1731500.0	0.630833	0.547911535438917	2.1410610493903013	False	0	0	0	0	0	0	1	1	0	0	0	0	0	0	0
NC_000962.3	1732000	1733000	5.28041e-05	adh,Rv1531	1732500.0	0.0528041	-0.469330205897824	-0.6770737352454336	False	0	0	0	0	0	0	0	0	0	0	0	0	0	0	0
NC_000962.3	1733000	1734000	0.00102634	Rv1531,Rv1532c,Rv1533	1733500.0	1.02634	1.2439428746866097	4.06932455709195	False	0	0	0	0	0	0	0	0	0	0	0	0	0	0	0
NC_000962.3	1734000	1735000	0.00012409	Rv1533,Rv1534	1734500.0	0.12409	-0.3438780130251895	-0.3295248939261421	False	0	0	0	0	0	0	0	0	0	0	0	0	0	0	0
NC_000962.3	1735000	1736000	0.000387406	Rv1534,Rv1535	1735500.0	0.387406	0.1195175479265645	0.9542517112767172	False	1	1	0	0	0	0	1	1	0	0	0	0	1	41	41
NC_000962.3	1736000	1737000	0.000105256	Rv1535,ileS	1736500.0	0.105256	-0.3770229491284469	-0.4213485908621075	False	0	0	0	0	0	0	0	0	0	0	0	0	0	0	0
NC_000962.3	1737000	1738000	7.88542e-05	ileS	1737500.0	0.0788542	-0.4234860463999231	-0.5500685060030214	False	0	0	0	0	0	0	0	0	0	0	0	0	0	0	0
NC_000962.3	1738000	1739000	5.28041e-05	ileS	1738500.0	0.0528041	-0.469330205897824	-0.6770737352454336	False	0	0	0	0	0	0	0	0	0	0	0	0	0	0	0
NC_000962.3	1739000	1740000	0.000400959	ileS,dinX	1739500.0	0.400959	0.1433687382742043	1.0203283049144545	False	0	0	0	0	0	0	0	0	0	0	0	0	0	0	0
NC_000962.3	1740000	1741000	0.000280918	dinX	1740500.0	0.280918	-0.0678849133542934	0.4350777790627914	False	0	0	0	0	0	0	0	0	0	0	0	0	0	0	0
NC_000962.3	1741000	1742000	0.000672548	dinX,ansA	1741500.0	0.672548	0.6213235036637967	2.344439275878769	False	0	0	0	0	0	0	0	0	0	0	0	0	0	0	0
NC_000962.3	1742000	1743000	1.3201e-05	ansA,lspA,Rv1540	1742500.0	0.013201	-0.5390255557433647	-0.8701555581255828	False	0	0	0	0	0	0	0	0	0	0	0	0	0	0	0
NC_000962.3	1743000	1744000	3.96031e-05	Rv1540,lprI	1743500.0	0.0396031	-0.4925619305181437	-0.7414341803580851	False	0	0	0	0	0	0	0	0	0	0	0	0	0	0	0
NC_000962.3	1744000	1745000	3.96031e-05	lprI,glbN	1744500.0	0.0396031	-0.4925619305181437	-0.7414341803580851	False	0	0	0	0	0	0	0	0	0	0	0	0	0	0	0
NC_000962.3	1745000	1746000	0.000192735	Rv1543	1745500.0	0.192735	-0.2230733969686902	0.0051484455752564	False	0	0	0	0	0	0	0	0	0	0	0	0	0	0	0
NC_000962.3	1746000	1747000	9.1708e-05	Rv1543,Rv1544,Rv1545	1746500.0	0.091708	-0.4008653402470055	-0.4874008073901132	False	0	0	0	0	0	0	0	0	0	0	0	0	0	0	0
NC_000962.3	1747000	1748000	0.000130426	Rv1545,Rv1546,dnaE1	1747500.0	0.130426	-0.3327276299334278	-0.2986342204746037	False	0	0	0	0	0	0	0	0	0	0	0	0	0	0	0
NC_000962.3	1748000	1749000	0.000115113	dnaE1	1748500.0	0.115113	-0.3596761489176681	-0.373291556737768	False	0	0	0	0	0	0	0	0	0	0	0	0	0	0	0
NC_000962.3	1749000	1750000	2.64021e-05	dnaE1	1749500.0	0.0264020999999999	-0.5157936551384635	-0.805794625470737	False	0	0	0	0	0	0	0	0	0	0	0	0	0	0	0
NC_000962.3	1750000	1751000	0.000245539	dnaE1	1750500.0	0.245539	-0.1301464984874114	0.2625902260258625	False	0	0	0	0	0	0	0	0	0	0	0	0	0	0	0
NC_000962.3	1751000	1752000	0.000216145	dnaE1,PPE21	1751500.0	0.216145	-0.1818754064102716	0.119282073337333	False	0	0	0	0	0	0	0	0	1	1	0	0	0	0	0
NC_000962.3	1752000	1753000	0.000187807	PPE21	1752500.0	0.187807	-0.2317459171511715	-0.0188776337759401	False	0	0	0	0	0	0	0	0	1	1	0	0	0	0	0
NC_000962.3	1753000	1754000	0.0002084	PPE21,fadD11.1,fadD11	1753500.0	0.2084	-0.1955054122571299	0.0815219303635063	False	0	0	0	0	0	0	2	1	1	1	0	0	0	0	0
NC_000962.3	1754000	1755000	0.000630657	fadD11.1,fadD11	1754500.0	0.6306569999999999	0.5476018025752569	2.140202975127758	False	0	0	0	0	0	0	0	0	0	0	0	0	0	0	0
NC_000962.3	1755000	1756000	0.000140283	fadD11,plsB1	1755500.0	0.140283	-0.315380829722649	-0.2505771863502641	False	0	0	0	0	0	0	0	0	0	0	0	0	0	0	0
NC_000962.3	1756000	1757000	1.3201e-05	plsB1	1756500.0	0.013201	-0.5390255557433647	-0.8701555581255828	False	0	0	0	0	0	0	0	0	0	0	0	0	0	0	0
NC_000962.3	1757000	1758000	7.90302e-05	plsB1,frdA	1757500.0	0.0790302	-0.423176313536263	-0.5492104317404787	False	0	0	0	0	0	0	0	0	0	0	0	0	0	0	0
NC_000962.3	1758000	1759000	0.00038547	frdA	1758500.0	0.38547	0.1161104864263039	0.944812894388747	False	0	0	0	0	0	0	0	0	0	0	0	0	0	0	0
NC_000962.3	1759000	1760000	0.000387934	frdA,frdB	1759500.0	0.387934	0.1204467465175446	0.9568259340643456	False	0	0	0	0	0	0	0	0	0	0	0	0	0	0	0
NC_000962.3	1760000	1761000	0.000319465	frdB,frdC,frdD,Rv1556	1760500.0	0.319465	-4.813667529455667e-05	0.6230106688254896	False	0	0	0	0	0	0	0	0	0	0	0	0	0	0	0
NC_000962.3	1761000	1762000	0.000282502	Rv1556,mmpL6	1761500.0	0.282502	-0.0650973175813529	0.442800447425676	False	0	0	0	0	0	0	0	0	0	0	0	0	0	0	0
NC_000962.3	1762000	1763000	0.000281446	mmpL6,Rv1558	1762500.0	0.281446	-0.0669557147633133	0.4376520018504195	False	0	0	0	0	0	0	0	0	0	0	0	0	0	0	0
NC_000962.3	1763000	1764000	0.000141515	Rv1558,ilvA	1763500.0	0.141515	-0.3132126996770287	-0.2445706665124649	False	0	0	0	0	0	0	0	0	0	0	0	0	0	0	0
NC_000962.3	1764000	1765000	8.87109e-05	ilvA,vapB11,vapC11	1764500.0	0.0887109	-0.4061397741428891	-0.5020129345052657	False	0	0	0	0	0	0	0	0	0	0	0	0	0	0	0
NC_000962.3	1765000	1766000	6.58291e-05	vapC11,treZ	1765500.0	0.0658291	-0.4464082141411644	-0.6135713643953248	False	0	0	0	0	0	0	0	0	0	0	0	0	0	0	0
NC_000962.3	1766000	1767000	0.0	treZ	1766500.0	0.0	-0.5622572803636845	-0.9345160032382342	False	0	0	0	0	0	0	0	0	0	0	0	0	0	0	0
NC_000962.3	1767000	1768000	5.26281e-05	treZ,treY	1767500.0	0.0526281	-0.4696399387614841	-0.6779318095079762	False	0	0	0	0	0	0	0	0	0	0	0	0	0	0	0
NC_000962.3	1768000	1769000	6.54771e-05	treY	1768500.0	0.0654771	-0.4470276798684844	-0.6152875129204102	False	0	0	0	0	0	0	0	0	0	0	0	0	0	0	0
NC_000962.3	1769000	1770000	0.000141515	treY,treX	1769500.0	0.141515	-0.3132126996770287	-0.2445706665124649	False	0	0	0	0	0	0	0	0	0	0	0	0	0	0	0
NC_000962.3	1770000	1771000	0.00017795	treX	1770500.0	0.17795	-0.2490927173619504	-0.0669346679002796	False	0	0	0	0	0	0	0	0	0	0	0	0	0	0	0
NC_000962.3	1771000	1772000	7.85021e-05	treX,Rv1565c	1771500.0	0.0785020999999999	-0.4241056881118248	-0.5517851420703019	False	0	0	0	0	0	0	0	0	0	0	0	0	0	0	0
NC_000962.3	1772000	1773000	7.92062e-05	Rv1565c	1772500.0	0.0792062	-0.422866580672603	-0.5483523574779359	False	0	0	0	0	0	0	0	0	0	0	0	0	0	0	0
NC_000962.3	1773000	1774000	3.96031e-05	Rv1565c,Rv1566c	1773500.0	0.0396031	-0.4925619305181437	-0.7414341803580851	False	0	0	0	0	1	1	1	1	0	0	0	0	0	0	0
NC_000962.3	1774000	1775000	0.000503927	Rv1566c,Rv1567c	1774500.0	0.503927	0.3245765422818613	1.5223407518775254	False	0	0	0	0	1	1	1	1	0	0	0	0	0	0	0
NC_000962.3	1775000	1776000	0.000231634	Rv1567c,bioA	1775500.0	0.231634	-0.1546171545623713	0.1947974838630401	False	0	0	0	0	0	0	0	0	0	0	0	0	0	0	0
NC_000962.3	1776000	1777000	0.000104904	bioA,bioF1	1776500.0	0.104904	-0.377642414855767	-0.423064739387193	False	0	0	0	0	0	0	0	0	0	0	0	0	0	0	0
NC_000962.3	1777000	1778000	0.000192031	bioF1,bioD	1777500.0	0.192031	-0.2243123284233304	0.0017161485250855	False	0	0	0	0	0	0	0	0	0	0	0	0	0	0	0
NC_000962.3	1778000	1779000	0.000286902	bioD,Rv1571	1778500.0	0.286902	-0.0573539959898518	0.4642523039892444	False	0	0	0	0	1	1	0	0	0	0	0	0	0	0	0
NC_000962.3	1779000	1780000	0.000234846	Rv1571,Rv1572c,Rv1573,Rv1574	1779500.0	0.234846	-0.1489645298005754	0.210457339154445	False	1	1	1	1	0	0	2	1	3	1	0	0	1	12	12
NC_000962.3	1780000	1781000	4.27959e-05	Rv1574,Rv1575,Rv1576c	1780500.0	0.0427959	-0.4869430947960199	-0.7258679331680484	False	4	1	2	1	0	0	3	1	3	1	0	0	4	89	88
NC_000962.3	1781000	1782000	6.04171e-05	Rv1576c	1781500.0	0.0604171	-0.4559324996987108	-0.6399571479685139	False	1	1	0	0	0	0	6	1	1	1	0	0	1	113	113
NC_000962.3	1782000	1783000	9.79631e-06	Rv1576c,Rv1577c,Rv1578c	1782500.0	0.00979631	-0.5450172851954939	-0.8867548584718136	False	1	1	0	0	0	0	4	1	3	1	0	0	1	84	84
NC_000962.3	1783000	1784000	6.52474e-06	Rv1578c,Rv1579c,Rv1580c,Rv1581c	1783500.0	0.00652474	-0.5507747439725638	-0.9027051426485576	False	0	0	0	0	0	0	0	0	4	1	0	0	0	0	0
NC_000962.3	1784000	1785000	6.52474e-06	Rv1581c,Rv1582c	1784500.0	0.00652474	-0.5507747439725638	-0.9027051426485576	False	0	0	0	0	0	0	0	0	2	1	0	0	0	0	0
NC_000962.3	1785000	1786000	9.97275e-06	Rv1582c,Rv1583c	1785500.0	0.00997275	-0.5447067779996747	-0.8858946390236144	False	0	0	0	0	0	0	0	0	2	1	0	0	0	0	0
NC_000962.3	1786000	1787000	0.0	Rv1583c,Rv1584c,Rv1585c	1786500.0	0.0	-0.5622572803636845	-0.9345160032382342	False	0	0	0	0	0	0	1	1	3	1	0	0	0	0	0
NC_000962.3	1787000	1788000	2.3166e-05	Rv1585c,Rv1586c	1787500.0	0.023166	-0.5214886921844311	-0.8215719784310465	False	0	0	0	0	0	0	0	0	2	1	0	0	0	0	0
NC_000962.3	1788000	1789000	0.00228045	Rv1586c,Rv1587c	1788500.0	2.28045	3.4509831113042253	10.183639974123038	True	2	1	0	0	0	0	1	1	2	1	1	2	2	0	0
NC_000962.3	1789000	1790000	0.00681367	Rv1587c,Rv1588c	1789500.0	6.81367	11.428751362446238	32.28500024937296	True	2	1	0	0	0	0	1	1	2	1	7	9	2	35	35
NC_000962.3	1790000	1791000	0.000179534	bioB	1790500.0	0.179534	-0.24630512158901	-0.059211999537395	False	0	0	0	0	0	0	0	0	0	0	0	0	0	0	0
NC_000962.3	1791000	1792000	0.000218961	bioB,Rv1590,Rv1591	1791500.0	0.218961	-0.1769196805917109	0.1330112615380167	False	0	0	0	0	0	0	0	0	0	0	0	0	0	0	0
NC_000962.3	1792000	1793000	0.000808607	Rv1591,Rv1592c	1792500.0	0.8086070000000001	0.8607663655769913	3.0077843104657136	False	0	0	0	0	0	0	0	0	0	0	0	0	0	0	0
NC_000962.3	1793000	1794000	0.000294823	Rv1592c,Rv1593c	1793500.0	0.294823	-0.0434142572793335	0.5028705212256139	False	0	0	0	0	0	0	0	0	0	0	0	0	0	0	0
NC_000962.3	1794000	1795000	1.3201e-05	Rv1593c,nadA	1794500.0	0.013201	-0.5390255557433647	-0.8701555581255828	False	0	0	0	0	0	0	0	0	0	0	0	0	0	0	0
NC_000962.3	1795000	1796000	2.6226e-05	nadA,nadB	1795500.0	0.026226	-0.5161035639867051	-0.806653187275474	False	0	0	0	0	0	0	0	0	0	0	0	0	0	0	0
NC_000962.3	1796000	1797000	5.26281e-05	nadB	1796500.0	0.0526281	-0.4696399387614841	-0.6779318095079762	False	0	0	0	0	0	0	0	0	0	0	0	0	0	0	0
NC_000962.3	1797000	1798000	0.000406944	nadB,nadC	1797500.0	0.406944	0.1539014154844621	1.0495077052628534	False	0	0	0	0	0	0	0	0	0	0	0	0	0	0	0
NC_000962.3	1798000	1799000	0.000239203	nadC,Rv1597	1798500.0	0.239203	-0.141296881579173	0.231699552574324	False	0	0	0	0	0	0	0	0	0	0	0	0	0	0	0
NC_000962.3	1799000	1800000	0.000297991	Rv1597,Rv1598c,hisD	1799500.0	0.297991	-0.0378390657334526	0.5183158579513832	False	0	0	0	0	0	0	0	0	0	0	0	0	0	0	0
NC_000962.3	1800000	1801000	5.28041e-05	hisD,hisC1	1800500.0	0.0528041	-0.469330205897824	-0.6770737352454336	False	0	0	0	0	0	0	0	0	0	0	0	0	0	0	0
NC_000962.3	1801000	1802000	6.60051e-05	hisC1	1801500.0	0.0660051	-0.4460984812775044	-0.6127132901327821	False	0	0	0	0	0	0	0	0	0	0	0	0	0	0	0
NC_000962.3	1802000	1803000	0.00016722	hisC1,hisB,hisH	1802500.0	0.1672199999999999	-0.2679758629703157	-0.1192479453837095	False	0	0	0	0	0	0	0	0	0	0	0	0	0	0	0
NC_000962.3	1803000	1804000	0.000103854	hisH,hisA	1803500.0	0.103854	-0.3794902529628298	-0.4281839324307718	False	0	0	0	0	0	0	0	0	0	0	0	0	0	0	0
NC_000962.3	1804000	1805000	0.000376317	hisA,impA,hisF	1804500.0	0.3763169999999999	0.1000026176701653	0.9001881573145781	False	0	0	0	0	0	0	0	0	0	0	0	0	0	0	0
NC_000962.3	1805000	1806000	0.000361532	hisF,hisI	1805500.0	0.361532	0.0739832972769052	0.8281050438390426	False	0	0	0	0	0	0	0	0	0	0	0	0	0	0	0
NC_000962.3	1806000	1807000	5.26281e-05	chaA	1806500.0	0.0526281	-0.4696399387614841	-0.6779318095079762	False	0	0	0	0	0	0	0	0	0	0	0	0	0	0	0
NC_000962.3	1807000	1808000	6.60051e-05	chaA,bcpB,trpE	1807500.0	0.0660051	-0.4460984812775044	-0.6127132901327821	False	0	0	0	0	0	0	0	0	0	0	0	0	0	0	0
NC_000962.3	1808000	1809000	5.22761e-05	trpE	1808500.0	0.0522761	-0.4702594044888042	-0.6796479580330618	False	0	0	0	0	0	0	0	0	0	0	0	0	0	0	0
NC_000962.3	1809000	1810000	5.28041e-05	trpE,Rv1610	1809500.0	0.0528041	-0.469330205897824	-0.6770737352454336	False	0	0	0	0	0	0	0	0	0	0	0	0	0	0	0
NC_000962.3	1810000	1811000	0.000240435	Rv1610,trpC	1810500.0	0.240435	-0.1391287515335527	0.2377060724121232	False	0	0	0	0	0	0	0	0	0	0	0	0	0	0	0
NC_000962.3	1811000	1812000	0.000627489	trpC,trpB	1811500.0	0.627489	0.5420266110293761	2.1247576384019893	False	0	0	0	0	0	0	0	0	0	0	0	0	0	0	0
NC_000962.3	1812000	1813000	0.000180152	trpB,trpA	1812500.0	0.1801519999999999	-0.2452175368745673	-0.0561989887746034	False	0	0	0	0	0	0	0	0	0	0	0	0	0	0	0
NC_000962.3	1813000	1814000	5.23655e-05	trpA,lgt	1813500.0	0.0523654999999999	-0.4701020742728314	-0.6792120953110661	False	0	0	0	0	0	0	0	0	0	0	0	0	0	0	0
NC_000962.3	1814000	1815000	0.000263317	lgt	1814500.0	0.263317	-0.0988599595661142	0.3492654773865716	False	3	1	0	0	0	0	1	1	0	0	0	0	3	23	20
NC_000962.3	1815000	1816000	0.000140283	Rv1615,Rv1616	1815500.0	0.140283	-0.315380829722649	-0.2505771863502641	False	3	1	0	0	0	0	1	1	0	0	0	0	3	29	23
NC_000962.3	1816000	1817000	0.000142923	Rv1616,pykA	1816500.0	0.142923	-0.3107348367677484	-0.2377060724121231	False	0	0	0	0	0	0	0	0	0	0	0	0	0	0	0
NC_000962.3	1817000	1818000	6.60051e-05	pykA,tesB1	1817500.0	0.0660051	-0.4460984812775044	-0.6127132901327821	False	0	0	0	0	0	0	0	0	0	0	0	0	0	0	0
NC_000962.3	1818000	1819000	0.000193615	tesB1,Rv1619	1818500.0	0.193615	-0.22152473265039	0.0094388168879702	False	0	0	0	0	0	0	0	0	0	0	0	0	0	0	0
NC_000962.3	1819000	1820000	0.000314713	Rv1619,cydC	1819500.0	0.314713	-0.0084109239941158	0.5998426637368358	False	0	0	0	0	0	0	0	0	0	0	0	0	0	0	0
NC_000962.3	1820000	1821000	2.64021e-05	Rv1619,cydC	1820500.0	0.0264020999999999	-0.5157936551384635	-0.805794625470737	False	0	0	0	0	0	0	0	0	0	0	0	0	0	0	0
NC_000962.3	1821000	1822000	5.28041e-05	cydC,cydD	1821500.0	0.0528041	-0.469330205897824	-0.6770737352454336	False	0	0	0	0	0	0	0	0	0	0	0	0	0	0	0
NC_000962.3	1822000	1823000	3.96031e-05	cydD	1822500.0	0.0396031	-0.4925619305181437	-0.7414341803580851	False	0	0	0	0	0	0	0	0	0	0	0	0	0	0	0
NC_000962.3	1823000	1824000	0.00015718	cydD,cydB	1823500.0	0.15718	-0.2856447149654683	-0.1681971817242152	False	0	0	0	0	0	0	0	0	0	0	0	0	0	0	0
NC_000962.3	1824000	1825000	7.86781e-05	cydB,cydA	1824500.0	0.0786781	-0.4237959552481647	-0.5509270678077587	False	0	0	0	0	0	0	0	0	0	0	0	0	0	0	0
NC_000962.3	1825000	1826000	3.96031e-05	cydA,Rv1624c	1825500.0	0.0396031	-0.4925619305181437	-0.7414341803580851	False	0	0	0	0	0	0	0	0	0	0	0	0	0	0	0
NC_000962.3	1826000	1827000	0.00071796	Rv1624c,cya	1826500.0	0.71796	0.7012416218713536	2.56584193730258	False	0	0	0	0	0	0	0	0	0	0	0	0	0	0	0
NC_000962.3	1827000	1828000	0.000424369	cya	1827500.0	0.424369	0.1845667288326229	1.1344619326765308	False	0	0	0	0	0	0	0	0	0	0	0	0	0	0	0
NC_000962.3	1828000	1829000	0.000104552	leuV,Rv1626,Rv1627c	1828500.0	0.1045519999999999	-0.3782618805830871	-0.4247808879122789	False	0	0	0	0	0	0	1	1	0	0	0	0	0	0	0
NC_000962.3	1829000	1830000	0.000435634	Rv1627c	1829500.0	0.435634	0.2043913919526821	1.1893835609012124	False	0	0	0	0	0	0	0	0	0	0	0	0	0	0	0
NC_000962.3	1830000	1831000	0.000104552	Rv1627c,Rv1628c,polA	1830500.0	0.1045519999999999	-0.3782618805830871	-0.4247808879122789	False	0	0	0	0	0	0	1	1	0	0	0	0	0	0	0
NC_000962.3	1831000	1832000	0.00170135	polA	1831500.0	1.70135	2.4318563991136988	7.3602831250406595	False	0	0	0	0	0	0	0	0	0	0	0	0	0	0	0
NC_000962.3	1832000	1833000	0.000488438	polA	1832500.0	0.488438	0.2973182904339609	1.4468253413518182	False	0	0	0	0	0	0	0	0	0	0	0	0	0	0	0
NC_000962.3	1833000	1834000	8.87109e-05	polA,rpsA	1833500.0	0.0887109	-0.4061397741428891	-0.5020129345052657	False	0	0	0	0	0	0	0	0	0	0	0	0	0	0	0
NC_000962.3	1834000	1835000	0.000561308	rpsA	1834500.0	0.5613079999999999	0.4255582550641175	1.8020973385761885	False	0	0	0	0	0	0	0	0	0	0	0	0	0	0	0
NC_000962.3	1835000	1836000	1.3201e-05	coaE	1835500.0	0.013201	-0.5390255557433647	-0.8701555581255828	False	0	0	0	0	1	1	0	0	0	0	0	0	0	0	0
NC_000962.3	1836000	1837000	0.000129194	coaE,Rv1632c	1836500.0	0.129194	-0.3348957599790481	-0.3046407403124028	False	0	0	0	0	0	0	0	0	0	0	0	0	0	0	0
NC_000962.3	1837000	1838000	0.000118105	uvrB	1837500.0	0.118105	-0.3544106902354473	-0.3587042942745415	False	0	0	0	0	1	1	0	0	0	0	0	0	0	0	0
NC_000962.3	1838000	1839000	0.000142747	uvrB	1838500.0	0.142747	-0.3110445696314083	-0.2385641466746657	False	0	0	0	0	0	0	0	0	0	0	0	0	0	0	0
NC_000962.3	1839000	1840000	0.00110273	uvrB,Rv1634	1839500.0	1.10273	1.3783774965899669	4.441758039567175	False	0	0	0	0	0	0	0	0	0	0	0	0	0	0	0
NC_000962.3	1840000	1841000	3.9075e-05	Rv1634,Rv1635c	1840500.0	0.039075	-0.4934913050937055	-0.7440088906879079	False	0	0	0	0	0	0	0	0	0	0	0	0	0	0	0
NC_000962.3	1841000	1842000	0.000199072	Rv1635c	1841500.0	0.199072	-0.2119212540311123	0.0360439944487412	False	0	0	0	0	0	0	0	0	0	0	0	0	0	0	0
NC_000962.3	1842000	1843000	1.3201e-05	Rv1635c,TB15.3,Rv1637c	1842500.0	0.013201	-0.5390255557433647	-0.8701555581255828	False	0	0	0	0	0	0	0	0	0	0	0	0	0	0	0
NC_000962.3	1843000	1844000	9.22312e-05	Rv1637c,uvrA	1843500.0	0.0922312	-0.3999445889159433	-0.484849986627827	False	0	0	0	0	0	0	0	0	0	0	0	0	0	0	0
NC_000962.3	1844000	1845000	0.000178302	uvrA	1844500.0	0.178302	-0.2484732516346303	-0.0652185193751942	False	0	0	0	0	0	0	0	0	0	0	0	0	0	0	0
NC_000962.3	1845000	1846000	2.64021e-05	uvrA	1845500.0	0.0264020999999999	-0.5157936551384635	-0.805794625470737	False	0	0	0	0	0	0	0	0	0	0	0	0	0	0	0
NC_000962.3	1846000	1847000	0.000183758	uvrA,Rv1638A,Rv1639c	1846500.0	0.183758	-0.2388715328611688	-0.0386182172363693	False	0	0	0	0	0	0	0	0	0	0	0	0	0	0	0
NC_000962.3	1847000	1848000	0.00020136	Rv1639c	1847500.0	0.20136	-0.2078947268035317	0.0471989598617968	False	0	0	0	0	0	0	0	0	0	0	0	0	0	0	0
NC_000962.3	1848000	1849000	0.000232162	Rv1639c,lysX	1848500.0	0.232162	-0.1536879559713911	0.1973717066506683	False	0	0	0	0	0	0	0	0	0	0	0	0	0	0	0
NC_000962.3	1849000	1850000	0.00169272	lysX	1849500.0	1.69272	2.4166689297194592	7.318208233644388	False	0	0	0	0	0	0	0	0	0	0	0	0	0	0	0
NC_000962.3	1850000	1851000	0.000245363	lysX	1850500.0	0.245363	-0.1304562313510714	0.2617321517633198	False	0	0	0	0	0	0	0	0	0	0	0	0	0	0	0
NC_000962.3	1851000	1852000	0.000176366	lysX	1851500.0	0.176366	-0.2518803131348908	-0.0746573362631643	False	0	0	0	0	0	0	0	0	0	0	0	0	0	0	0
NC_000962.3	1852000	1853000	0.000142043	lysX,infC,rpmI	1852500.0	0.142043	-0.3122835010860485	-0.2419964437248367	False	0	0	0	0	0	0	0	0	0	0	0	0	0	0	0
NC_000962.3	1853000	1854000	0.000258564	rpmI,rplT,tsnR	1853500.0	0.258564	-0.1072245067307517	0.3260925968759714	False	0	0	0	0	0	0	0	0	0	0	0	0	0	0	0
NC_000962.3	1854000	1855000	0.000319817	tsnR,Rv1645c	1854500.0	0.319817	0.0005713290520255	0.6247268173505751	False	0	0	0	0	0	0	0	0	0	0	0	0	0	0	0
NC_000962.3	1855000	1856000	0.00010508	Rv1645c,PE17	1855500.0	0.10508	-0.3773326819921069	-0.4222066651246502	False	0	0	0	0	0	0	0	0	1	1	0	0	0	0	0
NC_000962.3	1856000	1857000	0.000128314	PE17,Rv1647	1856500.0	0.128314	-0.3364444242973484	-0.3089311116251164	False	0	0	0	0	0	0	0	0	1	1	0	0	0	0	0
NC_000962.3	1857000	1858000	6.58291e-05	Rv1647,Rv1648	1857500.0	0.0658291	-0.4464082141411644	-0.6135713643953248	False	0	0	0	0	0	0	0	0	0	0	0	0	0	0	0
NC_000962.3	1858000	1859000	5.28041e-05	Rv1648,pheS	1858500.0	0.0528041	-0.469330205897824	-0.6770737352454336	False	0	0	0	0	0	0	0	0	0	0	0	0	0	0	0
NC_000962.3	1859000	1860000	0.000678357	pheS,pheT	1859500.0	0.678357	0.6315464480103945	2.372760601964625	False	0	0	0	0	0	0	0	0	0	0	0	0	0	0	0
NC_000962.3	1860000	1861000	9.06471e-05	pheT	1860500.0	0.0906471	-0.4027323606734654	-0.4925731425329063	False	0	0	0	0	0	0	0	0	0	0	0	0	0	0	0
NC_000962.3	1861000	1862000	0.000299223	pheT	1861500.0	0.299223	-0.0356709356878323	0.5243223777891824	False	0	0	0	0	0	0	0	0	0	0	0	0	0	0	0
NC_000962.3	1862000	1863000	0.000157884	pheT,PE_PGRS30	1862500.0	0.157884	-0.2844057835108281	-0.1647648846740442	False	0	0	0	0	0	0	0	0	1	1	0	0	0	0	0
NC_000962.3	1863000	1864000	0.000294647	PE_PGRS30	1863500.0	0.294647	-0.0437239901429935	0.5020124469630711	False	0	0	0	0	1	1	0	0	1	1	0	0	0	0	0
NC_000962.3	1864000	1865000	0.000333638	PE_PGRS30	1864500.0	0.333638	0.0248941580784203	0.6921100240699112	False	0	0	0	0	1	1	0	0	1	1	0	0	0	0	0
NC_000962.3	1865000	1866000	0.000227586	PE_PGRS30,argC	1865500.0	0.227586	-0.1617410104265524	0.1750617758245572	False	0	0	0	0	1	1	1	1	1	1	0	0	0	0	0
NC_000962.3	1866000	1867000	3.94271e-05	argC,argJ	1866500.0	0.0394271	-0.4928716633818038	-0.7422922546206278	False	0	0	0	0	0	0	0	0	0	0	0	0	0	0	0
NC_000962.3	1867000	1868000	6.54771e-05	argJ,argB	1867500.0	0.0654771	-0.4470276798684844	-0.6152875129204102	False	0	0	0	0	0	0	0	0	0	0	0	0	0	0	0
NC_000962.3	1868000	1869000	0.000115113	argB,argD	1868500.0	0.115113	-0.3596761489176681	-0.373291556737768	False	0	0	0	0	0	0	0	0	0	0	0	0	0	0	0
NC_000962.3	1869000	1870000	0.0	argD,argF	1869500.0	0.0	-0.5622572803636845	-0.9345160032382342	False	0	0	0	0	0	0	0	0	0	0	0	0	0	0	0
NC_000962.3	1870000	1871000	9.17032e-05	argF,argR	1870500.0	0.0917032	-0.4008737875069235	-0.4874242094154553	False	0	0	0	0	0	0	0	0	0	0	0	0	0	0	0
NC_000962.3	1871000	1872000	0.0	argR,argG	1871500.0	0.0	-0.5622572803636845	-0.9345160032382342	False	0	0	0	0	0	0	0	0	0	0	0	0	0	0	0
NC_000962.3	1872000	1873000	0.000394799	argG,argH	1872500.0	0.394799	0.1325280880461026	0.9902957057254586	False	0	0	0	0	0	0	0	0	0	0	0	0	0	0	0
NC_000962.3	1873000	1874000	0.000386174	argH	1873500.0	0.3861739999999999	0.1173494178809441	0.9482451914389176	False	0	0	0	0	0	0	0	0	0	0	0	0	0	0	0
NC_000962.3	1874000	1875000	7.77248e-05	argH,pks10	1874500.0	0.0777248	-0.4254736162647962	-0.5555748075491337	False	0	0	0	0	0	0	0	0	0	0	0	0	0	0	0
NC_000962.3	1875000	1876000	0.00034684	pks10,pks7	1875500.0	0.34684	0.0481276425445563	0.7564753446045089	False	3	1	0	0	0	0	2	1	0	0	0	0	3	324	231
NC_000962.3	1876000	1877000	0.00052671	pks7	1876500.0	0.52671	0.364671109513491	1.6334174900792937	False	3	1	0	0	0	0	3	1	0	0	0	0	3	577	339
NC_000962.3	1877000	1878000	0.000560502	pks7	1877500.0	0.5605020000000001	0.4241398193362199	1.7981677484874992	False	3	1	0	0	0	0	0	0	0	0	0	0	3	239	232
NC_000962.3	1878000	1879000	3.89011e-05	pks7	1878500.0	0.0389011	-0.4937973422811514	-0.7448567265643635	False	1	1	0	0	0	0	0	0	0	0	0	0	1	209	209
NC_000962.3	1879000	1880000	2.61391e-05	pks7	1879500.0	0.0261391	-0.5162564945881374	-0.8070768614426045	False	1	1	0	0	0	0	2	1	0	0	0	0	1	4	4
NC_000962.3	1880000	1881000	0.000104043	pks7	1880500.0	0.104043	-0.3791576421035585	-0.4272624776829276	False	0	0	0	0	0	0	4	1	0	0	0	0	0	0	0
NC_000962.3	1881000	1882000	0.000117154	pks7,pks8	1881500.0	0.117154	-0.3560843036067013	-0.36334082054544	False	1	1	0	0	0	0	1	1	0	0	0	0	1	31	31
NC_000962.3	1882000	1883000	0.000117145	pks8	1882500.0	0.117145	-0.3561001422190475	-0.3633846993429564	False	1	1	0	0	0	0	5	1	0	0	0	0	1	152	152
NC_000962.3	1883000	1884000	2.64021e-05	pks8	1883500.0	0.0264020999999999	-0.5157936551384635	-0.805794625470737	False	1	1	0	0	0	0	2	1	0	0	0	0	1	94	94
NC_000962.3	1884000	1885000	0.000228994	pks8	1884500.0	0.228994	-0.159263147517272	0.181926369924899	False	0	0	0	0	0	0	0	0	0	0	0	0	0	0	0
NC_000962.3	1885000	1886000	0.000614464	pks8	1885500.0	0.614464	0.5191046192727164	2.0612552675518803	False	0	0	0	0	0	0	1	1	0	0	0	0	0	0	0
NC_000962.3	1886000	1887000	0.000422961	pks8,pks17	1886500.0	0.422961	0.1820888659233425	1.1275973385761888	False	0	0	0	0	0	0	3	1	0	0	0	0	0	0	0
NC_000962.3	1887000	1888000	0.000440562	pks17	1887500.0	0.4405619999999999	0.2130639121351633	1.2134096402524084	False	0	0	0	0	0	0	4	1	0	0	0	0	0	0	0
NC_000962.3	1888000	1889000	0.000554443	pks17,pks9	1888500.0	0.5544429999999999	0.4134769135355594	1.7686275669150753	False	0	0	0	0	0	0	0	0	0	0	0	0	0	0	0
NC_000962.3	1889000	1890000	0.00025346	pks9	1889500.0	0.25346	-0.1162067597768931	0.301208443262232	False	0	0	0	0	0	0	1	1	0	0	0	0	0	0	0
NC_000962.3	1890000	1891000	0.000143554	pks9	1890500.0	0.143554	-0.3096243740576944	-0.2346296811640295	False	0	0	0	0	0	0	0	0	0	0	0	0	0	0	0
NC_000962.3	1891000	1892000	0.000190376	pks9,pks11	1891500.0	0.190376	-0.2272248732492246	-0.006352674795984	False	0	0	0	0	0	0	0	0	0	0	0	0	0	0	0
NC_000962.3	1892000	1893000	0.000499384	pks11,cyp139	1892500.0	0.4993839999999999	0.3165815627386362	1.5001917099756406	False	0	0	0	0	0	0	0	0	0	0	0	0	0	0	0
NC_000962.3	1893000	1894000	6.38058e-05	cyp139,Rv1667c	1893500.0	0.0638058	-0.4499689101811835	-0.6234358056192039	False	0	0	0	0	0	0	0	0	0	0	0	0	0	0	0
NC_000962.3	1894000	1895000	0.000452479	Rv1667c,Rv1668c	1894500.0	0.4524789999999999	0.2340359947274177	1.271510043586055	False	0	0	0	0	0	0	0	0	0	0	0	0	0	0	0
NC_000962.3	1895000	1896000	0.000328196	Rv1668c,Rv1669	1895500.0	0.328196	0.0153170771463864	0.6655779778383341	False	2	1	3	1	1	1	1	1	0	0	0	0	2	0	0
NC_000962.3	1896000	1897000	0.000178939	Rv1669,Rv1670,Rv1671,Rv1672c	1896500.0	0.178939	-0.2473522298496789	-0.0621128755954231	False	0	0	0	0	0	0	0	0	0	0	0	0	0	0	0
NC_000962.3	1897000	1898000	0.000642152	Rv1672c	1897500.0	0.6421520000000001	0.5678312302330537	2.196245950400081	False	0	0	0	0	0	0	0	0	0	0	0	0	0	0	0
NC_000962.3	1898000	1899000	4.87764e-05	Rv1672c,Rv1673c	1898500.0	0.0487764	-0.4764183368919352	-0.6967104722184073	False	0	0	0	0	0	0	0	0	0	0	0	0	0	0	0
NC_000962.3	1899000	1900000	0.000159874	Rv1673c,Rv1674c	1899500.0	0.159874	-0.2809036903364901	-0.1550627950009758	False	0	0	0	0	0	0	0	0	0	0	0	0	0	0	0
NC_000962.3	1900000	1901000	0.000301191	cmr	1900500.0	0.301191	-0.0322075591214518	0.5339172081794329	False	0	0	0	0	0	0	0	0	0	0	0	0	0	0	0
NC_000962.3	1901000	1902000	0.000291303	Rv1676,dsbF	1901500.0	0.291303	-0.0496089145525344	0.4857090359747591	False	0	0	0	0	0	0	0	0	0	0	0	0	0	0	0
NC_000962.3	1902000	1903000	0.00104086	dsbF,Rv1678	1902500.0	1.04086	1.2694958359385633	4.140115683751726	False	0	0	0	0	0	0	0	0	0	0	0	0	0	0	0
NC_000962.3	1903000	1904000	7.86781e-05	Rv1678,fadE16	1903500.0	0.0786781	-0.4237959552481647	-0.5509270678077587	False	0	0	0	0	0	0	0	0	0	0	0	0	0	0	0
NC_000962.3	1904000	1905000	3.96031e-05	fadE16,Rv1680	1904500.0	0.0396031	-0.4925619305181437	-0.7414341803580851	False	0	0	0	0	0	0	0	0	0	0	0	0	0	0	0
NC_000962.3	1905000	1906000	1.3201e-05	Rv1680,moeX	1905500.0	0.013201	-0.5390255557433647	-0.8701555581255828	False	0	0	0	0	0	0	0	0	0	0	0	0	0	0	0
NC_000962.3	1906000	1907000	0.00071796	moeX,Rv1682	1906500.0	0.71796	0.7012416218713536	2.56584193730258	False	0	0	0	0	0	0	0	0	0	0	0	0	0	0	0
NC_000962.3	1907000	1908000	0.000408528	Rv1682,Rv1683	1907500.0	0.408528	0.1566890112574025	1.0572303736257382	False	0	0	1	1	0	0	1	1	0	0	0	0	0	0	0
NC_000962.3	1908000	1909000	0.000167741	Rv1683	1908500.0	0.167741	-0.2670589833000493	-0.1167078505497046	False	0	0	0	0	0	0	0	0	0	0	0	0	0	0	0
NC_000962.3	1909000	1910000	7.88542e-05	Rv1683	1909500.0	0.0788542	-0.4234860463999231	-0.5500685060030214	False	0	0	0	0	0	0	0	0	0	0	0	0	0	0	0
NC_000962.3	1910000	1911000	9.13511e-05	Rv1683,Rv1684,Rv1685c	1910500.0	0.0913510999999999	-0.4014934292188252	-0.4891408454827359	False	0	0	0	0	0	0	0	0	0	0	0	0	0	0	0
NC_000962.3	1911000	1912000	5.26281e-05	Rv1685c,Rv1686c	1911500.0	0.0526281	-0.4696399387614841	-0.6779318095079762	False	0	0	0	0	0	0	0	0	0	0	0	0	0	0	0
NC_000962.3	1912000	1913000	0.000130426	Rv1686c,Rv1687c,mpg	1912500.0	0.130426	-0.3327276299334278	-0.2986342204746037	False	0	0	0	0	0	0	0	0	0	0	0	0	0	0	0
NC_000962.3	1913000	1914000	0.00020136	mpg,tyrS	1913500.0	0.20136	-0.2078947268035317	0.0471989598617968	False	0	0	0	0	0	0	0	0	0	0	0	0	0	0	0
NC_000962.3	1914000	1915000	0.000191151	tyrS	1914500.0	0.191151	-0.2258609927416306	-0.0025742227876282	False	0	0	0	0	0	0	0	0	0	0	0	0	0	0	0
NC_000962.3	1915000	1916000	3.94271e-05	lprJ,Rv1691	1915500.0	0.0394271	-0.4928716633818038	-0.7422922546206278	False	0	0	0	0	1	1	0	0	0	0	0	0	0	0	0
NC_000962.3	1916000	1917000	0.000489846	Rv1691,Rv1692	1916500.0	0.489846	0.2997961533432414	1.4536899354521602	False	0	0	0	0	0	0	0	0	0	0	0	0	0	0	0
NC_000962.3	1917000	1918000	0.000245539	Rv1692,Rv1693,tlyA	1917500.0	0.245539	-0.1301464984874114	0.2625902260258625	False	0	0	0	0	0	0	0	0	0	0	0	0	0	0	0
NC_000962.3	1918000	1919000	0.0	tlyA,ppnK	1918500.0	0.0	-0.5622572803636845	-0.9345160032382342	False	0	0	0	0	0	0	0	0	0	0	0	0	0	0	0
NC_000962.3	1919000	1920000	5.28041e-05	ppnK,recN	1919500.0	0.0528041	-0.469330205897824	-0.6770737352454336	False	0	0	0	0	0	0	0	0	0	0	0	0	0	0	0
NC_000962.3	1920000	1921000	0.00025346	recN	1920500.0	0.25346	-0.1162067597768931	0.301208443262232	False	0	0	0	0	0	0	0	0	0	0	0	0	0	0	0
NC_000962.3	1921000	1922000	1.3201e-05	recN,Rv1697	1921500.0	0.013201	-0.5390255557433647	-0.8701555581255828	False	0	0	0	0	0	0	0	0	0	0	0	0	0	0	0
NC_000962.3	1922000	1923000	3.96031e-05	Rv1697,mctB	1922500.0	0.0396031	-0.4925619305181437	-0.7414341803580851	False	0	0	0	0	0	0	0	0	0	0	0	0	0	0	0
NC_000962.3	1923000	1924000	0.000258564	mctB,pyrG	1923500.0	0.258564	-0.1072245067307517	0.3260925968759714	False	0	0	0	0	0	0	0	0	0	0	0	0	0	0	0
NC_000962.3	1924000	1925000	0.000704935	pyrG	1924500.0	0.704935	0.6783196301146939	2.5023395664524704	False	0	0	0	0	0	0	0	0	0	0	0	0	0	0	0
NC_000962.3	1925000	1926000	0.000154716	pyrG,Rv1700	1925500.0	0.154716	-0.289980975056709	-0.1802102213998135	False	0	0	0	0	0	0	0	0	0	0	0	0	0	0	0
NC_000962.3	1926000	1927000	0.000128138	Rv1700,Rv1701	1926500.0	0.128138	-0.3367541571610085	-0.3097891858876592	False	0	0	0	0	0	0	0	0	1	1	0	0	0	0	0
NC_000962.3	1927000	1928000	7.6566e-05	Rv1701,Rv1702c	1927500.0	0.076566	-0.427512925596667	-0.5612244465004662	False	0	0	0	0	0	0	0	0	2	1	0	0	0	0	0
NC_000962.3	1928000	1929000	3.96031e-05	Rv1702c	1928500.0	0.0396031	-0.4925619305181437	-0.7414341803580851	False	0	0	0	0	0	0	0	0	1	1	0	0	0	0	0
NC_000962.3	1929000	1930000	0.000125674	Rv1703c,cycA	1929500.0	0.1256739999999999	-0.3410904172522491	-0.321802225563258	False	0	0	0	0	0	0	0	0	0	0	0	0	0	0	0
NC_000962.3	1930000	1931000	0.000385118	cycA	1930500.0	0.385118	0.1154910206989838	0.9430967458636618	False	0	0	0	0	0	0	0	0	0	0	0	0	0	0	0
NC_000962.3	1931000	1932000	0.00102933	cycA,PPE22	1931500.0	1.02933	1.2492048136771978	4.083902068711285	False	0	0	0	0	0	0	0	0	1	1	0	0	0	0	0
NC_000962.3	1932000	1933000	0.000271765	PPE22,PPE23	1932500.0	0.271765	-0.0839927821104321	0.3904530419886227	False	0	0	0	0	0	0	0	0	2	1	0	0	0	0	0
NC_000962.3	1933000	1934000	6.54771e-05	PPE23	1933500.0	0.0654771	-0.4470276798684844	-0.6152875129204102	False	0	0	0	0	0	0	2	1	1	1	0	0	0	0	0
NC_000962.3	1934000	1935000	1.3201e-05	Rv1706A,Rv1707	1934500.0	0.013201	-0.5390255557433647	-0.8701555581255828	False	0	0	0	0	0	0	0	0	0	0	0	0	0	0	0
NC_000962.3	1935000	1936000	0.000524873	Rv1707	1935500.0	0.524873	0.3614382727490393	1.6244613399640038	False	0	0	0	0	0	0	0	0	0	0	0	0	0	0	0
NC_000962.3	1936000	1937000	0.000377549	Rv1707,Rv1708	1936500.0	0.377549	0.1021707477157857	0.9061946771523778	False	0	0	0	0	0	0	0	0	0	0	0	0	0	0	0
NC_000962.3	1937000	1938000	0.000143979	Rv1708,scpA	1937500.0	0.143979	-0.308876439585788	-0.2325576268368666	False	0	0	0	0	0	0	0	0	0	0	0	0	0	0	0
NC_000962.3	1938000	1939000	0.000163693	scpA,scpB,Rv1711	1938500.0	0.163693	-0.2741828391642304	-0.1364435585881876	False	0	0	0	0	0	0	0	0	0	0	0	0	0	0	0
NC_000962.3	1939000	1940000	0.000144331	Rv1711,cmk	1939500.0	0.144331	-0.3082569738584679	-0.2308414783117812	False	0	0	0	0	0	0	0	0	0	0	0	0	0	0	0
NC_000962.3	1940000	1941000	0.000205936	cmk,engA	1940500.0	0.2059359999999999	-0.1998416723483705	0.0695088906879075	False	0	0	0	0	0	0	0	0	0	0	0	0	0	0	0
NC_000962.3	1941000	1942000	0.000170381	engA,Rv1714	1941500.0	0.170381	-0.2624129903451486	-0.1038367366115636	False	0	0	0	0	0	0	0	0	0	0	0	0	0	0	0
NC_000962.3	1942000	1943000	5.26281e-05	Rv1714,fadB3	1942500.0	0.0526281	-0.4696399387614841	-0.6779318095079762	False	0	0	0	0	0	0	0	0	0	0	0	0	0	0	0
NC_000962.3	1943000	1944000	0.000447251	fadB3,Rv1716	1943500.0	0.447251	0.2248355208000614	1.2460213376509792	False	0	0	0	0	0	0	0	0	0	0	0	0	0	0	0
NC_000962.3	1944000	1945000	0.000291831	Rv1716,Rv1717,Rv1718	1944500.0	0.291831	-0.0486797159615543	0.4882832587623875	False	0	0	0	0	0	0	0	0	0	0	0	0	0	0	0
NC_000962.3	1945000	1946000	0.000131658	Rv1718,Rv1719	1945500.0	0.131658	-0.3305594998878075	-0.2926277006368045	False	0	0	0	0	0	0	0	0	0	0	0	0	0	0	0
NC_000962.3	1946000	1947000	0.000142219	Rv1719,proT	1946500.0	0.1422189999999999	-0.3119737682223885	-0.2411383694622945	False	1	1	0	0	0	0	1	1	0	0	0	0	1	3	3
NC_000962.3	1947000	1948000	0.000405184	vapC12,vapB12,Rv1722	1947500.0	0.405184	0.1508040868478616	1.0409269626374262	False	1	1	0	0	0	0	1	1	0	0	0	0	1	0	0
NC_000962.3	1948000	1949000	0.000265253	Rv1722	1948500.0	0.265253	-0.0954528980658537	0.3587042942745417	False	0	0	0	0	0	0	0	0	0	0	0	0	0	0	0
NC_000962.3	1949000	1950000	0.0	Rv1722,Rv1723	1949500.0	0.0	-0.5622572803636845	-0.9345160032382342	False	0	0	0	0	0	0	0	0	0	0	0	0	0	0	0
NC_000962.3	1950000	1951000	9.24072e-05	Rv1723,Rv1724c	1950500.0	0.0924072	-0.3996348560522833	-0.4839919123652843	False	0	0	0	0	0	0	0	0	0	0	0	0	0	0	0
NC_000962.3	1951000	1952000	0.000195727	Rv1724c,Rv1725c,Rv1726	1951500.0	0.195727	-0.2178079382864695	0.019735708038483	False	0	0	0	0	0	0	0	0	0	0	0	0	0	0	0
NC_000962.3	1952000	1953000	0.000456052	Rv1726	1952500.0	0.4560519999999999	0.2403239238288799	1.2889299262000615	False	0	0	0	0	0	0	0	0	0	0	0	0	0	0	0
NC_000962.3	1953000	1954000	1.3201e-05	Rv1726,Rv1727,Rv1728c	1953500.0	0.013201	-0.5390255557433647	-0.8701555581255828	False	0	0	0	0	0	0	0	0	0	0	0	0	0	0	0
NC_000962.3	1954000	1955000	5.26281e-05	Rv1728c,Rv1729c	1954500.0	0.0526281	-0.4696399387614841	-0.6779318095079762	False	0	0	0	0	0	0	0	0	0	0	0	0	0	0	0
NC_000962.3	1955000	1956000	0.00104493	Rv1729c,Rv1730c	1955500.0	1.04493	1.2766584084107018	4.159958651073026	False	0	0	0	0	0	0	1	1	0	0	0	0	0	0	0
NC_000962.3	1956000	1957000	0.000560252	Rv1730c	1956500.0	0.560252	0.4236998578821573	1.7969488930009323	False	0	0	0	0	0	0	0	0	0	0	0	0	0	0	0
NC_000962.3	1957000	1958000	7.92062e-05	Rv1730c,gabD2	1957500.0	0.0792062	-0.422866580672603	-0.5483523574779359	False	0	0	0	0	0	0	0	0	0	0	0	0	0	0	0
NC_000962.3	1958000	1959000	0.00010508	gabD2	1958500.0	0.10508	-0.3773326819921069	-0.4222066651246502	False	0	0	0	0	0	0	0	0	0	0	0	0	0	0	0
NC_000962.3	1959000	1960000	0.000117577	gabD2,Rv1732c,Rv1733c	1959500.0	0.117577	-0.3553398888264275	-0.3612785170621697	False	0	0	0	0	0	0	0	0	0	0	0	0	0	0	0
NC_000962.3	1960000	1961000	0.000301336	Rv1733c,Rv1734c	1960500.0	0.301336	-0.0319523814780956	0.5346241443616414	False	0	0	0	0	0	0	0	0	0	0	0	0	0	0	0
NC_000962.3	1961000	1962000	0.000477701	Rv1734c,Rv1735c	1961500.0	0.477701	0.2784228259048819	1.394477935914765	False	0	0	0	0	0	0	0	0	0	0	0	0	0	0	0
NC_000962.3	1962000	1963000	6.58291e-05	narX	1962500.0	0.0658291	-0.4464082141411644	-0.6135713643953248	False	0	0	0	0	0	0	0	0	0	0	0	0	0	0	0
NC_000962.3	1963000	1964000	0.000446195	narX	1963500.0	0.4461949999999999	0.2229771236181011	1.2408728920757222	False	1	1	0	0	0	0	3	1	0	0	0	0	1	74	74
NC_000962.3	1964000	1965000	5.26281e-05	narX,narK2	1964500.0	0.0526281	-0.4696399387614841	-0.6779318095079762	False	1	1	0	0	0	0	0	0	0	0	0	0	1	25	25
NC_000962.3	1965000	1966000	3.9075e-05	narK2,Rv1738,Rv1739c	1965500.0	0.039075	-0.4934913050937055	-0.7440088906879079	False	0	0	0	0	0	0	0	0	0	0	0	0	0	0	0
NC_000962.3	1966000	1967000	0.000164749	Rv1739c	1966500.0	0.164749	-0.2723244419822701	-0.1312951130129311	False	0	0	0	0	0	0	0	0	0	0	0	0	0	0	0
NC_000962.3	1967000	1968000	0.00116591	Rv1739c,vapB34,vapC34	1967500.0	1.16591	1.489564555260659	4.749787198132233	False	0	0	0	0	0	0	1	1	0	0	0	0	0	0	0
NC_000962.3	1968000	1969000	0.000130778	vapC34,Rv1742	1968500.0	0.1307779999999999	-0.3321081642061078	-0.2969180719495187	False	0	0	0	0	0	0	0	0	0	0	0	0	0	0	0
NC_000962.3	1969000	1970000	3.96031e-05	pknE	1969500.0	0.0396031	-0.4925619305181437	-0.7414341803580851	False	0	0	0	0	0	0	0	0	0	0	0	0	0	0	0
NC_000962.3	1970000	1971000	0.000117753	pknE,Rv1744c	1970500.0	0.117753	-0.3550301559627674	-0.360420442799627	False	0	0	0	0	0	0	0	0	0	0	0	0	0	0	0
NC_000962.3	1971000	1972000	0.000801038	Rv1744c,idi	1971500.0	0.801038	0.8474460925937929	2.970882241754429	False	0	0	0	0	0	0	1	1	0	0	0	0	0	0	0
NC_000962.3	1972000	1973000	0.000154188	pknF	1972500.0	0.154188	-0.2909101736476891	-0.1827844441874417	False	0	0	0	0	0	0	0	0	0	0	0	0	0	0	0
NC_000962.3	1973000	1974000	9.22312e-05	pknF,Rv1747	1973500.0	0.0922312	-0.3999445889159433	-0.484849986627827	False	0	0	0	0	0	0	0	0	0	0	0	0	0	0	0
NC_000962.3	1974000	1975000	3.96031e-05	Rv1747	1974500.0	0.0396031	-0.4925619305181437	-0.7414341803580851	False	0	0	0	0	0	0	0	0	0	0	0	0	0	0	0
NC_000962.3	1975000	1976000	9.17032e-05	Rv1747	1975500.0	0.0917032	-0.4008737875069235	-0.4874242094154553	False	0	0	0	0	0	0	0	0	0	0	0	0	0	0	0
NC_000962.3	1976000	1977000	6.56531e-05	Rv1747,Rv1748	1976500.0	0.0656530999999999	-0.4467179470048244	-0.6144294386578679	False	0	0	0	0	0	0	0	0	0	0	0	0	0	0	0
NC_000962.3	1977000	1978000	0.000180942	Rv1748,Rv1749c,fadD1	1977500.0	0.180942	-0.2438272586797296	-0.0523474054370531	False	0	0	0	0	0	0	0	0	0	0	0	0	0	0	0
NC_000962.3	1978000	1979000	0.000232162	fadD1	1978500.0	0.232162	-0.1536879559713911	0.1973717066506683	False	0	0	0	0	0	0	0	0	0	0	0	0	0	0	0
NC_000962.3	1979000	1980000	0.000258212	fadD1,Rv1751	1979500.0	0.258212	-0.1078439724580718	0.3243764483508858	False	0	0	0	0	0	0	0	0	0	0	0	0	0	0	0
NC_000962.3	1980000	1981000	0.000640954	Rv1751	1980500.0	0.640954	0.5657229349451859	2.190405194908455	False	0	0	0	0	0	0	0	0	0	0	0	0	0	0	0
NC_000962.3	1981000	1982000	0.00020312	Rv1751,Rv1752,PPE24	1981500.0	0.20312	-0.2047973981669313	0.0557797024872241	False	0	0	0	0	1	1	1	1	1	1	0	0	0	0	0
NC_000962.3	1982000	1983000	0.000423808	PPE24	1982500.0	0.423808	0.1835794553297065	1.131726820964676	False	0	0	3	1	2	1	2	1	1	1	0	0	0	0	0
NC_000962.3	1983000	1984000	0.00198558	PPE24	1983500.0	1.98558	2.9320573754665107	8.746024304827715	False	0	0	4	1	1	1	2	1	1	1	0	0	0	0	0
NC_000962.3	1984000	1985000	0.000152076	PPE24,Rv1754c	1984500.0	0.152076	-0.2946269680116096	-0.1930813353379545	False	0	0	0	0	0	0	0	0	1	1	0	0	0	0	0
NC_000962.3	1985000	1986000	3.94271e-05	Rv1754c	1985500.0	0.0394271	-0.4928716633818038	-0.7422922546206278	False	0	0	0	0	0	0	0	0	0	0	0	0	0	0	0
NC_000962.3	1986000	1987000	0.000179534	Rv1754c,plcD	1986500.0	0.179534	-0.24630512158901	-0.059211999537395	False	0	0	0	0	0	0	0	0	0	0	0	0	0	0	0
NC_000962.3	1987000	1988000	3.67904e-05	plcD,Rv1756c	1987500.0	0.0367904	-0.4975118488455108	-0.7551472796663461	False	15	1	0	0	0	0	3	1	1	1	0	0	15	1	1
NC_000962.3	1988000	1989000	8.51272e-05	Rv1756c,Rv1757c	1988500.0	0.0851272	-0.4124465335945852	-0.5194849841340976	False	15	1	0	0	0	0	1	1	2	1	0	0	15	0	0
NC_000962.3	1989000	1990000	9.78272e-05	Rv1757c,cut1,wag22	1989500.0	0.0978272	-0.3900964917282069	-0.457567125416525	False	15	1	0	0	1	1	2	1	2	1	0	0	15	0	0
NC_000962.3	1990000	1991000	0.000202883	wag22	1990500.0	0.202883	-0.2052144816253826	0.0546242274859593	False	0	0	0	0	1	1	0	0	1	1	0	0	0	0	0
NC_000962.3	1991000	1992000	2.61377e-05	wag22	1991500.0	0.0261377	-0.5162589583722801	-0.8070836870333292	False	0	0	0	0	1	1	3	1	1	1	0	0	0	0	0
NC_000962.3	1992000	1993000	4.7321e-05	wag22	1992500.0	0.047321	-0.4789796164929059	-0.7038061613190021	False	0	0	0	0	2	1	2	1	1	1	0	0	0	0	0
NC_000962.3	1993000	1994000	9.81588e-05	Rv1760	1993500.0	0.0981588	-0.3895129268555383	-0.4559504354991434	False	0	0	0	0	0	0	0	0	0	0	0	0	0	0	0
NC_000962.3	1994000	1995000	9.71092e-05	Rv1760,Rv1761c	1994500.0	0.0971091999999999	-0.3913600610242746	-0.4610676783739442	False	0	0	0	0	0	0	0	0	0	0	0	0	0	0	0
NC_000962.3	1995000	1996000	4.26326e-05	Rv1761c,Rv1762c	1995500.0	0.0426326	-0.4872304776178136	-0.7266640895718736	False	0	0	0	0	0	0	0	0	0	0	0	0	0	0	0
NC_000962.3	1996000	1997000	1.67378e-06	Rv1763,Rv1764	1996500.0	0.00167378	-0.5593116856333611	-0.926355619493014	False	15	1	0	0	0	0	1	1	2	1	0	0	15	0	0
NC_000962.3	1997000	1998000	2.78365e-05	Rv1764,Rv1765c	1997500.0	0.0278365	-0.5132693322996341	-0.7988013202310134	False	16	1	0	0	0	0	1	1	2	1	0	0	16	0	0
NC_000962.3	1998000	1999000	0.000335654	Rv1765c	1998500.0	0.335654	0.0284420072439809	0.7019388747135826	False	1	1	0	0	0	0	1	1	1	1	0	0	1	0	0
NC_000962.3	1999000	2000000	2.63144e-05	Rv1765A,Rv1766	1999500.0	0.0263144	-0.5159479936165486	-0.8062221999754239	False	0	0	0	0	0	0	0	0	1	1	0	0	0	0	0
NC_000962.3	2000000	2001000	0.00010068	Rv1766,Rv1767,PE_PGRS31	2000500.0	0.10068	-0.3850760035836081	-0.4436585216882186	False	0	0	0	0	1	1	1	1	1	1	0	0	0	0	0
NC_000962.3	2001000	2002000	2.64021e-05	PE_PGRS31	2001500.0	0.0264020999999999	-0.5157936551384635	-0.805794625470737	False	0	0	0	0	1	1	1	1	1	1	0	0	0	0	0
NC_000962.3	2002000	2003000	2.64021e-05	PE_PGRS31,Rv1769	2002500.0	0.0264020999999999	-0.5157936551384635	-0.805794625470737	False	0	0	0	0	1	1	0	0	1	1	0	0	0	0	0
NC_000962.3	2003000	2004000	0.00107597	Rv1769,Rv1770	2003500.0	1.07597	1.33128402254711	4.31129174828511	False	0	0	0	0	0	0	0	0	0	0	0	0	0	0	0
NC_000962.3	2004000	2005000	9.22312e-05	Rv1770	2004500.0	0.0922312	-0.3999445889159433	-0.484849986627827	False	0	0	0	0	0	0	0	0	0	0	0	0	0	0	0
NC_000962.3	2005000	2006000	0.000170029	Rv1770,Rv1771	2005500.0	0.170029	-0.2630324560724687	-0.105552885136649	False	0	0	0	0	0	0	0	0	0	0	0	0	0	0	0
NC_000962.3	2006000	2007000	0.00031084	Rv1771,Rv1772	2006500.0	0.31084	-0.015226806840453	0.5809601545389492	False	0	0	0	0	0	0	0	0	0	0	0	0	0	0	0
NC_000962.3	2007000	2008000	0.000434578	Rv1773c,Rv1774	2007500.0	0.434578	0.2025329947707219	1.1842351153259558	False	0	0	0	0	0	0	0	0	0	0	0	0	0	0	0
NC_000962.3	2008000	2009000	0.000288134	Rv1774	2008500.0	0.288134	-0.0551858659442315	0.4702588238270436	False	0	0	0	0	0	0	0	0	0	0	0	0	0	0	0
NC_000962.3	2009000	2010000	0.000181998	Rv1774,Rv1775,Rv1776c	2009500.0	0.181998	-0.2419688614977693	-0.0471989598617967	False	0	0	0	0	0	0	0	0	0	0	0	0	0	0	0
NC_000962.3	2010000	2011000	0.000885877	Rv1776c,cyp144	2010500.0	0.885877	0.9967496517986488	3.3845081642536523	False	0	0	0	0	0	0	0	0	0	0	0	0	0	0	0
NC_000962.3	2011000	2012000	0.000217025	cyp144	2011500.0	0.217025	-0.1803267420919714	0.1235724446500466	False	0	0	0	0	0	0	0	0	0	0	0	0	0	0	0
NC_000962.3	2012000	2013000	5.26281e-05	Rv1778c,Rv1779c	2012500.0	0.0526281	-0.4696399387614841	-0.6779318095079762	False	0	0	0	0	0	0	0	0	0	0	0	0	0	0	0
NC_000962.3	2013000	2014000	0.000192735	Rv1779c	2013500.0	0.192735	-0.2230733969686902	0.0051484455752564	False	0	0	0	0	0	0	0	0	0	0	0	0	0	0	0
NC_000962.3	2014000	2015000	0.000141339	Rv1779c,Rv1780	2014500.0	0.141339	-0.3135224325406887	-0.2454287407750077	False	0	0	0	0	0	0	0	0	0	0	0	0	0	0	0
NC_000962.3	2015000	2016000	5.28041e-05	Rv1780,malQ	2015500.0	0.0528041	-0.469330205897824	-0.6770737352454336	False	0	0	0	0	0	0	0	0	0	0	0	0	0	0	0
NC_000962.3	2016000	2017000	2.64021e-05	malQ	2016500.0	0.0264020999999999	-0.5157936551384635	-0.805794625470737	False	0	0	0	0	0	0	0	0	0	0	0	0	0	0	0
NC_000962.3	2017000	2018000	0.000551099	malQ,eccB5	2017500.0	0.551099	0.4075919891260186	1.752324155926764	False	0	0	0	0	0	0	0	0	0	0	0	0	0	0	0
NC_000962.3	2018000	2019000	2.6226e-05	eccB5	2018500.0	0.026226	-0.5161035639867051	-0.806653187275474	False	0	0	0	0	0	0	0	0	0	0	0	0	0	0	0
NC_000962.3	2019000	2020000	0.000240259	eccB5,eccC5	2019500.0	0.240259	-0.1394384843972128	0.2368479981495804	False	0	0	0	0	0	0	0	0	0	0	0	0	0	0	0
NC_000962.3	2020000	2021000	0.000281446	eccC5	2020500.0	0.281446	-0.0669557147633133	0.4376520018504195	False	0	0	0	0	0	0	0	0	0	0	0	0	0	0	0
NC_000962.3	2021000	2022000	1.3201e-05	eccC5	2021500.0	0.013201	-0.5390255557433647	-0.8701555581255828	False	0	0	0	0	0	0	0	0	0	0	0	0	0	0	0
NC_000962.3	2022000	2023000	0.000326153	eccC5	2022500.0	0.3261529999999999	0.0117217121437871	0.6556174908021132	False	0	0	0	0	0	0	0	0	0	0	0	0	0	0	0
NC_000962.3	2023000	2024000	0.000689446	eccC5,cyp143	2023500.0	0.689446	0.6510613782667937	2.4268241559267643	False	0	0	0	0	0	0	0	0	0	0	0	0	0	0	0
NC_000962.3	2024000	2025000	6.60051e-05	cyp143,Rv1786	2024500.0	0.0660051	-0.4460984812775044	-0.6127132901327821	False	0	0	0	0	0	0	0	0	0	0	0	0	0	0	0
NC_000962.3	2025000	2026000	0.00103727	Rv1786,PPE25	2025500.0	1.03727	1.2631779894582251	4.1226129189646326	False	1	1	0	0	0	0	2	1	1	1	2	2	1	3	3
NC_000962.3	2026000	2027000	0.00118674	PPE25,PE18,PPE26	2026500.0	1.18674	1.5262221436131511	4.851342237272944	False	1	1	0	0	0	0	1	1	3	1	2	2	1	6	6
NC_000962.3	2027000	2028000	0.000220702	PPE26	2027500.0	0.220702	-0.1738557890256191	0.1414993711464651	False	0	0	0	0	0	0	0	0	1	1	0	0	0	0	0
NC_000962.3	2028000	2029000	0.000467047	PPE27	2028500.0	0.467047	0.2596734285785516	1.342535190499252	False	1	1	0	0	0	0	1	1	1	1	1	2	1	3	3
NC_000962.3	2029000	2030000	0.000498999	PPE27,PE19	2029500.0	0.4989989999999999	0.3159040220993799	1.4983146725263286	False	1	1	0	0	0	0	1	1	2	1	3	3	1	6	6
NC_000962.3	2030000	2031000	0.00180283	PE19,esxM,esxN	2030500.0	1.80283	2.610445552546776	7.855040944147686	False	4	1	0	0	0	0	2	1	2	1	4	4	4	125	50
NC_000962.3	2031000	2032000	9.04711e-05	Rv1794	2031500.0	0.0904711	-0.4030420935371254	-0.493431216795449	False	0	0	0	0	0	0	0	0	0	0	0	0	0	0	0
NC_000962.3	2032000	2033000	6.53011e-05	eccD5	2032500.0	0.0653011	-0.4473374127321445	-0.616145587182953	False	0	0	0	0	0	0	0	0	0	0	0	0	0	0	0
NC_000962.3	2033000	2034000	0.000228818	eccD5,mycP5	2033500.0	0.228818	-0.1595728803809321	0.1810682956623562	False	0	0	0	0	0	0	0	0	0	0	0	0	0	0	0
NC_000962.3	2034000	2035000	0.000267013	mycP5	2034500.0	0.267013	-0.0923555694292532	0.367285036899969	False	0	0	0	0	1	1	0	0	0	0	0	0	0	0	0
NC_000962.3	2035000	2036000	0.000384062	mycP5,eccE5	2035500.0	0.384062	0.1136326235170236	0.9379483002884054	False	0	0	0	0	0	0	0	0	0	0	0	0	0	0	0
NC_000962.3	2036000	2037000	0.0	eccE5,eccA5	2036500.0	0.0	-0.5622572803636845	-0.9345160032382342	False	0	0	0	0	0	0	0	0	0	0	0	0	0	0	0
NC_000962.3	2037000	2038000	0.000113881	eccA5	2037500.0	0.113881	-0.3618442789632884	-0.3792980765755672	False	0	0	0	0	0	0	0	0	0	0	0	0	0	0	0
NC_000962.3	2038000	2039000	0.000144859	eccA5	2038500.0	0.144859	-0.3073277752674878	-0.228267255524153	False	0	0	0	0	0	0	0	0	0	0	0	0	0	0	0
NC_000962.3	2039000	2040000	0.000521705	lppT,PPE28	2039500.0	0.521705	0.3558630812031584	1.6090160032382343	False	0	0	0	0	0	0	1	1	1	1	0	0	0	0	0
NC_000962.3	2040000	2041000	0.00010508	PPE28	2040500.0	0.10508	-0.3773326819921069	-0.4222066651246502	False	0	0	0	0	0	0	0	0	1	1	0	0	0	0	0
NC_000962.3	2041000	2042000	5.28041e-05	PPE28	2041500.0	0.0528041	-0.469330205897824	-0.6770737352454336	False	0	0	0	0	0	0	0	0	1	1	0	0	0	0	0
NC_000962.3	2042000	2043000	0.000144683	PPE29	2042500.0	0.144683	-0.3076375081311479	-0.2291253297866956	False	0	0	0	0	0	0	0	0	1	1	0	0	0	0	0
NC_000962.3	2043000	2044000	0.000243779	PPE29,PPE30	2043500.0	0.243779	-0.1332438271240118	0.2540094834004351	False	0	0	0	0	0	0	1	1	2	1	0	0	0	0	0
NC_000962.3	2044000	2045000	0.000362612	PPE30,PE_PGRS32	2044500.0	0.362612	0.0758839307584555	0.8333704995410092	False	0	0	0	0	0	0	0	0	2	1	0	0	0	0	0
NC_000962.3	2045000	2046000	0.000376254	PE_PGRS32	2045500.0	0.376254	0.0998917473837416	0.8998810057319637	False	0	0	0	0	1	1	0	0	1	1	0	0	0	0	0
NC_000962.3	2046000	2047000	0.000169501	PE_PGRS32	2046500.0	0.1695009999999999	-0.2639616546634489	-0.1081271079242777	False	0	0	0	0	1	1	0	0	1	1	0	0	0	0	0
NC_000962.3	2047000	2048000	0.000311016	Rv1804c,Rv1805c	2047500.0	0.311016	-0.014917073976793	0.581818228801492	False	1	1	0	0	0	0	1	1	0	0	0	0	1	42	42
NC_000962.3	2048000	2049000	0.000192911	Rv1805c,PE20,PPE31	2048500.0	0.192911	-0.2227636641050302	0.0060065198377992	False	0	0	0	0	0	0	1	1	2	1	0	0	0	0	0
NC_000962.3	2049000	2050000	0.000305384	PPE31,PPE32	2049500.0	0.305384	-0.0248285256139144	0.5543598524001243	False	0	0	0	0	0	0	0	0	2	1	0	0	0	0	0
NC_000962.3	2050000	2051000	0.000793998	PPE32	2050500.0	0.793998	0.835056778047391	2.93655927125272	False	0	0	0	0	0	0	1	1	1	1	0	0	0	0	0
NC_000962.3	2051000	2052000	0.000101912	PPE32,PPE33	2051500.0	0.101912	-0.3829078735379878	-0.4376520018504195	False	0	0	0	0	0	0	0	0	2	1	0	0	0	0	0
NC_000962.3	2052000	2053000	0.000415392	PPE33,Rv1810	2052500.0	0.415392	0.1687685929401443	1.0906952698649048	False	0	0	0	0	0	0	0	0	1	1	0	0	0	0	0
NC_000962.3	2053000	2054000	0.000675013	Rv1810,mgtC	2053500.0	0.675013	0.6256615236008537	2.356457190976313	False	0	0	0	0	0	0	0	0	0	0	0	0	0	0	0
NC_000962.3	2054000	2055000	0.00015454	mgtC,Rv1812c	2054500.0	0.1545399999999999	-0.290290707920369	-0.1810682956623567	False	0	0	0	0	0	0	0	0	0	0	0	0	0	0	0
NC_000962.3	2055000	2056000	7.90302e-05	Rv1812c,Rv1813c	2055500.0	0.0790302	-0.423176313536263	-0.5492104317404787	False	0	0	0	0	0	0	0	0	0	0	0	0	0	0	0
NC_000962.3	2056000	2057000	0.000190623	Rv1813c,erg3	2056500.0	0.190623	-0.2267901913326108	-0.0051484455752564	False	0	0	0	0	0	0	0	0	0	0	0	0	0	0	0
NC_000962.3	2057000	2058000	0.00037931	erg3,Rv1815	2057500.0	0.37931	0.1052698361982023	0.9147802951997512	False	0	0	0	0	0	0	0	0	0	0	0	0	0	0	0
NC_000962.3	2058000	2059000	6.58291e-05	Rv1815,Rv1816	2058500.0	0.0658291	-0.4464082141411644	-0.6135713643953248	False	0	0	0	0	0	0	0	0	0	0	0	0	0	0	0
NC_000962.3	2059000	2060000	7.92062e-05	Rv1817	2059500.0	0.0792062	-0.422866580672603	-0.5483523574779359	False	2	1	2	1	0	0	1	1	0	0	0	0	2	10	10
NC_000962.3	2060000	2061000	0.000130954	Rv1817	2060500.0	0.130954	-0.3317984313424477	-0.2960599976869755	False	0	0	1	1	0	0	0	0	0	0	0	0	0	0	0
NC_000962.3	2061000	2062000	0.000435316	Rv1817,PE_PGRS33	2061500.0	0.435316	0.2038317609831145	1.1878331767222996	False	0	0	1	1	1	1	3	1	1	1	0	0	0	0	0
NC_000962.3	2062000	2063000	0.000685082	PE_PGRS33,bacA	2062500.0	0.6850820000000001	0.6433814111246776	2.4055478145532616	False	0	0	1	1	2	1	4	1	1	1	0	0	0	0	0
NC_000962.3	2063000	2064000	0.000143979	bacA	2063500.0	0.143979	-0.308876439585788	-0.2325576268368666	False	0	0	0	0	0	0	0	0	0	0	0	0	0	0	0
NC_000962.3	2064000	2065000	3.94271e-05	bacA,ilvG	2064500.0	0.0394271	-0.4928716633818038	-0.7422922546206278	False	0	0	0	0	0	0	0	0	0	0	0	0	0	0	0
NC_000962.3	2065000	2066000	1.3201e-05	ilvG	2065500.0	0.013201	-0.5390255557433647	-0.8701555581255828	False	0	0	0	0	0	0	0	0	0	0	0	0	0	0	0
NC_000962.3	2066000	2067000	0.000453763	ilvG,secA2	2066500.0	0.4537629999999999	0.2362956367554831	1.27777008536506	False	0	0	0	0	0	0	0	0	0	0	0	0	0	0	0
NC_000962.3	2067000	2068000	0.000464676	secA2	2067500.0	0.464676	0.2555008341482223	1.3309755650646562	False	0	0	0	0	0	0	0	0	0	0	0	0	0	0	0
NC_000962.3	2068000	2069000	0.000173198	secA2	2068500.0	0.173198	-0.2574555046807716	-0.0901026729889336	False	0	0	0	0	0	0	0	0	0	0	0	0	0	0	0
NC_000962.3	2069000	2070000	0.00054353	pgsA2,Rv1823	2069500.0	0.54353	0.3942717161428203	1.7154220872154795	False	0	0	0	0	0	0	1	1	0	0	0	0	0	0	0
NC_000962.3	2070000	2071000	2.64021e-05	Rv1823,Rv1824	2070500.0	0.0264020999999999	-0.5157936551384635	-0.805794625470737	False	0	0	0	0	0	0	0	0	0	0	0	0	0	0	0
NC_000962.3	2071000	2072000	0.000397967	Rv1824,Rv1825,gcvH	2071500.0	0.397967	0.1381032795919834	1.005741042451228	False	0	0	0	0	0	0	0	0	0	0	0	0	0	0	0
NC_000962.3	2072000	2073000	0.000776221	gcvH,garA	2072500.0	0.776221	0.8037719989719101	2.8498888953139576	False	0	0	0	0	0	0	0	0	0	0	0	0	0	0	0
NC_000962.3	2073000	2074000	3.96031e-05	garA,Rv1828,Rv1829	2073500.0	0.0396031	-0.4925619305181437	-0.7414341803580851	False	0	0	0	0	0	0	0	0	1	1	0	0	0	0	0
NC_000962.3	2074000	2075000	0.000724984	Rv1829,Rv1830	2074500.0	0.7249840000000001	0.7136027788846955	2.600086901053149	False	2	1	2	1	1	1	1	1	1	1	0	0	2	2	2
NC_000962.3	2075000	2076000	0.000131306	Rv1830,Rv1831,gcvB	2075500.0	0.131306	-0.3311789656151276	-0.2943438491618899	False	0	0	0	0	0	0	0	0	0	0	0	0	0	0	0
NC_000962.3	2076000	2077000	0.0	gcvB	2076500.0	0.0	-0.5622572803636845	-0.9345160032382342	False	0	0	0	0	0	0	0	0	0	0	0	0	0	0	0
NC_000962.3	2077000	2078000	0.000191679	gcvB	2077500.0	0.191679	-0.2249317941506505	0.0	False	0	0	0	0	1	1	0	0	0	0	0	0	0	0	0
NC_000962.3	2078000	2079000	0.000581197	gcvB,Rv1833c	2078500.0	0.581197	0.460559828503519	1.8990646056654643	False	0	0	0	0	0	0	0	0	0	0	0	0	0	0	0
NC_000962.3	2079000	2080000	1.3201e-05	Rv1833c,lipZ	2079500.0	0.013201	-0.5390255557433647	-0.8701555581255828	False	0	0	0	0	0	0	0	0	0	0	0	0	0	0	0
NC_000962.3	2080000	2081000	0.000340235	lipZ,Rv1835c	2080500.0	0.340235	0.0365038609282233	0.7242731826494251	False	0	0	0	0	0	0	0	0	0	0	0	0	0	0	0
NC_000962.3	2081000	2082000	0.000171437	Rv1835c	2081500.0	0.171437	-0.2605545931631883	-0.0986882910363071	False	0	0	0	0	0	0	0	0	0	0	0	0	0	0	0
NC_000962.3	2082000	2083000	0.000477877	Rv1835c,Rv1836c	2082500.0	0.477877	0.2787325587685419	1.3953360101773078	False	0	0	0	0	0	0	0	0	0	0	0	0	0	0	0
NC_000962.3	2083000	2084000	0.00041592	Rv1836c	2083500.0	0.41592	0.1696977915311245	1.0932694926525333	False	0	0	0	0	0	0	0	0	0	0	0	0	0	0	0
NC_000962.3	2084000	2085000	0.00013025	Rv1836c,glcB	2084500.0	0.13025	-0.3330373627970879	-0.2994922947371464	False	0	0	0	0	0	0	0	0	0	0	0	0	0	0	0
NC_000962.3	2085000	2086000	7.88542e-05	glcB	2085500.0	0.0788542	-0.4234860463999231	-0.5500685060030214	False	0	0	0	0	0	0	0	0	0	0	0	0	0	0	0
NC_000962.3	2086000	2087000	0.000451475	glcB	2086500.0	0.451475	0.2322691095279025	1.2666151199520048	False	0	0	0	0	0	0	0	0	0	0	0	0	0	0	0
NC_000962.3	2087000	2088000	0.00015454	vapC13,vapB13,PE_PGRS34	2087500.0	0.1545399999999999	-0.290290707920369	-0.1810682956623567	False	0	0	0	0	0	0	0	0	1	1	0	0	0	0	0
NC_000962.3	2088000	2089000	9.17032e-05	PE_PGRS34	2088500.0	0.0917032	-0.4008737875069235	-0.4874242094154553	False	0	0	0	0	1	1	0	0	1	1	0	0	0	0	0
NC_000962.3	2089000	2090000	2.64021e-05	PE_PGRS34,Rv1841c	2089500.0	0.0264020999999999	-0.5157936551384635	-0.805794625470737	False	0	0	0	0	1	1	2	1	1	1	0	0	0	0	0
NC_000962.3	2090000	2091000	0.000409661	Rv1841c,Rv1842c	2090500.0	0.409661	0.1586829165672141	1.0627542266908572	False	0	0	0	0	0	0	0	0	0	0	0	0	0	0	0
NC_000962.3	2091000	2092000	9.22312e-05	Rv1842c	2091500.0	0.0922312	-0.3999445889159433	-0.484849986627827	False	0	0	0	0	0	0	0	0	0	0	0	0	0	0	0
NC_000962.3	2092000	2093000	0.000398671	Rv1842c,guaB1	2092500.0	0.398671	0.1393422110466237	1.0091733395013986	False	0	0	0	0	0	0	0	0	0	0	0	0	0	0	0
NC_000962.3	2093000	2094000	0.00033249	guaB1,gnd1	2093500.0	0.33249	0.0228738550813651	0.6865130396755984	False	0	0	0	0	0	0	0	0	0	0	0	0	0	0	0
NC_000962.3	2094000	2095000	0.000230578	gnd1	2094500.0	0.230578	-0.1564755517443316	0.1896490382877837	False	0	0	0	0	0	0	0	0	0	0	0	0	0	0	0
NC_000962.3	2095000	2096000	0.000208224	gnd1,blaR	2095500.0	0.208224	-0.1958151451207899	0.0806638561009635	False	0	0	0	0	0	0	0	0	0	0	0	0	0	0	0
NC_000962.3	2096000	2097000	0.00038547	blaR,blaI,Rv1847	2096500.0	0.38547	0.1161104864263039	0.944812894388747	False	0	0	0	0	0	0	0	0	0	0	0	0	0	0	0
NC_000962.3	2097000	2098000	0.00103742	Rv1847,ureA,ureB,ureC	2097500.0	1.03742	1.2634419663306624	4.1233442322565725	False	0	0	0	0	0	0	0	0	0	0	0	0	0	0	0
NC_000962.3	2098000	2099000	2.64021e-05	ureC	2098500.0	0.0264020999999999	-0.5157936551384635	-0.805794625470737	False	0	0	0	0	0	0	0	0	0	0	0	0	0	0	0
NC_000962.3	2099000	2100000	0.000156124	ureC,ureF	2099500.0	0.1561239999999999	-0.2875031121474286	-0.173345627299472	False	0	0	0	0	0	0	0	0	0	0	0	0	0	0	0
NC_000962.3	2100000	2101000	9.24072e-05	ureF,ureG	2100500.0	0.0924072	-0.3996348560522833	-0.4839919123652843	False	0	0	0	0	0	0	0	0	0	0	0	0	0	0	0
NC_000962.3	2101000	2102000	0.000217729	ureG,ureD,ndh	2101500.0	0.217729	-0.1790878106373312	0.1270047417002176	False	0	0	0	0	0	0	0	0	0	0	0	0	0	0	0
NC_000962.3	2102000	2103000	0.000176894	ndh	2102500.0	0.176894	-0.2509511145439106	-0.0720831134755361	False	0	0	0	0	0	0	1	1	0	0	0	0	0	0	0
NC_000962.3	2103000	2104000	0.00018235	ndh,Rv1855c	2103500.0	0.1823499999999999	-0.2413493957704492	-0.0454828113367117	False	0	0	0	0	0	0	0	0	0	0	0	0	0	0	0
NC_000962.3	2104000	2105000	0.000245363	Rv1855c,Rv1856c,modA	2104500.0	0.245363	-0.1304562313510714	0.2617321517633198	False	0	0	0	0	0	0	0	0	0	0	0	0	0	0	0
NC_000962.3	2105000	2106000	7.90302e-05	modA,modB	2105500.0	0.0790302	-0.423176313536263	-0.5492104317404787	False	0	0	0	0	0	0	0	0	0	0	0	0	0	0	0
NC_000962.3	2106000	2107000	1.3201e-05	modB,modC	2106500.0	0.013201	-0.5390255557433647	-0.8701555581255828	False	0	0	0	0	0	0	0	0	0	0	0	0	0	0	0
NC_000962.3	2107000	2108000	0.000230402	modC,apa	2107500.0	0.230402	-0.1567852846079916	0.1887909640252409	False	0	0	0	0	0	0	0	0	0	0	0	0	0	0	0
NC_000962.3	2108000	2109000	0.000923192	apa	2108500.0	0.923192	1.0624182984320274	3.5664345341785517	False	0	0	0	0	0	0	0	0	0	0	0	0	0	0	0
NC_000962.3	2109000	2110000	6.58291e-05	Rv1861,adhA	2109500.0	0.0658291	-0.4464082141411644	-0.6135713643953248	False	0	0	0	0	0	0	0	0	0	0	0	0	0	0	0
NC_000962.3	2110000	2111000	0.000400255	adhA,Rv1863c	2110500.0	0.400255	0.1421298068195641	1.0168960078642837	False	0	0	0	0	0	0	0	0	0	0	0	0	0	0	0
NC_000962.3	2111000	2112000	7.86781e-05	Rv1863c,Rv1864c	2111500.0	0.0786781	-0.4237959552481647	-0.5509270678077587	False	0	0	0	0	0	0	0	0	0	0	0	0	0	0	0
NC_000962.3	2112000	2113000	0.00050956	Rv1864c,Rv1865c	2112500.0	0.50956	0.334489753764799	1.5498040037008392	False	0	0	0	0	0	0	0	0	0	0	0	0	0	0	0
NC_000962.3	2113000	2114000	5.26281e-05	Rv1866	2113500.0	0.0526281	-0.4696399387614841	-0.6779318095079762	False	0	0	0	0	0	0	0	0	0	0	0	0	0	0	0
NC_000962.3	2114000	2115000	0.000118809	Rv1866	2114500.0	0.118809	-0.3531717587808071	-0.3552719972243706	False	0	0	0	0	0	0	0	0	0	0	0	0	0	0	0
NC_000962.3	2115000	2116000	0.000205232	Rv1866,Rv1867	2115500.0	0.205232	-0.2010806038030107	0.066076593637737	False	0	0	0	0	0	0	1	1	0	0	0	0	0	0	0
NC_000962.3	2116000	2117000	5.26281e-05	Rv1867	2116500.0	0.0526281	-0.4696399387614841	-0.6779318095079762	False	0	0	0	0	0	0	0	0	0	0	0	0	0	0	0
NC_000962.3	2117000	2118000	9.22312e-05	Rv1867,Rv1868	2117500.0	0.0922312	-0.3999445889159433	-0.484849986627827	False	0	0	0	0	0	0	0	0	0	0	0	0	0	0	0
NC_000962.3	2118000	2119000	0.000182526	Rv1868	2118500.0	0.182526	-0.2410396629067892	-0.0446247370741685	False	0	0	0	0	1	1	0	0	0	0	0	0	0	0	0
NC_000962.3	2119000	2120000	6.56531e-05	Rv1868,Rv1869c	2119500.0	0.0656530999999999	-0.4467179470048244	-0.6144294386578679	False	0	0	0	0	1	1	0	0	0	0	0	0	0	0	0
NC_000962.3	2120000	2121000	0.000411344	Rv1869c,Rv1870c	2120500.0	0.411344	0.1616447370759632	1.070959561826422	False	0	0	0	0	0	0	0	0	0	0	0	0	0	0	0
NC_000962.3	2121000	2122000	3.94271e-05	Rv1870c,Rv1871c,lldD2	2121500.0	0.0394271	-0.4928716633818038	-0.7422922546206278	False	0	0	0	0	0	0	0	0	0	0	0	0	0	0	0
NC_000962.3	2122000	2123000	0.00158113	lldD2	2122500.0	1.58113	2.2202877350840926	6.7741598986606135	False	0	0	0	0	0	0	0	0	0	0	0	0	0	0	0
NC_000962.3	2123000	2124000	0.000374205	lldD2,Rv1873,Rv1874	2123500.0	0.374205	0.0962858233062448	0.8898912661640659	False	0	0	0	0	0	0	0	0	0	0	0	0	0	0	0
NC_000962.3	2124000	2125000	0.000196959	Rv1874,Rv1875	2124500.0	0.196959	-0.2156398082408491	0.0257422278762821	False	0	0	0	0	0	0	0	0	0	0	0	0	0	0	0
NC_000962.3	2125000	2126000	0.000104904	bfrA,Rv1877	2125500.0	0.104904	-0.377642414855767	-0.423064739387193	False	0	0	0	0	0	0	0	0	0	0	0	0	0	0	0
NC_000962.3	2126000	2127000	0.00023181	Rv1877	2126500.0	0.23181	-0.1543074216987113	0.1956555581255827	False	0	0	0	0	0	0	0	0	0	0	0	0	0	0	0
NC_000962.3	2127000	2128000	0.00018235	Rv1877	2127500.0	0.1823499999999999	-0.2413493957704492	-0.0454828113367117	False	0	0	0	0	0	0	0	0	0	0	0	0	0	0	0
NC_000962.3	2128000	2129000	0.00048	glnA3	2128500.0	0.48	0.2824687114364412	1.4056865309692297	False	0	0	0	0	0	0	0	0	0	0	0	0	0	0	0
NC_000962.3	2129000	2130000	0.000224502	glnA3,Rv1879	2129500.0	0.224502	-0.1671683749238681	0.1600259745422742	False	0	0	0	0	0	0	0	0	0	0	0	0	0	0	0
NC_000962.3	2130000	2131000	0.000306088	Rv1879,cyp140	2130500.0	0.3060879999999999	-0.0235895941592743	0.5577921494502949	False	0	0	0	0	0	0	0	0	0	0	0	0	0	0	0
NC_000962.3	2131000	2132000	0.000173198	cyp140,lppE	2131500.0	0.173198	-0.2574555046807716	-0.0901026729889336	False	0	0	0	0	0	0	0	0	0	0	0	0	0	0	0
NC_000962.3	2132000	2133000	0.000410288	lppE,Rv1882c	2132500.0	0.410288	0.159786339894003	1.0658111162511654	False	0	0	0	0	0	0	0	0	0	0	0	0	0	0	0
NC_000962.3	2133000	2134000	3.96031e-05	Rv1882c,Rv1883c,rpfC	2133500.0	0.0396031	-0.4925619305181437	-0.7414341803580851	False	0	0	0	0	0	0	1	1	0	0	0	0	0	0	0
NC_000962.3	2134000	2135000	0.000113881	rpfC,Rv1885c,fbpB	2134500.0	0.113881	-0.3618442789632884	-0.3792980765755672	False	0	0	0	0	0	0	2	1	0	0	0	0	0	0	0
NC_000962.3	2135000	2136000	0.00063981	fbpB	2135500.0	0.63981	0.5637096713313956	2.184827712201927	False	0	0	0	0	0	0	3	1	0	0	0	0	0	0	0
NC_000962.3	2136000	2137000	3.94271e-05	Rv1887	2136500.0	0.0394271	-0.4928716633818038	-0.7422922546206278	False	0	0	0	0	0	0	0	0	0	0	0	0	0	0	0
NC_000962.3	2137000	2138000	7.92062e-05	Rv1887,Rv1888c	2137500.0	0.0792062	-0.422866580672603	-0.5483523574779359	False	0	0	0	0	0	0	0	0	0	0	0	0	0	0	0
NC_000962.3	2138000	2139000	0.00112772	Rv1888c,Rv1888A,Rv1889c	2138500.0	1.12772	1.422356043538061	4.563594834004352	False	0	0	0	0	0	0	0	0	0	0	0	0	0	0	0
NC_000962.3	2139000	2140000	0.000188335	Rv1889c,Rv1890c,Rv1891	2139500.0	0.188335	-0.2308167185601914	-0.0163034109883119	False	0	0	0	0	0	0	0	0	0	0	0	0	0	0	0
NC_000962.3	2140000	2141000	0.000245363	Rv1891,Rv1892,Rv1893,Rv1894c	2140500.0	0.245363	-0.1304562313510714	0.2617321517633198	False	0	0	0	0	0	0	0	0	0	0	0	0	0	0	0
NC_000962.3	2141000	2142000	0.000271589	Rv1894c	2141500.0	0.2715889999999999	-0.0843025149740921	0.3895949677260797	False	0	0	0	0	0	0	0	0	0	0	0	0	0	0	0
NC_000962.3	2142000	2143000	0.0006641	Rv1895	2142500.0	0.6641	0.6064563262081146	2.303251711276717	False	0	0	0	0	0	0	0	0	0	0	0	0	0	0	0
NC_000962.3	2143000	2144000	0.000277335	Rv1895,Rv1896c	2143500.0	0.277335	-0.0741904409139181	0.417609142229322	False	0	0	0	0	0	0	0	0	0	0	0	0	0	0	0
NC_000962.3	2144000	2145000	0.000166509	Rv1896c,Rv1897c,Rv1898	2144500.0	0.166509	-0.2692271133456697	-0.1227143703875038	False	0	0	0	0	0	0	0	0	0	0	0	0	0	0	0
NC_000962.3	2145000	2146000	0.000345163	Rv1898,lppD	2145500.0	0.345163	0.0451763811107046	0.7482992620006217	False	0	0	0	0	0	0	0	0	0	0	0	0	0	0	0
NC_000962.3	2146000	2147000	0.000225474	lppD,lipJ	2146500.0	0.225474	-0.1654578047904729	0.1647648846740443	False	0	0	0	0	0	0	0	0	0	0	0	0	0	0	0
NC_000962.3	2147000	2148000	0.000361532	lipJ,cinA	2147500.0	0.361532	0.0739832972769052	0.8281050438390426	False	0	0	0	0	0	0	0	0	0	0	0	0	0	0	0
NC_000962.3	2148000	2149000	3.96031e-05	cinA	2148500.0	0.0396031	-0.4925619305181437	-0.7414341803580851	False	0	0	0	0	0	0	0	0	0	0	0	0	0	0	0
NC_000962.3	2149000	2150000	0.000140283	nanT	2149500.0	0.140283	-0.315380829722649	-0.2505771863502641	False	0	0	0	0	0	0	0	0	0	0	0	0	0	0	0
NC_000962.3	2150000	2151000	7.85912e-05	nanT,Rv1903,Rv1904	2150500.0	0.0785912	-0.4239488858495969	-0.5513507419748891	False	0	0	0	0	0	0	0	0	0	0	0	0	0	0	0
NC_000962.3	2151000	2152000	0.000794702	Rv1904,aao	2151500.0	0.794702	0.8362957095020312	2.939991568302891	False	0	0	0	0	0	0	0	0	0	0	0	0	0	0	0
NC_000962.3	2152000	2153000	2.64021e-05	aao,Rv1906c	2152500.0	0.0264020999999999	-0.5157936551384635	-0.805794625470737	False	0	0	0	0	0	0	0	0	0	0	0	0	0	0	0
NC_000962.3	2153000	2154000	0.000294647	Rv1907c,katG	2153500.0	0.294647	-0.0437239901429935	0.5020124469630711	False	0	0	0	0	0	0	0	0	0	0	0	0	0	0	0
NC_000962.3	2154000	2155000	0.000578029	katG	2154500.0	0.578029	0.4549846369576381	1.8836192689396951	False	0	0	0	0	0	0	0	0	0	0	0	0	0	0	0
NC_000962.3	2155000	2156000	0.000692702	katG	2155500.0	0.692702	0.6567914362445045	2.4426985297838044	False	0	0	0	0	0	0	0	0	0	0	0	0	0	0	0
NC_000962.3	2156000	2157000	0.000332138	katG,furA,Rv1910c	2156500.0	0.332138	0.022254389354045	0.6847968911505128	False	0	0	0	0	0	0	1	1	1	1	0	0	0	0	0
NC_000962.3	2157000	2158000	0.000310312	Rv1910c,lppC	2157500.0	0.310312	-0.0161560054314332	0.5783859317513209	False	0	0	0	0	0	0	1	1	2	1	0	0	0	0	0
NC_000962.3	2158000	2159000	0.00079347	fadB5	2158500.0	0.79347	0.8341275794564109	2.933985048465092	False	0	0	0	0	0	0	0	0	0	0	0	0	0	0	0
NC_000962.3	2159000	2160000	0.000104904	fadB5,Rv1913,Rv1914c	2159500.0	0.104904	-0.377642414855767	-0.423064739387193	False	0	0	0	0	0	0	0	0	0	0	0	0	0	0	0
NC_000962.3	2160000	2161000	0.000423841	Rv1914c,aceAa	2160500.0	0.423841	0.1836375302416427	1.1318877098889026	False	0	0	0	0	0	0	0	0	0	0	0	0	0	0	0
NC_000962.3	2161000	2162000	0.000178478	aceAa,aceAb	2161500.0	0.178478	-0.2481635187709702	-0.0643604451126514	False	0	0	0	0	0	0	0	0	0	0	0	0	0	0	0
NC_000962.3	2162000	2163000	0.000153308	aceAb,PPE34	2162500.0	0.153308	-0.2924588379659893	-0.1870748155001553	False	0	0	0	0	0	0	0	0	1	1	0	0	0	0	0
NC_000962.3	2163000	2164000	0.00132843	PPE34	2163500.0	1.32843	1.7755746973176512	5.54214077283931	False	0	0	2	1	1	1	3	1	1	1	0	7	0	0	0
NC_000962.3	2164000	2165000	8.74327e-05	PPE34	2164500.0	0.0874326999999999	-0.4083892090652202	-0.5082446988369828	False	0	0	2	1	1	1	2	1	1	1	0	0	0	0	0
NC_000962.3	2165000	2166000	0.00123568	PPE34	2165500.0	1.23568	1.6123489978604395	5.08994538732318	False	1	1	2	1	1	1	2	1	1	1	0	1	1	3	3
NC_000962.3	2166000	2167000	6.49559e-05	PPE34	2166500.0	0.0649559	-0.4479449115079141	-0.6178285828388037	False	0	0	1	1	0	0	4	1	1	1	0	0	0	0	0
NC_000962.3	2167000	2168000	0.00083063	PPE34,PPE35	2167500.0	0.83063	0.8995234499882706	3.1151557279883195	False	0	0	1	1	0	0	2	1	2	1	0	0	0	0	0
NC_000962.3	2168000	2169000	0.000118633	PPE35	2168500.0	0.118633	-0.3534814916444672	-0.3561300714869132	False	0	0	2	1	0	0	3	1	1	1	0	0	0	0	0
NC_000962.3	2169000	2170000	0.000203296	PPE35	2169500.0	0.203296	-0.2044876653032712	0.0566377767497669	False	0	0	2	1	0	0	3	1	1	1	0	0	0	0	0
NC_000962.3	2170000	2171000	0.000242371	PPE35	2170500.0	0.2423709999999999	-0.1357216900332923	0.2471448893000928	False	0	0	0	0	0	0	1	1	1	1	0	0	0	0	0
NC_000962.3	2171000	2172000	0.000161933	Rv1919c,Rv1920	2171500.0	0.161933	-0.2772801678008308	-0.145024301213615	False	0	0	0	0	0	0	0	0	0	0	0	0	0	0	0
NC_000962.3	2172000	2173000	0.000815472	Rv1920,lppF	2172500.0	0.815472	0.8728477071055493	3.041254082126826	False	0	0	0	0	0	0	0	0	0	0	0	0	0	0	0
NC_000962.3	2173000	2174000	0.000701415	lppF	2173500.0	0.701415	0.6721249728414931	2.485178081201616	False	0	0	0	0	0	0	0	0	0	0	0	0	0	0	0
NC_000962.3	2174000	2175000	0.000277574	Rv1922	2174500.0	0.277574	-0.0737698377638343	0.4187743680744794	False	0	0	0	0	0	0	0	0	0	0	0	0	0	0	0
NC_000962.3	2175000	2176000	0.00020312	Rv1922,lipD	2175500.0	0.20312	-0.2047973981669313	0.0557797024872241	False	0	0	0	0	0	0	0	0	0	0	0	0	0	0	0
NC_000962.3	2176000	2177000	0.00022917	lipD,Rv1924c	2176500.0	0.22917	-0.1589534146536119	0.1827844441874418	False	0	0	0	0	0	0	0	0	0	0	0	0	0	0	0
NC_000962.3	2177000	2178000	0.000929352	fadD31	2177500.0	0.929352	1.0732589486601292	3.596467133367547	False	0	0	0	0	0	0	0	0	0	0	0	0	0	0	0
NC_000962.3	2178000	2179000	0.000232162	fadD31,mpt63	2178500.0	0.232162	-0.1536879559713911	0.1973717066506683	False	0	0	0	0	0	0	0	0	0	0	0	0	0	0	0
NC_000962.3	2179000	2180000	0.000599351	mpt63,Rv1927	2179500.0	0.5993510000000001	0.4925080694517263	1.9875730156779692	False	0	0	0	0	0	0	0	0	0	0	0	0	0	0	0
NC_000962.3	2180000	2181000	7.77121e-05	Rv1927,Rv1928c	2180500.0	0.0777120999999999	-0.4254959663066625	-0.5556367254078517	False	0	0	0	0	0	0	0	0	0	0	0	0	0	0	0
NC_000962.3	2181000	2182000	7.85021e-05	Rv1928c,Rv1929c,Rv1930c	2181500.0	0.0785020999999999	-0.4241056881118248	-0.5517851420703019	False	0	0	0	0	0	0	0	0	0	0	0	0	0	0	0
NC_000962.3	2182000	2183000	5.28041e-05	Rv1930c,Rv1931c	2182500.0	0.0528041	-0.469330205897824	-0.6770737352454336	False	0	0	0	0	0	0	0	0	0	0	0	0	0	0	0
NC_000962.3	2183000	2184000	6.58291e-05	Rv1931c,tpx,fadE18	2183500.0	0.0658291	-0.4464082141411644	-0.6135713643953248	False	0	0	0	0	0	0	0	0	0	0	0	0	0	0	0
NC_000962.3	2184000	2185000	0.00027599	fadE18,fadE17	2184500.0	0.27599	-0.0765574335367747	0.4110516997115949	False	0	0	0	0	0	0	0	0	0	0	0	0	0	0	0
NC_000962.3	2185000	2186000	0.000946602	fadE17	2185500.0	0.946602	1.103616288990446	3.680568161940627	False	0	0	0	0	0	0	0	0	0	0	0	0	0	0	0
NC_000962.3	2186000	2187000	0.000375613	fadE17,echA13	2186500.0	0.375613	0.0987636862155251	0.8967558602644076	False	0	0	0	0	0	0	0	0	0	0	0	0	0	0	0
NC_000962.3	2187000	2188000	0.000981101	echA13,Rv1936	2187500.0	0.981101	1.164329209805264	3.848765343664843	False	0	0	0	0	0	0	0	0	0	0	0	0	0	0	0
NC_000962.3	2188000	2189000	0.000112473	Rv1936,Rv1937	2188500.0	0.112473	-0.3643221418725688	-0.386162670675909	False	0	0	0	0	0	0	0	0	0	0	0	0	0	0	0
NC_000962.3	2189000	2190000	0.000191327	Rv1937	2189500.0	0.191327	-0.2255512598779706	-0.0017161485250854	False	0	0	0	0	0	0	0	0	0	0	0	0	0	0	0
NC_000962.3	2190000	2191000	6.60051e-05	Rv1937	2190500.0	0.0660051	-0.4460984812775044	-0.6127132901327821	False	0	0	0	0	0	0	0	0	0	0	0	0	0	0	0
NC_000962.3	2191000	2192000	0.000653891	Rv1937,ephB	2191500.0	0.653891	0.5884900602700155	2.253478528627292	False	0	0	0	0	0	0	0	0	0	0	0	0	0	0	0
NC_000962.3	2192000	2193000	5.26281e-05	ephB,Rv1939,ribA1	2192500.0	0.0526281	-0.4696399387614841	-0.6779318095079762	False	0	0	0	0	0	0	0	0	0	0	0	0	0	0	0
NC_000962.3	2193000	2194000	2.64021e-05	ribA1,Rv1941	2193500.0	0.0264020999999999	-0.5157936551384635	-0.805794625470737	False	0	0	0	0	0	0	0	0	0	0	0	0	0	0	0
NC_000962.3	2194000	2195000	6.56531e-05	Rv1941,mazF5,mazE5	2194500.0	0.0656530999999999	-0.4467179470048244	-0.6144294386578679	False	0	0	0	0	0	0	0	0	0	0	0	0	0	0	0
NC_000962.3	2195000	2196000	0.000129722	mazE5,Rv1944c,Rv1945	2195500.0	0.129722	-0.333966561388068	-0.3020665175247746	False	1	1	0	0	0	0	1	1	1	1	0	0	1	16	16
NC_000962.3	2196000	2197000	0.00358822	Rv1945	2196500.0	3.58822	5.752456674421831	16.559570532790737	True	1	1	0	0	0	0	2	1	1	1	7	7	1	27	27
NC_000962.3	2197000	2198000	0.00145563	Rv1945,lppG	2197500.0	1.45563	1.9994270851446847	6.162294444404288	False	1	1	0	0	0	0	2	1	1	1	7	7	1	19	19
NC_000962.3	2198000	2199000	0.000560956	Rv1947,Rv1948c	2198500.0	0.560956	0.4249387893367975	1.8003811900511035	False	1	1	0	0	0	0	1	1	0	0	0	0	1	5	5
NC_000962.3	2199000	2200000	0.00101666	Rv1948c,Rv1949c,Rv1950c	2199500.0	1.01666	1.226907567185307	4.022130472652099	False	0	0	0	0	0	0	0	0	0	0	0	0	0	0	0
NC_000962.3	2200000	2201000	1.3201e-05	Rv1949c,Rv1950c,Rv1951c,vapB14,vapC14	2200500.0	0.013201	-0.5390255557433647	-0.8701555581255828	False	0	0	0	0	0	0	0	0	0	0	0	0	0	0	0
NC_000962.3	2201000	2202000	0.000267189	vapC14,Rv1954c,Rv1954A,higB	2201500.0	0.2671889999999999	-0.0920458365655933	0.3681431111625112	False	0	0	0	0	0	0	0	0	0	0	0	0	0	0	0
NC_000962.3	2202000	2203000	0.000928296	higB,higA,Rv1957	2202500.0	0.928296	1.0714005514781686	3.5913186877922905	False	0	0	0	0	0	0	0	0	0	0	0	0	0	0	0
NC_000962.3	2203000	2204000	5.28041e-05	Rv1957,Rv1958c,parE1,parD1	2203500.0	0.0528041	-0.469330205897824	-0.6770737352454336	False	0	0	0	0	0	0	0	0	0	0	0	0	0	0	0
NC_000962.3	2204000	2205000	0.000154716	parD1,Rv1961,vapC35	2204500.0	0.154716	-0.289980975056709	-0.1802102213998135	False	0	0	0	0	0	0	0	0	0	0	0	0	0	0	0
NC_000962.3	2205000	2206000	0.0001563	vapC35,vapB35,mce3R	2205500.0	0.1563	-0.2871933792837686	-0.1724875530369288	False	0	0	0	0	0	0	0	0	0	0	0	0	0	0	0
NC_000962.3	2206000	2207000	9.22312e-05	mce3R	2206500.0	0.0922312	-0.3999445889159433	-0.484849986627827	False	0	0	0	0	0	0	0	0	0	0	0	0	0	0	0
NC_000962.3	2207000	2208000	0.000330026	yrbE3A	2207500.0	0.330026	0.0185375949901244	0.6745	False	0	0	0	0	0	0	0	0	0	0	0	0	0	0	0
NC_000962.3	2208000	2209000	9.02248e-05	yrbE3A,yrbE3B	2208500.0	0.0902248	-0.4034755435616678	-0.4946320332208143	False	0	0	0	0	0	0	0	0	0	0	0	0	0	0	0
NC_000962.3	2209000	2210000	0.000500336	yrbE3B,mce3A	2209500.0	0.500336	0.3182569359557066	1.504833111668486	False	0	0	0	0	0	0	0	0	0	0	0	0	0	0	0
NC_000962.3	2210000	2211000	0.000152124	mce3A,mce3B	2210500.0	0.152124	-0.2945424954124296	-0.1928473150845337	False	0	0	0	0	0	0	0	0	0	0	0	0	0	0	0
NC_000962.3	2211000	2212000	0.000318366	mce3B,mce3C	2211500.0	0.318366	-0.0019822072273536	0.6176525801065437	False	0	0	0	0	0	0	0	0	0	0	0	0	0	0	0
NC_000962.3	2212000	2213000	0.000237117	mce3C,mce3D	2212500.0	0.237117	-0.1449679199518711	0.221529422394414	False	0	0	0	0	0	0	0	0	0	0	0	0	0	0	0
NC_000962.3	2213000	2214000	0.000174837	mce3D	2213500.0	0.174837	-0.2545711173879375	-0.0821118564190043	False	0	0	0	0	0	0	0	0	0	0	0	0	0	0	0
NC_000962.3	2214000	2215000	1.28497e-05	mce3D,lprM	2214500.0	0.0128497	-0.5396437895786135	-0.8718682938553058	False	0	0	0	0	0	0	0	0	0	0	0	0	0	0	0
NC_000962.3	2215000	2216000	7.67641e-05	lprM,mce3F	2215500.0	0.0767641	-0.4271643001404678	-0.5602586254129109	False	0	0	0	0	0	0	0	0	0	0	0	0	0	0	0
NC_000962.3	2216000	2217000	0.00093814	mce3F,Rv1972	2216500.0	0.93814	1.088724473693336	3.639312341431328	False	0	0	0	0	1	1	0	0	0	0	0	0	0	0	0
NC_000962.3	2217000	2218000	6.43406e-05	Rv1972,Rv1973,Rv1974	2217500.0	0.0643406	-0.4490277446386529	-0.6208284299623411	False	0	0	0	0	0	0	0	0	0	0	0	0	0	0	0
NC_000962.3	2218000	2219000	0.000538159	Rv1974,Rv1975,Rv1976c	2218500.0	0.5381589999999999	0.3848195842637402	1.6892361959420874	False	0	0	0	0	0	0	0	0	0	0	0	0	0	0	0
NC_000962.3	2219000	2220000	0.00031674	Rv1976c,Rv1977	2219500.0	0.3167399999999999	-0.0048437165245765	0.6097251440219156	False	0	0	0	0	0	0	0	0	0	0	0	0	0	0	0
NC_000962.3	2220000	2221000	6.40874e-05	Rv1977,Rv1978	2220500.0	0.0640874	-0.4494733375993275	-0.6220628867991354	False	0	0	0	0	0	0	0	0	0	0	0	0	0	0	0
NC_000962.3	2221000	2222000	0.000712008	Rv1978,Rv1979c	2221500.0	0.712008	0.690767019573032	2.5368234258784077	False	0	0	0	0	0	0	0	0	0	0	0	0	0	0	0
NC_000962.3	2222000	2223000	0.000243446	Rv1979c	2222500.0	0.243446	-0.1338298557808232	0.2523859678923287	False	0	0	0	0	0	0	0	0	0	0	0	0	0	0	0
NC_000962.3	2223000	2224000	0.000192745	Rv1979c,mpt64	2223500.0	0.192745	-0.2230557985105278	0.0051971997947191	False	0	0	0	0	0	0	0	0	0	0	0	0	0	0	0
NC_000962.3	2224000	2225000	1.3201e-05	mpt64,nrdF1	2224500.0	0.013201	-0.5390255557433647	-0.8701555581255828	False	0	0	0	0	0	0	0	0	0	0	0	0	0	0	0
NC_000962.3	2225000	2226000	0.000785197	nrdF1,vapC36,vapB36	2225500.0	0.7851969999999999	0.8195683750185724	2.8936506827036363	False	0	0	0	0	0	0	0	0	0	0	0	0	0	0	0
NC_000962.3	2226000	2227000	0.000144081	vapB36,PE_PGRS35	2226500.0	0.144081	-0.3086969353125305	-0.2320603337983476	False	0	0	0	0	0	0	0	0	1	1	0	0	0	0	0
NC_000962.3	2227000	2228000	0.00018491	PE_PGRS35,cfp21	2227500.0	0.18491	-0.2368441904808486	-0.0330017311542714	False	0	0	0	0	0	0	0	0	1	1	0	0	0	0	0
NC_000962.3	2228000	2229000	3.93406e-05	cfp21,Rv1985c	2228500.0	0.0393406	-0.4930238900449095	-0.7427139786189797	False	0	0	0	0	0	0	0	0	0	0	0	0	0	0	0
NC_000962.3	2229000	2230000	0.000597534	Rv1985c	2229500.0	0.597534	0.4893104296035996	1.9787143740016049	False	0	0	0	0	0	0	0	0	0	0	0	0	0	0	0
NC_000962.3	2230000	2231000	0.000525626	Rv1986	2230500.0	0.5256259999999999	0.3627634366486756	1.6281325326895413	False	0	0	0	0	0	0	1	1	0	0	0	0	0	0	0
NC_000962.3	2231000	2232000	0.000403973	Rv1987,erm(37)	2231500.0	0.403973	0.1486729135643826	1.0350228266604988	False	0	0	0	0	0	0	0	0	0	0	0	0	0	0	0
NC_000962.3	2232000	2233000	0.000270195	erm(37),Rv1989c	2232500.0	0.2701949999999999	-0.086755740041945	0.3827986295329855	False	0	0	0	0	0	0	0	0	0	0	0	0	0	0	0
NC_000962.3	2233000	2234000	0.000179886	Rv1989c,Rv1990c,Rv1990A	2233500.0	0.179886	-0.2456856558616899	-0.0574958510123096	False	0	0	0	0	0	0	0	0	0	0	0	0	0	0	0
NC_000962.3	2234000	2235000	0.000189567	Rv1990A,mazF6,mazE6,ctpG	2234500.0	0.1895669999999999	-0.2286485885145711	-0.0102968911505132	False	0	0	0	0	0	0	0	0	0	0	0	0	0	0	0
NC_000962.3	2235000	2236000	0.000626273	ctpG	2235500.0	0.626273	0.5398866385168158	2.1188291253153304	False	0	0	0	0	0	0	0	0	0	0	0	0	0	0	0
NC_000962.3	2236000	2237000	5.17508e-05	ctpG	2236500.0	0.0517508	-0.4711838514960805	-0.6822090171814351	False	0	0	0	0	0	0	0	0	0	0	0	0	0	0	0
NC_000962.3	2237000	2238000	0.000215992	ctpG,Rv1993c,cmtR	2237500.0	0.215992	-0.1821446628201579	0.1185361337795543	False	0	0	0	0	0	0	0	0	0	0	0	0	0	0	0
NC_000962.3	2238000	2239000	0.000509694	Rv1995	2238500.0	0.509694	0.3347255731041765	1.5504573102416388	False	0	0	0	0	0	0	0	0	0	0	0	0	0	0	0
NC_000962.3	2239000	2240000	0.00036781	Rv1996	2239500.0	0.3678099999999999	0.0850316093113243	0.8587129428176972	False	0	0	0	0	0	0	0	0	0	0	0	0	0	0	0
NC_000962.3	2240000	2241000	0.000440914	ctpF	2240500.0	0.440914	0.2136833778624834	1.2151257887774942	False	0	0	0	0	0	0	0	0	0	0	0	0	0	0	0
NC_000962.3	2241000	2242000	0.000512024	ctpF	2241500.0	0.512024	0.3388260138560397	1.5618170433764376	False	0	0	0	0	0	0	0	0	0	0	0	0	0	0	0
NC_000962.3	2242000	2243000	0.000344635	ctpF,Rv1998c	2242500.0	0.3446349999999999	0.0442471825197245	0.745725039212993	False	0	0	0	0	0	0	0	0	0	0	0	0	0	0	0
NC_000962.3	2243000	2244000	0.000279862	Rv1998c,Rv1999c	2243500.0	0.279862	-0.0697433105362536	0.429929333487535	False	0	0	0	0	0	0	0	0	0	0	0	0	0	0	0
NC_000962.3	2244000	2245000	0.00072412	Rv1999c	2244500.0	0.72412	0.7120822720994552	2.5958745364915754	False	0	0	0	0	0	0	0	0	0	0	0	0	0	0	0
NC_000962.3	2245000	2246000	0.000895382	Rv1999c,Rv2000	2245500.0	0.895382	1.0134769862821076	3.430849049852906	False	0	0	0	0	0	0	0	0	0	0	0	0	0	0	0
NC_000962.3	2246000	2247000	0.000403775	Rv2000,Rv2001	2246500.0	0.403775	0.148324464092765	1.034057493115138	False	0	0	0	0	0	0	0	0	0	0	0	0	0	0	0
NC_000962.3	2247000	2248000	0.000371213	Rv2001,fabG3	2247500.0	0.371213	0.091020364624024	0.8753040037008393	False	0	0	0	0	0	0	0	0	0	0	0	0	0	0	0
NC_000962.3	2248000	2249000	0.000360124	fabG3,Rv2003c	2248500.0	0.360124	0.0715054343676248	0.8212404497387006	False	0	0	0	0	0	0	0	0	0	0	0	0	0	0	0
NC_000962.3	2249000	2250000	0.000418385	Rv2003c,Rv2004c	2249500.0	0.418385	0.1740358114681813	1.1052874077500778	False	0	0	0	0	0	0	0	0	0	0	0	0	0	0	0
NC_000962.3	2250000	2251000	3.96031e-05	Rv2004c,Rv2005c	2250500.0	0.0396031	-0.4925619305181437	-0.7414341803580851	False	0	0	0	0	0	0	0	0	0	0	0	0	0	0	0
NC_000962.3	2251000	2252000	0.000477877	Rv2005c	2251500.0	0.477877	0.2787325587685419	1.3953360101773078	False	0	0	0	0	0	0	0	0	0	0	0	0	0	0	0
NC_000962.3	2252000	2253000	7.86781e-05	otsB1	2252500.0	0.0786781	-0.4237959552481647	-0.5509270678077587	False	0	0	0	0	0	0	0	0	0	0	0	0	0	0	0
NC_000962.3	2253000	2254000	0.000490022	otsB1	2253500.0	0.490022	0.3001058862069014	1.454548009714703	False	0	0	0	0	0	0	0	0	0	0	0	0	0	0	0
NC_000962.3	2254000	2255000	3.96031e-05	otsB1	2254500.0	0.0396031	-0.4925619305181437	-0.7414341803580851	False	0	0	0	0	0	0	0	0	0	0	0	0	0	0	0
NC_000962.3	2255000	2256000	0.000258564	otsB1	2255500.0	0.258564	-0.1072245067307517	0.3260925968759714	False	0	0	0	0	0	0	0	0	0	0	0	0	0	0	0
NC_000962.3	2256000	2257000	2.64021e-05	fdxA,Rv2008c	2256500.0	0.0264020999999999	-0.5157936551384635	-0.805794625470737	False	0	0	0	0	0	0	0	0	0	0	0	0	0	0	0
NC_000962.3	2257000	2258000	2.64021e-05	Rv2008c	2257500.0	0.0264020999999999	-0.5157936551384635	-0.805794625470737	False	0	0	0	0	0	0	0	0	0	0	0	0	0	0	0
NC_000962.3	2258000	2259000	0.000191503	vapB15,vapC15,Rv2011c	2258500.0	0.191503	-0.2252415270143105	-0.0008580742625426	False	0	0	0	0	0	0	0	0	0	0	0	0	0	0	0
NC_000962.3	2259000	2260000	0.000105432	Rv2011c,Rv2012	2259500.0	0.105432	-0.3767132162647869	-0.4204905165995648	False	0	0	0	0	0	0	0	0	0	0	0	0	0	0	0
NC_000962.3	2260000	2261000	0.000577853	Rv2013	2260500.0	0.5778530000000001	0.4546749040939782	1.8827611946771527	False	0	0	0	0	0	0	2	1	1	1	0	0	0	0	0
NC_000962.3	2261000	2262000	0.000117753	Rv2013,Rv2014,Rv2015c	2261500.0	0.117753	-0.3550301559627674	-0.360420442799627	False	0	0	0	0	0	0	1	1	3	1	0	0	0	0	0
NC_000962.3	2262000	2263000	0.0023049	Rv2015c	2262500.0	2.3049	3.4940113415115444	10.30284404070923	True	1	1	0	0	0	0	1	1	1	1	0	0	1	0	0
NC_000962.3	2263000	2264000	0.000490565	Rv2015c,Rv2016,Rv2017	2263500.0	0.490565	0.3010614824851252	1.457195363831525	False	1	1	0	0	0	0	1	1	1	1	0	0	1	0	0
NC_000962.3	2264000	2265000	3.5663e-05	Rv2016,Rv2017	2264500.0	0.035663	-0.4994958990187514	-0.760643830368566	False	0	0	0	0	0	0	0	0	0	0	0	0	0	0	0
NC_000962.3	2265000	2266000	0.000179812	Rv2017,Rv2018,Rv2019	2265500.0	0.179812	-0.2458158844520924	-0.0578566322363332	False	0	0	0	0	0	0	0	0	0	0	0	0	0	0	0
NC_000962.3	2266000	2267000	0.00012561	Rv2019,Rv2020c,Rv2021c	2266500.0	0.12561	-0.3412030473844891	-0.3221142525678185	False	0	0	0	0	0	0	0	0	0	0	0	0	0	0	0
NC_000962.3	2267000	2268000	0.000700359	Rv2021c,Rv2022c,Rv2023c	2267500.0	0.700359	0.6702665756595327	2.48002963562636	False	0	0	0	0	0	0	0	0	0	0	0	0	0	0	0
NC_000962.3	2268000	2269000	0.00102651	Rv2023c,Rv2023A,Rv2024c	2268500.0	1.02651	1.244242048475372	4.070153378822815	False	0	0	0	0	0	0	0	0	0	0	0	0	0	0	0
NC_000962.3	2269000	2270000	0.000516952	Rv2024c	2269500.0	0.516952	0.3474985340385209	1.5858431227276342	False	0	0	0	0	0	0	0	0	0	0	0	0	0	0	0
NC_000962.3	2270000	2271000	9.17032e-05	Rv2024c,Rv2025c	2270500.0	0.0917032	-0.4008737875069235	-0.4874242094154553	False	0	0	0	0	0	0	0	0	0	0	0	0	0	0	0
NC_000962.3	2271000	2272000	0.000255044	Rv2025c,Rv2026c	2271500.0	0.255044	-0.1134191640039526	0.3089311116251165	False	0	0	0	0	0	0	0	0	0	0	0	0	0	0	0
NC_000962.3	2272000	2273000	0.000165101	Rv2026c,dosT	2272500.0	0.165101	-0.27170497625495	-0.1295789644878457	False	0	0	0	0	0	0	0	0	0	0	0	0	0	0	0
NC_000962.3	2273000	2274000	2.64021e-05	dosT	2273500.0	0.0264020999999999	-0.5157936551384635	-0.805794625470737	False	0	0	0	0	0	0	0	0	0	0	0	0	0	0	0
NC_000962.3	2274000	2275000	7.86781e-05	dosT,Rv2028c	2274500.0	0.0786781	-0.4237959552481647	-0.5509270678077587	False	0	0	0	0	0	0	0	0	0	0	0	0	0	0	0
NC_000962.3	2275000	2276000	0.000206464	Rv2028c,pfkB	2275500.0	0.206464	-0.1989124737573904	0.0720831134755362	False	0	0	0	0	0	0	0	0	0	0	0	0	0	0	0
NC_000962.3	2276000	2277000	9.18792e-05	pfkB,Rv2030c	2276500.0	0.0918792	-0.4005640546432634	-0.4865661351529126	False	0	0	0	0	0	0	0	0	0	0	0	0	0	0	0
NC_000962.3	2277000	2278000	5.28041e-05	Rv2030c	2277500.0	0.0528041	-0.469330205897824	-0.6770737352454336	False	0	0	0	0	0	0	0	0	0	0	0	0	0	0	0
NC_000962.3	2278000	2279000	6.58291e-05	Rv2030c,hspX	2278500.0	0.0658291	-0.4464082141411644	-0.6135713643953248	False	0	0	0	0	0	0	0	0	0	0	0	0	0	0	0
NC_000962.3	2279000	2280000	0.000144683	acg	2279500.0	0.144683	-0.3076375081311479	-0.2291253297866956	False	0	0	0	0	0	0	0	0	0	0	0	0	0	0	0
NC_000962.3	2280000	2281000	5.26281e-05	acg,Rv2033c	2280500.0	0.0526281	-0.4696399387614841	-0.6779318095079762	False	0	0	0	0	0	0	0	0	0	0	0	0	0	0	0
NC_000962.3	2281000	2282000	0.000118105	Rv2033c,Rv2034,Rv2035	2281500.0	0.118105	-0.3544106902354473	-0.3587042942745415	False	0	0	0	0	0	0	0	0	0	0	0	0	0	0	0
NC_000962.3	2282000	2283000	0.00058595	Rv2035,Rv2036,Rv2037c	2282500.0	0.58595	0.4689243756681565	1.9222374861760645	False	0	0	0	0	0	0	0	0	0	0	0	0	0	0	0
NC_000962.3	2283000	2284000	0.000720248	Rv2037c,Rv2038c	2283500.0	0.720248	0.7052681490989343	2.576996902715636	False	0	0	0	0	0	0	0	0	0	0	0	0	0	0	0
NC_000962.3	2284000	2285000	0.000141339	Rv2038c,Rv2039c	2284500.0	0.141339	-0.3135224325406887	-0.2454287407750077	False	0	0	0	0	0	0	0	0	0	0	0	0	0	0	0
NC_000962.3	2285000	2286000	0.000180942	Rv2039c,Rv2040c	2285500.0	0.180942	-0.2438272586797296	-0.0523474054370531	False	0	0	0	0	0	0	0	0	0	0	0	0	0	0	0
NC_000962.3	2286000	2287000	3.96031e-05	Rv2040c,Rv2041c	2286500.0	0.0396031	-0.4925619305181437	-0.7414341803580851	False	0	0	0	0	0	0	0	0	0	0	0	0	0	0	0
NC_000962.3	2287000	2288000	9.18792e-05	Rv2041c,Rv2042c	2287500.0	0.0918792	-0.4005640546432634	-0.4865661351529126	False	0	0	0	0	0	0	0	0	0	0	0	0	0	0	0
NC_000962.3	2288000	2289000	0.000798176	Rv2042c,pncA	2288500.0	0.798176	0.8424094138676848	2.9569287841442176	False	0	0	0	0	0	0	0	0	0	0	0	0	0	0	0
NC_000962.3	2289000	2290000	0.000489318	pncA,Rv2044c,lipT	2289500.0	0.489318	0.2988669547522611	1.451115712664532	False	0	0	0	0	0	0	0	0	0	0	0	0	0	0	0
NC_000962.3	2290000	2291000	7.88542e-05	lipT	2290500.0	0.0788542	-0.4234860463999231	-0.5500685060030214	False	0	0	0	0	0	0	0	0	0	0	0	0	0	0	0
NC_000962.3	2291000	2292000	0.000216321	lipT,lppI,Rv2047c	2291500.0	0.216321	-0.1815656735466116	0.1201401475998757	False	0	0	0	0	0	0	0	0	0	0	0	0	0	0	0
NC_000962.3	2292000	2293000	1.3201e-05	Rv2047c	2292500.0	0.013201	-0.5390255557433647	-0.8701555581255828	False	0	0	0	0	0	0	0	0	0	0	0	0	0	0	0
NC_000962.3	2293000	2294000	2.64021e-05	Rv2047c	2293500.0	0.0264020999999999	-0.5157936551384635	-0.805794625470737	False	0	0	0	0	0	0	0	0	0	0	0	0	0	0	0
NC_000962.3	2294000	2295000	0.000548987	Rv2047c,pks12	2294500.0	0.548987	0.4038751947620981	1.7420272647762511	False	1	1	0	0	0	0	1	1	1	1	0	0	1	25	25
NC_000962.3	2295000	2296000	0.00101472	pks12	2295500.0	1.01472	1.2234934663017814	4.012672154076345	False	1	1	0	0	0	0	2	1	1	1	0	0	1	69	69
NC_000962.3	2296000	2297000	0.00115975	pks12	2296500.0	1.15975	1.478723905032557	4.719754598943237	False	1	1	0	0	0	0	3	1	1	1	2	2	1	145	145
NC_000962.3	2297000	2298000	0.000244053	pks12	2297500.0	0.244053	-0.1327616293703593	0.2553453490137119	False	1	1	0	0	0	0	1	1	1	1	0	0	1	200	200
NC_000962.3	2298000	2299000	0.000540648	pks12	2298500.0	0.540648	0.3891998405003872	1.7013711211663427	False	1	1	0	0	0	0	1	1	1	1	0	0	1	46	46
NC_000962.3	2299000	2300000	6.55694e-05	pks12	2299500.0	0.0655694	-0.4468652460996446	-0.6148375114747698	False	2	1	0	0	0	0	1	1	1	1	0	0	2	134	134
NC_000962.3	2300000	2301000	0.0010509	pks12	2300500.0	1.0509	1.287164687933716	4.189064920092232	False	3	1	0	0	0	0	4	1	1	1	2	2	3	290	261
NC_000962.3	2301000	2302000	0.000684942	pks12	2301500.0	0.684942	0.6431350327104025	2.404865255480784	False	1	1	0	0	0	0	3	1	1	1	2	3	1	87	87
NC_000962.3	2302000	2303000	0.0012524	pks12	2302500.0	1.2524000000000002	1.641773619908144	5.171462442264741	False	1	1	0	0	0	0	2	1	1	1	2	3	1	131	131
NC_000962.3	2303000	2304000	9.14452e-05	pks12	2303500.0	0.0914452	-0.401327827727516	-0.4886820682775917	False	2	1	0	0	0	0	1	1	1	1	0	0	2	332	292
NC_000962.3	2304000	2305000	0.000366461	pks12	2304500.0	0.366461	0.0826575773052027	0.8521359986121853	False	2	1	0	0	0	0	1	1	1	1	0	0	2	276	262
NC_000962.3	2305000	2306000	0.000138875	pks12	2305500.0	0.138875	-0.3178586926319294	-0.257441780450606	False	2	1	0	0	0	0	1	1	1	1	0	0	2	168	168
NC_000962.3	2306000	2307000	0.000282821	pks12	2306500.0	0.282821	-0.0645359267659691	0.4443557070265347	False	2	1	0	0	0	0	3	1	1	1	0	0	2	308	274
NC_000962.3	2307000	2308000	0.000334074	Rv2049c,Rv2050	2307500.0	0.334074	0.0256614508543055	0.6942357080384829	False	0	0	0	0	0	0	0	0	0	0	0	0	0	0	0
NC_000962.3	2308000	2309000	0.0	Rv2050,ppm1	2308500.0	0.0	-0.5622572803636845	-0.9345160032382342	False	0	0	0	0	0	0	0	0	0	0	0	0	0	0	0
NC_000962.3	2309000	2310000	0.000333722	ppm1	2309500.0	0.333722	0.0250419851269854	0.6925195595133976	False	0	0	0	0	0	0	0	0	0	0	0	0	0	0	0
NC_000962.3	2310000	2311000	0.000173198	ppm1,Rv2052c	2310500.0	0.173198	-0.2574555046807716	-0.0901026729889336	False	0	0	0	0	0	0	0	0	0	0	0	0	0	0	0
NC_000962.3	2311000	2312000	0.000449363	Rv2052c	2311500.0	0.449363	0.2285523151639819	1.256318228801492	False	0	0	0	0	0	0	0	0	0	0	0	0	0	0	0
NC_000962.3	2312000	2313000	5.26281e-05	Rv2052c,fxsA	2312500.0	0.0526281	-0.4696399387614841	-0.6779318095079762	False	0	0	0	0	0	0	0	0	0	0	0	0	0	0	0
NC_000962.3	2313000	2314000	0.000217553	fxsA,Rv2054	2313500.0	0.217553	-0.1793975435009912	0.1261466674376749	False	0	0	0	0	0	0	0	0	0	0	0	0	0	0	0
NC_000962.3	2314000	2315000	0.000477701	rpsR2,rpsN2,rpmG1,rpmB2	2314500.0	0.477701	0.2784228259048819	1.394477935914765	False	0	0	0	0	0	0	0	0	0	0	0	0	0	0	0
NC_000962.3	2315000	2316000	0.000676773	rpmB2,Rv2059	2315500.0	0.676773	0.628758852237454	2.3650379336017404	False	0	0	0	0	0	0	0	0	0	0	0	0	0	0	0
NC_000962.3	2316000	2317000	0.00049055	Rv2059,Rv2060,Rv2061c	2316500.0	0.49055	0.3010350847978815	1.4571222325023312	False	0	0	0	0	0	0	0	0	0	0	0	0	0	0	0
NC_000962.3	2317000	2318000	2.62267e-05	Rv2061c,cobN	2317500.0	0.0262267	-0.5161023320946339	-0.8066497744801115	False	0	0	0	0	0	0	0	0	0	0	0	0	0	0	0
NC_000962.3	2318000	2319000	0.000525992	cobN	2318500.0	0.525992	0.3634075402174233	1.629916937121875	False	0	0	0	0	0	0	0	0	0	0	0	0	0	0	0
NC_000962.3	2319000	2320000	2.62267e-05	cobN	2319500.0	0.0262267	-0.5161023320946339	-0.8066497744801115	False	0	0	0	0	0	0	0	0	0	0	0	0	0	0	0
NC_000962.3	2320000	2321000	0.000425073	cobN,mazE7	2320500.0	0.425073	0.185805660287263	1.1378942297267016	False	0	0	0	0	0	0	0	0	0	0	0	0	0	0	0
NC_000962.3	2321000	2322000	0.000743707	mazE7,mazF7,cobG	2321500.0	0.743707	0.7465523721023491	2.691369426153079	False	0	0	0	0	0	0	0	0	0	0	0	0	0	0	0
NC_000962.3	2322000	2323000	7.86781e-05	cobG,cobH	2322500.0	0.0786781	-0.4237959552481647	-0.5509270678077587	False	0	0	0	0	0	0	0	0	0	0	0	0	0	0	0
NC_000962.3	2323000	2324000	0.000305736	cobH,cobI	2323500.0	0.3057359999999999	-0.0242090598865944	0.5560760009252093	False	0	0	0	0	1	1	0	0	0	0	0	0	0	0	0
NC_000962.3	2324000	2325000	9.20552e-05	cobI,Rv2067c	2324500.0	0.0920552	-0.4002543217796034	-0.4857080608903698	False	0	0	0	0	0	0	0	0	0	0	0	0	0	0	0
NC_000962.3	2325000	2326000	0.000474929	Rv2067c,blaC	2325500.0	0.474929	0.2735445333022362	1.3809632662797169	False	0	0	0	0	0	0	0	0	0	0	0	0	0	0	0
NC_000962.3	2326000	2327000	5.26281e-05	blaC,sigC	2326500.0	0.0526281	-0.4696399387614841	-0.6779318095079762	False	0	0	0	0	0	0	0	0	0	0	0	0	0	0	0
NC_000962.3	2327000	2328000	1.3201e-05	sigC,cobK	2327500.0	0.013201	-0.5390255557433647	-0.8701555581255828	False	0	0	0	0	0	0	0	0	0	0	0	0	0	0	0
NC_000962.3	2328000	2329000	0.000642626	cobK,cobM,cobL	2328500.0	0.642626	0.5686653971499563	2.198556900402611	False	0	0	0	0	0	0	0	0	0	0	0	0	0	0	0
NC_000962.3	2329000	2330000	0.000266309	cobL	2329500.0	0.266309	-0.0935945008838935	0.3638527398497981	False	0	0	0	0	0	0	0	0	0	0	0	0	0	0	0
NC_000962.3	2330000	2331000	0.000160654	cobL,Rv2073c,Rv2074	2330500.0	0.160654	-0.2795310105998149	-0.1512599658828886	False	0	0	0	0	0	0	1	1	0	0	0	0	0	0	0
NC_000962.3	2331000	2332000	0.00116661	Rv2074,Rv2075c	2331500.0	1.16661	1.490796447332034	4.7531999934946185	False	0	0	0	0	0	0	0	0	0	0	0	0	0	0	0
NC_000962.3	2332000	2333000	0.000104295	Rv2075c	2332500.0	0.104295	-0.3787141609578634	-0.4260338713524687	False	0	0	0	0	0	0	0	0	0	0	0	0	0	0	0
NC_000962.3	2333000	2334000	0.000115113	Rv2076c,Rv2077c	2333500.0	0.115113	-0.3596761489176681	-0.373291556737768	False	0	0	0	0	0	0	0	0	0	0	0	0	0	0	0
NC_000962.3	2334000	2335000	0.000159996	Rv2077c,Rv2077A	2334500.0	0.159996	-0.2806889891469076	-0.1544679935235313	False	0	0	0	0	0	0	0	0	0	0	0	0	0	0	0
NC_000962.3	2335000	2336000	0.000766188	Rv2078,Rv2079	2335500.0	0.766188	0.7861154658974713	2.800973786927074	False	0	0	0	0	0	0	0	0	0	0	0	0	0	0	0
NC_000962.3	2336000	2337000	0.000416096	Rv2079	2336500.0	0.416096	0.1700075243947845	1.094127566915076	False	0	0	0	0	0	0	0	0	0	0	0	0	0	0	0
NC_000962.3	2337000	2338000	0.000561836	Rv2079,lppJ	2337500.0	0.561836	0.4264874536550977	1.804671561363817	False	1	1	0	0	0	0	1	1	0	0	0	0	1	9	9
NC_000962.3	2338000	2339000	0.00255567	Rv2081c,Rv2082	2338500.0	2.55567	3.935327876852624	11.525453602174242	True	1	1	0	0	1	1	1	1	1	1	0	4	1	3	3
NC_000962.3	2339000	2340000	0.00240884	Rv2082	2339500.0	2.40884	3.676929715652597	10.809595397804072	True	0	0	0	0	0	0	2	1	1	1	0	1	0	0	0
NC_000962.3	2340000	2341000	0.000144331	Rv2082,Rv2083	2340500.0	0.144331	-0.3082569738584679	-0.2308414783117812	False	1	1	0	0	0	0	1	1	1	1	0	0	1	12	12
NC_000962.3	2341000	2342000	0.000358364	Rv2083,Rv2084	2341500.0	0.358364	0.0684081057310244	0.8126597071132733	False	1	1	0	0	0	0	1	1	0	0	0	0	1	110	110
NC_000962.3	2342000	2343000	0.000321577	Rv2084	2342500.0	0.321577	0.0036686576886259	0.6333075599760024	False	0	0	0	0	0	0	0	0	0	0	0	0	0	0	0
NC_000962.3	2343000	2344000	2.64021e-05	Rv2085,Rv2086,Rv2087	2343500.0	0.0264020999999999	-0.5157936551384635	-0.805794625470737	False	0	0	0	0	0	0	0	0	3	1	0	0	0	0	0
NC_000962.3	2344000	2345000	0.00116398	Rv2087,pknJ	2344500.0	1.16398	1.4861680528352956	4.740377633775941	False	0	0	0	0	0	0	0	0	1	1	0	0	0	0	0
NC_000962.3	2345000	2346000	0.000327386	pknJ	2345500.0	0.327386	0.0138916020352237	0.6616288860618591	False	0	0	0	0	0	0	0	0	0	0	0	0	0	0	0
NC_000962.3	2346000	2347000	0.00059299	pknJ,pepE	2346500.0	0.59299	0.4813136902145584	1.956560456677774	False	0	0	0	0	0	0	0	0	0	0	0	0	0	0	0
NC_000962.3	2347000	2348000	0.000172376	pepE,Rv2090	2347500.0	0.172376	-0.2589020979417293	-0.0941102698287638	False	7	1	2	1	1	1	1	1	1	1	0	0	7	98	33
NC_000962.3	2348000	2349000	0.000481926	Rv2090,Rv2091c	2348500.0	0.4819259999999999	0.2858581744785392	1.4150765936377367	False	0	0	0	0	0	0	0	0	1	1	0	0	0	0	0
NC_000962.3	2349000	2350000	0.000249587	Rv2091c,helY	2349500.0	0.249587	-0.1230226426232303	0.2823259340643455	False	0	0	0	0	0	0	0	0	0	0	0	0	0	0	0
NC_000962.3	2350000	2351000	0.000358716	helY	2350500.0	0.358716	0.0690275714583445	0.8143758556383586	False	0	0	0	0	0	0	0	0	0	0	0	0	0	0	0
NC_000962.3	2351000	2352000	0.00017795	helY	2351500.0	0.17795	-0.2490927173619504	-0.0669346679002796	False	0	0	0	0	0	0	0	0	0	0	0	0	0	0	0
NC_000962.3	2352000	2353000	2.64021e-05	helY,tatC	2352500.0	0.0264020999999999	-0.5157936551384635	-0.805794625470737	False	0	0	0	0	0	0	0	0	0	0	0	0	0	0	0
NC_000962.3	2353000	2354000	0.000233394	tatC,tatA,pafC	2353500.0	0.233394	-0.1515198259257708	0.2033782264884674	False	0	0	0	0	0	0	0	0	0	0	0	0	0	0	0
NC_000962.3	2354000	2355000	0.000496359	pafC,pafB	2354500.0	0.496359	0.3112580291444793	1.4854435585881878	False	0	0	0	0	0	0	0	0	0	0	0	0	0	0	0
NC_000962.3	2355000	2356000	0.000131658	pafB,pafA	2355500.0	0.131658	-0.3305594998878075	-0.2926277006368045	False	0	0	0	0	0	0	0	0	0	0	0	0	0	0	0
NC_000962.3	2356000	2357000	0.000163431	pafA,PE_PGRS36	2356500.0	0.163431	-0.2746439187680879	-0.1377209191381092	False	0	0	0	0	1	1	0	0	1	1	0	0	0	0	0
NC_000962.3	2357000	2358000	6.56531e-05	PE_PGRS36	2357500.0	0.0656530999999999	-0.4467179470048244	-0.6144294386578679	False	0	0	0	0	1	1	1	1	1	1	0	0	0	0	0
NC_000962.3	2358000	2359000	0.000215969	PE_PGRS36,PE21,Rv2100	2358500.0	0.215969	-0.1821851392739317	0.1184239990747902	False	1	1	0	0	1	1	4	1	3	1	0	0	1	73	73
NC_000962.3	2359000	2360000	6.60051e-05	Rv2100	2359500.0	0.0660051	-0.4460984812775044	-0.6127132901327821	False	1	1	0	0	0	0	5	1	1	1	0	0	1	150	150
NC_000962.3	2360000	2361000	3.96031e-05	Rv2100,helZ	2360500.0	0.0396031	-0.4925619305181437	-0.7414341803580851	False	1	1	0	0	0	0	0	0	1	1	0	0	1	1	1
NC_000962.3	2361000	2362000	0.000227586	helZ	2361500.0	0.227586	-0.1617410104265524	0.1750617758245572	False	0	0	0	0	0	0	0	0	0	0	0	0	0	0	0
NC_000962.3	2362000	2363000	4.8426e-05	helZ	2362500.0	0.048426	-0.4770349868659493	-0.6984188200683787	False	0	0	0	0	0	0	0	0	0	0	0	0	0	0	0
NC_000962.3	2363000	2364000	0.000171138	helZ,Rv2102	2363500.0	0.1711379999999999	-0.2610807870622472	-0.100146042198241	False	0	0	0	0	0	0	0	0	0	0	0	0	0	0	0
NC_000962.3	2364000	2365000	0.000503927	Rv2102,vapC37,vapB37	2364500.0	0.503927	0.3245765422818613	1.5223407518775254	False	0	0	0	0	0	0	0	0	0	0	0	0	0	0	0
NC_000962.3	2365000	2366000	0.0	Rv2105,Rv2106	2365500.0	0.0	-0.5622572803636845	-0.9345160032382342	False	15	1	0	0	0	0	1	1	2	1	0	0	15	1	1
NC_000962.3	2366000	2367000	3.97481e-05	Rv2106	2366500.0	0.0397481	-0.4923067528747875	-0.7407272441758765	False	15	1	0	0	0	0	1	1	1	1	0	0	15	0	0
NC_000962.3	2367000	2368000	0.000105432	PE22,PPE36	2367500.0	0.105432	-0.3767132162647869	-0.4204905165995648	False	0	0	0	0	0	0	0	0	2	1	0	0	0	0	0
NC_000962.3	2368000	2369000	0.000238675	PPE36,prcA	2368500.0	0.238675	-0.1422260801701532	0.2291253297866958	False	0	0	0	0	0	0	0	0	1	1	0	0	0	0	0
NC_000962.3	2369000	2370000	0.00103461	prcA,prcB	2369500.0	1.03461	1.2584967995869991	4.109644296587566	False	0	0	0	0	0	0	0	0	0	0	0	0	0	0	0
NC_000962.3	2370000	2371000	6.54771e-05	prcB,pup,dop	2370500.0	0.0654771	-0.4470276798684844	-0.6152875129204102	False	0	0	0	0	0	0	0	0	1	1	0	0	0	0	0
NC_000962.3	2371000	2372000	3.96031e-05	dop	2371500.0	0.0396031	-0.4925619305181437	-0.7414341803580851	False	0	0	0	0	0	0	0	0	1	1	0	0	0	0	0
NC_000962.3	2372000	2373000	6.53934e-05	dop,Rv2113	2372500.0	0.0653934	-0.4471749789633046	-0.6156955857373126	False	0	0	2	1	1	1	1	1	1	1	0	0	0	0	0
NC_000962.3	2373000	2374000	3.96031e-05	Rv2113,Rv2114	2373500.0	0.0396031	-0.4925619305181437	-0.7414341803580851	False	0	0	0	0	0	0	0	0	0	0	0	0	0	0	0
NC_000962.3	2374000	2375000	0.000245011	Rv2114,mpa	2374500.0	0.245011	-0.1310756970783915	0.2600160032382343	False	0	0	0	0	0	0	0	0	0	0	0	0	0	0	0
NC_000962.3	2375000	2376000	0.000117577	mpa	2375500.0	0.117577	-0.3553398888264275	-0.3612785170621697	False	0	0	0	0	0	0	0	0	0	0	0	0	0	0	0
NC_000962.3	2376000	2377000	0.000318409	mpa,lppK	2376500.0	0.318409	-0.0019065338572548	0.6178622232502331	False	0	0	0	0	0	0	0	0	0	0	0	0	0	0	0
NC_000962.3	2377000	2378000	3.96031e-05	lppK,Rv2117,Rv2118c	2377500.0	0.0396031	-0.4925619305181437	-0.7414341803580851	False	0	0	0	0	0	0	0	0	0	0	0	0	0	0	0
NC_000962.3	2378000	2379000	3.96031e-05	Rv2118c,Rv2119	2378500.0	0.0396031	-0.4925619305181437	-0.7414341803580851	False	0	0	0	0	0	0	0	0	0	0	0	0	0	0	0
NC_000962.3	2379000	2380000	0.000292535	Rv2119,Rv2120c,hisG	2379500.0	0.292535	-0.047440784506914	0.4917155558125583	False	0	0	0	0	0	0	0	0	0	0	0	0	0	0	0
NC_000962.3	2380000	2381000	3.96031e-05	hisG,hisE	2380500.0	0.0396031	-0.4925619305181437	-0.7414341803580851	False	0	0	0	0	0	0	0	0	0	0	0	0	0	0	0
NC_000962.3	2381000	2382000	0.000168641	PPE37	2381500.0	0.168641	-0.265475122065424	-0.1123199707980656	False	0	0	0	0	0	0	1	1	1	1	0	0	0	0	0
NC_000962.3	2382000	2383000	0.000455105	PPE37,metH	2382500.0	0.455105	0.2386573498408909	1.2843129016169486	False	0	0	0	0	0	0	0	0	1	1	0	0	0	0	0
NC_000962.3	2383000	2384000	0.000115831	metH	2383500.0	0.1158309999999999	-0.3584125796216004	-0.3697910037803498	False	0	0	0	0	0	0	0	0	0	0	0	0	0	0	0
NC_000962.3	2384000	2385000	0.000192735	metH	2384500.0	0.192735	-0.2230733969686902	0.0051484455752564	False	0	0	0	0	0	0	0	0	0	0	0	0	0	0	0
NC_000962.3	2385000	2386000	0.000282678	metH	2385500.0	0.282678	-0.0647875847176929	0.4436585216882187	False	0	0	0	0	0	0	0	0	0	0	0	0	0	0	0
NC_000962.3	2386000	2387000	3.96031e-05	metH,Rv2125	2386500.0	0.0396031	-0.4925619305181437	-0.7414341803580851	False	0	0	0	0	0	0	0	0	0	0	0	0	0	0	0
NC_000962.3	2387000	2388000	7.86781e-05	Rv2125,PE_PGRS37	2387500.0	0.0786781	-0.4237959552481647	-0.5509270678077587	False	0	0	0	0	1	1	0	0	1	1	0	0	0	0	0
NC_000962.3	2388000	2389000	0.000577149	ansP1	2388500.0	0.577149	0.4534359726393379	1.8793288976269813	False	0	0	0	0	0	0	0	0	0	0	0	0	0	0	0
NC_000962.3	2389000	2390000	6.54771e-05	ansP1	2389500.0	0.0654771	-0.4470276798684844	-0.6152875129204102	False	0	0	0	0	0	0	0	0	0	0	0	0	0	0	0
NC_000962.3	2390000	2391000	0.000279686	ansP1,Rv2128,Rv2129c	2390500.0	0.279686	-0.0700530433999137	0.4290712592249922	False	0	0	0	0	0	0	0	0	0	0	0	0	0	0	0
NC_000962.3	2391000	2392000	0.000103848	Rv2129c,mshC	2391500.0	0.103848	-0.3795008120377273	-0.4282131849624494	False	0	0	0	0	0	0	0	0	0	0	0	0	0	0	0
NC_000962.3	2392000	2393000	0.000192735	mshC,cysQ	2392500.0	0.192735	-0.2230733969686902	0.0051484455752564	False	0	0	0	0	0	0	0	0	0	0	0	0	0	0	0
NC_000962.3	2393000	2394000	6.58291e-05	cysQ,Rv2132,Rv2133c	2393500.0	0.0658291	-0.4464082141411644	-0.6135713643953248	False	0	0	0	0	0	0	0	0	0	0	0	0	0	0	0
NC_000962.3	2394000	2395000	5.28041e-05	Rv2133c,Rv2134c	2394500.0	0.0528041	-0.469330205897824	-0.6770737352454336	False	0	0	0	0	0	0	0	0	0	0	0	0	0	0	0
NC_000962.3	2395000	2396000	9.24072e-05	Rv2134c,Rv2135c	2395500.0	0.0924072	-0.3996348560522833	-0.4839919123652843	False	0	0	0	0	0	0	0	0	0	0	0	0	0	0	0
NC_000962.3	2396000	2397000	0.000154716	Rv2135c,Rv2136c,Rv2137c	2396500.0	0.154716	-0.289980975056709	-0.1802102213998135	False	0	0	0	0	0	0	0	0	0	0	0	0	0	0	0
NC_000962.3	2397000	2398000	0.000318409	Rv2137c,lppL	2397500.0	0.318409	-0.0019065338572548	0.6178622232502331	False	0	0	0	0	0	0	0	0	0	0	0	0	0	0	0
NC_000962.3	2398000	2399000	2.6226e-05	lppL,pyrD	2398500.0	0.026226	-0.5161035639867051	-0.806653187275474	False	0	0	0	0	0	0	0	0	0	0	0	0	0	0	0
NC_000962.3	2399000	2400000	0.000629953	pyrD,TB18.6	2399500.0	0.6299530000000001	0.5463628711206169	2.136770678077588	False	0	0	0	0	0	0	0	0	0	0	0	0	0	0	0
NC_000962.3	2400000	2401000	0.000218609	TB18.6,Rv2141c	2400500.0	0.218609	-0.1775391463190309	0.1312951130129312	False	0	0	0	0	0	0	0	0	0	0	0	0	0	0	0
NC_000962.3	2401000	2402000	5.28041e-05	Rv2141c,leuU	2401500.0	0.0528041	-0.469330205897824	-0.6770737352454336	False	0	0	0	0	0	0	1	1	0	0	0	0	0	0	0
NC_000962.3	2402000	2403000	0.000180942	leuU,parE2,parD2,Rv2143	2402500.0	0.180942	-0.2438272586797296	-0.0523474054370531	False	0	0	0	0	0	0	0	0	0	0	0	0	0	0	0
NC_000962.3	2403000	2404000	0.000221601	Rv2143	2403500.0	0.221601	-0.1722736876368102	0.1458823754761578	False	0	0	0	0	0	0	0	0	0	0	0	0	0	0	0
NC_000962.3	2404000	2405000	3.96031e-05	Rv2143,Rv2144c,wag31	2404500.0	0.0396031	-0.4925619305181437	-0.7414341803580851	False	0	0	0	0	0	0	0	0	0	0	0	0	0	0	0
NC_000962.3	2405000	2406000	5.28041e-05	wag31,Rv2146c	2405500.0	0.0528041	-0.469330205897824	-0.6770737352454336	False	0	0	0	0	0	0	0	0	0	0	0	0	0	0	0
NC_000962.3	2406000	2407000	0.000345691	Rv2147c,Rv2148c	2406500.0	0.345691	0.0461055797016848	0.75087348478825	False	0	0	0	0	0	0	0	0	0	0	0	0	0	0	0
NC_000962.3	2407000	2408000	1.3201e-05	Rv2148c,yfiH	2407500.0	0.013201	-0.5390255557433647	-0.8701555581255828	False	0	0	0	0	0	0	0	0	0	0	0	0	0	0	0
NC_000962.3	2408000	2409000	5.24521e-05	yfiH,ftsZ	2408500.0	0.0524521	-0.4699496716251441	-0.678789883770519	False	0	0	0	0	0	0	0	0	0	0	0	0	0	0	0
NC_000962.3	2409000	2410000	5.24521e-05	ftsZ,ftsQ	2409500.0	0.0524521	-0.4699496716251441	-0.678789883770519	False	0	0	0	0	0	0	0	0	0	0	0	0	0	0	0
NC_000962.3	2410000	2411000	0.000125674	ftsQ,murC	2410500.0	0.1256739999999999	-0.3410904172522491	-0.321802225563258	False	0	0	0	0	0	0	0	0	0	0	0	0	0	0	0
NC_000962.3	2411000	2412000	0.000451475	murC	2411500.0	0.451475	0.2322691095279025	1.2666151199520048	False	0	0	0	0	0	0	0	0	0	0	0	0	0	0	0
NC_000962.3	2412000	2413000	7.88542e-05	murC,murG	2412500.0	0.0788542	-0.4234860463999231	-0.5500685060030214	False	0	0	0	0	0	0	0	0	0	0	0	0	0	0	0
NC_000962.3	2413000	2414000	0.000498823	murG,ftsW	2413500.0	0.498823	0.3155942892357199	1.4974565982637862	False	0	0	0	0	0	0	0	0	0	0	0	0	0	0	0
NC_000962.3	2414000	2415000	7.88542e-05	ftsW,murD	2414500.0	0.0788542	-0.4234860463999231	-0.5500685060030214	False	0	0	0	0	1	1	0	0	0	0	0	0	0	0	0
NC_000962.3	2415000	2416000	0.000131306	murD	2415500.0	0.131306	-0.3311789656151276	-0.2943438491618899	False	0	0	0	0	0	0	0	0	0	0	0	0	0	0	0
NC_000962.3	2416000	2417000	0.000689798	murD,murX	2416500.0	0.689798	0.6516808439941137	2.428540304451849	False	0	0	0	0	0	0	0	0	0	0	0	0	0	0	0
NC_000962.3	2417000	2418000	2.6226e-05	murX,murF	2417500.0	0.026226	-0.5161035639867051	-0.806653187275474	False	0	0	0	0	0	0	0	0	0	0	0	0	0	0	0
NC_000962.3	2418000	2419000	6.58291e-05	murF	2418500.0	0.0658291	-0.4464082141411644	-0.6135713643953248	False	0	0	0	0	0	0	0	0	0	0	0	0	0	0	0
NC_000962.3	2419000	2420000	0.000332314	murF,murE	2419500.0	0.332314	0.022564122217705	0.6856549654130556	False	0	0	0	0	0	0	0	0	0	0	0	0	0	0	0
NC_000962.3	2420000	2421000	0.000131658	murE,Rv2159c	2420500.0	0.131658	-0.3305594998878075	-0.2926277006368045	False	0	0	0	0	0	0	0	0	0	0	0	0	0	0	0
NC_000962.3	2421000	2422000	0.000591054	Rv2159c,Rv2160A,Rv2160c	2421500.0	0.5910540000000001	0.4779066287142979	1.9471216397898043	False	0	0	0	0	0	0	0	0	0	0	0	0	0	0	0
NC_000962.3	2422000	2423000	0.000311192	Rv2160A,Rv2160c,Rv2161c	2422500.0	0.311192	-0.0146073411131329	0.5826763030640348	False	0	0	0	0	0	0	0	0	0	0	0	0	0	0	0
NC_000962.3	2423000	2424000	0.0011946	Rv2161c,PE_PGRS38	2423500.0	1.1946	1.5400545317288787	4.889663053770592	False	0	0	0	0	1	1	1	1	1	1	0	0	0	0	0
NC_000962.3	2424000	2425000	0.000767581	PE_PGRS38	2424500.0	0.7675810000000001	0.7885669311195079	2.8077652496982237	False	0	0	0	0	1	1	1	1	1	1	0	0	0	0	0
NC_000962.3	2425000	2426000	0.000678357	pbpB	2425500.0	0.678357	0.6315464480103945	2.372760601964625	False	0	0	0	0	0	0	0	0	0	0	0	0	0	0	0
NC_000962.3	2426000	2427000	0.000252404	pbpB	2426500.0	0.252404	-0.1180651569588533	0.2960599976869756	False	0	0	0	0	0	0	0	0	0	0	0	0	0	0	0
NC_000962.3	2427000	2428000	0.000144155	pbpB,Rv2164c	2427500.0	0.144155	-0.308566706722128	-0.2316995525743239	False	0	0	0	0	0	0	0	0	0	0	0	0	0	0	0
NC_000962.3	2428000	2429000	0.000190975	Rv2164c,Rv2165c	2428500.0	0.190975	-0.2261707256052907	-0.0034322970501708	False	0	0	0	0	0	0	0	0	0	0	0	0	0	0	0
NC_000962.3	2429000	2430000	5.26281e-05	Rv2165c,Rv2166c	2429500.0	0.0526281	-0.4696399387614841	-0.6779318095079762	False	0	0	0	0	0	0	0	0	0	0	0	0	0	0	0
NC_000962.3	2430000	2431000	0.0	Rv2167c	2430500.0	0.0	-0.5622572803636845	-0.9345160032382342	False	15	1	0	0	0	0	1	1	1	1	0	0	15	0	0
NC_000962.3	2431000	2432000	2.64021e-05	Rv2167c,Rv2168c,Rv2169c	2431500.0	0.0264020999999999	-0.5157936551384635	-0.805794625470737	False	15	1	0	0	0	0	1	1	2	1	0	0	15	0	0
NC_000962.3	2432000	2433000	0.000217377	Rv2170,lppM	2432500.0	0.217377	-0.1797072763646513	0.125288593175132	False	0	0	0	0	0	0	0	0	0	0	0	0	0	0	0
NC_000962.3	2433000	2434000	3.96031e-05	lppM,Rv2172c	2433500.0	0.0396031	-0.4925619305181437	-0.7414341803580851	False	0	0	0	0	0	0	0	0	0	0	0	0	0	0	0
NC_000962.3	2434000	2435000	0.000116169	Rv2172c,idsA2	2434500.0	0.116169	-0.3578177517357078	-0.3681431111625116	False	0	0	0	0	0	0	0	0	0	0	0	0	0	0	0
NC_000962.3	2435000	2436000	6.54771e-05	idsA2,mptA	2435500.0	0.0654771	-0.4470276798684844	-0.6152875129204102	False	0	0	0	0	0	0	0	0	0	0	0	0	0	0	0
NC_000962.3	2436000	2437000	0.000202592	mptA	2436500.0	0.202592	-0.2057265967579114	0.0532054796995959	False	0	0	0	0	0	0	0	0	0	0	0	0	0	0	0
NC_000962.3	2437000	2438000	0.000445491	mptA,Rv2175c,pknL	2437500.0	0.445491	0.2217381921634609	1.2374405950255518	False	0	0	0	0	0	0	0	0	0	0	0	0	0	0	0
NC_000962.3	2438000	2439000	7.85021e-05	pknL	2438500.0	0.0785020999999999	-0.4241056881118248	-0.5517851420703019	False	0	0	0	0	0	0	0	0	0	0	0	0	0	0	0
NC_000962.3	2439000	2440000	0.00112297	pknL,Rv2177c	2439500.0	1.12297	1.4139967759108725	4.54043657975959	False	1	1	0	0	0	0	1	1	1	1	2	2	1	13	13
NC_000962.3	2440000	2441000	0.000382126	aroG	2440500.0	0.3821259999999999	0.110225562016763	0.9285094834004348	False	0	0	0	0	0	0	1	1	0	0	0	0	0	0	0
NC_000962.3	2441000	2442000	0.000141515	aroG,Rv2179c	2441500.0	0.141515	-0.3132126996770287	-0.2445706665124649	False	0	0	0	0	0	0	0	0	0	0	0	0	0	0	0
NC_000962.3	2442000	2443000	0.000477349	Rv2179c,Rv2180c	2442500.0	0.477349	0.2778033601775618	1.3927617873896798	False	0	0	0	0	0	0	0	0	0	0	0	0	0	0	0
NC_000962.3	2443000	2444000	3.9075e-05	Rv2180c,Rv2181	2443500.0	0.039075	-0.4934913050937055	-0.7440088906879079	False	0	0	0	0	0	0	0	0	0	0	0	0	0	0	0
NC_000962.3	2444000	2445000	9.11751e-05	Rv2181,Rv2182c	2444500.0	0.0911751	-0.4018031620824852	-0.4899989197452782	False	0	0	0	0	0	0	0	0	0	0	0	0	0	0	0
NC_000962.3	2445000	2446000	5.22761e-05	Rv2182c,Rv2183c,Rv2184c	2445500.0	0.0522761	-0.4702594044888042	-0.6796479580330618	False	0	0	0	0	0	0	0	0	0	0	0	0	0	0	0
NC_000962.3	2446000	2447000	0.000245363	Rv2184c	2446500.0	0.245363	-0.1304562313510714	0.2617321517633198	False	0	0	0	0	0	0	0	0	0	0	0	0	0	0	0
NC_000962.3	2447000	2448000	0.000358012	TB16.3,Rv2186c	2447500.0	0.358012	0.0677886400037042	0.8109435585881877	False	0	0	0	0	0	0	0	0	0	0	0	0	0	0	0
NC_000962.3	2448000	2449000	0.000894678	fadD15	2448500.0	0.894678	1.0122380548274672	3.427416752802735	False	0	0	0	0	0	0	0	0	0	0	0	0	0	0	0
NC_000962.3	2449000	2450000	0.000523289	fadD15,pimB	2449500.0	0.523289	0.3586506769760988	1.616738671601119	False	0	0	0	0	0	0	0	0	0	0	0	0	0	0	0
NC_000962.3	2450000	2451000	0.000232162	pimB	2450500.0	0.232162	-0.1536879559713911	0.1973717066506683	False	0	0	0	0	0	0	0	0	0	0	0	0	0	0	0
NC_000962.3	2451000	2452000	0.000670084	pimB,Rv2189c	2451500.0	0.670084	0.6169872435725562	2.3324262362031707	False	0	0	0	0	0	0	0	0	0	0	0	0	0	0	0
NC_000962.3	2452000	2453000	0.000360476	Rv2189c,Rv2190c	2452500.0	0.3604759999999999	0.0721249000949449	0.8229565982637855	False	0	0	0	0	0	0	0	0	0	0	0	0	0	0	0
NC_000962.3	2453000	2454000	0.000143979	Rv2190c,Rv2191	2453500.0	0.143979	-0.308876439585788	-0.2325576268368666	False	0	0	0	0	0	0	0	0	0	0	0	0	0	0	0
NC_000962.3	2454000	2455000	0.000141515	Rv2191	2454500.0	0.141515	-0.3132126996770287	-0.2445706665124649	False	0	0	0	0	0	0	0	0	0	0	0	0	0	0	0
NC_000962.3	2455000	2456000	2.64021e-05	Rv2191,trpD	2455500.0	0.0264020999999999	-0.5157936551384635	-0.805794625470737	False	0	0	0	0	1	1	0	0	0	0	0	0	0	0	0
NC_000962.3	2456000	2457000	1.3201e-05	trpD,ctaE	2456500.0	0.013201	-0.5390255557433647	-0.8701555581255828	False	0	0	0	0	0	0	0	0	0	0	0	0	0	0	0
NC_000962.3	2457000	2458000	3.96031e-05	ctaE,qcrC	2457500.0	0.0396031	-0.4925619305181437	-0.7414341803580851	False	0	0	0	0	0	0	0	0	0	0	0	0	0	0	0
NC_000962.3	2458000	2459000	5.22761e-05	qcrC,qcrA	2458500.0	0.0522761	-0.4702594044888042	-0.6796479580330618	False	0	0	0	0	0	0	1	1	0	0	0	0	0	0	0
NC_000962.3	2459000	2460000	1.3201e-05	qcrA,qcrB	2459500.0	0.013201	-0.5390255557433647	-0.8701555581255828	False	0	0	0	0	0	0	0	0	1	1	0	0	0	0	0
NC_000962.3	2460000	2461000	0.000115113	qcrB	2460500.0	0.115113	-0.3596761489176681	-0.373291556737768	False	0	0	0	0	0	0	0	0	1	1	0	0	0	0	0
NC_000962.3	2461000	2462000	6.54771e-05	qcrB,Rv2197c	2461500.0	0.0654771	-0.4470276798684844	-0.6152875129204102	False	2	1	2	1	1	1	1	1	1	1	0	0	2	0	0
NC_000962.3	2462000	2463000	0.000252756	Rv2197c,mmpS3	2462500.0	0.252756	-0.1174456912315333	0.2977761462120609	False	0	0	0	0	0	0	0	0	0	0	0	0	0	0	0
NC_000962.3	2463000	2464000	0.000328794	mmpS3,Rv2199c,ctaC	2463500.0	0.328794	0.0163694649445041	0.6684934801622008	False	0	0	0	0	0	0	0	0	0	0	0	0	0	0	0
NC_000962.3	2464000	2465000	9.22312e-05	ctaC,asnB	2464500.0	0.0922312	-0.3999445889159433	-0.484849986627827	False	0	0	0	0	0	0	0	0	0	0	0	0	0	0	0
NC_000962.3	2465000	2466000	2.6226e-05	asnB	2465500.0	0.026226	-0.5161035639867051	-0.806653187275474	False	0	0	0	0	0	0	0	0	0	0	0	0	0	0	0
NC_000962.3	2466000	2467000	2.64021e-05	asnB	2466500.0	0.0264020999999999	-0.5157936551384635	-0.805794625470737	False	0	0	0	0	0	0	0	0	0	0	0	0	0	0	0
NC_000962.3	2467000	2468000	0.00017971	adoK	2467500.0	0.17971	-0.2459953887253499	-0.0583539252748522	False	0	0	0	0	0	0	0	0	0	0	0	0	0	0	0
NC_000962.3	2468000	2469000	0.000239379	adoK,Rv2203,Rv2204c	2468500.0	0.239379	-0.140987148715513	0.2325576268368668	False	0	0	0	0	0	0	0	0	0	0	0	0	0	0	0
NC_000962.3	2469000	2470000	0.000170381	Rv2204c,Rv2205c	2469500.0	0.170381	-0.2624129903451486	-0.1038367366115636	False	0	0	0	0	0	0	0	0	0	0	0	0	0	0	0
NC_000962.3	2470000	2471000	0.000808607	Rv2205c,Rv2206	2470500.0	0.8086070000000001	0.8607663655769913	3.0077843104657136	False	0	0	0	0	0	0	0	0	0	0	0	0	0	0	0
NC_000962.3	2471000	2472000	1.3201e-05	Rv2206,cobT	2471500.0	0.013201	-0.5390255557433647	-0.8701555581255828	False	0	0	0	0	0	0	0	0	0	0	0	0	0	0	0
NC_000962.3	2472000	2473000	0.000550571	cobT,cobS	2472500.0	0.550571	0.4066627905350385	1.749749933139136	False	0	0	0	0	0	0	0	0	0	0	0	0	0	0	0
NC_000962.3	2473000	2474000	0.000188335	cobS,Rv2209	2473500.0	0.188335	-0.2308167185601914	-0.0163034109883119	False	0	0	0	0	0	0	0	0	0	0	0	0	0	0	0
NC_000962.3	2474000	2475000	0.000215799	Rv2209,ilvE	2474500.0	0.215799	-0.1824843130626942	0.117595177343925	False	0	0	0	0	0	0	0	0	0	0	0	0	0	0	0
NC_000962.3	2475000	2476000	6.58291e-05	ilvE	2475500.0	0.0658291	-0.4464082141411644	-0.6135713643953248	False	0	0	0	0	0	0	0	0	0	0	0	0	0	0	0
NC_000962.3	2476000	2477000	0.000219137	gcvT	2476500.0	0.219137	-0.1766099477280508	0.1338693358005595	False	0	0	0	0	0	0	0	0	0	0	0	0	0	0	0
NC_000962.3	2477000	2478000	0.000168269	gcvT,Rv2212	2477500.0	0.168269	-0.2661297847090692	-0.1141336277620764	False	0	0	0	0	0	0	0	0	0	0	0	0	0	0	0
NC_000962.3	2478000	2479000	0.000271941	Rv2212,pepB	2478500.0	0.271941	-0.083683049246772	0.3913111162511655	False	0	0	0	0	0	0	0	0	0	0	0	0	0	0	0
NC_000962.3	2479000	2480000	5.26281e-05	pepB,ephD	2479500.0	0.0526281	-0.4696399387614841	-0.6779318095079762	False	0	0	0	0	0	0	0	0	0	0	0	0	0	0	0
NC_000962.3	2480000	2481000	0.000241843	ephD	2480500.0	0.241843	-0.1366508886242724	0.2445706665124651	False	0	0	0	0	0	0	0	0	0	0	0	0	0	0	0
NC_000962.3	2481000	2482000	0.000104552	ephD,dlaT	2481500.0	0.1045519999999999	-0.3782618805830871	-0.4247808879122789	False	0	0	0	0	0	0	0	0	0	0	0	0	0	0	0
NC_000962.3	2482000	2483000	2.64021e-05	dlaT	2482500.0	0.0264020999999999	-0.5157936551384635	-0.805794625470737	False	0	0	0	0	0	0	2	1	0	0	0	0	0	0	0
NC_000962.3	2483000	2484000	0.000104904	dlaT,Rv2216	2483500.0	0.104904	-0.377642414855767	-0.423064739387193	False	0	0	0	0	0	0	0	0	0	0	0	0	0	0	0
NC_000962.3	2484000	2485000	0.000163693	Rv2216,lipB	2484500.0	0.163693	-0.2741828391642304	-0.1364435585881876	False	0	0	0	0	0	0	0	0	0	0	0	0	0	0	0
NC_000962.3	2485000	2486000	7.88542e-05	lipB,lipA	2485500.0	0.0788542	-0.4234860463999231	-0.5500685060030214	False	0	0	0	0	0	0	0	0	0	0	0	0	0	0	0
NC_000962.3	2486000	2487000	5.24521e-05	lipA,Rv2219,Rv2219A	2486500.0	0.0524521	-0.4699496716251441	-0.678789883770519	False	0	0	0	0	0	0	0	0	0	0	0	0	0	0	0
NC_000962.3	2487000	2488000	5.28041e-05	Rv2219A,glnA1	2487500.0	0.0528041	-0.469330205897824	-0.6770737352454336	False	0	0	0	0	0	0	0	0	0	0	0	0	0	0	0
NC_000962.3	2488000	2489000	6.58291e-05	glnA1	2488500.0	0.0658291	-0.4464082141411644	-0.6135713643953248	False	0	0	0	0	0	0	0	0	0	0	0	0	0	0	0
NC_000962.3	2489000	2490000	0.000138699	glnA1,glnE	2489500.0	0.138699	-0.3181684254955894	-0.2582998547131488	False	0	0	0	0	0	0	0	0	0	0	0	0	0	0	0
NC_000962.3	2490000	2491000	0.000144683	glnE	2490500.0	0.144683	-0.3076375081311479	-0.2291253297866956	False	0	0	0	0	0	0	0	0	0	0	0	0	0	0	0
NC_000962.3	2491000	2492000	0.000657235	glnE	2491500.0	0.657235	0.5943749846795565	2.269781939615604	False	0	0	0	0	0	0	0	0	0	0	0	0	0	0	0
NC_000962.3	2492000	2493000	3.94271e-05	glnE,glnA2	2492500.0	0.0394271	-0.4928716633818038	-0.7422922546206278	False	0	0	0	0	0	0	0	0	0	0	0	0	0	0	0
NC_000962.3	2493000	2494000	0.000258564	glnA2,Rv2223c	2493500.0	0.258564	-0.1072245067307517	0.3260925968759714	False	0	0	0	0	0	0	0	0	0	0	0	0	0	0	0
NC_000962.3	2494000	2495000	0.000102968	Rv2223c	2494500.0	0.1029679999999999	-0.3810494763560275	-0.4325035562751635	False	0	0	0	0	0	0	0	0	0	0	0	0	0	0	0
NC_000962.3	2495000	2496000	0.000266661	Rv2223c,caeA	2495500.0	0.266661	-0.0929750351565733	0.3655688883748834	False	0	0	0	0	0	0	0	0	0	0	0	0	0	0	0
NC_000962.3	2496000	2497000	0.000166685	caeA	2496500.0	0.166685	-0.2689173804820096	-0.121856296124961	False	0	0	0	0	0	0	0	0	0	0	0	0	0	0	0
NC_000962.3	2497000	2498000	5.28041e-05	caeA,panB	2497500.0	0.0528041	-0.469330205897824	-0.6770737352454336	False	0	0	0	0	0	0	0	0	0	0	0	0	0	0	0
NC_000962.3	2498000	2499000	3.94271e-05	panB,Rv2226	2498500.0	0.0394271	-0.4928716633818038	-0.7422922546206278	False	0	0	0	0	0	0	0	0	0	0	0	0	0	0	0
NC_000962.3	2499000	2500000	0.000148732	Rv2226	2499500.0	0.148732	-0.3005118924211505	-0.2093847463262665	False	0	0	0	0	0	0	0	0	0	0	0	0	0	0	0
NC_000962.3	2500000	2501000	0.000258036	Rv2226,Rv2227	2500500.0	0.258036	-0.1081537053217319	0.3235183740883431	False	0	0	0	0	0	0	0	0	0	0	0	0	0	0	0
NC_000962.3	2501000	2502000	0.000344987	Rv2227,Rv2228c	2501500.0	0.344987	0.0448666482470446	0.7474411877380789	False	0	0	0	0	0	0	0	0	0	0	0	0	0	0	0
NC_000962.3	2502000	2503000	0.000202768	Rv2228c,Rv2229c	2502500.0	0.202768	-0.2054168638942513	0.0540635539621387	False	0	0	0	0	0	0	0	0	0	0	0	0	0	0	0
NC_000962.3	2503000	2504000	0.000408704	Rv2229c,Rv2230c	2503500.0	0.408704	0.1569987441210626	1.058088447888281	False	0	0	0	0	0	0	0	0	0	0	0	0	0	0	0
NC_000962.3	2504000	2505000	0.000154188	Rv2230c,cobC	2504500.0	0.154188	-0.2909101736476891	-0.1827844441874417	False	0	0	0	0	0	0	0	0	0	0	0	0	0	0	0
NC_000962.3	2505000	2506000	0.000548987	cobC,vapC16	2505500.0	0.548987	0.4038751947620981	1.7420272647762511	False	0	0	0	0	0	0	0	0	0	0	0	0	0	0	0
NC_000962.3	2506000	2507000	5.28041e-05	vapC16,vapB16,ptkA	2506500.0	0.0528041	-0.469330205897824	-0.6770737352454336	False	0	0	0	0	0	0	0	0	0	0	0	0	0	0	0
NC_000962.3	2507000	2508000	0.000163693	ptkA,ptpA,Rv2235	2507500.0	0.163693	-0.2741828391642304	-0.1364435585881876	False	0	0	0	0	0	0	0	0	0	0	0	0	0	0	0
NC_000962.3	2508000	2509000	0.000258564	Rv2235,cobD	2508500.0	0.258564	-0.1072245067307517	0.3260925968759714	False	0	0	0	0	0	0	0	0	0	0	0	0	0	0	0
NC_000962.3	2509000	2510000	0.000420145	cobD,Rv2237	2509500.0	0.420145	0.1771331401047818	1.113868150375505	False	0	0	0	0	0	0	0	0	0	0	0	0	0	0	0
NC_000962.3	2510000	2511000	0.000548987	Rv2237,Rv2237A,valV,ahpE	2510500.0	0.548987	0.4038751947620981	1.7420272647762511	False	0	0	0	0	0	0	0	0	0	0	0	0	0	0	0
NC_000962.3	2511000	2512000	0.000279862	ahpE,Rv2239c,Rv2240c	2511500.0	0.279862	-0.0697433105362536	0.429929333487535	False	0	0	0	0	0	0	0	0	0	0	0	0	0	0	0
NC_000962.3	2512000	2513000	9.20552e-05	Rv2240c,aceE	2512500.0	0.0920552	-0.4002543217796034	-0.4857080608903698	False	0	0	0	0	0	0	0	0	0	0	0	0	0	0	0
NC_000962.3	2513000	2514000	0.000216321	aceE	2513500.0	0.216321	-0.1815656735466116	0.1201401475998757	False	0	0	0	0	0	0	0	0	0	0	0	0	0	0	0
NC_000962.3	2514000	2515000	7.85021e-05	aceE	2514500.0	0.0785020999999999	-0.4241056881118248	-0.5517851420703019	False	0	0	0	0	0	0	0	0	0	0	0	0	0	0	0
NC_000962.3	2515000	2516000	0.000116873	aceE,Rv2242	2515500.0	0.116873	-0.3565788202810676	-0.3647108141123406	False	0	0	0	0	0	0	0	0	0	0	0	0	0	0	0
NC_000962.3	2516000	2517000	0.000499351	Rv2242,fabD	2516500.0	0.499351	0.3165234878267	1.5000308210514142	False	0	0	0	0	0	0	0	0	0	0	0	0	0	0	0
NC_000962.3	2517000	2518000	0.000340235	fabD,acpM	2517500.0	0.340235	0.0365038609282233	0.7242731826494251	False	0	0	0	0	0	0	0	0	0	0	0	0	0	0	0
NC_000962.3	2518000	2519000	0.000509736	acpM,kasA	2518500.0	0.509736	0.334799486628459	1.5506620779633815	False	0	0	0	0	0	0	0	0	0	0	0	0	0	0	0
NC_000962.3	2519000	2520000	0.0	kasA,kasB	2519500.0	0.0	-0.5622572803636845	-0.9345160032382342	False	0	0	0	0	0	0	0	0	0	0	0	0	0	0	0
NC_000962.3	2520000	2521000	7.85021e-05	kasB,accD6	2520500.0	0.0785020999999999	-0.4241056881118248	-0.5517851420703019	False	0	0	0	0	0	0	0	0	0	0	0	0	0	0	0
NC_000962.3	2521000	2522000	0.00050956	accD6	2521500.0	0.50956	0.334489753764799	1.5498040037008392	False	0	0	0	0	1	1	0	0	0	0	0	0	0	0	0
NC_000962.3	2522000	2523000	0.000555851	accD6,Rv2248	2522500.0	0.555851	0.4159547764448398	1.7754921610154175	False	0	0	1	1	0	0	0	0	0	0	0	0	0	0	0
NC_000962.3	2523000	2524000	0.000167389	Rv2248,glpD1	2523500.0	0.1673889999999999	-0.2676784490273694	-0.1184239990747906	False	0	0	0	0	0	0	1	1	0	0	0	0	0	0	0
NC_000962.3	2524000	2525000	1.3201e-05	glpD1,Rv2250c	2524500.0	0.013201	-0.5390255557433647	-0.8701555581255828	False	0	0	0	0	0	0	0	0	0	0	0	0	0	0	0
NC_000962.3	2525000	2526000	5.26281e-05	Rv2250c,Rv2250A,Rv2251	2525500.0	0.0526281	-0.4696399387614841	-0.6779318095079762	False	0	0	0	0	0	0	0	0	0	0	0	0	0	0	0
NC_000962.3	2526000	2527000	0.000423489	Rv2251,Rv2252	2526500.0	0.423489	0.1830180645143226	1.1301715613638172	False	0	0	0	0	0	0	0	0	0	0	0	0	0	0	0
NC_000962.3	2527000	2528000	0.000226354	Rv2252,Rv2253	2527500.0	0.226354	-0.1639091404721727	0.169055255986758	False	0	0	0	0	0	0	0	0	0	0	0	0	0	0	0
NC_000962.3	2528000	2529000	0.000258564	Rv2253,Rv2254c,Rv2255c	2528500.0	0.258564	-0.1072245067307517	0.3260925968759714	False	0	0	0	0	0	0	0	0	0	0	0	0	0	0	0
NC_000962.3	2529000	2530000	0.000173198	Rv2255c,Rv2256c	2529500.0	0.173198	-0.2574555046807716	-0.0901026729889336	False	0	0	0	0	0	0	0	0	0	0	0	0	0	0	0
NC_000962.3	2530000	2531000	0.000232162	Rv2257c,Rv2258c	2530500.0	0.232162	-0.1536879559713911	0.1973717066506683	False	0	0	0	0	0	0	0	0	1	1	0	0	0	0	0
NC_000962.3	2531000	2532000	0.000511561	Rv2258c	2531500.0	0.511561	0.3380112052431158	1.5595597230153169	False	2	1	2	1	1	1	1	1	1	1	0	0	2	11	11
NC_000962.3	2532000	2533000	0.00042312	mscR	2532500.0	0.42312	0.1823686814081263	1.1283725306656451	False	3	1	2	1	1	1	1	1	0	0	0	0	3	13	13
NC_000962.3	2533000	2534000	0.000675013	mscR,Rv2260	2533500.0	0.675013	0.6256615236008537	2.356457190976313	False	0	0	1	1	0	0	0	0	0	0	0	0	0	0	0
NC_000962.3	2534000	2535000	2.64021e-05	Rv2261c,Rv2262c	2534500.0	0.0264020999999999	-0.5157936551384635	-0.805794625470737	False	0	0	1	1	0	0	0	0	0	0	0	0	0	0	0
NC_000962.3	2535000	2536000	3.15391e-05	Rv2262c,Rv2263	2535500.0	0.0315391	-0.5067533271803859	-0.7807495829327704	False	0	0	1	1	0	0	0	0	0	0	0	0	0	0	0
NC_000962.3	2536000	2537000	0.00100471	Rv2263,Rv2264c	2536500.0	1.00471	1.2058774096811165	3.9638691803942265	False	0	0	1	1	1	1	0	0	0	0	0	0	0	0	0
NC_000962.3	2537000	2538000	9.20552e-05	Rv2264c	2537500.0	0.0920552	-0.4002543217796034	-0.4857080608903698	False	0	0	0	0	0	0	0	0	0	0	0	0	0	0	0
NC_000962.3	2538000	2539000	0.000192735	Rv2264c,Rv2265	2538500.0	0.192735	-0.2230733969686902	0.0051484455752564	False	0	0	0	0	0	0	0	0	0	0	0	0	0	0	0
NC_000962.3	2539000	2540000	7.7446e-05	Rv2265	2539500.0	0.077446	-0.4259642612783667	-0.5569340751877525	False	0	0	0	0	0	0	0	0	0	0	0	0	0	0	0
NC_000962.3	2540000	2541000	0.000283558	cyp124	2540500.0	0.283558	-0.0632389203993927	0.4479488930009324	False	0	0	0	0	0	0	0	0	0	0	0	0	0	0	0
NC_000962.3	2541000	2542000	0.000193439	cyp124,Rv2267c	2541500.0	0.193439	-0.2218344655140501	0.0085807426254274	False	0	0	0	0	0	0	0	0	0	0	0	0	0	0	0
NC_000962.3	2542000	2543000	0.000142571	Rv2267c,cyp128	2542500.0	0.142571	-0.3113543024950684	-0.2394222209372085	False	0	0	0	0	0	0	0	0	0	0	0	0	0	0	0
NC_000962.3	2543000	2544000	0.000575565	cyp128	2543500.0	0.575565	0.4506483768663975	1.8716062292640967	False	0	0	0	0	0	0	0	0	0	0	0	0	0	0	0
NC_000962.3	2544000	2545000	0.00064597	cyp128,Rv2269c,lppN	2544500.0	0.64597	0.5745503215594974	2.214860311390923	False	0	0	0	0	0	0	0	0	0	0	0	0	0	0	0
NC_000962.3	2545000	2546000	3.64516e-05	lppN,Rv2271,Rv2272	2545500.0	0.0364516	-0.4981080846080565	-0.756799072621741	False	0	0	0	0	0	0	0	0	0	0	0	0	0	0	0
NC_000962.3	2546000	2547000	0.000516096	Rv2272,Rv2273,mazF8,mazE8,Rv2275	2546500.0	0.516096	0.3459921060198106	1.5816697615416309	False	0	0	0	0	0	0	1	1	0	0	0	0	0	0	0
NC_000962.3	2547000	2548000	0.000175891	mazE8,Rv2275,cyp121	2547500.0	0.175891	-0.2527162398976097	-0.0769731616876404	False	0	0	0	0	0	0	0	0	0	0	0	0	0	0	0
NC_000962.3	2548000	2549000	0.000479902	cyp121	2548500.0	0.479902	0.2822962465464487	1.4052087396184956	False	0	0	0	0	0	0	0	0	0	0	0	0	0	0	0
NC_000962.3	2549000	2550000	8.43622e-05	Rv2277c	2549500.0	0.0843622	-0.4137928156440166	-0.5232146819229907	False	0	0	0	0	0	0	0	0	1	1	0	0	0	0	0
NC_000962.3	2550000	2551000	0.0	Rv2277c,Rv2278,Rv2279	2550500.0	0.0	-0.5622572803636845	-0.9345160032382342	False	15	1	0	0	0	0	1	1	3	1	0	0	15	2	2
NC_000962.3	2551000	2552000	0.000850008	Rv2279,Rv2280	2551500.0	0.850008	0.9336257422155684	3.2096316544630525	False	15	1	0	0	0	0	1	1	1	1	0	0	15	0	0
NC_000962.3	2552000	2553000	0.000374381	Rv2280	2552500.0	0.374381	0.0965955561699048	0.8907493404266086	False	0	0	0	0	0	0	0	0	0	0	0	0	0	0	0
NC_000962.3	2553000	2554000	0.000179534	pitB	2553500.0	0.179534	-0.24630512158901	-0.059211999537395	False	0	0	0	0	0	0	0	0	0	0	0	0	0	0	0
NC_000962.3	2554000	2555000	7.86781e-05	pitB,Rv2282c	2554500.0	0.0786781	-0.4237959552481647	-0.5509270678077587	False	0	0	0	0	0	0	1	1	0	0	0	0	0	0	0
NC_000962.3	2555000	2556000	1.3201e-05	Rv2282c,Rv2283	2555500.0	0.013201	-0.5390255557433647	-0.8701555581255828	False	0	0	0	0	0	0	0	0	0	0	0	0	0	0	0
NC_000962.3	2556000	2557000	3.96031e-05	Rv2283,lipM	2556500.0	0.0396031	-0.4925619305181437	-0.7414341803580851	False	0	0	0	0	0	0	0	0	0	0	0	0	0	0	0
NC_000962.3	2557000	2558000	3.96031e-05	lipM,Rv2285	2557500.0	0.0396031	-0.4925619305181437	-0.7414341803580851	False	0	0	0	0	0	0	0	0	0	0	0	0	0	0	0
NC_000962.3	2558000	2559000	3.96031e-05	Rv2285,Rv2286c	2558500.0	0.0396031	-0.4925619305181437	-0.7414341803580851	False	0	0	0	0	0	0	0	0	0	0	0	0	0	0	0
NC_000962.3	2559000	2560000	0.000101912	Rv2286c,yjcE	2559500.0	0.101912	-0.3829078735379878	-0.4376520018504195	False	0	0	0	0	0	0	0	0	0	0	0	0	0	0	0
NC_000962.3	2560000	2561000	3.96031e-05	yjcE	2560500.0	0.0396031	-0.4925619305181437	-0.7414341803580851	False	0	0	0	0	0	0	0	0	0	0	0	0	0	0	0
NC_000962.3	2561000	2562000	9.20552e-05	yjcE,Rv2288,cdh	2561500.0	0.0920552	-0.4002543217796034	-0.4857080608903698	False	0	0	0	0	0	0	0	0	0	0	0	0	0	0	0
NC_000962.3	2562000	2563000	0.000829201	cdh,lppO	2562500.0	0.829201	0.897008630316849	3.108188750027105	False	0	0	0	0	0	0	0	0	0	0	0	0	0	0	0
NC_000962.3	2563000	2564000	0.000332138	lppO,sseB	2563500.0	0.332138	0.022254389354045	0.6847968911505128	False	0	0	0	0	0	0	0	0	0	0	0	0	0	0	0
NC_000962.3	2564000	2565000	1.3201e-05	sseB,Rv2292c,Rv2293c	2564500.0	0.013201	-0.5390255557433647	-0.8701555581255828	False	0	0	0	0	0	0	0	0	0	0	0	0	0	0	0
NC_000962.3	2565000	2566000	7.90302e-05	Rv2293c,Rv2294	2565500.0	0.0790302	-0.423176313536263	-0.5492104317404787	False	0	0	0	0	0	0	0	0	0	0	0	0	0	0	0
NC_000962.3	2566000	2567000	0.0005643	Rv2294,Rv2295	2566500.0	0.5643	0.4308237137463383	1.8166846010394155	False	0	0	0	0	0	0	0	0	0	0	0	0	0	0	0
NC_000962.3	2567000	2568000	2.64021e-05	Rv2295,Rv2296	2567500.0	0.0264020999999999	-0.5157936551384635	-0.805794625470737	False	0	0	0	0	0	0	0	0	0	0	0	0	0	0	0
NC_000962.3	2568000	2569000	0.000221601	Rv2296,Rv2297	2568500.0	0.221601	-0.1722736876368102	0.1458823754761578	False	0	0	0	0	0	0	0	0	0	0	0	0	0	0	0
NC_000962.3	2569000	2570000	0.000348859	Rv2298	2569500.0	0.348859	0.0516807712475655	0.7663188215140191	False	0	0	0	0	0	0	0	0	0	0	0	0	0	0	0
NC_000962.3	2570000	2571000	0.000130954	Rv2298,htpG	2570500.0	0.130954	-0.3317984313424477	-0.2960599976869755	False	0	0	0	0	0	0	0	0	0	0	0	0	0	0	0
NC_000962.3	2571000	2572000	0.000271413	htpG	2571500.0	0.271413	-0.0846122478377521	0.3887368934635375	False	0	0	0	0	0	0	0	0	0	0	0	0	0	0	0
NC_000962.3	2572000	2573000	7.90302e-05	htpG,Rv2300c	2572500.0	0.0790302	-0.423176313536263	-0.5492104317404787	False	0	0	0	0	0	0	0	0	0	0	0	0	0	0	0
NC_000962.3	2573000	2574000	0.000446019	Rv2300c,cut2,Rv2302	2573500.0	0.446019	0.2226673907544411	1.24001481781318	False	0	0	0	0	0	0	0	0	0	0	0	0	0	0	0
NC_000962.3	2574000	2575000	0.000745946	Rv2302,Rv2303c	2574500.0	0.745946	0.7504926668849335	2.7022854958907674	False	0	0	0	0	0	0	0	0	0	0	0	0	0	0	0
NC_000962.3	2575000	2576000	3.96031e-05	Rv2303c,Rv2304c,Rv2305	2575500.0	0.0396031	-0.4925619305181437	-0.7414341803580851	False	0	0	0	0	0	0	0	0	0	0	0	0	0	0	0
NC_000962.3	2576000	2577000	0.000130778	Rv2305	2576500.0	0.1307779999999999	-0.3321081642061078	-0.2969180719495187	False	0	0	0	0	0	0	0	0	0	0	0	0	0	0	0
NC_000962.3	2577000	2578000	0.000331962	Rv2305,Rv2306A,Rv2306B,Rv2307c	2577500.0	0.331962	0.0219446564903849	0.68393881688797	False	0	0	0	0	0	0	2	1	0	0	0	0	0	0	0
NC_000962.3	2578000	2579000	0.000566412	Rv2307c	2578500.0	0.5664119999999999	0.4345405081102588	1.826981492189928	False	0	0	0	0	0	0	0	0	0	0	0	0	0	0	0
NC_000962.3	2579000	2580000	0.000295443	Rv2307A,Rv2307B	2579500.0	0.295443	-0.0423231528732583	0.5058932828322986	False	0	0	0	0	0	0	0	0	0	0	0	0	0	0	0
NC_000962.3	2580000	2581000	0.000164242	Rv2307D,Rv2308	2580500.0	0.164242	-0.273216683811109	-0.1337669519396878	False	0	0	0	0	0	0	0	0	0	0	0	0	0	0	0
NC_000962.3	2581000	2582000	0.000722222	Rv2308,metV,Rv2309c	2581500.0	0.722222	0.7087420847402123	2.5866209856375635	False	0	0	0	0	0	0	0	0	1	1	0	0	0	0	0
NC_000962.3	2582000	2583000	0.000333018	Rv2309c	2582500.0	0.333018	0.0238030536723451	0.6890872624632265	False	0	0	0	0	0	0	0	0	1	1	0	0	0	0	0
NC_000962.3	2583000	2584000	0.000143283	Rv2309A,Rv2310,Rv2311	2583500.0	0.143283	-0.3101012922738982	-0.2359509205114675	False	0	0	0	0	0	0	0	0	1	1	0	0	0	0	0
NC_000962.3	2584000	2585000	5.24535e-05	Rv2311,Rv2312	2584500.0	0.0524535	-0.4699472078410014	-0.6787830581797943	False	0	0	0	0	0	0	0	0	0	0	0	0	0	0	0
NC_000962.3	2585000	2586000	5.28041e-05	Rv2313c,Rv2314c	2585500.0	0.0528041	-0.469330205897824	-0.6770737352454336	False	0	0	0	0	0	0	0	0	0	0	0	0	0	0	0
NC_000962.3	2586000	2587000	0.000562188	Rv2314c	2586500.0	0.562188	0.4271069193824178	1.8063877098889027	False	0	0	0	0	0	0	0	0	0	0	0	0	0	0	0
NC_000962.3	2587000	2588000	3.96031e-05	Rv2314c,Rv2315c	2587500.0	0.0396031	-0.4925619305181437	-0.7414341803580851	False	0	0	0	0	0	0	0	0	0	0	0	0	0	0	0
NC_000962.3	2588000	2589000	7.90302e-05	Rv2315c,uspA	2588500.0	0.0790302	-0.423176313536263	-0.5492104317404787	False	0	0	0	0	0	0	0	0	0	0	0	0	0	0	0
NC_000962.3	2589000	2590000	0.000809487	uspA,uspB	2589500.0	0.809487	0.8623150298952914	3.0120746817784263	False	0	0	0	0	0	0	0	0	0	0	0	0	0	0	0
NC_000962.3	2590000	2591000	0.000117753	uspB,uspC	2590500.0	0.117753	-0.3550301559627674	-0.360420442799627	False	0	0	0	0	0	0	0	0	0	0	0	0	0	0	0
NC_000962.3	2591000	2592000	0.000141339	uspC,Rv2319c	2591500.0	0.141339	-0.3135224325406887	-0.2454287407750077	False	0	0	0	0	0	0	0	0	0	0	0	0	0	0	0
NC_000962.3	2592000	2593000	0.000278102	Rv2319c,rocE	2592500.0	0.278102	-0.0728406391728541	0.4213485908621077	False	0	0	0	0	0	0	0	0	0	0	0	0	0	0	0
NC_000962.3	2593000	2594000	0.000105256	rocE	2593500.0	0.105256	-0.3770229491284469	-0.4213485908621075	False	0	0	0	0	0	0	0	0	0	0	0	0	0	0	0
NC_000962.3	2594000	2595000	1.3201e-05	rocE,rocD2,rocD1	2594500.0	0.013201	-0.5390255557433647	-0.8701555581255828	False	0	0	0	0	0	0	0	0	0	0	0	0	0	0	0
NC_000962.3	2595000	2596000	3.96031e-05	rocD1,Rv2323c	2595500.0	0.0396031	-0.4925619305181437	-0.7414341803580851	False	0	0	0	0	0	0	0	0	0	0	0	0	0	0	0
NC_000962.3	2596000	2597000	7.85021e-05	Rv2323c,Rv2324	2596500.0	0.0785020999999999	-0.4241056881118248	-0.5517851420703019	False	0	0	0	0	0	0	0	0	0	0	0	0	0	0	0
NC_000962.3	2597000	2598000	2.6226e-05	Rv2325c,Rv2326c	2597500.0	0.026226	-0.5161035639867051	-0.806653187275474	False	0	0	0	0	0	0	0	0	0	0	0	0	0	0	0
NC_000962.3	2598000	2599000	0.000214385	Rv2326c	2598500.0	0.214385	-0.1849727350468721	0.1107013307119055	False	0	0	0	0	0	0	0	0	0	0	0	0	0	0	0
NC_000962.3	2599000	2600000	3.96031e-05	Rv2326c,Rv2327	2599500.0	0.0396031	-0.4925619305181437	-0.7414341803580851	False	0	0	0	0	0	0	0	0	0	0	0	0	0	0	0
NC_000962.3	2600000	2601000	0.000496711	Rv2327,PE23	2600500.0	0.496711	0.3118774948717994	1.4871597071132734	False	0	0	0	0	0	0	0	0	1	1	0	0	0	0	0
NC_000962.3	2601000	2602000	0.000993069	PE23,narK1	2601500.0	0.993069	1.1853910445341471	3.907114393517749	False	0	0	0	0	0	0	0	0	1	1	0	0	0	0	0
NC_000962.3	2602000	2603000	0.000537546	narK1	2602500.0	0.537546	0.3837407987783788	1.686247562289027	False	0	0	0	0	0	0	0	0	0	0	0	0	0	0	0
NC_000962.3	2603000	2604000	0.000398671	narK1,lppP	2603500.0	0.398671	0.1393422110466237	1.0091733395013986	False	0	0	0	0	0	0	0	0	0	0	0	0	0	0	0
NC_000962.3	2604000	2605000	9.06471e-05	lppP,Rv2331,Rv2331A	2604500.0	0.0906471	-0.4027323606734654	-0.4925731425329063	False	0	0	0	0	1	1	0	0	0	0	0	0	0	0	0
NC_000962.3	2605000	2606000	0.000392335	Rv2331A,mez	2605500.0	0.392335	0.128191827954862	0.97828266604986	False	0	0	0	0	0	0	0	0	0	0	0	0	0	0	0
NC_000962.3	2606000	2607000	0.000179534	mez,stp	2606500.0	0.179534	-0.24630512158901	-0.059211999537395	False	0	0	0	0	0	0	0	0	0	0	0	0	0	0	0
NC_000962.3	2607000	2608000	6.54771e-05	stp	2607500.0	0.0654771	-0.4470276798684844	-0.6152875129204102	False	0	0	0	0	0	0	0	0	0	0	0	0	0	0	0
NC_000962.3	2608000	2609000	0.000804031	stp,cysK1	2608500.0	0.8040309999999999	0.8527133111218299	2.985474379639602	False	0	0	0	0	1	1	0	0	0	0	0	0	0	0	0
NC_000962.3	2609000	2610000	0.000114937	cysK1,cysE	2609500.0	0.114937	-0.3599858817813281	-0.3741496310003108	False	0	0	0	0	0	0	0	0	0	0	0	0	0	0	0
NC_000962.3	2610000	2611000	0.000347275	cysE,Rv2336	2610500.0	0.347275	0.0488931754746252	0.7585961531511345	False	0	0	0	0	0	0	0	0	0	0	0	0	0	0	0
NC_000962.3	2611000	2612000	0.000475589	Rv2336,Rv2337c	2611500.0	0.475589	0.2747060315409613	1.3841810447642522	False	0	0	0	0	0	0	0	0	0	0	0	0	0	0	0
NC_000962.3	2612000	2613000	0.000549163	Rv2337c	2612500.0	0.549163	0.4041849276257581	1.7428853390387935	False	0	0	0	0	0	0	0	0	0	0	0	0	0	0	0
NC_000962.3	2613000	2614000	1.3201e-05	moeW	2613500.0	0.013201	-0.5390255557433647	-0.8701555581255828	False	0	0	0	0	0	0	0	0	0	0	0	0	0	0	0
NC_000962.3	2614000	2615000	0.000104904	moeW,mmpL9	2614500.0	0.104904	-0.377642414855767	-0.423064739387193	False	0	0	0	0	0	0	0	0	0	0	0	0	0	0	0
NC_000962.3	2615000	2616000	0.000206816	mmpL9	2615500.0	0.206816	-0.1982930080300703	0.0737992620006216	False	0	0	0	0	0	0	0	0	0	0	0	0	0	0	0
NC_000962.3	2616000	2617000	6.58291e-05	mmpL9	2616500.0	0.0658291	-0.4464082141411644	-0.6135713643953248	False	0	0	0	0	0	0	0	0	0	0	0	0	0	0	0
NC_000962.3	2617000	2618000	0.000385822	mmpL9,PE_PGRS39	2617500.0	0.385822	0.1167299521536241	0.9465290429138328	False	0	0	0	0	0	0	1	1	1	1	0	0	0	0	0
NC_000962.3	2618000	2619000	9.18792e-05	PE_PGRS39	2618500.0	0.0918792	-0.4005640546432634	-0.4865661351529126	False	0	0	0	0	0	0	0	0	1	1	0	0	0	0	0
NC_000962.3	2619000	2620000	0.000731161	asnT,lppQ	2619500.0	0.7311610000000001	0.7244733464916734	2.630202382415232	False	0	0	0	0	0	0	0	0	0	0	0	0	0	0	0
NC_000962.3	2620000	2621000	6.54771e-05	lppQ,Rv2342,dnaG	2620500.0	0.0654771	-0.4470276798684844	-0.6152875129204102	False	0	0	0	0	0	0	0	0	0	0	0	0	0	0	0
NC_000962.3	2621000	2622000	0.000137291	dnaG	2621500.0	0.137291	-0.3206462884048698	-0.2651644488134906	False	0	0	0	0	0	0	0	0	0	0	0	0	0	0	0
NC_000962.3	2622000	2623000	0.000365757	dnaG,dgt	2622500.0	0.365757	0.0814186458505625	0.8487037015620144	False	0	0	0	0	0	0	0	0	0	0	0	0	0	0	0
NC_000962.3	2623000	2624000	0.000318937	dgt,Rv2345	2623500.0	0.3189369999999999	-0.0009773352662747	0.620436446037861	False	0	0	0	0	0	0	0	0	0	0	0	0	0	0	0
NC_000962.3	2624000	2625000	0.000168445	Rv2345	2624500.0	0.168445	-0.2658200518454091	-0.1132755534995336	False	0	0	0	0	0	0	0	0	0	0	0	0	0	0	0
NC_000962.3	2625000	2626000	0.00050692	Rv2345,esxO	2625500.0	0.50692	0.3298437608098983	1.5369328897626984	False	4	1	0	0	0	0	1	1	1	1	0	0	4	2	1
NC_000962.3	2626000	2627000	0.00581461	esxO,esxP,Rv2348c	2626500.0	5.814609999999999	9.67055980126325	27.41416119973689	True	4	1	0	0	0	0	1	1	2	1	10	10	4	102	51
NC_000962.3	2627000	2628000	0.000975662	plcC	2627500.0	0.975662	1.1547574084106786	3.822247923699105	False	0	0	1	1	0	0	1	1	0	0	0	0	0	0	0
NC_000962.3	2628000	2629000	0.000268959	plcC,plcB	2628500.0	0.268959	-0.0889309094708303	0.3767726080074017	False	0	0	1	1	0	0	0	0	0	0	0	0	0	0	0
NC_000962.3	2629000	2630000	2.55253e-05	plcB	2629500.0	0.0255253	-0.5173366879501518	-0.8100693954332222	False	0	0	2	1	0	0	2	1	0	0	0	0	0	0	0
NC_000962.3	2630000	2631000	0.000580368	plcB,plcA	2630500.0	0.5803680000000001	0.4591009163218476	1.8950228808720109	False	0	0	2	1	0	0	2	1	0	0	0	0	0	0	0
NC_000962.3	2631000	2632000	0.000752626	plcA	2631500.0	0.7526259999999999	0.7622484369374851	2.734853314491821	False	0	0	1	1	0	0	3	1	0	0	0	0	0	0	0
NC_000962.3	2632000	2633000	0.000371686	plcA,PPE38	2632500.0	0.3716859999999999	0.0918527716951103	0.8776100782814225	False	0	0	1	1	0	0	0	0	1	1	0	0	0	0	0
NC_000962.3	2633000	2634000	1.49814e-05	PPE38	2633500.0	0.0149814	-0.5358923262521129	-0.8614753568924515	False	0	0	0	0	0	0	2	1	1	1	0	0	0	0	0
NC_000962.3	2634000	2635000	0.000501109	PPE38,PPE39	2634500.0	0.501109	0.319617296771668	1.5086018128329493	False	1	1	0	0	1	1	1	1	2	1	0	0	1	50	50
NC_000962.3	2635000	2636000	2.80228e-05	PPE39,Rv2354,Rv2355	2635500.0	0.0280228	-0.5129414730240667	-0.7978930291224239	False	16	1	0	0	0	0	3	1	3	1	0	0	16	124	124
NC_000962.3	2636000	2637000	0.0	Rv2355	2636500.0	0.0	-0.5622572803636845	-0.9345160032382342	False	16	1	0	0	0	0	1	1	1	1	0	0	16	0	0
NC_000962.3	2637000	2638000	0.00106175	PPE40	2637500.0	1.06175	1.3062590150400313	4.241963248209213	False	5	1	0	0	1	1	2	1	1	1	0	0	5	97	84
NC_000962.3	2638000	2639000	6.53063e-05	PPE40	2638500.0	0.0653063	-0.4473282615339	-0.6161202349888324	False	2	1	0	0	1	1	1	1	1	1	0	0	2	303	271
NC_000962.3	2639000	2640000	9.20552e-05	PPE40,glyS	2639500.0	0.0920552	-0.4002543217796034	-0.4857080608903698	False	2	1	0	0	3	1	4	1	1	1	0	0	2	74	74
NC_000962.3	2640000	2641000	0.000205936	glyS	2640500.0	0.2059359999999999	-0.1998416723483705	0.0695088906879075	False	0	0	0	0	0	0	0	0	0	0	0	0	0	0	0
NC_000962.3	2641000	2642000	0.000410288	glyS,smtB,zur	2641500.0	0.410288	0.159786339894003	1.0658111162511654	False	0	0	0	0	0	0	0	0	0	0	0	0	0	0	0
NC_000962.3	2642000	2643000	0.000436162	zur,Rv2360c,Rv2361c	2642500.0	0.436162	0.2053205905436622	1.1919577836888404	False	0	0	0	0	0	0	0	0	0	0	0	0	0	0	0
NC_000962.3	2643000	2644000	0.000219137	Rv2361c,recO	2643500.0	0.219137	-0.1766099477280508	0.1338693358005595	False	0	0	0	0	0	0	0	0	0	0	0	0	0	0	0
NC_000962.3	2644000	2645000	0.0	recO,amiA2	2644500.0	0.0	-0.5622572803636845	-0.9345160032382342	False	0	0	0	0	0	0	0	0	0	0	0	0	0	0	0
NC_000962.3	2645000	2646000	0.000291831	amiA2,era	2645500.0	0.291831	-0.0486797159615543	0.4882832587623875	False	0	0	0	0	0	0	0	0	0	0	0	0	0	0	0
NC_000962.3	2646000	2647000	5.28041e-05	era,Rv2365c	2646500.0	0.0528041	-0.469330205897824	-0.6770737352454336	False	0	0	0	0	0	0	0	0	0	0	0	0	0	0	0
NC_000962.3	2647000	2648000	0.000438274	Rv2365c,Rv2366c	2647500.0	0.438274	0.2090373849075828	1.2022546748393532	False	0	0	0	0	0	0	0	0	0	0	0	0	0	0	0
NC_000962.3	2648000	2649000	7.90302e-05	Rv2366c,Rv2367c,phoH1	2648500.0	0.0790302	-0.423176313536263	-0.5492104317404787	False	0	0	0	0	0	0	0	0	0	0	0	0	0	0	0
NC_000962.3	2649000	2650000	6.58291e-05	phoH1,Rv2369c	2649500.0	0.0658291	-0.4464082141411644	-0.6135713643953248	False	0	0	0	0	0	0	0	0	0	0	0	0	0	0	0
NC_000962.3	2650000	2651000	3.96031e-05	Rv2369c,Rv2370c	2650500.0	0.0396031	-0.4925619305181437	-0.7414341803580851	False	1	1	0	0	0	0	0	0	0	0	0	0	1	147	147
NC_000962.3	2651000	2652000	6.58291e-05	Rv2370c,PE_PGRS40	2651500.0	0.0658291	-0.4464082141411644	-0.6135713643953248	False	1	1	0	0	0	0	1	1	1	1	0	0	1	181	181
NC_000962.3	2652000	2653000	0.000295703	Rv2372c,dnaJ2	2652500.0	0.295703	-0.0418655929610332	0.5071608925383275	False	0	0	0	0	0	0	0	0	0	0	0	0	0	0	0
NC_000962.3	2653000	2654000	5.28041e-05	dnaJ2	2653500.0	0.0528041	-0.469330205897824	-0.6770737352454336	False	0	0	0	0	0	0	0	0	0	0	0	0	0	0	0
NC_000962.3	2654000	2655000	0.000152076	hrcA	2654500.0	0.152076	-0.2946269680116096	-0.1930813353379545	False	0	0	0	0	0	0	0	0	0	0	0	0	0	0	0
NC_000962.3	2655000	2656000	0.000128314	hrcA,Rv2375,cfp2	2655500.0	0.128314	-0.3364444242973484	-0.3089311116251164	False	0	0	0	0	0	0	0	0	0	0	0	0	0	0	0
NC_000962.3	2656000	2657000	0.000141339	cfp2,mbtH,mbtG	2656500.0	0.141339	-0.3135224325406887	-0.2454287407750077	False	0	0	0	0	0	0	0	0	0	0	0	0	0	0	0
NC_000962.3	2657000	2658000	2.64021e-05	mbtG,mbtF	2657500.0	0.0264020999999999	-0.5157936551384635	-0.805794625470737	False	0	0	0	0	0	0	0	0	0	0	0	0	0	0	0
NC_000962.3	2658000	2659000	2.6226e-05	mbtF	2658500.0	0.026226	-0.5161035639867051	-0.806653187275474	False	0	0	0	0	0	0	0	0	0	0	0	0	0	0	0
NC_000962.3	2659000	2660000	6.58291e-05	mbtF	2659500.0	0.0658291	-0.4464082141411644	-0.6135713643953248	False	0	0	0	0	0	0	0	0	0	0	0	0	0	0	0
NC_000962.3	2660000	2661000	0.000402455	mbtF	2660500.0	0.402455	0.1460014676153147	1.0276219361460677	False	0	0	0	0	0	0	0	0	0	0	0	0	0	0	0
NC_000962.3	2661000	2662000	0.000141515	mbtF	2661500.0	0.141515	-0.3132126996770287	-0.2445706665124649	False	0	0	0	0	0	0	0	0	0	0	0	0	0	0	0
NC_000962.3	2662000	2663000	0.000150492	mbtF,mbtE	2662500.0	0.150492	-0.29741456378455	-0.2008040037008392	False	0	0	0	0	0	0	0	0	0	0	0	0	0	0	0
NC_000962.3	2663000	2664000	0.000683461	mbtE	2663500.0	0.683461	0.6405287010565358	2.3976447555783644	False	0	0	0	0	0	0	0	0	0	0	0	0	0	0	0
NC_000962.3	2664000	2665000	2.64021e-05	mbtE	2664500.0	0.0264020999999999	-0.5157936551384635	-0.805794625470737	False	0	0	0	0	0	0	0	0	0	0	0	0	0	0	0
NC_000962.3	2665000	2666000	5.26281e-05	mbtE	2665500.0	0.0526281	-0.4696399387614841	-0.6779318095079762	False	0	0	0	0	0	0	0	0	0	0	0	0	0	0	0
NC_000962.3	2666000	2667000	7.92062e-05	mbtE	2666500.0	0.0792062	-0.422866580672603	-0.5483523574779359	False	0	0	0	0	0	0	0	0	0	0	0	0	0	0	0
NC_000962.3	2667000	2668000	7.88542e-05	mbtE,mbtD	2667500.0	0.0788542	-0.4234860463999231	-0.5500685060030214	False	0	0	0	0	0	0	0	0	0	0	0	0	0	0	0
NC_000962.3	2668000	2669000	0.000195199	mbtD	2668500.0	0.195199	-0.2187371368774496	0.0171614852508548	False	0	0	0	0	0	0	0	0	0	0	0	0	0	0	0
NC_000962.3	2669000	2670000	5.22761e-05	mbtD	2669500.0	0.0522761	-0.4702594044888042	-0.6796479580330618	False	0	0	0	0	0	0	0	0	0	0	0	0	0	0	0
NC_000962.3	2670000	2671000	5.22761e-05	mbtD,mbtC	2670500.0	0.0522761	-0.4702594044888042	-0.6796479580330618	False	0	0	0	0	0	0	0	0	0	0	0	0	0	0	0
NC_000962.3	2671000	2672000	0.000418737	mbtC,mbtB	2671500.0	0.418737	0.1746552771955015	1.1070035562751632	False	0	0	0	0	0	0	0	0	0	0	0	0	0	0	0
NC_000962.3	2672000	2673000	7.86781e-05	mbtB	2672500.0	0.0786781	-0.4237959552481647	-0.5509270678077587	False	0	0	0	0	0	0	0	0	0	0	0	0	0	0	0
NC_000962.3	2673000	2674000	0.000522585	mbtB	2673500.0	0.522585	0.3574117455214586	1.613306374550948	False	0	0	0	0	0	0	0	0	0	0	0	0	0	0	0
NC_000962.3	2674000	2675000	3.94271e-05	mbtB	2674500.0	0.0394271	-0.4928716633818038	-0.7422922546206278	False	0	0	0	0	0	0	0	0	0	0	0	0	0	0	0
NC_000962.3	2675000	2676000	1.3201e-05	mbtB,mbtA	2675500.0	0.013201	-0.5390255557433647	-0.8701555581255828	False	0	0	0	0	0	0	0	0	0	0	0	0	0	0	0
NC_000962.3	2676000	2677000	2.64021e-05	mbtA	2676500.0	0.0264020999999999	-0.5157936551384635	-0.805794625470737	False	0	0	0	0	0	0	0	0	0	0	0	0	0	0	0
NC_000962.3	2677000	2678000	6.58291e-05	mbtA,mbtJ	2677500.0	0.0658291	-0.4464082141411644	-0.6135713643953248	False	0	0	0	0	0	0	0	0	0	0	0	0	0	0	0
NC_000962.3	2678000	2679000	0.000165101	mbtJ,mbtI	2678500.0	0.165101	-0.27170497625495	-0.1295789644878457	False	0	0	0	0	0	0	0	0	0	0	0	0	0	0	0
NC_000962.3	2679000	2680000	5.22761e-05	mbtI	2679500.0	0.0522761	-0.4702594044888042	-0.6796479580330618	False	0	0	0	0	0	0	0	0	0	0	0	0	0	0	0
NC_000962.3	2680000	2681000	0.000350267	mbtI,Rv2387	2680500.0	0.350267	0.054158634156846	0.7731834156143611	False	0	0	0	0	0	0	0	0	0	0	0	0	0	0	0
NC_000962.3	2681000	2682000	2.64021e-05	Rv2387	2681500.0	0.0264020999999999	-0.5157936551384635	-0.805794625470737	False	0	0	0	0	0	0	0	0	0	0	0	0	0	0	0
NC_000962.3	2682000	2683000	5.24521e-05	Rv2387,hemN	2682500.0	0.0524521	-0.4699496716251441	-0.678789883770519	False	0	0	0	0	0	0	0	0	0	0	0	0	0	0	0
NC_000962.3	2683000	2684000	5.26281e-05	hemN,rpfD,Rv2390c	2683500.0	0.0526281	-0.4696399387614841	-0.6779318095079762	False	0	0	0	0	0	0	1	1	0	0	0	0	0	0	0
NC_000962.3	2684000	2685000	5.26281e-05	Rv2390c,sirA	2684500.0	0.0526281	-0.4696399387614841	-0.6779318095079762	False	0	0	0	0	0	0	0	0	0	0	0	0	0	0	0
NC_000962.3	2685000	2686000	6.58291e-05	sirA	2685500.0	0.0658291	-0.4464082141411644	-0.6135713643953248	False	0	0	0	0	0	0	0	0	0	0	0	0	0	0	0
NC_000962.3	2686000	2687000	0.0	sirA,cysH	2686500.0	0.0	-0.5622572803636845	-0.9345160032382342	False	0	0	0	0	0	0	0	0	0	0	0	0	0	0	0
NC_000962.3	2687000	2688000	1.3201e-05	cysH,che1	2687500.0	0.013201	-0.5390255557433647	-0.8701555581255828	False	3	1	0	0	0	0	1	1	0	0	0	0	3	17	8
NC_000962.3	2688000	2689000	0.00030732	ggtB	2688500.0	0.30732	-0.021421464113654	0.5637986692880944	False	0	0	0	0	0	0	0	0	0	0	0	0	0	0	0
NC_000962.3	2689000	2690000	0.000221073	ggtB	2689500.0	0.221073	-0.1732028862277903	0.1433081526885296	False	0	0	0	0	0	0	0	0	0	0	0	0	0	0	0
NC_000962.3	2690000	2691000	0.000141515	Rv2395	2690500.0	0.141515	-0.3132126996770287	-0.2445706665124649	False	0	0	0	0	0	0	0	0	0	0	0	0	0	0	0
NC_000962.3	2691000	2692000	0.000240259	Rv2395	2691500.0	0.240259	-0.1394384843972128	0.2368479981495804	False	0	0	0	0	0	0	0	0	0	0	0	0	0	0	0
NC_000962.3	2692000	2693000	0.000535962	Rv2395,aprA,aprB,PE_PGRS41	2692500.0	0.5359619999999999	0.3809532030054383	1.678524893926142	False	0	0	0	0	0	0	0	0	1	1	0	0	0	0	0
NC_000962.3	2693000	2694000	0.00035854	PE_PGRS41,cysA1	2693500.0	0.35854	0.0687178385946844	0.813517781375816	False	0	0	0	0	1	1	0	0	1	1	0	0	0	0	0
NC_000962.3	2694000	2695000	3.96031e-05	cysA1,cysW	2694500.0	0.0396031	-0.4925619305181437	-0.7414341803580851	False	0	0	0	0	0	0	0	0	0	0	0	0	0	0	0
NC_000962.3	2695000	2696000	0.000161757	cysW,cysT	2695500.0	0.161757	-0.2775899006644909	-0.1458823754761576	False	0	0	0	0	0	0	0	0	0	0	0	0	0	0	0
NC_000962.3	2696000	2697000	0.000219137	cysT,subI	2696500.0	0.219137	-0.1766099477280508	0.1338693358005595	False	0	0	0	0	0	0	0	0	0	0	0	0	0	0	0
NC_000962.3	2697000	2698000	0.000562188	subI,Rv2401	2697500.0	0.562188	0.4271069193824178	1.8063877098889027	False	0	0	0	0	0	0	0	0	0	0	0	0	0	0	0
NC_000962.3	2698000	2699000	3.96031e-05	Rv2401,Rv2401A,Rv2402	2698500.0	0.0396031	-0.4925619305181437	-0.7414341803580851	False	0	0	0	0	0	0	0	0	0	0	0	0	0	0	0
NC_000962.3	2699000	2700000	7.88542e-05	Rv2402	2699500.0	0.0788542	-0.4234860463999231	-0.5500685060030214	False	0	0	0	0	0	0	0	0	0	0	0	0	0	0	0
NC_000962.3	2700000	2701000	0.000396559	Rv2402,lppR	2700500.0	0.396559	0.1356254166827031	0.9988764483508856	False	0	0	0	0	0	0	1	1	0	0	0	0	0	0	0
NC_000962.3	2701000	2702000	0.000118105	lppR,lepA	2701500.0	0.118105	-0.3544106902354473	-0.3587042942745415	False	0	0	0	0	0	0	0	0	0	0	0	0	0	0	0
NC_000962.3	2702000	2703000	0.000131306	lepA	2702500.0	0.131306	-0.3311789656151276	-0.2943438491618899	False	0	0	0	0	0	0	0	0	0	0	0	0	0	0	0
NC_000962.3	2703000	2704000	0.00010473	lepA,Rv2405	2703500.0	0.1047299999999999	-0.3779486280277946	-0.4239130628058437	False	0	0	0	0	0	0	1	1	0	0	0	0	0	0	0
NC_000962.3	2704000	2705000	0.00037061	Rv2406c,Rv2407	2704500.0	0.37061	0.089959177596825	0.8723641242672411	False	0	0	0	0	0	0	1	1	0	0	0	0	0	0	0
NC_000962.3	2705000	2706000	0.000249763	Rv2407	2705500.0	0.249763	-0.1227129097595703	0.2831840083268883	False	0	0	0	0	0	0	0	0	0	0	0	0	0	0	0
NC_000962.3	2706000	2707000	0.00050956	PE24,Rv2409c	2706500.0	0.50956	0.334489753764799	1.5498040037008392	False	0	0	0	0	0	0	0	0	1	1	0	0	0	0	0
NC_000962.3	2707000	2708000	3.9075e-05	Rv2409c,Rv2410c	2707500.0	0.039075	-0.4934913050937055	-0.7440088906879079	False	0	0	0	0	0	0	0	0	0	0	0	0	0	0	0
NC_000962.3	2708000	2709000	1.3201e-05	Rv2410c,Rv2411c	2708500.0	0.013201	-0.5390255557433647	-0.8701555581255828	False	0	0	0	0	0	0	0	0	0	0	0	0	0	0	0
NC_000962.3	2709000	2710000	0.000292535	Rv2411c	2709500.0	0.292535	-0.047440784506914	0.4917155558125583	False	0	0	0	0	0	0	0	0	0	0	0	0	0	0	0
NC_000962.3	2710000	2711000	6.54771e-05	rpsT,Rv2413c	2710500.0	0.0654771	-0.4470276798684844	-0.6152875129204102	False	0	0	0	0	0	0	0	0	0	0	0	0	0	0	0
NC_000962.3	2711000	2712000	0.000522761	Rv2413c,Rv2414c	2711500.0	0.5227609999999999	0.3577214783851186	1.6141644488134903	False	0	0	0	0	0	0	0	0	0	0	0	0	0	0	0
NC_000962.3	2712000	2713000	0.000421201	Rv2414c,Rv2415c	2712500.0	0.421201	0.1789915372867421	1.1190165959507614	False	0	0	0	0	0	0	0	0	0	0	0	0	0	0	0
NC_000962.3	2713000	2714000	0.000148732	Rv2415c	2713500.0	0.148732	-0.3005118924211505	-0.2093847463262665	False	0	0	0	0	0	0	0	0	0	0	0	0	0	0	0
NC_000962.3	2714000	2715000	0.000138875	eis	2714500.0	0.138875	-0.3178586926319294	-0.257441780450606	False	0	0	0	0	0	0	0	0	0	0	0	0	0	0	0
NC_000962.3	2715000	2716000	0.000130954	eis,Rv2417c	2715500.0	0.130954	-0.3317984313424477	-0.2960599976869755	False	0	0	0	0	0	0	0	0	0	0	0	0	0	0	0
NC_000962.3	2716000	2717000	3.96031e-05	Rv2417c,octT	2716500.0	0.0396031	-0.4925619305181437	-0.7414341803580851	False	0	0	0	0	0	0	1	1	0	0	0	0	0	0	0
NC_000962.3	2717000	2718000	2.64021e-05	octT,gpgP,Rv2420c	2717500.0	0.0264020999999999	-0.5157936551384635	-0.805794625470737	False	0	0	0	0	0	0	0	0	0	0	0	0	0	0	0
NC_000962.3	2718000	2719000	2.64021e-05	Rv2420c,nadD	2718500.0	0.0264020999999999	-0.5157936551384635	-0.805794625470737	False	0	0	0	0	0	0	0	0	0	0	0	0	0	0	0
NC_000962.3	2719000	2720000	0.000238675	Rv2422,Rv2423	2719500.0	0.238675	-0.1422260801701532	0.2291253297866958	False	0	0	0	0	0	0	0	0	0	0	0	0	0	0	0
NC_000962.3	2720000	2721000	0.00140195	Rv2423,Rv2424c	2720500.0	1.4019499999999998	1.9049585617283704	5.900581794328753	False	1	1	0	0	0	0	1	1	1	1	1	1	1	12	12
NC_000962.3	2721000	2722000	0.000513784	Rv2424c,Rv2425c	2721500.0	0.513784	0.34192334249264	1.570397786001865	False	1	1	0	0	0	0	2	1	1	1	1	1	1	1	1
NC_000962.3	2722000	2723000	0.000115993	Rv2425c	2722500.0	0.115993	-0.3581274845993679	-0.3690011854250543	False	0	0	0	0	0	0	0	0	0	0	0	0	0	0	0
NC_000962.3	2723000	2724000	0.000551627	Rv2425c,Rv2426c	2723500.0	0.551627	0.4085211877169987	1.754898378714392	False	0	0	0	0	0	0	0	0	0	0	0	0	0	0	0
NC_000962.3	2724000	2725000	0.000214561	Rv2426c,proA	2724500.0	0.214561	-0.184663002183212	0.1115594049744483	False	0	0	0	0	0	0	0	0	0	0	0	0	0	0	0
NC_000962.3	2725000	2726000	0.000186399	proA,oxyR'	2725500.0	0.1863989999999999	-0.2342237800604519	-0.0257422278762825	False	0	0	0	0	0	0	0	0	0	0	0	0	0	0	0
NC_000962.3	2726000	2727000	0.000469605	oxyR',ahpC,ahpD	2726500.0	0.469605	0.2641751141765198	1.3550065198377992	False	0	0	0	0	0	0	0	0	0	0	0	0	0	0	0
NC_000962.3	2727000	2728000	0.000205936	ahpD,PPE41,PE25	2727500.0	0.2059359999999999	-0.1998416723483705	0.0695088906879075	False	0	0	0	0	0	0	0	0	2	1	0	0	0	0	0
NC_000962.3	2728000	2729000	5.22761e-05	PE25,Rv2432c,Rv2433c	2728500.0	0.0522761	-0.4702594044888042	-0.6796479580330618	False	0	0	0	0	0	0	0	0	1	1	0	0	0	0	0
NC_000962.3	2729000	2730000	0.000812616	Rv2433c,Rv2434c	2729500.0	0.8126159999999999	0.8678215874543385	3.027329877048291	False	0	0	0	0	0	0	0	0	0	0	0	0	0	0	0
NC_000962.3	2730000	2731000	0.000193087	Rv2434c,Rv2435c	2730500.0	0.1930869999999999	-0.2224539312413702	0.0068645941003414	False	0	0	0	0	0	0	0	0	0	0	0	0	0	0	0
NC_000962.3	2731000	2732000	0.000245187	Rv2435c	2731500.0	0.245187	-0.1307659642147315	0.260874077500777	False	0	0	0	0	0	0	0	0	0	0	0	0	0	0	0
NC_000962.3	2732000	2733000	3.96031e-05	Rv2435c	2732500.0	0.0396031	-0.4925619305181437	-0.7414341803580851	False	0	0	0	0	0	0	0	0	0	0	0	0	0	0	0
NC_000962.3	2733000	2734000	0.000257684	rbsK	2733500.0	0.2576839999999999	-0.108773171049052	0.3218022255632572	False	0	0	0	0	0	0	0	0	0	0	0	0	0	0	0
NC_000962.3	2734000	2735000	3.96031e-05	rbsK,Rv2437,nadE	2734500.0	0.0396031	-0.4925619305181437	-0.7414341803580851	False	0	0	0	0	0	0	0	0	0	0	0	0	0	0	0
NC_000962.3	2735000	2736000	2.6226e-05	nadE	2735500.0	0.026226	-0.5161035639867051	-0.806653187275474	False	0	0	0	0	0	0	0	0	0	0	0	0	0	0	0
NC_000962.3	2736000	2737000	0.000176366	nadE,Rv2438A	2736500.0	0.176366	-0.2518803131348908	-0.0746573362631643	False	0	0	0	0	0	0	0	0	0	0	0	0	0	0	0
NC_000962.3	2737000	2738000	0.000384414	proB	2737500.0	0.384414	0.1142520892443437	0.9396644488134904	False	0	0	0	0	0	0	0	0	0	0	0	0	0	0	0
NC_000962.3	2738000	2739000	0.000611296	proB,obg	2738500.0	0.611296	0.5135294277268356	2.04580993082611	False	0	0	0	0	0	0	0	0	0	0	0	0	0	0	0
NC_000962.3	2739000	2740000	0.000519945	obg,rpmA	2739500.0	0.519945	0.3527657525665579	1.600435260612807	False	0	0	0	0	0	0	0	0	0	0	0	0	0	0	0
NC_000962.3	2740000	2741000	0.000652307	rpmA,rplU,dctA	2740500.0	0.652307	0.5857024644970751	2.245755860264407	False	0	0	0	0	0	0	0	0	0	0	0	0	0	0	0
NC_000962.3	2741000	2742000	0.000509384	dctA	2741500.0	0.509384	0.3341800209011389	1.548945929438296	False	0	0	0	0	0	0	0	0	0	0	0	0	0	0	0
NC_000962.3	2742000	2743000	0.000204528	dctA,rne	2742500.0	0.204528	-0.2023195352576509	0.062644296587566	False	0	0	0	0	2	1	0	0	0	0	0	0	0	0	0
NC_000962.3	2743000	2744000	9.17032e-05	rne	2743500.0	0.0917032	-0.4008737875069235	-0.4874242094154553	False	0	0	0	0	0	0	0	0	0	0	0	0	0	0	0
NC_000962.3	2744000	2745000	9.22312e-05	rne	2744500.0	0.0922312	-0.3999445889159433	-0.484849986627827	False	0	0	0	0	0	0	0	0	0	0	0	0	0	0	0
NC_000962.3	2745000	2746000	0.00050956	ndkA,Rv2446c	2745500.0	0.50956	0.334489753764799	1.5498040037008392	False	0	0	0	0	0	0	0	0	0	0	0	0	0	0	0
NC_000962.3	2746000	2747000	5.22761e-05	Rv2446c,folC	2746500.0	0.0522761	-0.4702594044888042	-0.6796479580330618	False	0	0	0	0	0	0	0	0	0	0	0	0	0	0	0
NC_000962.3	2747000	2748000	7.90302e-05	folC,valS	2747500.0	0.0790302	-0.423176313536263	-0.5492104317404787	False	0	0	0	0	0	0	0	0	0	0	0	0	0	0	0
NC_000962.3	2748000	2749000	9.22312e-05	valS	2748500.0	0.0922312	-0.3999445889159433	-0.484849986627827	False	0	0	0	0	0	0	0	0	0	0	0	0	0	0	0
NC_000962.3	2749000	2750000	3.96031e-05	valS	2749500.0	0.0396031	-0.4925619305181437	-0.7414341803580851	False	0	0	0	0	0	0	0	0	0	0	0	0	0	0	0
NC_000962.3	2750000	2751000	1.3201e-05	valS,Rv2449c	2750500.0	0.013201	-0.5390255557433647	-0.8701555581255828	False	0	0	0	0	0	0	0	0	0	0	0	0	0	0	0
NC_000962.3	2751000	2752000	0.000130778	Rv2449c,rpfE	2751500.0	0.1307779999999999	-0.3321081642061078	-0.2969180719495187	False	0	0	0	0	0	0	1	1	0	0	0	0	0	0	0
NC_000962.3	2752000	2753000	0.000701591	rpfE,Rv2451,Rv2452c	2752500.0	0.701591	0.6724347057051531	2.4860361554641583	False	0	0	0	0	0	0	0	0	0	0	0	0	0	0	0
NC_000962.3	2753000	2754000	0.000274933	mobA,Rv2454c	2753500.0	0.274933	-0.0784175905645512	0.405898378714392	False	0	0	0	0	0	0	0	0	0	0	0	0	0	0	0
NC_000962.3	2754000	2755000	9.13511e-05	Rv2454c,Rv2455c	2754500.0	0.0913510999999999	-0.4014934292188252	-0.4891408454827359	False	0	0	0	0	0	0	0	0	0	0	0	0	0	0	0
NC_000962.3	2755000	2756000	0.000356428	Rv2455c	2755500.0	0.356428	0.0650010442307638	0.8032208902253032	False	0	0	0	0	0	0	0	0	0	0	0	0	0	0	0
NC_000962.3	2756000	2757000	1.3201e-05	Rv2455c,Rv2456c	2756500.0	0.013201	-0.5390255557433647	-0.8701555581255828	False	0	0	0	0	0	0	0	0	0	0	0	0	0	0	0
NC_000962.3	2757000	2758000	9.18792e-05	Rv2456c	2757500.0	0.0918792	-0.4005640546432634	-0.4865661351529126	False	0	0	0	0	0	0	0	0	0	0	0	0	0	0	0
NC_000962.3	2758000	2759000	9.18792e-05	Rv2456c,clpX	2758500.0	0.0918792	-0.4005640546432634	-0.4865661351529126	False	0	0	0	0	0	0	0	0	0	0	0	0	0	0	0
NC_000962.3	2759000	2760000	0.000476645	clpX,mmuM	2759500.0	0.476645	0.2765644287229216	1.3893294903395086	False	0	0	0	0	0	0	0	0	0	0	0	0	0	0	0
NC_000962.3	2760000	2761000	0.000307848	mmuM,Rv2459	2760500.0	0.307848	-0.0204922655226738	0.5663728920757227	False	0	0	0	0	0	0	0	0	0	0	0	0	0	0	0
NC_000962.3	2761000	2762000	5.26281e-05	Rv2459	2761500.0	0.0526281	-0.4696399387614841	-0.6779318095079762	False	0	0	0	0	0	0	0	0	0	0	0	0	0	0	0
NC_000962.3	2762000	2763000	0.000138875	Rv2459,clpP2	2762500.0	0.138875	-0.3178586926319294	-0.257441780450606	False	0	0	0	0	0	0	0	0	0	0	0	0	0	0	0
NC_000962.3	2763000	2764000	7.90302e-05	clpP2,clpP1,tig	2763500.0	0.0790302	-0.423176313536263	-0.5492104317404787	False	0	0	0	0	0	0	0	0	0	0	0	0	0	0	0
NC_000962.3	2764000	2765000	0.000446195	tig	2764500.0	0.4461949999999999	0.2229771236181011	1.2408728920757222	False	0	0	0	0	0	0	0	0	0	0	0	0	0	0	0
NC_000962.3	2765000	2766000	3.96031e-05	tig,proU,glyV,lipP	2765500.0	0.0396031	-0.4925619305181437	-0.7414341803580851	False	0	0	0	0	0	0	0	0	0	0	0	0	0	0	0
NC_000962.3	2766000	2767000	0.0	lipP,Rv2464c	2766500.0	0.0	-0.5622572803636845	-0.9345160032382342	False	0	0	0	0	0	0	0	0	0	0	0	0	0	0	0
NC_000962.3	2767000	2768000	0.000153484	Rv2464c,rpiB	2767500.0	0.153484	-0.2921491051023293	-0.1862167412376125	False	0	0	0	0	0	0	0	0	0	0	0	0	0	0	0
NC_000962.3	2768000	2769000	1.3201e-05	rpiB,Rv2466c,pepN	2768500.0	0.013201	-0.5390255557433647	-0.8701555581255828	False	0	0	0	0	0	0	0	0	0	0	0	0	0	0	0
NC_000962.3	2769000	2770000	0.000152076	pepN	2769500.0	0.152076	-0.2946269680116096	-0.1930813353379545	False	0	0	0	0	1	1	0	0	0	0	0	0	0	0	0
NC_000962.3	2770000	2771000	0.00020312	pepN	2770500.0	0.20312	-0.2047973981669313	0.0557797024872241	False	0	0	0	0	0	0	0	0	0	0	0	0	0	0	0
NC_000962.3	2771000	2772000	0.000155244	pepN,Rv2468c	2771500.0	0.155244	-0.2890517764657289	-0.1776359986121853	False	0	0	0	0	0	0	0	0	0	0	0	0	0	0	0
NC_000962.3	2772000	2773000	0.000156828	Rv2468c,Rv2468A,Rv2469c	2772500.0	0.156828	-0.2862641806927884	-0.1699133302493006	False	0	0	0	0	0	0	0	0	0	0	0	0	0	0	0
NC_000962.3	2773000	2774000	0.000307848	Rv2469c,glbO,aglA	2773500.0	0.307848	-0.0204922655226738	0.5663728920757227	False	0	0	0	0	0	0	0	0	0	0	0	0	0	0	0
NC_000962.3	2774000	2775000	0.000472421	aglA	2774500.0	0.472421	0.2691308399950805	1.368735708038483	False	0	0	0	0	0	0	0	0	0	0	0	0	0	0	0
NC_000962.3	2775000	2776000	0.000821632	aglA,Rv2472,Rv2473	2775500.0	0.821632	0.8836883573336507	3.0712866813158217	False	0	0	0	0	0	0	0	0	0	0	0	0	0	0	0
NC_000962.3	2776000	2777000	0.000189567	Rv2473,Rv2474c,Rv2475c	2776500.0	0.1895669999999999	-0.2286485885145711	-0.0102968911505132	False	0	0	0	0	0	0	0	0	0	0	0	0	0	0	0
NC_000962.3	2777000	2778000	2.64021e-05	Rv2475c,gdh	2777500.0	0.0264020999999999	-0.5157936551384635	-0.805794625470737	False	0	0	0	0	0	0	0	0	0	0	0	0	0	0	0
NC_000962.3	2778000	2779000	3.96031e-05	gdh	2778500.0	0.0396031	-0.4925619305181437	-0.7414341803580851	False	0	0	0	0	0	0	0	0	0	0	0	0	0	0	0
NC_000962.3	2779000	2780000	0.000165277	gdh	2779500.0	0.165277	-0.2713952433912899	-0.1287208902253029	False	0	0	0	0	0	0	0	0	0	0	0	0	0	0	0
NC_000962.3	2780000	2781000	0.000178126	gdh	2780500.0	0.178126	-0.2487829844982903	-0.0660765936377369	False	0	0	0	0	1	1	0	0	0	0	0	0	0	0	0
NC_000962.3	2781000	2782000	9.13511e-05	gdh	2781500.0	0.0913510999999999	-0.4014934292188252	-0.4891408454827359	False	0	0	0	0	0	0	0	0	0	0	0	0	0	0	0
NC_000962.3	2782000	2783000	0.000166861	gdh,Rv2477c	2782500.0	0.166861	-0.2686076476183495	-0.1209982218624183	False	0	0	0	0	0	0	0	0	0	0	0	0	0	0	0
NC_000962.3	2783000	2784000	0.000190095	Rv2477c	2783500.0	0.190095	-0.2277193899235909	-0.0077226683628846	False	0	0	0	0	0	0	0	0	0	0	0	0	0	0	0
NC_000962.3	2784000	2785000	0.0	Rv2477c,Rv2478c,Rv2479c	2784500.0	0.0	-0.5622572803636845	-0.9345160032382342	False	15	1	0	0	0	0	1	1	1	1	0	0	15	4	4
NC_000962.3	2785000	2786000	0.00012409	Rv2479c,Rv2480c	2785500.0	0.12409	-0.3438780130251895	-0.3295248939261421	False	15	1	0	0	0	0	1	1	2	1	0	0	15	1	1
NC_000962.3	2786000	2787000	9.10015e-05	Rv2481c,plsB2	2786500.0	0.0910015	-0.4021086713161863	-0.4908452929951498	False	0	0	0	0	0	0	0	0	0	0	0	0	0	0	0
NC_000962.3	2787000	2788000	0.000158857	plsB2	2787500.0	0.158857	-0.2826934535316167	-0.1600210991203278	False	0	0	0	0	0	0	0	0	0	0	0	0	0	0	0
NC_000962.3	2788000	2789000	0.00082074	plsB2	2788500.0	0.82074	0.8821185748655556	3.0669378049397533	False	0	0	0	0	0	0	0	0	0	0	0	0	0	0	0
NC_000962.3	2789000	2790000	0.000701549	plsB2,plsC	2789500.0	0.701549	0.6723607921808705	2.485831387742416	False	0	0	0	0	0	0	0	0	0	0	0	0	0	0	0
NC_000962.3	2790000	2791000	0.00030382	plsC	2790500.0	0.30382	-0.0275809244705299	0.546734692476165	False	0	0	0	0	0	0	0	0	0	0	0	0	0	0	0
NC_000962.3	2791000	2792000	0.00102517	plsC,Rv2484c	2791500.0	1.02517	1.2418838550815967	4.063620313414819	False	0	0	0	0	0	0	0	0	0	0	0	0	0	0	0
NC_000962.3	2792000	2793000	7.86844e-05	Rv2484c,lipQ	2792500.0	0.0786844	-0.4237848682195224	-0.5508963526494972	False	0	0	0	0	0	0	0	0	0	0	0	0	0	0	0
NC_000962.3	2793000	2794000	0.000517156	lipQ	2793500.0	0.517156	0.3478575425850359	1.586837708804672	False	0	0	0	0	0	0	0	0	0	0	0	0	0	0	0
NC_000962.3	2794000	2795000	0.000517304	argW,echA14	2794500.0	0.517304	0.348117999765841	1.5875592712527196	False	0	0	0	0	0	0	0	0	0	0	0	0	0	0	0
NC_000962.3	2795000	2796000	0.000362588	echA14,PE_PGRS42	2795500.0	0.362588	0.0758416944588654	0.833253489414299	False	0	0	0	0	1	1	2	1	1	1	0	0	0	0	0
NC_000962.3	2796000	2797000	9.67015e-05	PE_PGRS42	2796500.0	0.0967015	-0.3920775501635598	-0.4630553879014362	False	1	1	0	0	1	1	2	1	1	1	0	0	1	65	65
NC_000962.3	2797000	2798000	7.90302e-05	PE_PGRS42,Rv2488c	2797500.0	0.0790302	-0.423176313536263	-0.5492104317404787	False	1	1	0	0	1	1	1	1	1	1	0	0	1	84	84
NC_000962.3	2798000	2799000	0.000154188	Rv2488c	2798500.0	0.154188	-0.2909101736476891	-0.1827844441874417	False	0	0	0	0	0	0	0	0	0	0	0	0	0	0	0
NC_000962.3	2799000	2800000	0.000152076	Rv2488c	2799500.0	0.152076	-0.2946269680116096	-0.1930813353379545	False	0	0	0	0	0	0	0	0	0	0	0	0	0	0	0
NC_000962.3	2800000	2801000	0.000530329	Rv2488c,Rv2489c	2800500.0	0.5303289999999999	0.3710399915225006	1.651061642102828	False	0	0	0	0	0	0	0	0	0	0	0	0	0	0	0
NC_000962.3	2801000	2802000	0.000130778	Rv2489c,PE_PGRS43	2801500.0	0.1307779999999999	-0.3321081642061078	-0.2969180719495187	False	0	0	1	1	1	1	0	0	1	1	0	0	0	0	0
NC_000962.3	2802000	2803000	0.000529017	PE_PGRS43	2802500.0	0.529017	0.3687310738115804	1.644665088509328	False	0	0	1	1	1	1	0	0	1	1	0	0	0	0	0
NC_000962.3	2803000	2804000	0.000267548	PE_PGRS43	2803500.0	0.267548	-0.0914140519175594	0.3698933876412211	False	0	0	1	1	1	1	2	1	1	1	0	0	0	0	0
NC_000962.3	2804000	2805000	0.000246354	PE_PGRS43	2804500.0	0.246354	-0.1287122241471674	0.2665636949120689	False	0	0	1	1	1	1	2	1	1	1	0	0	0	0	0
NC_000962.3	2805000	2806000	7.85042e-05	PE_PGRS43	2805500.0	0.0785042	-0.4241019924356107	-0.5517749036842143	False	1	1	1	1	1	1	0	0	1	1	0	0	1	90	90
NC_000962.3	2806000	2807000	0.000125674	PE_PGRS43,Rv2491	2806500.0	0.1256739999999999	-0.3410904172522491	-0.321802225563258	False	1	1	0	0	0	0	1	1	1	1	0	0	1	58	58
NC_000962.3	2807000	2808000	0.000590702	Rv2491,Rv2492	2807500.0	0.5907020000000001	0.4772871629869778	1.9454054912647187	False	0	0	0	0	0	0	0	0	0	0	0	0	0	0	0
NC_000962.3	2808000	2809000	0.000758971	Rv2492,vapB38,vapC38,bkdC	2808500.0	0.758971	0.7734146586415931	2.7657878667408755	False	0	0	0	0	0	0	0	0	0	0	0	0	0	0	0
NC_000962.3	2809000	2810000	0.000755099	bkdC,bkdB	2809500.0	0.755099	0.766600535641072	2.746910232964936	False	0	0	0	0	0	0	0	0	0	0	0	0	0	0	0
NC_000962.3	2810000	2811000	7.88542e-05	bkdB,bkdA	2810500.0	0.0788542	-0.4234860463999231	-0.5500685060030214	False	0	0	0	0	0	0	0	0	0	0	0	0	0	0	0
NC_000962.3	2811000	2812000	2.6226e-05	bkdA	2811500.0	0.026226	-0.5161035639867051	-0.806653187275474	False	0	0	0	0	0	0	0	0	0	0	0	0	0	0	0
NC_000962.3	2812000	2813000	7.86781e-05	bkdA,citE	2812500.0	0.0786781	-0.4237959552481647	-0.5509270678077587	False	0	0	0	0	0	0	0	0	0	0	0	0	0	0	0
NC_000962.3	2813000	2814000	0.000131306	citE,Rv2499c,fadE19	2813500.0	0.131306	-0.3311789656151276	-0.2943438491618899	False	0	0	0	0	0	0	0	0	0	0	0	0	0	0	0
NC_000962.3	2814000	2815000	0.00010068	fadE19,accA1	2814500.0	0.10068	-0.3850760035836081	-0.4436585216882186	False	0	0	0	0	0	0	0	0	0	0	0	0	0	0	0
NC_000962.3	2815000	2816000	0.000186399	accA1	2815500.0	0.1863989999999999	-0.2342237800604519	-0.0257422278762825	False	0	0	0	0	1	1	0	0	0	0	0	0	0	0	0
NC_000962.3	2816000	2817000	6.54771e-05	accA1,accD1	2816500.0	0.0654771	-0.4470276798684844	-0.6152875129204102	False	0	0	0	0	1	1	0	0	0	0	0	0	0	0	0
NC_000962.3	2817000	2818000	0.000883941	accD1	2817500.0	0.883941	0.9933425902983882	3.375069347365681	False	0	0	0	0	0	0	0	0	0	0	0	0	0	0	0
NC_000962.3	2818000	2819000	0.000118105	accD1,scoB	2818500.0	0.118105	-0.3544106902354473	-0.3587042942745415	False	0	0	0	0	1	1	0	0	0	0	0	0	0	0	0
NC_000962.3	2819000	2820000	0.000421729	scoB,scoA,fadD35	2819500.0	0.4217289999999999	0.1799207358777222	1.1215908187383894	False	0	0	0	0	0	0	0	0	0	0	0	0	0	0	0
NC_000962.3	2820000	2821000	3.94271e-05	fadD35	2820500.0	0.0394271	-0.4928716633818038	-0.7422922546206278	False	0	0	0	0	0	0	0	0	0	0	0	0	0	0	0
NC_000962.3	2821000	2822000	0.00040448	fadD35,Rv2506	2821500.0	0.4044799999999999	0.1495651553932214	1.0374946655872548	False	0	0	0	0	0	0	0	0	0	0	0	0	0	0	0
NC_000962.3	2822000	2823000	0.000203296	Rv2506,Rv2507	2822500.0	0.203296	-0.2044876653032712	0.0566377767497669	False	0	0	0	0	0	0	0	0	0	0	0	0	0	0	0
NC_000962.3	2823000	2824000	0.000104376	Rv2507,Rv2508c	2823500.0	0.104376	-0.3785716134467471	-0.4256389621748212	False	0	0	0	0	0	0	0	0	0	0	0	0	0	0	0
NC_000962.3	2824000	2825000	0.000219137	Rv2508c,Rv2509	2824500.0	0.219137	-0.1766099477280508	0.1338693358005595	False	0	0	0	0	0	0	0	0	0	0	0	0	0	0	0
NC_000962.3	2825000	2826000	0.000989725	Rv2509,Rv2510c	2825500.0	0.989725	1.179506120124606	3.8908109825294375	False	0	0	0	0	0	0	0	0	0	0	0	0	0	0	0
NC_000962.3	2826000	2827000	5.26281e-05	Rv2510c	2826500.0	0.0526281	-0.4696399387614841	-0.6779318095079762	False	0	0	0	0	0	0	0	0	0	0	0	0	0	0	0
NC_000962.3	2827000	2828000	5.26281e-05	Rv2510c,orn,hisT	2827500.0	0.0526281	-0.4696399387614841	-0.6779318095079762	False	0	0	0	0	0	0	0	0	0	0	0	0	0	0	0
NC_000962.3	2828000	2829000	0.000845307	Rv2512c	2828500.0	0.845307	0.9253527070333758	3.18671229589366	False	4	1	0	0	0	0	1	1	1	1	0	0	4	0	0
NC_000962.3	2829000	2830000	0.00127626	Rv2512c	2829500.0	1.27626	1.683763541083875	5.287790009902636	False	5	1	0	0	0	0	1	1	1	1	0	0	5	7	2
NC_000962.3	2830000	2831000	0.000291303	Rv2513,Rv2514c	2830500.0	0.291303	-0.0496089145525344	0.4857090359747591	False	0	0	0	0	0	0	0	0	0	0	0	0	0	0	0
NC_000962.3	2831000	2832000	9.13511e-05	Rv2514c,Rv2515c	2831500.0	0.0913510999999999	-0.4014934292188252	-0.4891408454827359	False	0	0	0	0	0	0	0	0	0	0	0	0	0	0	0
NC_000962.3	2832000	2833000	3.96031e-05	Rv2515c,Rv2516c	2832500.0	0.0396031	-0.4925619305181437	-0.7414341803580851	False	0	0	0	0	0	0	0	0	0	0	0	0	0	0	0
NC_000962.3	2833000	2834000	0.000522585	Rv2516c,Rv2517c	2833500.0	0.522585	0.3574117455214586	1.613306374550948	False	0	0	0	0	0	0	0	0	0	0	0	0	0	0	0
NC_000962.3	2834000	2835000	2.6226e-05	ldtB	2834500.0	0.026226	-0.5161035639867051	-0.806653187275474	False	0	0	0	0	0	0	0	0	0	0	0	0	0	0	0
NC_000962.3	2835000	2836000	0.000556203	ldtB,lysU,PE26	2835500.0	0.556203	0.41657424217216	1.7772083095405034	False	0	0	0	0	0	0	0	0	1	1	0	0	0	0	0
NC_000962.3	2836000	2837000	0.000181646	PE26	2836500.0	0.181646	-0.2425883272250894	-0.0489151083868822	False	0	0	0	0	0	0	1	1	1	1	0	0	0	0	0
NC_000962.3	2837000	2838000	5.28041e-05	PE26,Rv2520c,bcp	2837500.0	0.0528041	-0.469330205897824	-0.6770737352454336	False	0	0	0	0	0	0	0	0	1	1	0	0	0	0	0
NC_000962.3	2838000	2839000	0.000393215	bcp,Rv2522c	2838500.0	0.393215	0.1297404922731622	0.9825730373625736	False	0	0	0	0	0	0	0	0	0	0	0	0	0	0	0
NC_000962.3	2839000	2840000	3.94271e-05	Rv2522c,acpS	2839500.0	0.0394271	-0.4928716633818038	-0.7422922546206278	False	0	0	0	0	0	0	0	0	0	0	0	0	0	0	0
NC_000962.3	2840000	2841000	0.000103672	fas	2840500.0	0.103672	-0.3798105449013873	-0.4290712592249922	False	0	0	0	0	0	0	0	0	0	0	0	0	0	0	0
NC_000962.3	2841000	2842000	0.000612704	fas	2841500.0	0.612704	0.5160072906361162	2.052674524926453	False	0	0	0	0	0	0	0	0	0	0	0	0	0	0	0
NC_000962.3	2842000	2843000	3.96031e-05	fas	2842500.0	0.0396031	-0.4925619305181437	-0.7414341803580851	False	0	0	0	0	0	0	0	0	0	0	0	0	0	0	0
NC_000962.3	2843000	2844000	0.000202944	fas	2843500.0	0.2029439999999999	-0.2051071310305913	0.0549216282246809	False	0	0	0	0	0	0	0	0	0	0	0	0	0	0	0
NC_000962.3	2844000	2845000	0.0002605	fas	2844500.0	0.2605	-0.1038174452304912	0.3355314137639415	False	0	0	0	0	0	0	0	0	0	0	0	0	0	0	0
NC_000962.3	2845000	2846000	5.1748e-05	fas	2845500.0	0.051748	-0.4711887790643659	-0.6822226683628845	False	0	0	0	0	0	0	0	0	0	0	0	0	0	0	0
NC_000962.3	2846000	2847000	2.64021e-05	fas	2846500.0	0.0264020999999999	-0.5157936551384635	-0.805794625470737	False	0	0	0	0	0	0	0	0	0	0	0	0	0	0	0
NC_000962.3	2847000	2848000	0.0006164	fas	2847500.0	0.6164000000000001	0.522511680772977	2.0706940844398507	False	0	0	0	0	0	0	0	0	0	0	0	0	0	0	0
NC_000962.3	2848000	2849000	3.94271e-05	fas	2848500.0	0.0394271	-0.4928716633818038	-0.7422922546206278	False	0	0	0	0	0	0	0	0	0	0	0	0	0	0	0
NC_000962.3	2849000	2850000	5.28041e-05	fas,Rv2525c	2849500.0	0.0528041	-0.469330205897824	-0.6770737352454336	False	0	0	0	0	0	0	0	0	0	0	0	0	0	0	0
NC_000962.3	2850000	2851000	0.000608831	Rv2525c	2850500.0	0.608831	0.5091914077897788	2.033792015728567	False	0	0	0	0	0	0	1	1	0	0	0	0	0	0	0
NC_000962.3	2851000	2852000	0.000588238	vapB17,vapC17,mrr	2851500.0	0.588238	0.4729509028957372	1.9333924515891203	False	0	0	0	0	0	0	0	0	0	0	0	0	0	0	0
NC_000962.3	2852000	2853000	0.00031084	mrr,Rv2529	2852500.0	0.31084	-0.015226806840453	0.5809601545389492	False	0	0	0	0	0	0	0	0	0	0	0	0	0	0	0
NC_000962.3	2853000	2854000	6.53011e-05	Rv2529	2853500.0	0.0653011	-0.4473374127321445	-0.616145587182953	False	0	0	0	0	0	0	0	0	0	0	0	0	0	0	0
NC_000962.3	2854000	2855000	0.00013113	Rv2529,vapC39,vapB39,Rv2531c	2854500.0	0.13113	-0.3314886984787876	-0.2952019234244327	False	0	0	0	0	0	0	0	0	0	0	0	0	0	0	0
NC_000962.3	2855000	2856000	0.000144331	Rv2531c	2855500.0	0.144331	-0.3082569738584679	-0.2308414783117812	False	0	0	0	0	0	0	0	0	0	0	0	0	0	0	0
NC_000962.3	2856000	2857000	6.54771e-05	Rv2531c	2856500.0	0.0654771	-0.4470276798684844	-0.6152875129204102	False	0	0	0	0	0	0	0	0	0	0	0	0	0	0	0
NC_000962.3	2857000	2858000	9.20552e-05	Rv2531c,Rv2532c	2857500.0	0.0920552	-0.4002543217796034	-0.4857080608903698	False	0	0	0	0	0	0	0	0	0	0	0	0	0	0	0
NC_000962.3	2858000	2859000	0.000293063	Rv2532c,nusB,efp	2858500.0	0.2930629999999999	-0.046511585915934	0.4942897786001861	False	0	0	0	0	0	0	0	0	0	0	0	0	0	0	0
NC_000962.3	2859000	2860000	0.000174958	efp,pepQ	2859500.0	0.1749579999999999	-0.2543581760441712	-0.0815219303635067	False	0	0	0	0	0	0	0	0	0	0	0	0	0	0	0
NC_000962.3	2860000	2861000	6.56531e-05	pepQ,Rv2536	2860500.0	0.0656530999999999	-0.4467179470048244	-0.6144294386578679	False	0	0	0	0	0	0	0	0	0	0	0	0	0	0	0
NC_000962.3	2861000	2862000	7.81501e-05	Rv2536,aroD,aroB	2861500.0	0.0781501	-0.4247251538391449	-0.5535012905953869	False	0	0	0	0	0	0	0	0	0	0	0	0	0	0	0
NC_000962.3	2862000	2863000	2.64021e-05	aroB,aroK	2862500.0	0.0264020999999999	-0.5157936551384635	-0.805794625470737	False	0	0	0	0	0	0	0	0	0	0	0	0	0	0	0
NC_000962.3	2863000	2864000	0.0	aroK,aroF	2863500.0	0.0	-0.5622572803636845	-0.9345160032382342	False	0	0	0	0	0	0	0	0	0	0	0	0	0	0	0
NC_000962.3	2864000	2865000	5.28041e-05	aroF,Rv2541	2864500.0	0.0528041	-0.469330205897824	-0.6770737352454336	False	0	0	0	0	0	0	0	0	0	0	0	0	0	0	0
NC_000962.3	2865000	2866000	0.000214561	Rv2542	2865500.0	0.214561	-0.184663002183212	0.1115594049744483	False	0	0	0	0	0	0	0	0	0	0	0	0	0	0	0
NC_000962.3	2866000	2867000	0.00223191	Rv2542,lppA	2866500.0	2.23191	3.365560195383438	9.946986992851308	False	1	1	0	0	0	0	3	1	1	1	0	2	1	52	52
NC_000962.3	2867000	2868000	0.00769545	lppA,lppB,vapB18	2867500.0	7.69545	12.980548206299396	36.58404981315099	True	2	1	0	0	0	0	3	1	2	1	0	3	2	60	60
NC_000962.3	2868000	2869000	0.000427713	vapB18,vapC18,vapB19,vapC19	2868500.0	0.4277129999999999	0.1904516532421637	1.1507653436648424	False	0	0	0	0	0	0	0	0	0	0	0	0	0	0	0
NC_000962.3	2869000	2870000	0.000179534	vapC19,Rv2548A,vapC20	2869500.0	0.179534	-0.24630512158901	-0.059211999537395	False	0	0	0	0	0	0	0	0	0	0	0	0	0	0	0
NC_000962.3	2870000	2871000	0.000279862	vapC20,vapB20,Rv2551c	2870500.0	0.279862	-0.0697433105362536	0.429929333487535	False	0	0	0	0	0	0	0	0	0	0	0	0	0	0	0
NC_000962.3	2871000	2872000	0.000478405	Rv2551c,aroE	2871500.0	0.478405	0.2796617573595221	1.397910232964936	False	0	0	0	0	0	0	0	0	0	0	0	0	0	0	0
NC_000962.3	2872000	2873000	1.3201e-05	aroE,Rv2553c	2872500.0	0.013201	-0.5390255557433647	-0.8701555581255828	False	0	0	0	0	0	0	0	0	0	0	0	0	0	0	0
NC_000962.3	2873000	2874000	1.3201e-05	Rv2553c,Rv2554c,alaS	2873500.0	0.013201	-0.5390255557433647	-0.8701555581255828	False	0	0	0	0	1	1	0	0	0	0	0	0	0	0	0
NC_000962.3	2874000	2875000	3.94271e-05	alaS	2874500.0	0.0394271	-0.4928716633818038	-0.7422922546206278	False	0	0	0	0	0	0	0	0	0	0	0	0	0	0	0
NC_000962.3	2875000	2876000	0.000104728	alaS	2875500.0	0.104728	-0.3779521477194271	-0.4239228136497358	False	0	0	0	0	0	0	0	0	0	0	0	0	0	0	0
NC_000962.3	2876000	2877000	0.000176894	alaS,Rv2556c	2876500.0	0.176894	-0.2509511145439106	-0.0720831134755361	False	0	0	0	0	0	0	0	0	0	0	0	0	0	0	0
NC_000962.3	2877000	2878000	0.000102968	Rv2557,Rv2558	2877500.0	0.1029679999999999	-0.3810494763560275	-0.4325035562751635	False	0	0	0	0	0	0	1	1	0	0	0	0	0	0	0
NC_000962.3	2878000	2879000	0.000594046	Rv2558,Rv2559c	2878500.0	0.594046	0.4831720873965186	1.9617089022530303	False	0	0	0	0	0	0	1	1	0	0	0	0	0	0	0
NC_000962.3	2879000	2880000	2.64021e-05	Rv2559c	2879500.0	0.0264020999999999	-0.5157936551384635	-0.805794625470737	False	0	0	0	0	0	0	0	0	0	0	0	0	0	0	0
NC_000962.3	2880000	2881000	0.00031084	Rv2560	2880500.0	0.31084	-0.015226806840453	0.5809601545389492	False	0	0	0	0	0	0	0	0	0	0	0	0	0	0	0
NC_000962.3	2881000	2882000	0.0012886	Rv2560,Rv2561,Rv2562	2881500.0	1.2886	1.7054800384564033	5.347952716719553	False	0	0	0	0	0	0	0	0	0	0	0	0	0	0	0
NC_000962.3	2882000	2883000	9.22312e-05	Rv2562,Rv2563	2882500.0	0.0922312	-0.3999445889159433	-0.484849986627827	False	1	1	0	0	0	0	0	0	0	0	0	0	1	150	150
NC_000962.3	2883000	2884000	0.00025874	Rv2563,glnQ	2883500.0	0.2587399999999999	-0.1069147738670917	0.3269506711385136	False	1	1	0	0	0	0	1	1	0	0	0	0	1	175	175
NC_000962.3	2884000	2885000	0.000647202	glnQ,Rv2565	2884500.0	0.647202	0.5767184516051176	2.2208668312287223	False	1	1	0	0	0	0	1	1	0	0	0	0	1	49	49
NC_000962.3	2885000	2886000	0.000282678	Rv2565	2885500.0	0.282678	-0.0647875847176929	0.4436585216882187	False	0	0	0	0	0	0	0	0	0	0	0	0	0	0	0
NC_000962.3	2886000	2887000	0.000641922	Rv2565,Rv2566	2886500.0	0.641922	0.5674264656953161	2.19512460335244	False	0	0	0	0	0	0	0	0	0	0	0	0	0	0	0
NC_000962.3	2887000	2888000	5.22761e-05	Rv2566	2887500.0	0.0522761	-0.4702594044888042	-0.6796479580330618	False	0	0	0	0	0	0	0	0	0	0	0	0	0	0	0
NC_000962.3	2888000	2889000	0.000174958	Rv2566	2888500.0	0.1749579999999999	-0.2543581760441712	-0.0815219303635067	False	0	0	0	0	0	0	0	0	0	0	0	0	0	0	0
NC_000962.3	2889000	2890000	9.22312e-05	Rv2566,Rv2567	2889500.0	0.0922312	-0.3999445889159433	-0.484849986627827	False	0	0	0	0	0	0	0	0	0	0	0	0	0	0	0
NC_000962.3	2890000	2891000	6.60051e-05	Rv2567	2890500.0	0.0660051	-0.4460984812775044	-0.6127132901327821	False	0	0	0	0	0	0	0	0	0	0	0	0	0	0	0
NC_000962.3	2891000	2892000	0.000204176	Rv2567	2891500.0	0.204176	-0.202939000984971	0.0609281480624806	False	0	0	0	0	0	0	0	0	0	0	0	0	0	0	0
NC_000962.3	2892000	2893000	9.18792e-05	Rv2567,Rv2568c	2892500.0	0.0918792	-0.4005640546432634	-0.4865661351529126	False	0	0	0	0	0	0	0	0	0	0	0	0	0	0	0
NC_000962.3	2893000	2894000	0.000323689	Rv2568c,Rv2569c	2893500.0	0.323689	0.0073854520525465	0.6436044511265152	False	0	0	0	0	0	0	0	0	0	0	0	0	0	0	0
NC_000962.3	2894000	2895000	0.00046362	Rv2569c,Rv2570,Rv2571c	2894500.0	0.46362	0.2536424369662619	1.3258271194893998	False	0	0	0	0	0	0	0	0	0	0	0	0	0	0	0
NC_000962.3	2895000	2896000	0.000285494	Rv2571c	2895500.0	0.285494	-0.0598318588991321	0.4573877098889027	False	0	0	0	0	0	0	0	0	0	0	0	0	0	0	0
NC_000962.3	2896000	2897000	5.22761e-05	aspS	2896500.0	0.0522761	-0.4702594044888042	-0.6796479580330618	False	0	0	0	0	0	0	0	0	0	0	0	0	0	0	0
NC_000962.3	2897000	2898000	0.00066058	aspS	2897500.0	0.6605800000000001	0.6002616689349136	2.286090226025862	False	0	0	0	0	0	0	0	0	0	0	0	0	0	0	0
NC_000962.3	2898000	2899000	0.000658643	Rv2573,Rv2574	2898500.0	0.658643	0.5968528475888368	2.276646533715946	False	0	0	0	0	0	0	0	0	0	0	0	0	0	0	0
NC_000962.3	2899000	2900000	0.00033161	Rv2574,Rv2575	2899500.0	0.3316099999999999	0.0213251907630648	0.6822226683628843	False	0	0	0	0	1	1	0	0	0	0	0	0	0	0	0
NC_000962.3	2900000	2901000	5.26281e-05	Rv2575,Rv2576c,Rv2577	2900500.0	0.0526281	-0.4696399387614841	-0.6779318095079762	False	0	0	0	0	0	0	0	0	0	0	0	0	0	0	0
NC_000962.3	2901000	2902000	2.64021e-05	Rv2577	2901500.0	0.0264020999999999	-0.5157936551384635	-0.805794625470737	False	0	0	0	0	0	0	0	0	0	0	0	0	0	0	0
NC_000962.3	2902000	2903000	0.0	Rv2577,Rv2578c	2902500.0	0.0	-0.5622572803636845	-0.9345160032382342	False	0	0	0	0	0	0	0	0	0	0	0	0	0	0	0
NC_000962.3	2903000	2904000	0.000843282	Rv2578c,dhaA	2903500.0	0.843282	0.9217890192554687	3.176839566452471	False	0	0	0	0	0	0	0	0	0	0	0	0	0	0	0
NC_000962.3	2904000	2905000	0.000270885	dhaA,hisS	2904500.0	0.270885	-0.0855414464287322	0.3861626706759091	False	0	0	0	0	0	0	0	0	0	0	0	0	0	0	0
NC_000962.3	2905000	2906000	0.000137291	hisS	2905500.0	0.137291	-0.3206462884048698	-0.2651644488134906	False	0	0	0	0	0	0	0	0	0	0	0	0	0	0	0
NC_000962.3	2906000	2907000	0.000450419	hisS,Rv2581c,ppiB	2906500.0	0.450419	0.2304107123459423	1.2614666743767484	False	0	0	0	0	0	0	0	0	0	0	0	0	0	0	0
NC_000962.3	2907000	2908000	7.88542e-05	ppiB,relA	2907500.0	0.0788542	-0.4234860463999231	-0.5500685060030214	False	0	0	0	0	0	0	0	0	0	0	0	0	0	0	0
NC_000962.3	2908000	2909000	7.7446e-05	relA	2908500.0	0.077446	-0.4259642612783667	-0.5569340751877525	False	0	0	0	0	0	0	0	0	0	0	0	0	0	0	0
NC_000962.3	2909000	2910000	0.0	relA	2909500.0	0.0	-0.5622572803636845	-0.9345160032382342	False	0	0	0	0	0	0	0	0	0	0	0	0	0	0	0
NC_000962.3	2910000	2911000	0.000180414	relA,apt	2910500.0	0.180414	-0.2447564572707097	-0.0549216282246814	False	0	0	0	0	0	0	0	0	0	0	0	0	0	0	0
NC_000962.3	2911000	2912000	0.000227058	Rv2585c	2911500.0	0.227058	-0.1626702090175325	0.1724875530369289	False	0	0	0	0	0	0	0	0	0	0	0	0	0	0	0
NC_000962.3	2912000	2913000	6.58291e-05	Rv2585c,secF	2912500.0	0.0658291	-0.4464082141411644	-0.6135713643953248	False	0	0	0	0	0	0	0	0	0	0	0	0	0	0	0
NC_000962.3	2913000	2914000	0.000192559	secF	2913500.0	0.192559	-0.2233831298323503	0.0042903713127137	False	0	0	0	0	0	0	0	0	0	0	0	0	0	0	0
NC_000962.3	2914000	2915000	1.3201e-05	secF,secD	2914500.0	0.013201	-0.5390255557433647	-0.8701555581255828	False	0	0	0	0	0	0	0	0	0	0	0	0	0	0	0
NC_000962.3	2915000	2916000	0.000478405	secD,yajC	2915500.0	0.478405	0.2796617573595221	1.397910232964936	False	0	0	0	0	0	0	0	0	0	0	0	0	0	0	0
NC_000962.3	2916000	2917000	2.64021e-05	yajC,gabT	2916500.0	0.0264020999999999	-0.5157936551384635	-0.805794625470737	False	0	0	0	0	0	0	0	0	0	0	0	0	0	0	0
NC_000962.3	2917000	2918000	6.60051e-05	gabT,fadD9	2917500.0	0.0660051	-0.4460984812775044	-0.6127132901327821	False	0	0	0	0	0	0	0	0	0	0	0	0	0	0	0
NC_000962.3	2918000	2919000	2.64021e-05	fadD9	2918500.0	0.0264020999999999	-0.5157936551384635	-0.805794625470737	False	0	0	0	0	0	0	0	0	0	0	0	0	0	0	0
NC_000962.3	2919000	2920000	7.88542e-05	fadD9	2919500.0	0.0788542	-0.4234860463999231	-0.5500685060030214	False	0	0	0	0	0	0	0	0	0	0	0	0	0	0	0
NC_000962.3	2920000	2921000	7.92062e-05	fadD9	2920500.0	0.0792062	-0.422866580672603	-0.5483523574779359	False	0	0	0	0	0	0	0	0	0	0	0	0	0	0	0
NC_000962.3	2921000	2922000	6.54823e-05	fadD9,PE_PGRS44	2921500.0	0.0654823	-0.44701852867024	-0.6152621607262896	False	0	0	0	0	1	1	1	1	1	1	0	0	0	0	0
NC_000962.3	2922000	2923000	0.00185016	PE_PGRS44	2922500.0	1.85016	2.6937390550299005	8.085794664864435	False	0	0	0	0	1	1	1	1	1	1	0	0	0	0	0
NC_000962.3	2923000	2924000	9.18864e-05	PE_PGRS44,ruvB	2923500.0	0.0918864	-0.4005513837533865	-0.4865310321148994	False	0	0	0	0	1	1	1	1	1	1	0	1	0	0	0
NC_000962.3	2924000	2925000	0.000245363	ruvB,ruvA,ruvC	2924500.0	0.245363	-0.1304562313510714	0.2617321517633198	False	0	0	0	0	0	0	0	0	0	0	0	0	0	0	0
NC_000962.3	2925000	2926000	0.000832897	ruvC,vapB40,vapC40	2925500.0	0.832897	0.90351302045371	3.1262083095405035	False	0	0	0	0	0	0	0	0	0	0	0	0	0	0	0
NC_000962.3	2926000	2927000	0.000356252	vapC40,Rv2597,Rv2598	2926500.0	0.356252	0.0646913113671038	0.8023628159627604	False	0	0	0	0	0	0	0	0	0	0	0	0	0	0	0
NC_000962.3	2927000	2928000	0.000553211	Rv2598,Rv2599,Rv2600	2927500.0	0.553211	0.4113087834899391	1.7626210470772767	False	0	0	0	0	0	0	0	0	0	0	0	0	0	0	0
NC_000962.3	2928000	2929000	6.60051e-05	Rv2600,speE	2928500.0	0.0660051	-0.4460984812775044	-0.6127132901327821	False	0	0	0	0	0	0	0	0	0	0	0	0	0	0	0
NC_000962.3	2929000	2930000	3.96031e-05	speE	2929500.0	0.0396031	-0.4925619305181437	-0.7414341803580851	False	0	0	0	0	0	0	0	0	0	0	0	0	0	0	0
NC_000962.3	2930000	2931000	0.000165101	vapB41,vapC41,Rv2603c	2930500.0	0.165101	-0.27170497625495	-0.1295789644878457	False	0	0	0	0	0	0	0	0	0	0	0	0	0	0	0
NC_000962.3	2931000	2932000	6.58291e-05	Rv2603c,snoP	2931500.0	0.0658291	-0.4464082141411644	-0.6135713643953248	False	0	0	0	0	0	0	0	0	0	0	0	0	0	0	0
NC_000962.3	2932000	2933000	0.000306088	snoP,tesB2	2932500.0	0.3060879999999999	-0.0235895941592743	0.5577921494502949	False	0	0	0	0	0	0	0	0	0	0	0	0	0	0	0
NC_000962.3	2933000	2934000	7.88542e-05	tesB2,snzP	2933500.0	0.0788542	-0.4234860463999231	-0.5500685060030214	False	0	0	0	0	0	0	0	0	0	0	0	0	0	0	0
NC_000962.3	2934000	2935000	9.15271e-05	snzP,pdxH	2934500.0	0.0915271	-0.4011836963551651	-0.4882827712201926	False	0	0	0	0	0	0	0	0	0	0	0	0	0	0	0
NC_000962.3	2935000	2936000	0.000289543	PPE42	2935500.0	0.289543	-0.0527062431891348	0.4771282933493318	False	0	0	0	0	0	0	1	1	1	1	0	0	0	0	0
NC_000962.3	2936000	2937000	5.26281e-05	PPE42,Rv2609c	2936500.0	0.0526281	-0.4696399387614841	-0.6779318095079762	False	0	0	0	0	0	0	0	0	1	1	0	0	0	0	0
NC_000962.3	2937000	2938000	1.3201e-05	Rv2609c,pimA	2937500.0	0.013201	-0.5390255557433647	-0.8701555581255828	False	0	0	0	0	0	0	0	0	0	0	0	0	0	0	0
NC_000962.3	2938000	2939000	0.000179534	pimA	2938500.0	0.179534	-0.24630512158901	-0.059211999537395	False	0	0	0	0	0	0	0	0	0	0	0	0	0	0	0
NC_000962.3	2939000	2940000	0.000217905	pimA,Rv2611c,pgsA1	2939500.0	0.217905	-0.1787780777736711	0.1278628159627603	False	0	0	0	0	0	0	0	0	0	0	0	0	0	0	0
NC_000962.3	2940000	2941000	0.000205936	pgsA1,Rv2613c	2940500.0	0.2059359999999999	-0.1998416723483705	0.0695088906879075	False	0	0	0	0	0	0	0	0	0	0	0	0	0	0	0
NC_000962.3	2941000	2942000	0.000115113	Rv2613c,thrS	2941500.0	0.115113	-0.3596761489176681	-0.373291556737768	False	0	0	0	0	0	0	0	0	0	0	0	0	0	0	0
NC_000962.3	2942000	2943000	5.28041e-05	thrS	2942500.0	0.0528041	-0.469330205897824	-0.6770737352454336	False	0	0	0	0	0	0	0	0	0	0	0	0	0	0	0
NC_000962.3	2943000	2944000	0.000321049	thrS,Rv2614A,PE_PGRS45	2943500.0	0.321049	0.0027394590976458	0.6307333371883741	False	0	0	0	0	1	1	0	0	1	1	0	0	0	0	0
NC_000962.3	2944000	2945000	0.00287923	PE_PGRS45	2944500.0	2.87923	4.504743589158558	13.102945127107924	True	2	1	0	0	1	1	2	1	1	1	1	1	2	55	50
NC_000962.3	2945000	2946000	0.000923016	Rv2616,Rv2617c	2945500.0	0.923016	1.0621085655683675	3.565576459916008	False	2	1	0	0	0	0	1	1	0	0	0	0	2	10	9
NC_000962.3	2946000	2947000	0.000113881	Rv2617c,Rv2618	2946500.0	0.113881	-0.3618442789632884	-0.3792980765755672	False	0	0	0	0	0	0	0	0	0	0	0	0	0	0	0
NC_000962.3	2947000	2948000	0.000344283	Rv2618,Rv2619c,Rv2620c,Rv2621c	2947500.0	0.344283	0.0436277167924044	0.744008890687908	False	0	0	0	0	0	0	0	0	0	0	0	0	0	0	0
NC_000962.3	2948000	2949000	0.000818464	Rv2621c,Rv2622	2948500.0	0.818464	0.8781131657877698	3.055841344590052	False	0	0	0	0	0	0	0	0	0	0	0	0	0	0	0
NC_000962.3	2949000	2950000	0.000180942	Rv2622,TB31.7	2949500.0	0.180942	-0.2438272586797296	-0.0523474054370531	False	0	0	0	0	0	0	0	0	0	0	0	0	0	0	0
NC_000962.3	2950000	2951000	0.000104207	TB31.7,Rv2624c	2950500.0	0.104207	-0.3788690273896935	-0.4264629084837401	False	0	0	0	0	0	0	0	0	0	0	0	0	0	0	0
NC_000962.3	2951000	2952000	7.81542e-05	Rv2624c,Rv2625c	2951500.0	0.0781542	-0.4247179384712983	-0.5534813013654072	False	0	0	0	0	0	0	0	0	0	0	0	0	0	0	0
NC_000962.3	2952000	2953000	7.83303e-05	Rv2625c,hrp1	2952500.0	0.0783302999999999	-0.4244080296230567	-0.5526227395606704	False	0	0	0	0	0	0	0	0	0	0	0	0	0	0	0
NC_000962.3	2953000	2954000	0.00073381	Rv2627c	2953500.0	0.73381	0.7291351780589203	2.6431173751508883	False	0	0	0	0	0	0	1	1	0	0	0	0	0	0	0
NC_000962.3	2954000	2955000	0.000168551	Rv2627c	2954500.0	0.168551	-0.2656335081888866	-0.1127587587732295	False	0	0	0	0	0	0	0	0	0	0	0	0	0	0	0
NC_000962.3	2955000	2956000	0.00110182	Rv2628,Rv2629	2955500.0	1.10182	1.3767760368971795	4.437321405596074	False	0	0	0	0	0	0	0	0	0	0	0	0	0	0	0
NC_000962.3	2956000	2957000	2.6226e-05	Rv2629,Rv2630	2956500.0	0.026226	-0.5161035639867051	-0.806653187275474	False	0	0	0	0	0	0	0	0	0	0	0	0	0	0	0
NC_000962.3	2957000	2958000	0.000170029	Rv2630,Rv2631	2957500.0	0.170029	-0.2630324560724687	-0.105552885136649	False	0	0	0	0	0	0	0	0	0	0	0	0	0	0	0
NC_000962.3	2958000	2959000	0.000409584	Rv2631,Rv2632c	2958500.0	0.409584	0.1585474084393628	1.0623788192009946	False	0	0	0	0	0	0	0	0	0	0	0	0	0	0	0
NC_000962.3	2959000	2960000	0.000381598	Rv2632c,Rv2633c	2959500.0	0.381598	0.1092963634257829	0.925935260612807	False	0	0	0	0	0	0	0	0	0	0	0	0	0	0	0
NC_000962.3	2960000	2961000	0.000228117	PE_PGRS46	2960500.0	0.228117	-0.1608065322981234	0.177650624878024	False	0	0	0	0	1	1	0	0	1	1	0	0	0	0	0
NC_000962.3	2961000	2962000	0.000722458	PE_PGRS46	2961500.0	0.722458	0.7091574083528474	2.5877715852168826	False	0	0	0	0	1	1	0	0	1	1	0	0	0	0	0
NC_000962.3	2962000	2963000	6.60051e-05	PE_PGRS46,Rv2635,Rv2636	2962500.0	0.0660051	-0.4460984812775044	-0.6127132901327821	False	0	0	0	0	0	0	0	0	1	1	0	0	0	0	0
NC_000962.3	2963000	2964000	0.000159996	Rv2636,dedA	2963500.0	0.159996	-0.2806889891469076	-0.1544679935235313	False	0	0	0	0	0	0	0	0	0	0	0	0	0	0	0
NC_000962.3	2964000	2965000	0.0003559	dedA,Rv2638	2964500.0	0.3559	0.0640718456397836	0.8006466674376749	False	0	0	0	0	0	0	0	0	0	0	0	0	0	0	0
NC_000962.3	2965000	2966000	0.000156652	Rv2639c,Rv2640c,cadI	2965500.0	0.1566519999999999	-0.2865739135564485	-0.1707714045118438	False	0	0	0	0	0	0	0	0	0	0	0	0	0	0	0
NC_000962.3	2966000	2967000	6.60051e-05	cadI,Rv2642,arsC	2966500.0	0.0660051	-0.4460984812775044	-0.6127132901327821	False	0	0	0	0	0	0	0	0	0	0	0	0	0	0	0
NC_000962.3	2967000	2968000	3.94271e-05	arsC	2967500.0	0.0394271	-0.4928716633818038	-0.7422922546206278	False	0	0	0	0	0	0	0	0	0	0	0	0	0	0	0
NC_000962.3	2968000	2969000	0.000325484	arsC,Rv2644c	2968500.0	0.325484	0.0105443752927157	0.6523558335200619	False	0	0	0	0	0	0	0	0	0	0	0	0	0	0	0
NC_000962.3	2969000	2970000	0.000658291	valT,glyT,cysU,valU	2969500.0	0.658291	0.5962333818615166	2.2749303851908604	False	0	0	0	0	0	0	0	0	0	0	0	0	0	0	0
NC_000962.3	2970000	2971000	0.000167655	valU,Rv2645,Rv2646	2970500.0	0.167655	-0.2672103300402468	-0.1171271368370835	False	0	0	0	0	0	0	0	0	1	1	0	0	0	0	0
NC_000962.3	2971000	2972000	6.92176e-05	Rv2646,Rv2647	2971500.0	0.0692176	-0.4404449765928004	-0.5970509971304039	False	1	1	0	0	0	0	2	1	2	1	0	0	1	23	23
NC_000962.3	2972000	2973000	0.0	Rv2647,Rv2648,Rv2649	2972500.0	0.0	-0.5622572803636845	-0.9345160032382342	False	15	1	0	0	0	0	1	1	3	1	0	0	15	0	0
NC_000962.3	2973000	2974000	0.000194879	Rv2649,Rv2650c	2973500.0	0.194879	-0.2193002875386497	0.0156013502280498	False	16	1	0	0	0	0	1	1	2	1	0	0	16	34	34
NC_000962.3	2974000	2975000	0.000279756	Rv2650c	2974500.0	0.279756	-0.0699298541927762	0.4294125387612308	False	1	1	0	0	0	0	6	1	1	1	0	0	1	122	122
NC_000962.3	2975000	2976000	0.000498421	Rv2650c,Rv2651c,Rv2652c	2975500.0	0.498421	0.3148868312175873	1.4954966786413872	False	1	1	0	0	0	0	5	1	3	1	0	0	1	94	94
NC_000962.3	2976000	2977000	0.000670218	Rv2652c,Rv2653c,Rv2654c	2976500.0	0.670218	0.6172230629119336	2.33307954274397	False	0	0	0	0	0	0	0	0	3	1	0	0	0	0	0
NC_000962.3	2977000	2978000	0.000262531	Rv2654c,Rv2655c	2977500.0	0.2625309999999999	-0.100243198377687	0.3454333957368063	False	0	0	0	0	0	0	0	0	2	1	0	0	0	0	0
NC_000962.3	2978000	2979000	0.000132419	Rv2655c,Rv2656c	2978500.0	0.1324189999999999	-0.3292202572216411	-0.2889175045356969	False	0	0	0	0	0	0	1	1	2	1	0	0	0	0	0
NC_000962.3	2979000	2980000	5.7493e-05	Rv2656c,Rv2657c,Rv2658c,Rv2659c	2979500.0	0.057493	-0.4610784648500082	-0.6542133692815889	False	0	0	0	0	0	0	1	1	4	1	0	0	0	0	0
NC_000962.3	2980000	2981000	0.000486844	Rv2659c,Rv2660c	2980500.0	0.486844	0.294513096202858	1.439053918769471	False	0	0	0	0	0	0	0	0	1	1	0	0	0	0	0
NC_000962.3	2981000	2982000	0.000144155	Rv2660c,Rv2661c,Rv2662,Rv2663	2981500.0	0.144155	-0.308566706722128	-0.2316995525743239	False	0	0	0	0	0	0	0	0	0	0	0	0	0	0	0
NC_000962.3	2982000	2983000	0.000339883	Rv2663,Rv2664,Rv2665	2982500.0	0.339883	0.0358843952009033	0.7225570341243396	False	5	1	0	0	1	1	1	1	1	1	0	0	5	0	0
NC_000962.3	2983000	2984000	0.00156951	Rv2666,clpC2	2983500.0	1.5695100000000002	2.1998383266992647	6.71750749564501	False	5	1	0	0	0	0	1	1	1	1	0	0	5	5	2
NC_000962.3	2984000	2985000	5.22761e-05	clpC2,Rv2668	2984500.0	0.0522761	-0.4702594044888042	-0.6796479580330618	False	0	0	0	0	0	0	0	0	0	0	0	0	0	0	0
NC_000962.3	2985000	2986000	0.000306264	Rv2668,Rv2669,Rv2670c	2985500.0	0.306264	-0.0232798612956142	0.558650223712838	False	0	0	0	0	0	0	0	0	0	0	0	0	0	0	0
NC_000962.3	2986000	2987000	0.000220897	Rv2670c,ribD	2986500.0	0.220897	-0.1735126190914503	0.1424500784259869	False	0	0	0	0	0	0	0	0	0	0	0	0	0	0	0
NC_000962.3	2987000	2988000	0.000231282	ribD,Rv2672	2987500.0	0.231282	-0.1552366202896914	0.1930813353379545	False	0	0	0	0	0	0	0	0	0	0	0	0	0	0	0
NC_000962.3	2988000	2989000	0.000603727	Rv2672	2988500.0	0.603727	0.5002091547436374	2.0089078621148277	False	0	0	0	0	0	0	0	0	0	0	0	0	0	0	0
NC_000962.3	2989000	2990000	0.000223713	Rv2672,aftC	2989500.0	0.223713	-0.1685568932728896	0.1561792666266706	False	0	0	0	0	0	0	0	0	1	1	0	0	0	0	0
NC_000962.3	2990000	2991000	0.000225298	aftC,msrB	2990500.0	0.225298	-0.165767537654133	0.1639068104115015	False	0	0	2	1	0	0	1	1	1	1	0	0	0	0	0
NC_000962.3	2991000	2992000	0.000143275	msrB,Rv2675c,Rv2676c	2991500.0	0.1432749999999999	-0.3101153710404282	-0.2359899238870381	False	0	0	1	1	0	0	0	0	0	0	0	0	0	0	0
NC_000962.3	2992000	2993000	0.000365405	Rv2676c,hemY	2992500.0	0.365405	0.0807991801232425	0.8469875530369289	False	0	0	1	1	0	0	0	0	0	0	0	0	0	0	0
NC_000962.3	2993000	2994000	0.000192735	hemY,hemE	2993500.0	0.192735	-0.2230733969686902	0.0051484455752564	False	0	0	1	1	0	0	0	0	0	0	0	0	0	0	0
NC_000962.3	2994000	2995000	0.000630657	hemE	2994500.0	0.6306569999999999	0.5476018025752569	2.140202975127758	False	0	0	1	1	0	0	0	0	0	0	0	0	0	0	0
NC_000962.3	2995000	2996000	0.000116169	hemE,echA15	2995500.0	0.116169	-0.3578177517357078	-0.3681431111625116	False	0	0	1	1	0	0	1	1	0	0	0	0	0	0	0
NC_000962.3	2996000	2997000	0.000186223	Rv2680,Rv2681	2996500.0	0.186223	-0.2345335129241119	-0.0266003021388247	False	2	1	2	1	1	1	1	1	1	1	0	0	2	6	6
NC_000962.3	2997000	2998000	3.96031e-05	Rv2681	2997500.0	0.0396031	-0.4925619305181437	-0.7414341803580851	False	0	0	0	0	1	1	0	0	0	0	0	0	0	0	0
NC_000962.3	2998000	2999000	5.26281e-05	Rv2681,dxs1	2998500.0	0.0526281	-0.4696399387614841	-0.6779318095079762	False	0	0	0	0	0	0	0	0	0	0	0	0	0	0	0
NC_000962.3	2999000	3000000	5.22761e-05	dxs1	2999500.0	0.0522761	-0.4702594044888042	-0.6796479580330618	False	0	0	0	0	0	0	0	0	0	0	0	0	0	0	0
NC_000962.3	3000000	3001000	0.000306264	Rv2683,arsA	3000500.0	0.306264	-0.0232798612956142	0.558650223712838	False	1	1	0	0	0	0	1	1	0	0	0	0	1	77	77
NC_000962.3	3001000	3002000	0.00023181	arsA,arsB1	3001500.0	0.23181	-0.1543074216987113	0.1956555581255827	False	2	1	0	0	0	0	4	1	0	0	0	0	2	161	161
NC_000962.3	3002000	3003000	2.64021e-05	arsB1	3002500.0	0.0264020999999999	-0.5157936551384635	-0.805794625470737	False	1	1	0	0	0	0	4	1	0	0	0	0	1	190	190
NC_000962.3	3003000	3004000	0.000524697	arsB1,Rv2686c	3003500.0	0.524697	0.3611285398853792	1.6236032657014607	False	1	1	0	0	0	0	1	1	0	0	0	0	1	41	41
NC_000962.3	3004000	3005000	0.000262788	Rv2686c,Rv2687c,Rv2688c	3004500.0	0.262788	-0.0997909180029106	0.3466863791769971	False	0	0	0	0	0	0	0	0	0	0	0	0	0	0	0
NC_000962.3	3005000	3006000	0.000895382	Rv2688c,Rv2689c	3005500.0	0.895382	1.0134769862821076	3.430849049852906	False	0	0	0	0	0	0	0	0	1	1	0	0	0	0	0
NC_000962.3	3006000	3007000	0.00044173	Rv2689c	3006500.0	0.44173	0.2151194120485437	1.219104133085647	False	0	0	0	0	0	0	0	0	1	1	0	0	0	0	0
NC_000962.3	3007000	3008000	0.000345357	Rv2689c,Rv2690c	3007500.0	0.345357	0.0455177911990572	0.7492450938581974	False	3	1	2	1	1	1	1	1	1	1	0	0	3	17	17
NC_000962.3	3008000	3009000	1.3201e-05	Rv2690c	3008500.0	0.013201	-0.5390255557433647	-0.8701555581255828	False	0	0	0	0	1	1	0	0	0	0	0	0	0	0	0
NC_000962.3	3009000	3010000	0.000750347	Rv2690c,ceoB	3009500.0	0.750347	0.7582377483222508	2.723742227876281	False	0	0	0	0	0	0	0	0	0	0	0	0	0	0	0
NC_000962.3	3010000	3011000	0.00107069	ceoB,ceoC,Rv2693c	3010500.0	1.07069	1.3219920366373086	4.285549520408827	False	0	0	0	0	0	0	0	0	0	0	0	0	0	0	0
NC_000962.3	3011000	3012000	0.000701239	Rv2693c,Rv2694c,Rv2695	3011500.0	0.701239	0.671815239977833	2.4843200069390736	False	0	0	0	0	0	0	0	0	0	0	0	0	0	0	0
NC_000962.3	3012000	3013000	5.28041e-05	Rv2695,Rv2696c	3012500.0	0.0528041	-0.469330205897824	-0.6770737352454336	False	0	0	0	0	0	0	0	0	0	0	0	0	0	0	0
NC_000962.3	3013000	3014000	0.000279158	Rv2696c,dut	3013500.0	0.279158	-0.0709822419908938	0.4264970364373641	False	0	0	0	0	0	0	0	0	0	0	0	0	0	0	0
NC_000962.3	3014000	3015000	0.000169149	dut,Rv2698,Rv2699c	3014500.0	0.169149	-0.264581120390769	-0.1098432564493628	False	0	0	0	0	0	0	0	0	0	0	0	0	0	0	0
NC_000962.3	3015000	3016000	0.000310136	Rv2700,suhB	3015500.0	0.3101359999999999	-0.0164657382950933	0.5775278574887779	False	0	0	0	0	0	0	0	0	0	0	0	0	0	0	0
NC_000962.3	3016000	3017000	0.000117929	suhB,ppgK	3016500.0	0.117929	-0.3547204230991073	-0.3595623685370842	False	0	0	0	0	0	0	0	0	0	0	0	0	0	0	0
NC_000962.3	3017000	3018000	0.000368925	ppgK,sigA	3017500.0	0.368925	0.0869938373964433	0.8641490382877837	False	0	0	0	0	0	0	0	0	0	0	0	0	0	0	0
NC_000962.3	3018000	3019000	2.64021e-05	sigA	3018500.0	0.0264020999999999	-0.5157936551384635	-0.805794625470737	False	0	0	0	0	0	0	2	1	0	0	0	0	0	0	0
NC_000962.3	3019000	3020000	2.64021e-05	sigA,Rv2704,Rv2705c	3019500.0	0.0264020999999999	-0.5157936551384635	-0.805794625470737	False	0	0	0	0	0	0	0	0	0	0	0	0	0	0	0
NC_000962.3	3020000	3021000	7.92062e-05	Rv2705c,Rv2706c,Rv2707	3020500.0	0.0792062	-0.422866580672603	-0.5483523574779359	False	0	0	0	0	0	0	0	0	0	0	0	0	0	0	0
NC_000962.3	3021000	3022000	9.22312e-05	Rv2707,Rv2708c,Rv2709	3021500.0	0.0922312	-0.3999445889159433	-0.484849986627827	False	0	0	0	0	0	0	0	0	0	0	0	0	0	0	0
NC_000962.3	3022000	3023000	0.000234274	Rv2709,sigB	3022500.0	0.234274	-0.1499711616074706	0.2076685978011812	False	0	0	0	0	0	0	2	1	0	0	0	0	0	0	0
NC_000962.3	3023000	3024000	6.54771e-05	sigB,ideR	3023500.0	0.0654771	-0.4470276798684844	-0.6152875129204102	False	0	0	0	0	0	0	0	0	0	0	0	0	0	0	0
NC_000962.3	3024000	3025000	0.00100046	ideR,Rv2712c	3024500.0	1.00046	1.198398064962053	3.9431486371225977	False	0	0	0	0	0	0	0	0	0	0	0	0	0	0	0
NC_000962.3	3025000	3026000	0.000205936	Rv2712c,sthA	3025500.0	0.2059359999999999	-0.1998416723483705	0.0695088906879075	False	0	0	0	0	0	0	0	0	0	0	0	0	0	0	0
NC_000962.3	3026000	3027000	0.000258212	sthA	3026500.0	0.258212	-0.1078439724580718	0.3243764483508858	False	0	0	0	0	0	0	0	0	0	0	0	0	0	0	0
NC_000962.3	3027000	3028000	0.00094537	Rv2714	3027500.0	0.94537	1.1014481589448255	3.674561642102829	False	0	0	0	0	0	0	0	0	0	0	0	0	0	0	0
NC_000962.3	3028000	3029000	0.000112473	Rv2714,Rv2715	3028500.0	0.112473	-0.3643221418725688	-0.386162670675909	False	0	0	0	0	0	0	0	0	0	0	0	0	0	0	0
NC_000962.3	3029000	3030000	0.000270181	Rv2715,Rv2716,Rv2717c	3029500.0	0.270181	-0.0867803778833725	0.3827303736257382	False	0	0	0	0	0	0	0	0	0	0	0	0	0	0	0
NC_000962.3	3030000	3031000	0.000117753	Rv2717c,nrdR	3030500.0	0.117753	-0.3550301559627674	-0.360420442799627	False	0	0	0	0	0	0	0	0	0	0	0	0	0	0	0
NC_000962.3	3031000	3032000	0.000755803	Rv2719c,lexA	3031500.0	0.755803	0.7678394670957123	2.750342530015107	False	0	0	0	0	0	0	0	0	0	0	0	0	0	0	0
NC_000962.3	3032000	3033000	0.0001996	lexA,Rv2721c	3032500.0	0.1996	-0.2109920554401322	0.0386182172363694	False	0	0	0	0	0	0	0	0	0	0	0	0	0	0	0
NC_000962.3	3033000	3034000	0.000562188	Rv2721c	3033500.0	0.562188	0.4271069193824178	1.8063877098889027	False	0	0	0	0	0	0	0	0	0	0	0	0	0	0	0
NC_000962.3	3034000	3035000	3.96031e-05	Rv2721c,Rv2722,Rv2723	3034500.0	0.0396031	-0.4925619305181437	-0.7414341803580851	False	0	0	0	0	0	0	0	0	0	0	0	0	0	0	0
NC_000962.3	3035000	3036000	0.000104904	Rv2723	3035500.0	0.104904	-0.377642414855767	-0.423064739387193	False	0	0	0	0	0	0	0	0	0	0	0	0	0	0	0
NC_000962.3	3036000	3037000	0.000761083	Rv2723,fadE20	3036500.0	0.761083	0.7771314530055136	2.776084757891389	False	0	0	0	0	0	0	0	0	0	0	0	0	0	0	0
NC_000962.3	3037000	3038000	0.000639634	fadE20,hflX	3037500.0	0.639634	0.5633999384677356	2.1839696379393843	False	0	0	0	0	0	0	0	0	0	0	0	0	0	0	0
NC_000962.3	3038000	3039000	5.22761e-05	hflX,dapF	3038500.0	0.0522761	-0.4702594044888042	-0.6796479580330618	False	0	0	0	0	0	0	0	0	0	0	0	0	0	0	0
NC_000962.3	3039000	3040000	0.000118105	dapF,miaA	3039500.0	0.118105	-0.3544106902354473	-0.3587042942745415	False	0	0	0	0	0	0	0	0	0	0	0	0	0	0	0
NC_000962.3	3040000	3041000	0.000240787	miaA,Rv2728c	3040500.0	0.240787	-0.1385092858062326	0.2394222209372086	False	0	0	0	0	0	0	0	0	0	0	0	0	0	0	0
NC_000962.3	3041000	3042000	0.000188335	Rv2728c,Rv2729c	3041500.0	0.188335	-0.2308167185601914	-0.0163034109883119	False	0	0	0	0	0	0	0	0	0	0	0	0	0	0	0
NC_000962.3	3042000	3043000	5.28041e-05	Rv2729c,Rv2730	3042500.0	0.0528041	-0.469330205897824	-0.6770737352454336	False	0	0	0	0	0	0	0	0	0	0	0	0	0	0	0
NC_000962.3	3043000	3044000	0.000167389	Rv2730,Rv2731	3043500.0	0.1673889999999999	-0.2676784490273694	-0.1184239990747906	False	0	0	0	0	0	0	0	0	0	0	0	0	0	0	0
NC_000962.3	3044000	3045000	3.96031e-05	Rv2731,Rv2732c,Rv2733c	3044500.0	0.0396031	-0.4925619305181437	-0.7414341803580851	False	0	0	0	0	0	0	0	0	0	0	0	0	0	0	0
NC_000962.3	3045000	3046000	2.64021e-05	Rv2733c	3045500.0	0.0264020999999999	-0.5157936551384635	-0.805794625470737	False	0	0	0	0	0	0	0	0	0	0	0	0	0	0	0
NC_000962.3	3046000	3047000	3.96031e-05	Rv2733c,Rv2734	3046500.0	0.0396031	-0.4925619305181437	-0.7414341803580851	False	0	0	0	0	0	0	0	0	0	0	0	0	0	0	0
NC_000962.3	3047000	3048000	0.00017971	Rv2734,Rv2735c	3047500.0	0.17971	-0.2459953887253499	-0.0583539252748522	False	0	0	0	0	0	0	0	0	0	0	0	0	0	0	0
NC_000962.3	3048000	3049000	0.000425073	Rv2735c,recX	3048500.0	0.425073	0.185805660287263	1.1378942297267016	False	0	0	0	0	0	0	0	0	0	0	0	0	0	0	0
NC_000962.3	3049000	3050000	0.000104904	recX,recA	3049500.0	0.104904	-0.377642414855767	-0.423064739387193	False	0	0	0	0	0	0	0	0	0	0	0	0	0	0	0
NC_000962.3	3050000	3051000	9.20552e-05	recA	3050500.0	0.0920552	-0.4002543217796034	-0.4857080608903698	False	0	0	0	0	0	0	0	0	0	0	0	0	0	0	0
NC_000962.3	3051000	3052000	7.88542e-05	recA,Rv2737A,Rv2738c	3051500.0	0.0788542	-0.4234860463999231	-0.5500685060030214	False	0	0	0	0	0	0	0	0	0	0	0	0	0	0	0
NC_000962.3	3052000	3053000	0.00010508	Rv2738c,Rv2739c	3052500.0	0.10508	-0.3773326819921069	-0.4222066651246502	False	0	0	0	0	0	0	0	0	0	0	0	0	0	0	0
NC_000962.3	3053000	3054000	0.000356428	Rv2739c,ephG,PE_PGRS47	3053500.0	0.356428	0.0650010442307638	0.8032208902253032	False	0	0	0	0	0	0	0	0	1	1	0	0	0	0	0
NC_000962.3	3054000	3055000	0.000293331	PE_PGRS47	3054500.0	0.2933309999999999	-0.0460399472371789	0.4955963916817852	False	0	0	0	0	1	1	1	1	1	1	0	0	0	0	0
NC_000962.3	3055000	3056000	0.000279862	PE_PGRS47,Rv2742c	3055500.0	0.279862	-0.0697433105362536	0.429929333487535	False	0	0	0	0	1	1	0	0	1	1	0	0	0	0	0
NC_000962.3	3056000	3057000	0.000432818	Rv2742c,Rv2743c	3056500.0	0.432818	0.1994356661341214	1.1756543727005284	False	0	0	0	0	0	0	0	0	0	0	0	0	0	0	0
NC_000962.3	3057000	3058000	0.000359596	Rv2743c,35kd_ag	3057500.0	0.359596	0.0705762357766447	0.8186662269510725	False	0	0	0	0	1	1	0	0	0	0	0	0	0	0	0
NC_000962.3	3058000	3059000	2.64021e-05	35kd_ag,clgR,pgsA3	3058500.0	0.0264020999999999	-0.5157936551384635	-0.805794625470737	False	0	0	0	0	0	0	0	0	0	0	0	0	0	0	0
NC_000962.3	3059000	3060000	0.000474181	pgsA3,argA,ftsK	3059500.0	0.474181	0.272228168631681	1.3773164506639104	False	0	0	0	0	0	0	1	1	0	0	0	1	0	0	0
NC_000962.3	3060000	3061000	1.3201e-05	ftsK	3060500.0	0.013201	-0.5390255557433647	-0.8701555581255828	False	0	0	0	0	0	0	0	0	0	0	0	0	0	0	0
NC_000962.3	3061000	3062000	0.000191855	ftsK	3061500.0	0.191855	-0.2246220612869905	0.0008580742625427	False	0	0	0	0	0	0	0	0	0	0	0	0	0	0	0
NC_000962.3	3062000	3063000	0.000137291	ftsK,Rv2749,Rv2750	3062500.0	0.137291	-0.3206462884048698	-0.2651644488134906	False	0	0	0	0	1	1	0	0	0	0	0	0	0	0	0
NC_000962.3	3063000	3064000	9.20552e-05	Rv2750,Rv2751	3063500.0	0.0920552	-0.4002543217796034	-0.4857080608903698	False	0	0	0	0	0	0	0	0	0	0	0	0	0	0	0
NC_000962.3	3064000	3065000	0.000223361	Rv2751,Rv2752c	3064500.0	0.223361	-0.1691763590002097	0.1544631181015852	False	0	0	0	0	0	0	0	0	0	0	0	0	0	0	0
NC_000962.3	3065000	3066000	7.92062e-05	Rv2752c	3065500.0	0.0792062	-0.422866580672603	-0.5483523574779359	False	0	0	0	0	0	0	0	0	0	0	0	0	0	0	0
NC_000962.3	3066000	3067000	3.96031e-05	Rv2752c,dapA	3066500.0	0.0396031	-0.4925619305181437	-0.7414341803580851	False	0	0	0	0	0	0	0	0	0	0	0	0	0	0	0
NC_000962.3	3067000	3068000	0.000161757	dapA,thyX	3067500.0	0.161757	-0.2775899006644909	-0.1458823754761576	False	0	0	0	0	0	0	0	0	0	0	0	0	0	0	0
NC_000962.3	3068000	3069000	0.000144507	hsdS.1,hsdM	3068500.0	0.144507	-0.3079472409948079	-0.2299834040492384	False	0	0	0	0	0	0	0	0	0	0	0	0	0	0	0
NC_000962.3	3069000	3070000	0.000839057	hsdM	3069500.0	0.839057	0.9143536706818116	3.156240908729499	False	0	0	0	0	0	0	0	0	0	0	0	0	0	0	0
NC_000962.3	3070000	3071000	0.000264901	hsdM,vapC21,vapB21,vapC42	3070500.0	0.264901	-0.0960723637931738	0.3569881457494561	False	0	0	0	0	0	0	0	0	0	0	0	0	0	0	0
NC_000962.3	3071000	3072000	5.28041e-05	vapC42,vapB42,hsdS	3071500.0	0.0528041	-0.469330205897824	-0.6770737352454336	False	0	0	0	0	0	0	0	0	0	0	0	0	0	0	0
NC_000962.3	3072000	3073000	0.000323337	hsdS,Rv2762c	3072500.0	0.323337	0.0067659863252264	0.6418883026014297	False	0	0	0	0	0	0	0	0	0	0	0	0	0	0	0
NC_000962.3	3073000	3074000	0.000241139	Rv2762c,dfrA,thyA	3073500.0	0.241139	-0.1378898200789126	0.2411383694622941	False	0	0	0	0	0	0	1	1	0	0	0	0	0	0	0
NC_000962.3	3074000	3075000	0.000284966	thyA,Rv2765	3074500.0	0.284966	-0.0607610574901123	0.4548134871012744	False	0	0	0	0	0	0	0	0	0	0	0	0	0	0	0
NC_000962.3	3075000	3076000	0.000115113	Rv2765,Rv2766c	3075500.0	0.115113	-0.3596761489176681	-0.373291556737768	False	0	0	0	0	0	0	0	0	0	0	0	0	0	0	0
NC_000962.3	3076000	3077000	0.000139418	Rv2766c,Rv2767c,PPE43	3076500.0	0.139418	-0.3169030963537054	-0.2547944263337839	False	0	0	0	0	0	0	1	1	1	1	0	0	0	0	0
NC_000962.3	3077000	3078000	0.000227258	PPE43	3077500.0	0.227258	-0.1623182398542824	0.173462637426182	False	0	0	0	0	0	0	0	0	1	1	0	0	0	0	0
NC_000962.3	3078000	3079000	0.000858947	PPE43,PE27	3078500.0	0.858947	0.9493570039670292	3.2532130512407207	False	0	0	0	0	0	0	1	1	2	1	0	0	0	0	0
NC_000962.3	3079000	3080000	0.000757035	PPE44	3079500.0	0.757035	0.7700075971413326	2.756349049852906	False	0	0	0	0	0	0	0	0	1	1	0	0	0	0	0
NC_000962.3	3080000	3081000	0.000232338	PPE44,Rv2771c	3080500.0	0.232338	-0.1533782231077311	0.1982297809132109	False	0	0	0	0	0	0	0	0	1	1	0	0	0	0	0
NC_000962.3	3081000	3082000	7.92062e-05	Rv2771c,Rv2772c,dapB	3081500.0	0.0792062	-0.422866580672603	-0.5483523574779359	False	0	0	0	0	0	0	0	0	0	0	0	0	0	0	0
NC_000962.3	3082000	3083000	1.3201e-05	dapB,Rv2774c,Rv2775	3082500.0	0.013201	-0.5390255557433647	-0.8701555581255828	False	1	1	0	0	0	0	2	1	1	1	0	0	1	20	20
NC_000962.3	3083000	3084000	0.000125674	Rv2775,Rv2776c	3083500.0	0.1256739999999999	-0.3410904172522491	-0.321802225563258	False	0	0	0	0	0	0	0	0	0	0	0	0	0	0	0
NC_000962.3	3084000	3085000	5.26281e-05	Rv2776c,Rv2777c	3084500.0	0.0526281	-0.4696399387614841	-0.6779318095079762	False	0	0	0	0	0	0	0	0	0	0	0	0	0	0	0
NC_000962.3	3085000	3086000	0.000117753	Rv2777c,Rv2778c	3085500.0	0.117753	-0.3550301559627674	-0.360420442799627	False	0	0	0	0	0	0	0	0	0	0	0	0	0	0	0
NC_000962.3	3086000	3087000	0.000864051	Rv2778c,Rv2779c,ald	3086500.0	0.864051	0.9583392570131708	3.2780972048544603	False	0	0	0	0	0	0	0	0	0	0	0	0	0	0	0
NC_000962.3	3087000	3088000	2.64021e-05	ald,Rv2781c	3087500.0	0.0264020999999999	-0.5157936551384635	-0.805794625470737	False	0	0	0	0	0	0	0	0	0	0	0	0	0	0	0
NC_000962.3	3088000	3089000	0.000419969	Rv2781c	3088500.0	0.419969	0.1768234072411218	1.1130100761129622	False	0	0	0	0	0	0	0	0	0	0	0	0	0	0	0
NC_000962.3	3089000	3090000	0.00030292	pepR	3089500.0	0.3029199999999999	-0.0291647857051551	0.5423468127245257	False	0	0	0	0	0	0	0	0	0	0	0	0	0	0	0
NC_000962.3	3090000	3091000	2.64021e-05	pepR,gpsI	3090500.0	0.0264020999999999	-0.5157936551384635	-0.805794625470737	False	0	0	0	0	0	0	0	0	0	0	0	0	0	0	0
NC_000962.3	3091000	3092000	0.000246947	gpsI	3091500.0	0.246947	-0.127668635578131	0.2694548201262044	False	0	0	0	0	0	0	0	0	0	0	0	0	0	0	0
NC_000962.3	3092000	3093000	0.000186399	gpsI,lppU	3092500.0	0.1863989999999999	-0.2342237800604519	-0.0257422278762825	False	0	0	0	0	0	0	0	0	0	0	0	0	0	0	0
NC_000962.3	3093000	3094000	0.00025874	lppU,rpsO,ribF	3093500.0	0.2587399999999999	-0.1069147738670917	0.3269506711385136	False	0	0	0	0	0	0	0	0	0	0	0	0	0	0	0
NC_000962.3	3094000	3095000	3.96031e-05	ribF	3094500.0	0.0396031	-0.4925619305181437	-0.7414341803580851	False	0	0	0	0	0	0	0	0	0	0	0	0	0	0	0
NC_000962.3	3095000	3096000	2.64021e-05	Rv2787	3095500.0	0.0264020999999999	-0.5157936551384635	-0.805794625470737	False	0	0	0	0	0	0	0	0	0	0	0	0	0	0	0
NC_000962.3	3096000	3097000	0.000195023	Rv2787,sirR	3096500.0	0.195023	-0.2190468697411096	0.016303410988312	False	0	0	0	0	0	0	0	0	0	0	0	0	0	0	0
NC_000962.3	3097000	3098000	0.000372445	sirR,fadE21	3097500.0	0.372445	0.0931884946696443	0.8813105235386386	False	0	0	0	0	0	0	1	1	0	0	0	0	0	0	0
NC_000962.3	3098000	3099000	2.6226e-05	fadE21,ltp1	3098500.0	0.026226	-0.5161035639867051	-0.806653187275474	False	0	0	0	0	0	0	0	0	0	0	0	0	0	0	0
NC_000962.3	3099000	3100000	7.88542e-05	ltp1	3099500.0	0.0788542	-0.4234860463999231	-0.5500685060030214	False	0	0	0	0	0	0	0	0	0	0	0	0	0	0	0
NC_000962.3	3100000	3101000	0.000235692	ltp1,Rv2791c	3100500.0	0.2356919999999999	-0.1474757002400278	0.2145819461209852	False	5	1	0	0	0	0	6	1	1	1	0	0	5	383	247
NC_000962.3	3101000	3102000	0.000163517	Rv2791c,Rv2792c	3101500.0	0.163517	-0.2744925720278904	-0.1373016328507303	False	4	1	0	0	0	0	5	1	2	1	0	0	4	693	454
NC_000962.3	3102000	3103000	7.86781e-05	Rv2792c,truB	3102500.0	0.0786781	-0.4237959552481647	-0.5509270678077587	False	4	1	0	0	0	0	2	1	1	1	0	0	4	157	105
NC_000962.3	3103000	3104000	0.000201008	truB,pptT,Rv2795c	3103500.0	0.201008	-0.2085141925308518	0.0454828113367113	False	0	0	0	0	0	0	0	0	0	0	0	0	0	0	0
NC_000962.3	3104000	3105000	0.0006641	Rv2795c	3104500.0	0.6641	0.6064563262081146	2.303251711276717	False	0	0	1	1	0	0	1	1	0	0	0	0	0	0	0
NC_000962.3	3105000	3106000	0.000367341	lppV,Rv2797c	3105500.0	0.367341	0.0842062416235029	0.8564263699248988	False	0	0	1	1	0	0	1	1	0	0	0	0	0	0	0
NC_000962.3	3106000	3107000	0.000144683	Rv2797c	3106500.0	0.144683	-0.3076375081311479	-0.2291253297866956	False	0	0	0	0	0	0	0	0	0	0	0	0	0	0	0
NC_000962.3	3107000	3108000	6.58291e-05	Rv2797c,Rv2798c,Rv2799	3107500.0	0.0658291	-0.4464082141411644	-0.6135713643953248	False	0	0	0	0	1	1	0	0	0	0	0	0	0	0	0
NC_000962.3	3108000	3109000	0.000432114	Rv2799,Rv2800	3108500.0	0.432114	0.1981967346794811	1.1722220756503574	False	0	0	0	0	0	0	0	0	0	0	0	0	0	0	0
NC_000962.3	3109000	3110000	0.000462916	Rv2800	3109500.0	0.462916	0.2524035055116218	1.3223948224392288	False	0	0	0	0	0	0	0	0	0	0	0	0	0	0	0
NC_000962.3	3110000	3111000	0.000477701	Rv2800,mazF9,mazE9,Rv2802c	3110500.0	0.477701	0.2784228259048819	1.394477935914765	False	0	0	0	0	0	0	0	0	0	0	0	0	0	0	0
NC_000962.3	3111000	3112000	0.000715496	Rv2802c,Rv2803	3111500.0	0.715496	0.696905361780113	2.5538288976269814	False	0	0	0	0	0	0	0	0	0	0	0	0	0	0	0
NC_000962.3	3112000	3113000	0.000562188	Rv2803,Rv2804c,Rv2805	3112500.0	0.562188	0.4271069193824178	1.8063877098889027	False	0	0	0	0	0	0	0	0	1	1	0	0	1	17	17
NC_000962.3	3113000	3114000	0.00025874	Rv2804c,Rv2805,Rv2806,Rv2807	3113500.0	0.2587399999999999	-0.1069147738670917	0.3269506711385136	False	1	1	0	0	0	0	2	1	2	1	0	0	1	18	18
NC_000962.3	3114000	3115000	0.000219137	Rv2807	3114500.0	0.219137	-0.1766099477280508	0.1338693358005595	False	0	0	0	0	0	0	0	0	1	1	0	0	0	0	0
NC_000962.3	3115000	3116000	0.000640715	Rv2808,Rv2809,Rv2810c	3115500.0	0.640715	0.5653023317951021	2.1892399690632973	False	0	0	0	0	0	0	0	0	1	1	0	0	0	0	0
NC_000962.3	3116000	3117000	5.22782e-05	Rv2810c,Rv2811,Rv2812	3116500.0	0.0522782	-0.47025570881259	-0.6796377196469746	False	0	0	0	0	0	0	3	1	2	1	0	0	0	0	0
NC_000962.3	3117000	3118000	0.000258422	Rv2812	3117500.0	0.258422	-0.1074744048366592	0.3254002869596015	False	0	0	0	0	0	0	0	0	1	1	0	0	0	0	0
NC_000962.3	3118000	3119000	0.000281289	Rv2812,Rv2813	3118500.0	0.281289	-0.0672320105564645	0.436886560604856	False	0	0	0	0	0	0	0	0	1	1	0	0	0	0	0
NC_000962.3	3119000	3120000	0.00068281	Rv2813	3119500.0	0.6828099999999999	0.6393830414301568	2.394470855891345	False	16	1	5	1	1	1	0	0	0	0	0	1	18	1118	671
NC_000962.3	3120000	3121000	7.8361e-05	Rv2814c	3120500.0	0.078361	-0.4243540023564978	-0.5524730641069195	False	29	1	4	1	1	1	1	1	1	1	0	0	26	547	379
NC_000962.3	3121000	3122000	0.0	Rv2814c,Rv2815c	3121500.0	0.0	-0.5622572803636845	-0.9345160032382342	False	20	1	3	1	1	1	1	1	2	1	0	0	20	36	32
NC_000962.3	3122000	3123000	9.42062e-05		3122500.0	0.0942062	-0.396468893428849	-0.4752210282839526	False	13	1	5	1	1	1	4	1	0	0	0	0	13	793	619
NC_000962.3	3123000	3124000	4.97281e-05	Rv2816c,Rv2817c	3123500.0	0.0497281	-0.4747434916286098	-0.6920705331521464	False	11	1	5	1	1	1	0	0	0	0	0	0	11	610	439
NC_000962.3	3124000	3125000	2.2824e-05	Rv2817c,Rv2818c	3124500.0	0.022824	-0.5220905594535885	-0.8232393727366694	False	0	0	0	0	0	0	0	0	0	0	0	0	0	0	0
NC_000962.3	3125000	3126000	0.000120059	Rv2818c	3125500.0	0.120059	-0.3509719515104943	-0.3491777197915386	False	0	0	0	0	0	0	0	0	0	0	0	0	0	0	0
NC_000962.3	3126000	3127000	1.56855e-05	Rv2818c,Rv2819c	3126500.0	0.0156855	-0.5346532188128911	-0.858042572300086	False	0	0	0	0	0	0	0	0	0	0	0	0	0	0	0
NC_000962.3	3127000	3128000	3.871e-05	Rv2819c,Rv2820c	3127500.0	0.03871	-0.4941336488166368	-0.7457884196982949	False	0	0	0	0	0	0	0	0	0	0	0	0	0	0	0
NC_000962.3	3128000	3129000	0.000271413	Rv2820c,Rv2821c,Rv2822c	3128500.0	0.271413	-0.0846122478377521	0.3887368934635375	False	0	0	0	0	0	0	0	0	0	0	0	0	0	0	0
NC_000962.3	3129000	3130000	0.000153308	Rv2822c,Rv2823c	3129500.0	0.153308	-0.2924588379659893	-0.1870748155001553	False	0	0	0	0	0	0	0	0	0	0	0	0	0	0	0
NC_000962.3	3130000	3131000	6.56531e-05	Rv2823c	3130500.0	0.0656530999999999	-0.4467179470048244	-0.6144294386578679	False	0	0	0	0	0	0	0	0	0	0	0	0	0	0	0
NC_000962.3	3131000	3132000	6.54771e-05	Rv2823c,Rv2824c	3131500.0	0.0654771	-0.4470276798684844	-0.6152875129204102	False	0	0	0	0	0	0	0	0	0	0	0	0	0	0	0
NC_000962.3	3132000	3133000	0.00134615	Rv2824c,Rv2825c	3132500.0	1.34615	1.8067591651816053	5.628533249727135	False	1	1	0	0	0	0	1	1	1	1	1	1	1	0	0
NC_000962.3	3133000	3134000	0.00134281	Rv2825c,Rv2826c	3133500.0	1.34281	1.80088128015533	5.612249340426609	False	1	1	0	0	0	0	1	1	1	1	1	1	1	8	8
NC_000962.3	3134000	3135000	0.000271413	Rv2826c,Rv2827c	3134500.0	0.271413	-0.0846122478377521	0.3887368934635375	False	0	0	0	0	0	0	0	0	0	0	0	0	0	0	0
NC_000962.3	3135000	3136000	0.004962	Rv2827c,Rv2828c	3135500.0	4.962000000000001	8.170097659870116	23.257327694131423	True	1	1	0	0	0	0	1	1	1	1	5	6	1	7	7
NC_000962.3	3136000	3137000	0.000376493	Rv2828c,Rv2828A,vapC22	3136500.0	0.3764929999999999	0.1003123505338253	0.9010462315771208	False	1	1	0	0	0	0	1	1	1	1	1	1	1	1	1
NC_000962.3	3137000	3138000	0.00103408	vapC22,vapB22,echA16	3137500.0	1.03408	1.2575640813043865	4.107060322956046	False	0	0	0	0	0	0	0	0	0	0	0	0	0	0	0
NC_000962.3	3138000	3139000	1.3201e-05	echA16,ugpC	3138500.0	0.013201	-0.5390255557433647	-0.8701555581255828	False	0	0	0	0	0	0	1	1	0	0	0	0	0	0	0
NC_000962.3	3139000	3140000	0.000169149	ugpC,ugpB	3139500.0	0.169149	-0.264581120390769	-0.1098432564493628	False	0	0	0	0	0	0	0	0	0	0	0	0	0	0	0
NC_000962.3	3140000	3141000	5.28041e-05	ugpB,ugpE	3140500.0	0.0528041	-0.469330205897824	-0.6770737352454336	False	0	0	0	0	0	0	0	0	0	0	0	0	0	0	0
NC_000962.3	3141000	3142000	0.000218961	ugpE,ugpA	3141500.0	0.218961	-0.1769196805917109	0.1330112615380167	False	0	0	0	0	0	0	0	0	0	0	0	0	0	0	0
NC_000962.3	3142000	3143000	3.96031e-05	ugpA,dinF	3142500.0	0.0396031	-0.4925619305181437	-0.7414341803580851	False	0	0	0	0	0	0	0	0	0	0	0	0	0	0	0
NC_000962.3	3143000	3144000	9.20552e-05	dinF,Rv2837c	3143500.0	0.0920552	-0.4002543217796034	-0.4857080608903698	False	0	0	0	0	0	0	0	0	0	0	0	0	0	0	0
NC_000962.3	3144000	3145000	0.00050956	Rv2837c,rbfA	3144500.0	0.50956	0.334489753764799	1.5498040037008392	False	0	0	0	0	0	0	0	0	0	0	0	0	0	0	0
NC_000962.3	3145000	3146000	0.000227938	rbfA,infB	3145500.0	0.227938	-0.1611215446992323	0.1767779243496426	False	0	0	0	0	0	0	0	0	0	0	0	0	0	0	0
NC_000962.3	3146000	3147000	0.000104552	infB	3146500.0	0.1045519999999999	-0.3782618805830871	-0.4247808879122789	False	0	0	0	0	0	0	0	0	0	0	0	0	0	0	0
NC_000962.3	3147000	3148000	0.000576445	infB,Rv2840c	3147500.0	0.576445	0.4521970411846977	1.8758966005768103	False	0	0	0	0	0	0	0	0	0	0	0	0	0	0	0
NC_000962.3	3148000	3149000	0.000117577	Rv2840c,nusA	3148500.0	0.117577	-0.3553398888264275	-0.3612785170621697	False	0	0	0	0	0	0	0	0	0	0	0	0	0	0	0
NC_000962.3	3149000	3150000	7.79741e-05	nusA,Rv2842c	3149500.0	0.0779741	-0.425034886702805	-0.5543593648579296	False	0	0	0	0	0	0	0	0	0	0	0	0	0	0	0
NC_000962.3	3150000	3151000	0.000192735	Rv2843,Rv2844	3150500.0	0.192735	-0.2230733969686902	0.0051484455752564	False	0	0	0	0	0	0	0	0	0	0	0	0	0	0	0
NC_000962.3	3151000	3152000	0.000118457	Rv2844,proS	3151500.0	0.1184569999999999	-0.3537912245081273	-0.3569881457494565	False	0	0	0	0	0	0	0	0	0	0	0	0	0	0	0
NC_000962.3	3152000	3153000	5.22761e-05	proS	3152500.0	0.0522761	-0.4702594044888042	-0.6796479580330618	False	0	0	0	0	0	0	0	0	0	0	0	0	0	0	0
NC_000962.3	3153000	3154000	7.86781e-05	efpA	3153500.0	0.0786781	-0.4237959552481647	-0.5509270678077587	False	0	0	0	0	0	0	0	0	0	0	0	0	0	0	0
NC_000962.3	3154000	3155000	1.3201e-05	efpA,cysG	3154500.0	0.013201	-0.5390255557433647	-0.8701555581255828	False	0	0	0	0	0	0	0	0	0	0	0	0	0	0	0
NC_000962.3	3155000	3156000	8.94451e-05	cysG	3155500.0	0.0894451	-0.4048476953445982	-0.4984333997123175	False	2	1	1	1	1	1	1	1	0	0	0	0	2	0	0
NC_000962.3	3156000	3157000	3.94271e-05	cobB	3156500.0	0.0394271	-0.4928716633818038	-0.7422922546206278	False	1	1	1	1	1	1	1	1	0	0	0	0	1	0	0
NC_000962.3	3157000	3158000	0.000243779	cobB,cobO	3157500.0	0.243779	-0.1332438271240118	0.2540094834004351	False	0	0	0	0	0	0	0	0	0	0	0	0	0	0	0
NC_000962.3	3158000	3159000	9.20552e-05	cobO,Rv2850c	3158500.0	0.0920552	-0.4002543217796034	-0.4857080608903698	False	0	0	0	0	0	0	0	0	0	0	0	0	0	0	0
NC_000962.3	3159000	3160000	0.000153308	Rv2850c	3159500.0	0.153308	-0.2924588379659893	-0.1870748155001553	False	0	0	0	0	0	0	0	0	0	0	0	0	0	0	0
NC_000962.3	3160000	3161000	0.0	Rv2850c,Rv2851c,mqo	3160500.0	0.0	-0.5622572803636845	-0.9345160032382342	False	0	0	0	0	0	0	1	1	0	0	0	0	0	0	0
NC_000962.3	3161000	3162000	0.000116873	mqo	3161500.0	0.116873	-0.3565788202810676	-0.3647108141123406	False	0	0	0	0	0	0	0	0	0	0	0	0	0	0	0
NC_000962.3	3162000	3163000	0.000619392	mqo,PE_PGRS48	3162500.0	0.6193919999999999	0.5277771394551978	2.0852813469030766	False	0	0	0	0	1	1	1	1	1	1	0	0	0	0	0
NC_000962.3	3163000	3164000	0.000501111	PE_PGRS48	3163500.0	0.5011110000000001	0.3196208164633006	1.508611563676842	False	0	0	0	0	1	1	2	1	1	1	0	0	0	0	0
NC_000962.3	3164000	3165000	0.000351147	PE_PGRS48,Rv2854	3164500.0	0.351147	0.0557072984751462	0.7774737869270747	False	0	0	0	0	1	1	0	0	1	1	0	0	0	0	0
NC_000962.3	3165000	3166000	0.000677301	Rv2854,mtr	3165500.0	0.677301	0.6296880508284343	2.367612156389369	False	0	0	0	0	0	0	0	0	0	0	0	0	0	0	0
NC_000962.3	3166000	3167000	0.000191503	mtr,nicT	3166500.0	0.191503	-0.2252415270143105	-0.0008580742625426	False	0	0	0	0	0	0	0	0	0	0	0	0	0	0	0
NC_000962.3	3167000	3168000	3.96031e-05	nicT	3167500.0	0.0396031	-0.4925619305181437	-0.7414341803580851	False	0	0	0	0	0	0	0	0	0	0	0	0	0	0	0
NC_000962.3	3168000	3169000	0.000324745	Rv2857c	3168500.0	0.324745	0.0092438492345067	0.6487528967017717	False	0	0	0	0	0	0	0	0	0	0	0	0	0	0	0
NC_000962.3	3169000	3170000	0.000245187	Rv2857c,aldC	3169500.0	0.245187	-0.1307659642147315	0.260874077500777	False	0	0	0	0	0	0	0	0	0	0	0	0	0	0	0
NC_000962.3	3170000	3171000	0.000263845	aldC,Rv2859c	3170500.0	0.263845	-0.0979307609751341	0.3518397001741997	False	0	0	0	0	0	0	0	0	1	1	0	0	0	0	0
NC_000962.3	3171000	3172000	1.3201e-05	Rv2859c,glnA4	3171500.0	0.013201	-0.5390255557433647	-0.8701555581255828	False	4	1	1	1	1	1	1	1	1	1	0	0	4	43	18
NC_000962.3	3172000	3173000	0.000130954	glnA4	3172500.0	0.130954	-0.3317984313424477	-0.2960599976869755	False	0	0	0	0	0	0	0	0	0	0	0	0	0	0	0
NC_000962.3	3173000	3174000	0.000380542	mapB	3173500.0	0.380542	0.1074379662438226	0.9207868150375504	False	0	0	0	0	0	0	0	0	0	0	0	0	0	0	0
NC_000962.3	3174000	3175000	0.000587534	mapB,Rv2862c,vapB23,vapC23	3174500.0	0.587534	0.4717119714410969	1.929960154538949	False	0	0	0	0	0	0	0	0	0	0	0	0	0	0	0
NC_000962.3	3175000	3176000	0.000215793	vapC23,Rv2864c	3175500.0	0.215793	-0.1824948721375917	0.1175659248122475	False	0	0	0	0	0	0	0	0	0	0	0	0	0	0	0
NC_000962.3	3176000	3177000	0.0	Rv2864c	3176500.0	0.0	-0.5622572803636845	-0.9345160032382342	False	0	0	0	0	0	0	0	0	0	0	0	0	0	0	0
NC_000962.3	3177000	3178000	0.00050956	Rv2864c,relF,relG	3177500.0	0.50956	0.334489753764799	1.5498040037008392	False	0	0	0	0	0	0	0	0	0	0	0	0	0	0	0
NC_000962.3	3178000	3179000	0.000150492	relG,Rv2867c	3178500.0	0.150492	-0.29741456378455	-0.2008040037008392	False	0	0	0	0	0	0	0	0	0	0	0	0	0	0	0
NC_000962.3	3179000	3180000	2.64021e-05	Rv2867c,gcpE	3179500.0	0.0264020999999999	-0.5157936551384635	-0.805794625470737	False	0	0	0	0	0	0	0	0	0	0	0	0	0	0	0
NC_000962.3	3180000	3181000	0.000512024	gcpE,rip	3180500.0	0.512024	0.3388260138560397	1.5618170433764376	False	0	0	0	0	0	0	0	0	0	0	0	0	0	0	0
NC_000962.3	3181000	3182000	0.0	rip,dxr	3181500.0	0.0	-0.5622572803636845	-0.9345160032382342	False	0	0	0	0	0	0	0	0	0	0	0	0	0	0	0
NC_000962.3	3182000	3183000	1.3201e-05	dxr	3182500.0	0.013201	-0.5390255557433647	-0.8701555581255828	False	0	0	0	0	0	0	0	0	0	0	0	0	0	0	0
NC_000962.3	3183000	3184000	7.90302e-05	dxr,vapB43,vapC43,mpt83	3183500.0	0.0790302	-0.423176313536263	-0.5492104317404787	False	0	0	0	0	0	0	0	0	0	0	0	0	0	0	0
NC_000962.3	3184000	3185000	3.94271e-05	mpt83,dipZ	3184500.0	0.0394271	-0.4928716633818038	-0.7422922546206278	False	0	0	0	0	0	0	0	0	0	0	0	0	0	0	0
NC_000962.3	3185000	3186000	2.64021e-05	dipZ	3185500.0	0.0264020999999999	-0.5157936551384635	-0.805794625470737	False	0	0	0	0	0	0	0	0	0	0	0	0	0	0	0
NC_000962.3	3186000	3187000	2.64021e-05	dipZ	3186500.0	0.0264020999999999	-0.5157936551384635	-0.805794625470737	False	0	0	0	0	1	1	0	0	0	0	0	0	0	0	0
NC_000962.3	3187000	3188000	0.000479109	mpt70,Rv2876	3187500.0	0.479109	0.2809006888141623	1.401342530015107	False	0	0	0	0	0	0	0	0	0	0	0	0	0	0	0
NC_000962.3	3188000	3189000	0.000624497	Rv2877c,mpt53	3188500.0	0.624497	0.5367611523471554	2.1101703759387624	False	0	0	0	0	0	0	0	0	0	0	0	0	0	0	0
NC_000962.3	3189000	3190000	0.00084084	mpt53,Rv2879c,Rv2880c	3189500.0	0.84084	0.917491475772186	3.1649337860596907	False	0	0	1	1	0	0	1	1	0	0	0	0	0	0	0
NC_000962.3	3190000	3191000	0.000330026	Rv2879c,Rv2880c,cdsA	3190500.0	0.330026	0.0185375949901244	0.6745	False	0	0	1	1	0	0	0	0	0	0	0	0	0	0	0
NC_000962.3	3191000	3192000	0.000202592	cdsA,frr	3191500.0	0.202592	-0.2057265967579114	0.0532054796995959	False	0	0	1	1	0	0	0	0	1	1	0	0	0	0	0
NC_000962.3	3192000	3193000	3.69694e-05	frr,pyrH	3192500.0	0.0369694	-0.4971968364444021	-0.7542745791379647	False	8	1	2	1	1	1	1	1	1	1	0	0	8	61	39
NC_000962.3	3193000	3194000	0.000315593	pyrH,Rv2884	3193500.0	0.315593	-0.0068622596758155	0.6041330350495495	False	0	0	0	0	0	0	0	0	0	0	0	0	0	0	0
NC_000962.3	3194000	3195000	0.000935337	Rv2884,Rv2885c	3194500.0	0.935337	1.0837916258703866	3.625646533715946	False	3	1	0	0	0	0	3	1	1	1	1	1	3	288	212
NC_000962.3	3195000	3196000	0.000358716	Rv2885c,Rv2886c	3195500.0	0.358716	0.0690275714583445	0.8143758556383586	False	2	1	0	0	0	0	3	1	2	1	0	0	2	410	309
NC_000962.3	3196000	3197000	3.96031e-05	Rv2886c,Rv2887,amiC	3196500.0	0.0396031	-0.4925619305181437	-0.7414341803580851	False	2	1	0	0	0	0	1	1	1	1	0	0	2	83	61
NC_000962.3	3197000	3198000	0.000205936	amiC	3197500.0	0.2059359999999999	-0.1998416723483705	0.0695088906879075	False	0	0	0	0	0	0	0	0	0	0	0	0	0	0	0
NC_000962.3	3198000	3199000	9.18792e-05	amiC,tsf	3198500.0	0.0918792	-0.4005640546432634	-0.4865661351529126	False	0	0	0	0	0	0	0	0	0	0	0	0	0	0	0
NC_000962.3	3199000	3200000	5.26281e-05	tsf,rpsB	3199500.0	0.0526281	-0.4696399387614841	-0.6779318095079762	False	0	0	0	0	0	0	0	0	0	0	0	0	0	0	0
NC_000962.3	3200000	3201000	0.000852787	Rv2891,PPE45	3200500.0	0.8527870000000001	0.9385163537389278	3.223180452051725	False	0	0	0	0	0	0	0	0	1	1	0	0	0	0	0
NC_000962.3	3201000	3202000	0.000116969	Rv2891,PPE45	3201500.0	0.116969	-0.3564098750827076	-0.3642427736054991	False	0	0	0	0	0	0	1	1	1	1	0	0	0	0	0
NC_000962.3	3202000	3203000	0.00051855	PPE45,Rv2893	3202500.0	0.51855	0.3503107676528889	1.5936340469977663	False	0	0	0	0	0	0	0	0	1	1	0	0	0	0	0
NC_000962.3	3203000	3204000	0.000103848	Rv2893,xerC	3203500.0	0.103848	-0.3795008120377273	-0.4282131849624494	False	0	0	0	0	0	0	0	0	1	1	0	0	0	0	0
NC_000962.3	3204000	3205000	0.00020312	xerC,viuB	3204500.0	0.20312	-0.2047973981669313	0.0557797024872241	False	0	0	0	0	0	0	0	0	1	1	0	0	0	0	0
NC_000962.3	3205000	3206000	0.000186223	viuB,Rv2896c	3205500.0	0.186223	-0.2345335129241119	-0.0266003021388247	False	0	0	0	0	0	0	0	0	0	0	0	0	0	0	0
NC_000962.3	3206000	3207000	0.00010508	Rv2896c,Rv2897c	3206500.0	0.10508	-0.3773326819921069	-0.4222066651246502	False	0	0	0	0	0	0	0	0	0	0	0	0	0	0	0
NC_000962.3	3207000	3208000	0.000240787	Rv2897c,Rv2898c	3207500.0	0.240787	-0.1385092858062326	0.2394222209372086	False	0	0	0	0	0	0	0	0	0	0	0	0	0	0	0
NC_000962.3	3208000	3209000	0.00036118	Rv2898c,fdhD	3208500.0	0.36118	0.0733638315495851	0.826388895313957	False	0	0	0	0	0	0	0	0	0	0	0	0	0	0	0
NC_000962.3	3209000	3210000	0.000451299	fdhD,fdhF	3209500.0	0.451299	0.2319593766642425	1.2657570456894622	False	0	0	0	0	0	0	0	0	0	0	0	0	0	0	0
NC_000962.3	3210000	3211000	1.3201e-05	fdhF	3210500.0	0.013201	-0.5390255557433647	-0.8701555581255828	False	0	0	0	0	0	0	0	0	0	0	0	0	0	0	0
NC_000962.3	3211000	3212000	7.85021e-05	fdhF,Rv2901c	3211500.0	0.0785020999999999	-0.4241056881118248	-0.5517851420703019	False	0	0	0	0	0	0	0	0	0	0	0	0	0	0	0
NC_000962.3	3212000	3213000	0.000180766	Rv2901c,rnhB,lepB	3212500.0	0.180766	-0.2441369915433896	-0.0532054796995958	False	0	0	0	0	0	0	0	0	0	0	0	0	0	0	0
NC_000962.3	3213000	3214000	6.54771e-05	lepB,rplS	3213500.0	0.0654771	-0.4470276798684844	-0.6152875129204102	False	0	0	0	0	0	0	0	0	0	0	0	0	0	0	0
NC_000962.3	3214000	3215000	0.000696838	rplS,lppW	3214500.0	0.696838	0.6640701585405155	2.4628632749535586	False	0	0	0	0	0	0	0	0	0	0	0	0	0	0	0
NC_000962.3	3215000	3216000	9.24072e-05	lppW,trmD	3215500.0	0.0924072	-0.3996348560522833	-0.4839919123652843	False	0	0	0	0	0	0	0	0	0	0	0	0	0	0	0
NC_000962.3	3216000	3217000	3.96031e-05	trmD,rimM,Rv2908c	3216500.0	0.0396031	-0.4925619305181437	-0.7414341803580851	False	0	0	0	0	0	0	0	0	0	0	0	0	0	0	0
NC_000962.3	3217000	3218000	0.000169325	Rv2908c,rpsP,Rv2910c	3217500.0	0.169325	-0.2642713875271089	-0.10898518218682	False	0	0	0	0	0	0	0	0	0	0	0	0	0	0	0
NC_000962.3	3218000	3219000	0.000179534	Rv2910c,dacB2	3218500.0	0.179534	-0.24630512158901	-0.059211999537395	False	0	0	0	0	0	0	0	0	0	0	0	0	0	0	0
NC_000962.3	3219000	3220000	0.000191679	dacB2,Rv2912c,Rv2913c	3219500.0	0.191679	-0.2249317941506505	0.0	False	0	0	0	0	0	0	0	0	0	0	0	0	0	0	0
NC_000962.3	3220000	3221000	0.000165277	Rv2913c	3220500.0	0.165277	-0.2713952433912899	-0.1287208902253029	False	0	0	0	0	0	0	0	0	0	0	0	0	0	0	0
NC_000962.3	3221000	3222000	5.28041e-05	Rv2913c,pknI	3221500.0	0.0528041	-0.469330205897824	-0.6770737352454336	False	0	0	0	0	0	0	0	0	0	0	0	0	0	0	0
NC_000962.3	3222000	3223000	6.53011e-05	pknI	3222500.0	0.0653011	-0.4473374127321445	-0.616145587182953	False	0	0	0	0	0	0	0	0	0	0	0	0	0	0	0
NC_000962.3	3223000	3224000	0.000152076	pknI,Rv2915c	3223500.0	0.152076	-0.2946269680116096	-0.1930813353379545	False	0	0	0	0	0	0	0	0	0	0	0	0	0	0	0
NC_000962.3	3224000	3225000	0.0	Rv2915c,ffh	3224500.0	0.0	-0.5622572803636845	-0.9345160032382342	False	0	0	0	0	0	0	0	0	0	0	0	0	0	0	0
NC_000962.3	3225000	3226000	3.96031e-05	ffh	3225500.0	0.0396031	-0.4925619305181437	-0.7414341803580851	False	0	0	0	0	0	0	0	0	0	0	0	0	0	0	0
NC_000962.3	3226000	3227000	5.28041e-05	ffh,Rv2917	3226500.0	0.0528041	-0.469330205897824	-0.6770737352454336	False	0	0	0	0	0	0	1	1	0	0	0	0	0	0	0
NC_000962.3	3227000	3228000	0.000180942	Rv2917	3227500.0	0.180942	-0.2438272586797296	-0.0523474054370531	False	0	0	0	0	0	0	0	0	0	0	0	0	0	0	0
NC_000962.3	3228000	3229000	1.3201e-05	Rv2917,glnD	3228500.0	0.013201	-0.5390255557433647	-0.8701555581255828	False	0	0	0	0	0	0	0	0	0	0	0	0	0	0	0
NC_000962.3	3229000	3230000	0.000205936	glnD	3229500.0	0.2059359999999999	-0.1998416723483705	0.0695088906879075	False	0	0	0	0	0	0	0	0	0	0	0	0	0	0	0
NC_000962.3	3230000	3231000	7.92062e-05	glnD,glnB	3230500.0	0.0792062	-0.422866580672603	-0.5483523574779359	False	0	0	0	0	0	0	0	0	0	0	0	0	0	0	0
NC_000962.3	3231000	3232000	0.000140107	glnB,amt	3231500.0	0.1401069999999999	-0.315690562586309	-0.2514352606128073	False	0	0	0	0	0	0	0	0	0	0	0	0	0	0	0
NC_000962.3	3232000	3233000	0.000416025	amt,ftsY	3232500.0	0.416025	0.1698825753418307	1.093781411956891	False	0	0	2	1	1	1	1	1	0	0	0	0	0	0	0
NC_000962.3	3233000	3234000	0.000205936	ftsY	3233500.0	0.2059359999999999	-0.1998416723483705	0.0695088906879075	False	0	0	1	1	0	0	0	0	0	0	0	0	0	0	0
NC_000962.3	3234000	3235000	3.96031e-05	ftsY,smc	3234500.0	0.0396031	-0.4925619305181437	-0.7414341803580851	False	0	0	1	1	1	1	0	0	0	0	0	0	0	0	0
NC_000962.3	3235000	3236000	2.64021e-05	smc	3235500.0	0.0264020999999999	-0.5157936551384635	-0.805794625470737	False	0	0	1	1	0	0	0	0	0	0	0	0	0	0	0
NC_000962.3	3236000	3237000	0.000547931	smc	3236500.0	0.547931	0.4020167975801377	1.7368788192009943	False	0	0	1	1	0	0	0	0	0	0	0	0	0	0	0
NC_000962.3	3237000	3238000	6.53011e-05	smc,acyP	3237500.0	0.0653011	-0.4473374127321445	-0.616145587182953	False	0	0	1	1	0	0	0	0	0	0	0	0	0	0	0
NC_000962.3	3238000	3239000	0.000440386	acyP,Rv2923c,fpg	3238500.0	0.440386	0.2127541792715034	1.2125515659898662	False	0	0	1	1	0	0	0	0	0	0	0	0	0	0	0
NC_000962.3	3239000	3240000	0.00035275	fpg,rnc	3239500.0	0.35275	0.0585283313185953	0.7852890883069384	False	4	1	2	1	1	1	1	1	0	0	0	0	4	43	25
NC_000962.3	3240000	3241000	1.3201e-05	rnc,Rv2926c	3240500.0	0.013201	-0.5390255557433647	-0.8701555581255828	False	0	0	0	0	0	0	0	0	0	0	0	0	0	0	0
NC_000962.3	3241000	3242000	0.000192735	Rv2926c,Rv2927c	3241500.0	0.192735	-0.2230733969686902	0.0051484455752564	False	0	0	0	0	0	0	0	0	0	0	0	0	0	0	0
NC_000962.3	3242000	3243000	0.000173021	tesA,Rv2929	3242500.0	0.173021	-0.2577669973902479	-0.0909656226734225	False	0	0	0	0	0	0	0	0	0	0	0	0	0	0	0
NC_000962.3	3243000	3244000	0.000215793	Rv2929,fadD26	3243500.0	0.215793	-0.1824948721375917	0.1175659248122475	False	0	0	0	0	0	0	0	0	0	0	0	0	0	0	0
NC_000962.3	3244000	3245000	0.000407648	fadD26	3244500.0	0.407648	0.1551403469391022	1.0529400023130246	False	0	0	0	0	0	0	0	0	0	0	0	0	0	0	0
NC_000962.3	3245000	3246000	0.000170733	fadD26,ppsA	3245500.0	0.170733	-0.2617935246178285	-0.1021205880864781	False	0	0	0	0	0	0	2	1	1	1	0	0	0	0	0
NC_000962.3	3246000	3247000	6.58291e-05	ppsA	3246500.0	0.0658291	-0.4464082141411644	-0.6135713643953248	False	1	1	0	0	0	0	0	0	1	1	0	0	1	123	123
NC_000962.3	3247000	3248000	0.000833777	ppsA	3247500.0	0.833777	0.9050616847720102	3.130498680853217	False	1	1	0	0	0	0	4	1	1	1	1	2	1	135	135
NC_000962.3	3248000	3249000	0.000400282	ppsA	3248500.0	0.400282	0.1421773226566028	1.017027644256833	False	1	1	0	0	0	0	1	1	1	1	1	1	1	50	50
NC_000962.3	3249000	3250000	0.000598095	ppsA	3249500.0	0.5980949999999999	0.4902977031065159	1.9814494857134597	False	0	0	0	0	0	0	0	0	1	1	0	0	0	0	0
NC_000962.3	3250000	3251000	1.3201e-05	ppsA	3250500.0	0.013201	-0.5390255557433647	-0.8701555581255828	False	0	0	0	0	0	0	0	0	1	1	0	0	0	0	0
NC_000962.3	3251000	3252000	0.000177864	ppsA,ppsB	3251500.0	0.177864	-0.2492440641021479	-0.0673539541876585	False	1	1	0	0	0	0	1	1	2	1	0	0	1	34	34
NC_000962.3	3252000	3253000	6.55694e-05	ppsB	3252500.0	0.0655694	-0.4468652460996446	-0.6148375114747698	False	1	1	0	0	0	0	3	1	1	1	1	1	1	185	185
NC_000962.3	3253000	3254000	2.64021e-05	ppsB	3253500.0	0.0264020999999999	-0.5157936551384635	-0.805794625470737	False	1	1	0	0	0	0	2	1	1	1	0	0	1	86	86
NC_000962.3	3254000	3255000	0.000459396	ppsB	3254500.0	0.4593959999999999	0.2462088482384208	1.3052333371883738	False	0	0	0	0	0	0	0	0	1	1	0	0	0	0	0
NC_000962.3	3255000	3256000	6.56531e-05	ppsB,ppsC	3255500.0	0.0656530999999999	-0.4467179470048244	-0.6144294386578679	False	0	0	0	0	0	0	0	0	1	1	0	0	0	0	0
NC_000962.3	3256000	3257000	0.000148732	ppsC	3256500.0	0.148732	-0.3005118924211505	-0.2093847463262665	False	0	0	0	0	0	0	0	0	0	0	0	0	0	0	0
NC_000962.3	3257000	3258000	0.000219137	ppsC	3257500.0	0.219137	-0.1766099477280508	0.1338693358005595	False	0	0	0	0	0	0	1	1	0	0	0	0	0	0	0
NC_000962.3	3258000	3259000	0.000334074	ppsC	3258500.0	0.334074	0.0256614508543055	0.6942357080384829	False	0	0	0	0	0	0	2	1	0	0	0	0	0	0	0
NC_000962.3	3259000	3260000	3.96031e-05	ppsC	3259500.0	0.0396031	-0.4925619305181437	-0.7414341803580851	False	0	0	0	0	0	0	0	0	0	0	0	0	0	0	0
NC_000962.3	3260000	3261000	0.00020312	ppsC	3260500.0	0.20312	-0.2047973981669313	0.0557797024872241	False	0	0	0	0	0	0	0	0	0	0	0	0	0	0	0
NC_000962.3	3261000	3262000	0.000140283	ppsC	3261500.0	0.140283	-0.315380829722649	-0.2505771863502641	False	0	0	0	0	0	0	0	0	0	0	0	0	0	0	0
NC_000962.3	3262000	3263000	1.3201e-05	ppsC,ppsD	3262500.0	0.013201	-0.5390255557433647	-0.8701555581255828	False	0	0	0	0	0	0	1	1	0	0	0	0	0	0	0
NC_000962.3	3263000	3264000	0.0	ppsD	3263500.0	0.0	-0.5622572803636845	-0.9345160032382342	False	0	0	0	0	0	0	0	0	0	0	0	0	0	0	0
NC_000962.3	3264000	3265000	2.64021e-05	ppsD	3264500.0	0.0264020999999999	-0.5157936551384635	-0.805794625470737	False	0	0	0	0	0	0	0	0	0	0	0	0	0	0	0
NC_000962.3	3265000	3266000	5.26281e-05	ppsD	3265500.0	0.0526281	-0.4696399387614841	-0.6779318095079762	False	0	0	0	0	0	0	0	0	0	0	0	0	0	0	0
NC_000962.3	3266000	3267000	0.000577853	ppsD	3266500.0	0.5778530000000001	0.4546749040939782	1.8827611946771527	False	0	0	0	0	0	0	0	0	0	0	0	0	0	0	0
NC_000962.3	3267000	3268000	0.00013113	ppsD,ppsE	3267500.0	0.13113	-0.3314886984787876	-0.2952019234244327	False	0	0	0	0	0	0	0	0	0	0	0	0	0	0	0
NC_000962.3	3268000	3269000	3.94271e-05	ppsE	3268500.0	0.0394271	-0.4928716633818038	-0.7422922546206278	False	0	0	0	0	0	0	0	0	0	0	0	0	0	0	0
NC_000962.3	3269000	3270000	0.000202768	ppsE	3269500.0	0.202768	-0.2054168638942513	0.0540635539621387	False	0	0	0	0	0	0	0	0	0	0	0	0	0	0	0
NC_000962.3	3270000	3271000	0.000191151	ppsE	3270500.0	0.191151	-0.2258609927416306	-0.0025742227876282	False	0	0	0	0	0	0	0	0	0	0	0	0	0	0	0
NC_000962.3	3271000	3272000	0.000392335	ppsE	3271500.0	0.392335	0.128191827954862	0.97828266604986	False	0	0	0	0	0	0	0	0	0	0	0	0	0	0	0
NC_000962.3	3272000	3273000	0.00020048	ppsE,drrA	3272500.0	0.20048	-0.209443391121832	0.0429085885490831	False	0	0	0	0	0	0	0	0	0	0	0	0	0	0	0
NC_000962.3	3273000	3274000	0.000453059	drrA,drrB	3273500.0	0.453059	0.2350567053008429	1.2743377883148894	False	0	0	0	0	0	0	0	0	0	0	0	0	0	0	0
NC_000962.3	3274000	3275000	0.000297815	drrB,drrC,papA5	3274500.0	0.297815	-0.0381487985971127	0.5174577836888404	False	0	0	0	0	0	0	0	0	0	0	0	0	0	0	0
NC_000962.3	3275000	3276000	0.000138699	papA5	3275500.0	0.138699	-0.3181684254955894	-0.2582998547131488	False	0	0	0	0	0	0	0	0	0	0	0	0	0	0	0
NC_000962.3	3276000	3277000	0.000561836	papA5,mas	3276500.0	0.561836	0.4264874536550977	1.804671561363817	False	1	1	0	0	0	0	1	1	0	0	0	0	1	113	113
NC_000962.3	3277000	3278000	0.000104728	mas	3277500.0	0.104728	-0.3779521477194271	-0.4239228136497358	False	1	1	0	0	0	0	2	1	0	0	0	0	1	221	221
NC_000962.3	3278000	3279000	2.64021e-05	mas	3278500.0	0.0264020999999999	-0.5157936551384635	-0.805794625470737	False	1	1	0	0	0	0	0	0	0	0	0	0	1	250	250
NC_000962.3	3279000	3280000	7.90302e-05	mas	3279500.0	0.0790302	-0.423176313536263	-0.5492104317404787	False	1	1	0	0	0	0	0	0	0	0	0	0	1	223	223
NC_000962.3	3280000	3281000	0.000205936	mas	3280500.0	0.2059359999999999	-0.1998416723483705	0.0695088906879075	False	1	1	0	0	0	0	0	0	0	0	0	0	1	226	226
NC_000962.3	3281000	3282000	0.000202592	mas	3281500.0	0.202592	-0.2057265967579114	0.0532054796995959	False	1	1	0	0	0	0	1	1	0	0	0	0	1	237	237
NC_000962.3	3282000	3283000	3.96031e-05	mas	3282500.0	0.0396031	-0.4925619305181437	-0.7414341803580851	False	1	1	0	0	0	0	0	0	0	0	0	0	1	194	194
NC_000962.3	3283000	3284000	0.000104904	fadD28	3283500.0	0.104904	-0.377642414855767	-0.423064739387193	False	0	0	0	0	0	0	0	0	0	0	0	0	0	0	0
NC_000962.3	3284000	3285000	0.000947834	fadD28	3284500.0	0.947834	1.1057844190360666	3.686574681778427	False	0	0	0	0	0	0	1	1	0	0	0	0	0	0	0
NC_000962.3	3285000	3286000	0.000232338	fadD28,mmpL7	3285500.0	0.232338	-0.1533782231077311	0.1982297809132109	False	0	0	0	0	0	0	0	0	0	0	0	0	0	0	0
NC_000962.3	3286000	3287000	0.000130778	mmpL7	3286500.0	0.1307779999999999	-0.3321081642061078	-0.2969180719495187	False	0	0	0	0	0	0	0	0	0	0	0	0	0	0	0
NC_000962.3	3287000	3288000	9.24072e-05	mmpL7	3287500.0	0.0924072	-0.3996348560522833	-0.4839919123652843	False	0	0	0	0	0	0	1	1	0	0	0	0	0	0	0
NC_000962.3	3288000	3289000	1.3201e-05	Rv2943	3288500.0	0.013201	-0.5390255557433647	-0.8701555581255828	False	0	0	0	0	0	0	1	1	1	1	0	0	0	0	0
NC_000962.3	3289000	3290000	0.000294647	Rv2943,Rv2943A,Rv2944	3289500.0	0.294647	-0.0437239901429935	0.5020124469630711	False	0	0	0	0	0	0	0	0	3	1	0	0	0	0	0
NC_000962.3	3290000	3291000	9.18792e-05	Rv2943A,Rv2944,lppX	3290500.0	0.0918792	-0.4005640546432634	-0.4865661351529126	False	0	0	0	0	0	0	1	1	2	1	0	0	0	0	0
NC_000962.3	3291000	3292000	0.000205936	lppX,pks1	3291500.0	0.2059359999999999	-0.1998416723483705	0.0695088906879075	False	0	0	0	0	0	0	1	1	0	0	0	0	0	0	0
NC_000962.3	3292000	3293000	6.58291e-05	pks1	3292500.0	0.0658291	-0.4464082141411644	-0.6135713643953248	False	0	0	0	0	0	0	1	1	0	0	0	0	0	0	0
NC_000962.3	3293000	3294000	0.00041152	pks1	3293500.0	0.41152	0.1619544699396233	1.0718176360889646	False	0	0	0	0	0	0	2	1	0	0	0	0	0	0	0
NC_000962.3	3294000	3295000	1.3201e-05	pks1	3294500.0	0.013201	-0.5390255557433647	-0.8701555581255828	False	0	0	0	0	0	0	0	0	0	0	0	0	0	0	0
NC_000962.3	3295000	3296000	0.000219137	pks1	3295500.0	0.219137	-0.1766099477280508	0.1338693358005595	False	0	0	0	0	0	0	1	1	0	0	0	0	0	0	0
NC_000962.3	3296000	3297000	0.00040536	pks1,pks15	3296500.0	0.40536	0.1511138197115217	1.0417850368999688	False	0	0	0	0	0	0	1	1	0	0	0	0	0	0	0
NC_000962.3	3297000	3298000	6.51277e-05	pks15,fadD22	3297500.0	0.0651277	-0.4476425699966824	-0.6169909853484353	False	0	0	0	0	0	0	1	1	0	0	0	0	0	0	0
NC_000962.3	3298000	3299000	3.90766e-05	fadD22	3298500.0	0.0390765999999999	-0.4934884893403995	-0.7440010900127944	False	0	0	0	0	0	0	0	0	0	0	0	0	0	0	0
NC_000962.3	3299000	3300000	0.000371037	fadD22,Rv2949c	3299500.0	0.371037	0.0907106317603639	0.8744459294382966	False	0	0	0	0	0	0	0	0	0	0	0	0	0	0	0
NC_000962.3	3300000	3301000	0.000144683	Rv2949c,fadD29	3300500.0	0.144683	-0.3076375081311479	-0.2291253297866956	False	0	0	0	0	0	0	0	0	0	0	0	0	0	0	0
NC_000962.3	3301000	3302000	0.00028479	fadD29	3301500.0	0.28479	-0.0610707903537724	0.4539554128387316	False	0	0	0	0	0	0	0	0	0	0	0	0	0	0	0
NC_000962.3	3302000	3303000	0.000468115	fadD29	3302500.0	0.468115	0.2615529439103069	1.3477421411378634	False	0	0	0	0	0	0	0	0	0	0	0	0	0	0	0
NC_000962.3	3303000	3304000	0.000154188	Rv2951c	3303500.0	0.154188	-0.2909101736476891	-0.1827844441874417	False	0	0	0	0	0	0	0	0	0	0	0	0	0	0	0
NC_000962.3	3304000	3305000	0.000535786	Rv2951c,Rv2952	3304500.0	0.535786	0.3806434701417784	1.677666819663599	False	0	0	0	0	0	0	0	0	0	0	0	0	0	0	0
NC_000962.3	3305000	3306000	3.96031e-05	Rv2952,Rv2953	3305500.0	0.0396031	-0.4925619305181437	-0.7414341803580851	False	0	0	0	0	0	0	0	0	0	0	0	0	0	0	0
NC_000962.3	3306000	3307000	0.000294647	Rv2953,Rv2954c	3306500.0	0.294647	-0.0437239901429935	0.5020124469630711	False	0	0	0	0	0	0	0	0	0	0	0	0	0	0	0
NC_000962.3	3307000	3308000	9.18792e-05	Rv2954c,Rv2955c	3307500.0	0.0918792	-0.4005640546432634	-0.4865661351529126	False	0	0	0	0	0	0	0	0	0	0	0	0	0	0	0
NC_000962.3	3308000	3309000	0.000321049	Rv2955c,Rv2956	3308500.0	0.321049	0.0027394590976458	0.6307333371883741	False	0	0	0	0	0	0	0	0	0	0	0	0	0	0	0
NC_000962.3	3309000	3310000	0.000278278	Rv2956,Rv2957	3309500.0	0.278278	-0.072530906309194	0.4222066651246505	False	0	0	0	0	0	0	0	0	0	0	0	0	0	0	0
NC_000962.3	3310000	3311000	0.00125674	Rv2957,Rv2958c	3310500.0	1.25674	1.6494113507506698	5.192621773511533	False	0	0	0	0	0	0	0	0	0	0	0	0	0	0	0
NC_000962.3	3311000	3312000	0.000430354	Rv2958c	3311500.0	0.4303539999999999	0.1950994060428807	1.1636413330249296	False	0	0	0	0	0	0	3	1	0	0	0	0	0	0	0
NC_000962.3	3312000	3313000	0.000513784	Rv2959c,Rv2960c	3312500.0	0.513784	0.34192334249264	1.570397786001865	False	0	0	0	0	0	0	0	0	0	0	0	0	0	0	0
NC_000962.3	3313000	3314000	7.88542e-05	Rv2960c,Rv2961,Rv2962c	3313500.0	0.0788542	-0.4234860463999231	-0.5500685060030214	False	0	0	0	0	0	0	1	1	1	1	0	0	0	0	0
NC_000962.3	3314000	3315000	0.000849794	Rv2962c	3314500.0	0.8497939999999999	0.9332491352108904	3.2085883141665525	False	0	0	0	0	0	0	3	1	0	0	0	0	0	0	0
NC_000962.3	3315000	3316000	6.58291e-05	Rv2962c,Rv2963	3315500.0	0.0658291	-0.4464082141411644	-0.6135713643953248	False	0	0	0	0	0	0	0	0	0	0	0	0	0	0	0
NC_000962.3	3316000	3317000	0.000574157	Rv2963,purU	3316500.0	0.574157	0.4481705139571172	1.8647416351637556	False	0	0	0	0	0	0	0	0	0	0	0	0	0	0	0
NC_000962.3	3317000	3318000	6.54771e-05	purU	3317500.0	0.0654771	-0.4470276798684844	-0.6152875129204102	False	1	1	0	0	0	0	1	1	0	0	0	0	1	7	7
NC_000962.3	3318000	3319000	5.28041e-05	kdtB,Rv2966c	3318500.0	0.0528041	-0.469330205897824	-0.6770737352454336	False	0	0	0	0	0	0	0	0	0	0	0	0	0	0	0
NC_000962.3	3319000	3320000	3.96031e-05	Rv2966c,pca	3319500.0	0.0396031	-0.4925619305181437	-0.7414341803580851	False	4	1	0	0	0	0	1	1	0	0	0	0	4	15	11
NC_000962.3	3320000	3321000	0.000157532	pca	3320500.0	0.157532	-0.2850252492381482	-0.1664810331991296	False	0	0	0	0	0	0	0	0	0	0	0	0	0	0	0
NC_000962.3	3321000	3322000	2.64021e-05	pca	3321500.0	0.0264020999999999	-0.5157936551384635	-0.805794625470737	False	0	0	0	0	0	0	0	0	0	0	0	0	0	0	0
NC_000962.3	3322000	3323000	1.3201e-05	pca	3322500.0	0.013201	-0.5390255557433647	-0.8701555581255828	False	0	0	0	0	0	0	0	0	0	0	0	0	0	0	0
NC_000962.3	3323000	3324000	3.94271e-05	pca,Rv2968c,Rv2969c	3323500.0	0.0394271	-0.4928716633818038	-0.7422922546206278	False	0	0	0	0	0	0	0	0	0	0	0	0	0	0	0
NC_000962.3	3324000	3325000	3.96031e-05	Rv2969c,lipN	3324500.0	0.0396031	-0.4925619305181437	-0.7414341803580851	False	0	0	0	0	0	0	0	0	0	0	0	0	0	0	0
NC_000962.3	3325000	3326000	0.000232162	lipN,Rv2970A	3325500.0	0.232162	-0.1536879559713911	0.1973717066506683	False	0	0	0	0	0	0	0	0	0	0	0	0	0	0	0
NC_000962.3	3326000	3327000	0.000730809	Rv2970A,Rv2971	3326500.0	0.730809	0.7238538807643533	2.6284862338901465	False	0	0	0	0	0	0	0	0	0	0	0	0	0	0	0
NC_000962.3	3327000	3328000	5.26281e-05	Rv2972c,recG	3327500.0	0.0526281	-0.4696399387614841	-0.6779318095079762	False	0	0	0	0	0	0	0	0	0	0	0	0	0	0	0
NC_000962.3	3328000	3329000	0.000192735	recG	3328500.0	0.192735	-0.2230733969686902	0.0051484455752564	False	0	0	0	0	0	0	0	0	0	0	0	0	0	0	0
NC_000962.3	3329000	3330000	2.64021e-05	recG,Rv2974c	3329500.0	0.0264020999999999	-0.5157936551384635	-0.805794625470737	False	0	0	0	0	0	0	0	0	0	0	0	0	0	0	0
NC_000962.3	3330000	3331000	0.000196783	Rv2974c	3330500.0	0.1967829999999999	-0.2159495411045092	0.0248841536137389	False	0	0	0	0	0	0	0	0	0	0	0	0	0	0	0
NC_000962.3	3331000	3332000	0.000104904	Rv2974c,Rv2975c	3331500.0	0.104904	-0.377642414855767	-0.423064739387193	False	0	0	0	0	0	0	0	0	0	0	0	0	0	0	0
NC_000962.3	3332000	3333000	0.000289015	ung,thiL	3332500.0	0.289015	-0.053635441780115	0.4745540705617037	False	0	0	0	0	0	0	0	0	1	1	0	0	0	0	0
NC_000962.3	3333000	3334000	0.000104552	thiL,Rv2978c	3333500.0	0.1045519999999999	-0.3782618805830871	-0.4247808879122789	False	4	1	0	0	0	0	2	1	2	1	0	0	4	76	44
NC_000962.3	3334000	3335000	3.96031e-05	Rv2978c	3334500.0	0.0396031	-0.4925619305181437	-0.7414341803580851	False	4	1	0	0	0	0	5	1	1	1	0	0	4	517	340
NC_000962.3	3335000	3336000	0.000525225	Rv2978c,Rv2979c,Rv2980	3335500.0	0.525225	0.3620577384763594	1.6261774884890894	False	3	1	0	0	0	0	6	1	3	1	0	0	3	494	339
NC_000962.3	3336000	3337000	0.00152061	Rv2980,ddlA	3336500.0	1.52061	2.1137818662846266	6.479099362472623	False	0	0	3	1	1	1	1	1	1	1	0	1	0	0	0
NC_000962.3	3337000	3338000	6.58291e-05	ddlA,gpdA2	3337500.0	0.0658291	-0.4464082141411644	-0.6135713643953248	False	0	0	0	0	0	0	0	0	0	0	0	0	0	0	0
NC_000962.3	3338000	3339000	0.000300279	gpdA2	3338500.0	0.3002789999999999	-0.0338125385058721	0.5294708233644383	False	0	0	0	0	0	0	0	0	0	0	0	0	0	0	0
NC_000962.3	3339000	3340000	1.3201e-05	Rv2983,ppk1	3339500.0	0.013201	-0.5390255557433647	-0.8701555581255828	False	0	0	0	0	0	0	0	0	0	0	0	0	0	0	0
NC_000962.3	3340000	3341000	0.00020136	ppk1	3340500.0	0.20136	-0.2078947268035317	0.0471989598617968	False	0	0	0	0	0	0	0	0	0	0	0	0	0	0	0
NC_000962.3	3341000	3342000	0.0	ppk1	3341500.0	0.0	-0.5622572803636845	-0.9345160032382342	False	0	0	0	0	0	0	0	0	0	0	0	0	0	0	0
NC_000962.3	3342000	3343000	7.88542e-05	ppk1,mutT1	3342500.0	0.0788542	-0.4234860463999231	-0.5500685060030214	False	0	0	0	0	0	0	0	0	0	0	0	0	0	0	0
NC_000962.3	3343000	3344000	6.58309e-05	mutT1,hupB	3343500.0	0.0658309	-0.4464050464186951	-0.6135625886358215	False	0	0	0	0	1	1	1	1	0	0	0	0	0	0	0
NC_000962.3	3344000	3345000	1.3201e-05	leuD,leuC	3344500.0	0.013201	-0.5390255557433647	-0.8701555581255828	False	0	0	0	0	0	0	0	0	0	0	0	0	0	0	0
NC_000962.3	3345000	3346000	0.000143275	leuC	3345500.0	0.1432749999999999	-0.3101153710404282	-0.2359899238870381	False	0	0	0	0	0	0	0	0	0	0	0	0	0	0	0
NC_000962.3	3346000	3347000	0.000131306	leuC,Rv2989,Rv2990c	3346500.0	0.131306	-0.3311789656151276	-0.2943438491618899	False	0	0	0	0	0	0	0	0	0	0	0	0	0	0	0
NC_000962.3	3347000	3348000	0.000192735	Rv2990c,Rv2991	3347500.0	0.192735	-0.2230733969686902	0.0051484455752564	False	0	0	0	0	0	0	0	0	0	0	0	0	0	0	0
NC_000962.3	3348000	3349000	0.000193439	Rv2991,gluU,glnU,gltS	3348500.0	0.193439	-0.2218344655140501	0.0085807426254274	False	0	0	0	0	0	0	1	1	0	0	0	0	0	0	0
NC_000962.3	3349000	3350000	0.000292887	gltS	3349500.0	0.2928869999999999	-0.046821318779594	0.4934317043376433	False	0	0	0	0	1	1	0	0	0	0	0	0	0	0	0
NC_000962.3	3350000	3351000	1.3201e-05	gltS,Rv2993c	3350500.0	0.013201	-0.5390255557433647	-0.8701555581255828	False	0	0	0	0	0	0	0	0	0	0	0	0	0	0	0
NC_000962.3	3351000	3352000	0.000319817	Rv2994	3351500.0	0.319817	0.0005713290520255	0.6247268173505751	False	0	0	1	1	0	0	1	1	0	0	0	0	0	0	0
NC_000962.3	3352000	3353000	0.000588942	Rv2994,leuB	3352500.0	0.588942	0.4741898343503772	1.9368247486392909	False	0	0	0	0	0	0	0	0	0	0	0	0	0	0	0
NC_000962.3	3353000	3354000	0.000297639	leuB,serA1	3353500.0	0.297639	-0.0384585314607728	0.5165997094262976	False	0	0	0	0	0	0	0	0	0	0	0	0	0	0	0
NC_000962.3	3354000	3355000	0.000176718	serA1	3354500.0	0.176718	-0.2512608474075707	-0.0729411877380789	False	0	0	0	0	0	0	0	0	0	0	0	0	0	0	0
NC_000962.3	3355000	3356000	0.000507448	serA1,Rv2997	3355500.0	0.507448	0.3307729594008784	1.5395071125503264	False	0	0	0	0	0	0	0	0	0	0	0	0	0	0	0
NC_000962.3	3356000	3357000	0.000273701	Rv2997,Rv2998	3356500.0	0.273701	-0.0805857206101715	0.3998918588765931	False	0	0	0	0	0	0	0	0	0	0	0	0	0	0	0
NC_000962.3	3357000	3358000	0.000167565	Rv2998,Rv2998A,lppY	3357500.0	0.167565	-0.2673687161637094	-0.1175659248122474	False	0	0	0	0	0	0	0	0	0	0	0	0	0	0	0
NC_000962.3	3358000	3359000	9.18792e-05	lppY,Rv3000	3358500.0	0.0918792	-0.4005640546432634	-0.4865661351529126	False	0	0	0	0	0	0	0	0	0	0	0	0	0	0	0
NC_000962.3	3359000	3360000	0.00015454	Rv3000,ilvC	3359500.0	0.1545399999999999	-0.290290707920369	-0.1810682956623567	False	0	0	0	0	0	0	0	0	0	0	0	0	0	0	0
NC_000962.3	3360000	3361000	5.26281e-05	ilvC,ilvN	3360500.0	0.0526281	-0.4696399387614841	-0.6779318095079762	False	0	0	0	0	0	0	0	0	0	0	0	0	0	0	0
NC_000962.3	3361000	3362000	5.26281e-05	ilvN,ilvB1	3361500.0	0.0526281	-0.4696399387614841	-0.6779318095079762	False	0	0	0	0	0	0	0	0	0	0	0	0	0	0	0
NC_000962.3	3362000	3363000	7.92062e-05	ilvB1	3362500.0	0.0792062	-0.422866580672603	-0.5483523574779359	False	0	0	0	0	0	0	0	0	0	0	0	0	0	0	0
NC_000962.3	3363000	3364000	0.00032721	cfp6,Rv3005c	3363500.0	0.32721	0.0135818691715636	0.6607708117993163	False	0	0	0	0	0	0	0	0	0	0	0	0	0	0	0
NC_000962.3	3364000	3365000	5.26281e-05	Rv3005c,lppZ	3364500.0	0.0526281	-0.4696399387614841	-0.6779318095079762	False	0	0	0	0	1	1	0	0	0	0	0	0	0	0	0
NC_000962.3	3365000	3366000	0.000257684	lppZ,Rv3007c	3365500.0	0.2576839999999999	-0.108773171049052	0.3218022255632572	False	0	0	0	0	0	0	0	0	0	0	0	0	0	0	0
NC_000962.3	3366000	3367000	3.96031e-05	Rv3007c,Rv3008	3366500.0	0.0396031	-0.4925619305181437	-0.7414341803580851	False	0	0	0	0	0	0	0	0	0	0	0	0	0	0	0
NC_000962.3	3367000	3368000	0.000167565	Rv3008,gatB	3367500.0	0.167565	-0.2673687161637094	-0.1175659248122474	False	0	0	0	0	0	0	0	0	0	0	0	0	0	0	0
NC_000962.3	3368000	3369000	3.96031e-05	gatB,pfkA	3368500.0	0.0396031	-0.4925619305181437	-0.7414341803580851	False	0	0	0	0	0	0	0	0	0	0	0	0	0	0	0
NC_000962.3	3369000	3370000	0.000430178	pfkA,gatA	3369500.0	0.4301779999999999	0.1947896731792206	1.162783258762387	False	0	0	0	0	0	0	0	0	0	0	0	0	0	0	0
NC_000962.3	3370000	3371000	0.000105256	gatA	3370500.0	0.105256	-0.3770229491284469	-0.4213485908621075	False	0	0	0	0	0	0	0	0	0	0	0	0	0	0	0
NC_000962.3	3371000	3372000	0.00033161	gatA,gatC,Rv3013	3371500.0	0.3316099999999999	0.0213251907630648	0.6822226683628843	False	0	0	0	0	0	0	0	0	0	0	0	0	0	0	0
NC_000962.3	3372000	3373000	5.28041e-05	Rv3013,ligA	3372500.0	0.0528041	-0.469330205897824	-0.6770737352454336	False	0	0	0	0	0	0	0	0	0	0	0	0	0	0	0
NC_000962.3	3373000	3374000	1.3201e-05	ligA	3373500.0	0.013201	-0.5390255557433647	-0.8701555581255828	False	0	0	0	0	0	0	0	0	0	0	0	0	0	0	0
NC_000962.3	3374000	3375000	2.64021e-05	ligA,Rv3015c	3374500.0	0.0264020999999999	-0.5157936551384635	-0.805794625470737	False	0	0	0	0	0	0	0	0	0	0	0	0	0	0	0
NC_000962.3	3375000	3376000	0.000689094	Rv3015c,lpqA	3375500.0	0.689094	0.6504419125394736	2.425108007401678	False	0	0	0	0	0	0	0	0	0	0	0	0	0	0	0
NC_000962.3	3376000	3377000	0.000202162	lpqA,esxQ,PPE46	3376500.0	0.202162	-0.206483330458899	0.0511090482627018	False	1	1	0	0	0	0	2	1	1	1	0	0	1	0	0
NC_000962.3	3377000	3378000	0.000565074	PPE46	3377500.0	0.5650740000000001	0.4321858344081161	1.8204581776258253	False	1	1	0	0	0	0	2	1	1	1	0	2	1	62	62
NC_000962.3	3378000	3379000	0.000198902	PPE46,PE27A,esxR	3378500.0	0.198902	-0.2122204278198749	0.035215172717876	False	1	1	0	0	0	0	3	1	2	1	0	0	1	18	18
NC_000962.3	3379000	3380000	0.000475289	esxR,esxS,PPE47	3379500.0	0.475289	0.2741780777960863	1.3827184181803729	False	1	1	0	0	0	0	2	1	1	1	0	0	1	47	47
NC_000962.3	3380000	3381000	0.00100358	PPE47,PPE48,PE29	3380500.0	1.00358	1.2038887839087535	3.9583599535949454	False	1	1	0	0	0	0	2	1	3	1	0	0	1	32	32
NC_000962.3	3381000	3382000	0.000490475	Rv3023c	3381500.0	0.490475	0.3009030963616627	1.4567565758563612	False	6	1	0	0	0	0	2	1	1	1	0	0	6	1	1
NC_000962.3	3382000	3383000	0.000619177	Rv3023c,trmU	3382500.0	0.6191770000000001	0.527398772604704	2.0842331311846305	False	5	1	0	0	0	0	1	1	1	1	0	0	5	5	2
NC_000962.3	3383000	3384000	0.00010508	trmU,iscS	3383500.0	0.10508	-0.3773326819921069	-0.4222066651246502	False	0	0	0	0	0	0	0	0	0	0	0	0	0	0	0
NC_000962.3	3384000	3385000	2.64021e-05	iscS	3384500.0	0.0264020999999999	-0.5157936551384635	-0.805794625470737	False	0	0	0	0	0	0	0	0	0	0	0	0	0	0	0
NC_000962.3	3385000	3386000	0.000101912	iscS,Rv3026c	3385500.0	0.101912	-0.3829078735379878	-0.4376520018504195	False	0	0	0	0	0	0	0	0	0	0	0	0	0	0	0
NC_000962.3	3386000	3387000	5.26281e-05	Rv3026c,Rv3027c	3386500.0	0.0526281	-0.4696399387614841	-0.6779318095079762	False	0	0	0	0	0	0	0	0	0	0	0	0	0	0	0
NC_000962.3	3387000	3388000	7.88542e-05	fixB	3387500.0	0.0788542	-0.4234860463999231	-0.5500685060030214	False	0	0	0	0	0	0	0	0	0	0	0	0	0	0	0
NC_000962.3	3388000	3389000	7.86781e-05	fixB,fixA	3388500.0	0.0786781	-0.4237959552481647	-0.5509270678077587	False	0	0	0	0	0	0	0	0	0	0	0	0	0	0	0
NC_000962.3	3389000	3390000	0.000104552	Rv3030,Rv3031	3389500.0	0.1045519999999999	-0.3782618805830871	-0.4247808879122789	False	0	0	0	0	0	0	0	0	0	0	0	0	0	0	0
NC_000962.3	3390000	3391000	0.000374557	Rv3031	3390500.0	0.374557	0.0969052890335649	0.8916074146891512	False	0	0	0	0	0	0	0	0	0	0	0	0	0	0	0
NC_000962.3	3391000	3392000	7.88542e-05	Rv3031,Rv3032	3391500.0	0.0788542	-0.4234860463999231	-0.5500685060030214	False	0	0	0	0	0	0	0	0	0	0	0	0	0	0	0
NC_000962.3	3392000	3393000	9.18792e-05	Rv3032,Rv3032A	3392500.0	0.0918792	-0.4005640546432634	-0.4865661351529126	False	0	0	0	0	0	0	0	0	0	0	0	0	0	0	0
NC_000962.3	3393000	3394000	0.000312072	Rv3032A,Rv3033	3393500.0	0.312072	-0.0130586767948327	0.5869666743767484	False	0	0	0	0	0	0	0	0	0	0	0	0	0	0	0
NC_000962.3	3394000	3395000	0.000173198	Rv3034c	3394500.0	0.173198	-0.2574555046807716	-0.0901026729889336	False	0	0	0	0	0	0	0	0	0	0	0	0	0	0	0
NC_000962.3	3395000	3396000	0.00020576	Rv3035	3395500.0	0.20576	-0.2001514052120306	0.0686508164253652	False	0	0	0	0	0	0	0	0	0	0	0	0	0	0	0
NC_000962.3	3396000	3397000	6.60051e-05	Rv3035,TB22.2	3396500.0	0.0660051	-0.4460984812775044	-0.6127132901327821	False	0	0	0	0	0	0	0	0	0	0	0	0	0	0	0
NC_000962.3	3397000	3398000	6.53011e-05	TB22.2,Rv3037c	3397500.0	0.0653011	-0.4473374127321445	-0.616145587182953	False	0	0	0	0	0	0	0	0	0	0	0	0	0	0	0
NC_000962.3	3398000	3399000	0.000595806	Rv3037c,Rv3038c	3398500.0	0.5958060000000001	0.4862694160331192	1.970289644878458	False	0	0	0	0	0	0	0	0	0	0	0	0	0	0	0
NC_000962.3	3399000	3400000	5.26281e-05	Rv3038c,echA17	3399500.0	0.0526281	-0.4696399387614841	-0.6779318095079762	False	0	0	0	0	0	0	0	0	0	0	0	0	0	0	0
NC_000962.3	3400000	3401000	0.000104904	echA17,Rv3040c	3400500.0	0.104904	-0.377642414855767	-0.423064739387193	False	0	0	0	0	0	0	0	0	0	0	0	0	0	0	0
NC_000962.3	3401000	3402000	0.000786429	Rv3040c,Rv3041c,serB2	3401500.0	0.7864289999999999	0.8217365050641927	2.899657202541435	False	0	0	0	0	0	0	0	0	0	0	0	0	0	0	0
NC_000962.3	3402000	3403000	0.000175134	serB2	3402500.0	0.1751339999999999	-0.2540484431805112	-0.0806638561009639	False	0	0	0	0	0	0	0	0	0	0	0	0	0	0	0
NC_000962.3	3403000	3404000	3.95156e-05	serB2,ctaD	3403500.0	0.0395156	-0.4927159170270657	-0.7418607797783834	False	0	0	0	0	0	0	0	0	0	0	0	0	0	0	0
NC_000962.3	3404000	3405000	0.000367962	ctaD	3404500.0	0.367962	0.0852991058753944	0.85945400695353	False	0	0	0	0	0	0	0	0	0	0	0	0	0	0	0
NC_000962.3	3405000	3406000	9.17032e-05	fecB	3405500.0	0.0917032	-0.4008737875069235	-0.4874242094154553	False	0	0	0	0	0	0	0	0	0	0	0	0	0	0	0
NC_000962.3	3406000	3407000	0.000205936	fecB,adhC	3406500.0	0.2059359999999999	-0.1998416723483705	0.0695088906879075	False	0	0	0	0	0	0	0	0	0	0	0	0	0	0	0
NC_000962.3	3407000	3408000	0.000337418	adhC,Rv3046c	3407500.0	0.337418	0.0315463752638463	0.710539119026795	False	0	0	0	0	0	0	0	0	0	0	0	0	0	0	0
NC_000962.3	3408000	3409000	0.000675541	Rv3047c,nrdF2	3408500.0	0.675541	0.6265907221918338	2.359031413763941	False	0	0	0	0	0	0	0	0	0	0	0	0	0	0	0
NC_000962.3	3409000	3410000	3.9075e-05	nrdF2,Rv3049c	3409500.0	0.039075	-0.4934913050937055	-0.7440088906879079	False	0	0	0	0	0	0	0	0	0	0	0	0	0	0	0
NC_000962.3	3410000	3411000	5.28041e-05	Rv3049c	3410500.0	0.0528041	-0.469330205897824	-0.6770737352454336	False	0	0	0	0	0	0	0	0	0	0	0	0	0	0	0
NC_000962.3	3411000	3412000	0.000245539	Rv3049c,Rv3050c	3411500.0	0.245539	-0.1301464984874114	0.2625902260258625	False	0	0	0	0	0	0	0	0	0	0	0	0	0	0	0
NC_000962.3	3412000	3413000	0.000425073	nrdE	3412500.0	0.425073	0.185805660287263	1.1378942297267016	False	0	0	0	0	0	0	0	0	0	0	0	0	0	0	0
NC_000962.3	3413000	3414000	0.00012937	nrdE	3413500.0	0.1293699999999999	-0.3345860271153881	-0.3037826660498605	False	0	0	0	0	0	0	0	0	0	0	0	0	0	0	0
NC_000962.3	3414000	3415000	5.26281e-05	nrdE,nrdI,nrdH	3414500.0	0.0526281	-0.4696399387614841	-0.6779318095079762	False	0	0	0	0	0	0	0	0	0	0	0	0	0	0	0
NC_000962.3	3415000	3416000	0.000306088	Rv3054c	3415500.0	0.3060879999999999	-0.0235895941592743	0.5577921494502949	False	0	0	0	0	0	0	0	0	0	0	0	0	0	0	0
NC_000962.3	3416000	3417000	5.24521e-05	Rv3055,dinP	3416500.0	0.0524521	-0.4699496716251441	-0.678789883770519	False	0	0	0	0	0	0	0	0	0	0	0	0	0	0	0
NC_000962.3	3417000	3418000	0.000161933	dinP,Rv3057c	3417500.0	0.161933	-0.2772801678008308	-0.145024301213615	False	0	0	0	0	0	0	0	0	0	0	0	0	0	0	0
NC_000962.3	3418000	3419000	0.000506215	Rv3057c,Rv3058c	3418500.0	0.506215	0.3286030695094418	1.5334957172905808	False	0	0	0	0	0	0	0	0	0	0	0	0	0	0	0
NC_000962.3	3419000	3420000	0.00038547	Rv3058c,cyp136	3419500.0	0.38547	0.1161104864263039	0.944812894388747	False	0	0	0	0	0	0	0	0	0	0	0	0	0	0	0
NC_000962.3	3420000	3421000	0.00066498	cyp136	3420500.0	0.66498	0.6080049905264148	2.307542082589431	False	0	0	0	0	0	0	0	0	0	0	0	0	0	0	0
NC_000962.3	3421000	3422000	9.18792e-05	Rv3060c	3421500.0	0.0918792	-0.4005640546432634	-0.4865661351529126	False	0	0	0	0	0	0	0	0	0	0	0	0	0	0	0
NC_000962.3	3422000	3423000	2.64021e-05	Rv3060c	3422500.0	0.0264020999999999	-0.5157936551384635	-0.805794625470737	False	0	0	0	0	0	0	0	0	0	0	0	0	0	0	0
NC_000962.3	3423000	3424000	0.000152956	Rv3060c,fadE22	3423500.0	0.1529559999999999	-0.2930783036933094	-0.1887909640252413	False	0	0	0	0	0	0	0	0	0	0	0	0	0	0	0
NC_000962.3	3424000	3425000	0.000245539	fadE22	3424500.0	0.245539	-0.1301464984874114	0.2625902260258625	False	0	0	0	0	0	0	0	0	0	0	0	0	0	0	0
NC_000962.3	3425000	3426000	0.000130954	fadE22,ligB	3425500.0	0.130954	-0.3317984313424477	-0.2960599976869755	False	0	0	0	0	0	0	0	0	0	0	0	0	0	0	0
NC_000962.3	3426000	3427000	0.000294119	ligB	3426500.0	0.294119	-0.0446531887339736	0.4994382241754431	False	0	0	0	0	0	0	0	0	0	0	0	0	0	0	0
NC_000962.3	3427000	3428000	0.000232338	ligB,cstA	3427500.0	0.232338	-0.1533782231077311	0.1982297809132109	False	0	0	0	0	0	0	0	0	0	0	0	0	0	0	0
NC_000962.3	3428000	3429000	0.00049055	cstA	3428500.0	0.49055	0.3010350847978815	1.4571222325023312	False	0	0	0	0	0	0	0	0	0	0	0	0	0	0	0
NC_000962.3	3429000	3430000	0.000307496	cstA,Rv3064c	3429500.0	0.307496	-0.0211117312499939	0.5646567435506372	False	0	0	0	0	0	0	0	0	0	0	0	0	0	0	0
NC_000962.3	3430000	3431000	2.64021e-05	Rv3064c,mmr,Rv3066	3430500.0	0.0264020999999999	-0.5157936551384635	-0.805794625470737	False	0	0	0	0	0	0	1	1	0	0	0	0	0	0	0
NC_000962.3	3431000	3432000	0.000245187	Rv3066,Rv3067,alaU,pgmA	3431500.0	0.245187	-0.1307659642147315	0.260874077500777	False	0	0	0	0	0	0	0	0	0	0	0	0	0	0	0
NC_000962.3	3432000	3433000	2.6226e-05	pgmA	3432500.0	0.026226	-0.5161035639867051	-0.806653187275474	False	0	0	0	0	0	0	0	0	0	0	0	0	0	0	0
NC_000962.3	3433000	3434000	0.000163517	pgmA,Rv3069	3433500.0	0.163517	-0.2744925720278904	-0.1373016328507303	False	0	0	0	0	0	0	0	0	0	0	0	0	0	0	0
NC_000962.3	3434000	3435000	7.92062e-05	Rv3069,Rv3070,Rv3071	3434500.0	0.0792062	-0.422866580672603	-0.5483523574779359	False	0	0	0	0	0	0	0	0	0	0	0	0	0	0	0
NC_000962.3	3435000	3436000	3.96031e-05	Rv3071,Rv3072c	3435500.0	0.0396031	-0.4925619305181437	-0.7414341803580851	False	0	0	0	0	0	0	0	0	0	0	0	0	0	0	0
NC_000962.3	3436000	3437000	0.000117929	Rv3072c,Rv3073c,Rv3074	3436500.0	0.117929	-0.3547204230991073	-0.3595623685370842	False	0	0	0	0	0	0	0	0	0	0	0	0	0	0	0
NC_000962.3	3437000	3438000	0.000141339	Rv3074	3437500.0	0.141339	-0.3135224325406887	-0.2454287407750077	False	0	0	0	0	0	0	0	0	0	0	0	0	0	0	0
NC_000962.3	3438000	3439000	0.000245011	Rv3074,Rv3075c	3438500.0	0.245011	-0.1310756970783915	0.2600160032382343	False	0	0	0	0	0	0	0	0	0	0	0	0	0	0	0
NC_000962.3	3439000	3440000	7.90302e-05	Rv3076,Rv3077	3439500.0	0.0790302	-0.423176313536263	-0.5492104317404787	False	0	0	0	0	0	0	0	0	0	0	0	0	0	0	0
NC_000962.3	3440000	3441000	0.000534906	Rv3077	3440500.0	0.534906	0.3790948058234782	1.6733764483508855	False	0	0	0	0	0	0	0	0	0	0	0	0	0	0	0
NC_000962.3	3441000	3442000	2.64021e-05	Rv3077,hab,Rv3079c	3441500.0	0.0264020999999999	-0.5157936551384635	-0.805794625470737	False	0	0	0	0	0	0	0	0	0	0	0	0	0	0	0
NC_000962.3	3442000	3443000	0.000271765	Rv3079c,pknK	3442500.0	0.271765	-0.0839927821104321	0.3904530419886227	False	0	0	0	0	0	0	0	0	0	0	0	0	0	0	0
NC_000962.3	3443000	3444000	0.000191151	pknK	3443500.0	0.191151	-0.2258609927416306	-0.0025742227876282	False	0	0	0	0	0	0	0	0	0	0	0	0	0	0	0
NC_000962.3	3444000	3445000	0.000130954	pknK	3444500.0	0.130954	-0.3317984313424477	-0.2960599976869755	False	0	0	0	0	0	0	0	0	0	0	0	0	0	0	0
NC_000962.3	3445000	3446000	6.58291e-05	pknK	3445500.0	0.0658291	-0.4464082141411644	-0.6135713643953248	False	0	0	0	0	0	0	0	0	0	0	0	0	0	0	0
NC_000962.3	3446000	3447000	0.000584014	Rv3081	3446500.0	0.584014	0.465517314167896	1.9127986692880945	False	0	0	0	0	0	0	0	0	0	0	0	0	0	0	0
NC_000962.3	3447000	3448000	0.00064421	Rv3081,virS	3447500.0	0.64421	0.5714529929228968	2.2062795687654955	False	0	0	0	0	0	0	0	0	0	0	0	0	0	0	0
NC_000962.3	3448000	3449000	0.000691032	virS,Rv3083	3448500.0	0.691032	0.6538524937313664	2.434556575133541	False	0	0	0	0	0	0	0	0	0	0	0	0	0	0	0
NC_000962.3	3449000	3450000	0.000123176	Rv3083,lipR	3449500.0	0.123176	-0.3454865121012422	-0.3339810295850289	False	0	0	0	0	0	0	0	0	0	0	0	0	0	0	0
NC_000962.3	3450000	3451000	0.000431983	lipR,Rv3085	3450500.0	0.431983	0.1979661948775524	1.171583395375397	False	0	0	0	0	0	0	0	0	0	0	0	0	0	0	0
NC_000962.3	3451000	3452000	6.49574e-05	Rv3085,adhD	3451500.0	0.0649574	-0.4479422717391897	-0.6178212697058845	False	0	0	0	0	0	0	1	1	0	0	0	0	0	0	0
NC_000962.3	3452000	3453000	1.3201e-05	adhD,Rv3087	3452500.0	0.013201	-0.5390255557433647	-0.8701555581255828	False	0	0	0	0	0	0	0	0	0	0	0	0	0	0	0
NC_000962.3	3453000	3454000	0.000438098	Rv3087	3453500.0	0.438098	0.2087276520439227	1.2013966005768104	False	0	0	0	0	0	0	0	0	0	0	0	0	0	0	0
NC_000962.3	3454000	3455000	0.000665156	Rv3087,tgs4	3454500.0	0.665156	0.6083147233900748	2.308400156851974	False	0	0	0	0	0	0	0	0	0	0	0	0	0	0	0
NC_000962.3	3455000	3456000	0.000410816	tgs4,fadD13	3455500.0	0.410816	0.1607155384849831	1.0683853390387938	False	0	0	0	0	0	0	0	0	0	0	0	0	0	0	0
NC_000962.3	3456000	3457000	2.64021e-05	fadD13	3456500.0	0.0264020999999999	-0.5157936551384635	-0.805794625470737	False	0	0	0	0	0	0	0	0	0	0	0	0	0	0	0
NC_000962.3	3457000	3458000	0.000311192	fadD13	3457500.0	0.311192	-0.0146073411131329	0.5826763030640348	False	0	0	0	0	0	0	0	0	0	0	0	0	0	0	0
NC_000962.3	3458000	3459000	0.000154452	Rv3090	3458500.0	0.1544519999999999	-0.2904455743521991	-0.181497332793628	False	0	0	0	0	0	0	0	0	0	0	0	0	0	0	0
NC_000962.3	3459000	3460000	0.000128314	Rv3090,Rv3091	3459500.0	0.128314	-0.3364444242973484	-0.3089311116251164	False	0	0	0	0	0	0	0	0	0	0	0	0	0	0	0
NC_000962.3	3460000	3461000	0.000369101	Rv3091,Rv3092c	3460500.0	0.369101	0.0873035702601034	0.8650071125503265	False	0	0	0	0	0	0	0	0	0	0	0	0	0	0	0
NC_000962.3	3461000	3462000	1.3201e-05	Rv3092c,Rv3093c	3461500.0	0.013201	-0.5390255557433647	-0.8701555581255828	False	0	0	0	0	0	0	0	0	0	0	0	0	0	0	0
NC_000962.3	3462000	3463000	0.000240963	Rv3093c,Rv3094c	3462500.0	0.2409629999999999	-0.1381995529425726	0.2402802951997509	False	0	0	0	0	0	0	0	0	0	0	0	0	0	0	0
NC_000962.3	3463000	3464000	0.000189919	Rv3094c,Rv3095	3463500.0	0.189919	-0.228029122787251	-0.0085807426254272	False	0	0	0	0	0	0	0	0	0	0	0	0	0	0	0
NC_000962.3	3464000	3465000	0.000266661	Rv3095,Rv3096	3464500.0	0.266661	-0.0929750351565733	0.3655688883748834	False	0	0	0	0	0	0	0	0	0	0	0	0	0	0	0
NC_000962.3	3465000	3466000	0.000321049	Rv3096,lipY	3465500.0	0.321049	0.0027394590976458	0.6307333371883741	False	0	0	0	0	0	0	0	0	1	1	0	0	0	0	0
NC_000962.3	3466000	3467000	0.000616928	lipY	3466500.0	0.616928	0.5234408793639571	2.0732683072274787	False	0	0	0	0	0	0	0	0	1	1	0	0	0	0	0
NC_000962.3	3467000	3468000	0.000498823	lipY,Rv3098c,Rv3098A	3467500.0	0.498823	0.3155942892357199	1.4974565982637862	False	0	0	0	0	0	0	0	0	1	1	0	0	0	0	0
NC_000962.3	3468000	3469000	0.000251348	Rv3099c	3468500.0	0.2513479999999999	-0.1199235541408137	0.2909115521117186	False	0	0	0	0	0	0	0	0	0	0	0	0	0	0	0
NC_000962.3	3469000	3470000	0.000216145	Rv3099c,smpB,ftsX	3469500.0	0.216145	-0.1818754064102716	0.119282073337333	False	0	0	0	0	0	0	0	0	0	0	0	0	0	0	0
NC_000962.3	3470000	3471000	7.88542e-05	ftsX,ftsE	3470500.0	0.0788542	-0.4234860463999231	-0.5500685060030214	False	0	0	0	0	0	0	0	0	0	0	0	0	0	0	0
NC_000962.3	3471000	3472000	0.000105256	ftsE,Rv3103c,Rv3104c	3471500.0	0.105256	-0.3770229491284469	-0.4213485908621075	False	0	0	0	0	0	0	0	0	0	0	0	0	0	0	0
NC_000962.3	3472000	3473000	6.58291e-05	Rv3104c,prfB	3472500.0	0.0658291	-0.4464082141411644	-0.6135713643953248	False	0	0	0	0	0	0	0	0	0	0	0	0	0	0	0
NC_000962.3	3473000	3474000	5.26281e-05	prfB	3473500.0	0.0526281	-0.4696399387614841	-0.6779318095079762	False	0	0	0	0	0	0	0	0	0	0	0	0	0	0	0
NC_000962.3	3474000	3475000	0.00023181	fprA	3474500.0	0.23181	-0.1543074216987113	0.1956555581255827	False	0	0	0	0	0	0	0	0	0	0	0	0	0	0	0
NC_000962.3	3475000	3476000	0.00025346	fprA,agpS	3475500.0	0.25346	-0.1162067597768931	0.301208443262232	False	0	0	0	0	0	0	0	0	0	0	0	0	0	0	0
NC_000962.3	3476000	3477000	6.54771e-05	agpS	3476500.0	0.0654771	-0.4470276798684844	-0.6152875129204102	False	0	0	0	0	0	0	0	0	0	0	0	0	0	0	0
NC_000962.3	3477000	3478000	0.000562188	Rv3108,moaA1	3477500.0	0.562188	0.4271069193824178	1.8063877098889027	False	0	0	0	0	0	0	1	1	0	0	0	0	0	0	0
NC_000962.3	3478000	3479000	0.0001042	moaA1,moaB1	3478500.0	0.1042	-0.3788813463104072	-0.426497036437364	False	0	0	0	0	0	0	0	0	0	0	0	0	0	0	0
NC_000962.3	3479000	3480000	0.000258212	moaB1,moaC1,moaD1	3479500.0	0.258212	-0.1078439724580718	0.3243764483508858	False	0	0	0	0	0	0	0	0	0	0	0	0	0	0	0
NC_000962.3	3480000	3481000	0.000896262	Rv3113,Rv3114	3480500.0	0.896262	1.0150256506004078	3.43513942116562	False	0	0	0	0	0	0	0	0	0	0	0	0	0	0	0
NC_000962.3	3481000	3482000	0.00153238	Rv3114,Rv3115	3481500.0	1.53238	2.1344952515418925	6.5364830787801695	False	5	1	0	0	0	0	1	1	1	1	0	0	5	5	2
NC_000962.3	3482000	3483000	0.000997822	Rv3115,moeB2	3482500.0	0.997822	1.1937555916987843	3.9302872740283488	False	5	1	0	0	0	0	1	1	1	1	0	0	5	0	0
NC_000962.3	3483000	3484000	7.86781e-05	moeB2,cysA3	3483500.0	0.0786781	-0.4237959552481647	-0.5509270678077587	False	1	1	0	0	0	0	1	1	0	0	0	0	1	0	0
NC_000962.3	3484000	3485000	0.000494374	cysA3,sseC1	3484500.0	0.494374	0.3077647351992225	1.4757658460248504	False	1	1	0	0	0	0	1	1	0	0	0	0	1	0	0
NC_000962.3	3485000	3486000	9.18792e-05	sseC1,moaE1,Rv3120	3485500.0	0.0918792	-0.4005640546432634	-0.4865661351529126	False	1	1	0	0	0	0	1	1	0	0	0	0	1	0	0
NC_000962.3	3486000	3487000	5.25422e-05	Rv3120,cyp141	3486500.0	0.0525422	-0.4697911095171	-0.6783506082531606	False	0	0	0	0	0	0	0	0	0	0	0	0	0	0	0
NC_000962.3	3487000	3488000	0.000736383	cyp141	3487500.0	0.736383	0.7336632613441321	2.6556618358186306	False	0	0	0	0	0	0	0	0	0	0	0	0	0	0	0
NC_000962.3	3488000	3489000	0.000220721	Rv3122,Rv3123	3488500.0	0.220721	-0.1738223519551104	0.1415920041634441	False	0	0	0	0	0	0	0	0	0	0	0	0	0	0	0
NC_000962.3	3489000	3490000	0.000245187	Rv3123,moaR1	3489500.0	0.245187	-0.1307659642147315	0.260874077500777	False	0	0	0	0	0	0	0	0	0	0	0	0	0	0	0
NC_000962.3	3490000	3491000	0.000204528	moaR1,PPE49	3490500.0	0.204528	-0.2023195352576509	0.062644296587566	False	0	0	0	0	0	0	0	0	1	1	0	0	0	0	0
NC_000962.3	3491000	3492000	0.000340059	PPE49,Rv3126c	3491500.0	0.340059	0.0361941280645632	0.7234151083868823	False	0	0	0	0	0	0	4	1	1	1	0	0	0	0	0
NC_000962.3	3492000	3493000	9.13511e-05	Rv3126c,Rv3127	3492500.0	0.0913510999999999	-0.4014934292188252	-0.4891408454827359	False	0	0	0	0	0	0	0	0	0	0	0	0	0	0	0
NC_000962.3	3493000	3494000	0.000265077	Rv3127,Rv3128c	3493500.0	0.265077	-0.0957626309295138	0.3578462200119989	False	0	0	0	0	0	0	0	0	0	0	0	0	0	0	0
NC_000962.3	3494000	3495000	0.000170029	Rv3128c,Rv3129,tgs1	3494500.0	0.170029	-0.2630324560724687	-0.105552885136649	False	0	0	0	0	0	0	0	0	0	0	0	0	0	0	0
NC_000962.3	3495000	3496000	6.56531e-05	tgs1	3495500.0	0.0656530999999999	-0.4467179470048244	-0.6144294386578679	False	0	0	0	0	0	0	0	0	0	0	0	0	0	0	0
NC_000962.3	3496000	3497000	5.26281e-05	tgs1,Rv3131	3496500.0	0.0526281	-0.4696399387614841	-0.6779318095079762	False	0	0	0	0	0	0	0	0	0	0	0	0	0	0	0
NC_000962.3	3497000	3498000	0.000258212	Rv3131,devS	3497500.0	0.258212	-0.1078439724580718	0.3243764483508858	False	0	0	0	0	0	0	0	0	0	0	0	0	0	0	0
NC_000962.3	3498000	3499000	0.000718136	devS	3498500.0	0.718136	0.7015513547350136	2.566700011565122	False	0	0	0	0	0	0	0	0	0	0	0	0	0	0	0
NC_000962.3	3499000	3500000	0.000129194	devS,devR,Rv3134c	3499500.0	0.129194	-0.3348957599790481	-0.3046407403124028	False	0	0	0	0	0	0	0	0	0	0	0	0	0	0	0
NC_000962.3	3500000	3501000	0.00103267	Rv3134c	3500500.0	1.03267	1.2550826987034738	4.100185978011811	False	0	0	0	0	0	0	0	0	0	0	0	0	0	0	0
NC_000962.3	3501000	3502000	0.000102173	PPE50,PPE51	3501500.0	0.102173	-0.3824485537799465	-0.4363795167224442	False	0	0	0	0	1	1	0	0	2	1	0	0	0	0	0
NC_000962.3	3502000	3503000	2.64021e-05	PPE51,Rv3136A	3502500.0	0.0264020999999999	-0.5157936551384635	-0.805794625470737	False	0	0	0	0	0	0	1	1	1	1	0	0	0	0	0
NC_000962.3	3503000	3504000	9.17032e-05	Rv3136A,Rv3137	3503500.0	0.0917032	-0.4008737875069235	-0.4874242094154553	False	0	0	0	0	0	0	0	0	0	0	0	0	0	0	0
NC_000962.3	3504000	3505000	0.000195903	Rv3137,pflA	3504500.0	0.195903	-0.2174982054228094	0.0205937823010257	False	0	0	0	0	0	0	0	0	0	0	0	0	0	0	0
NC_000962.3	3505000	3506000	0.000293063	pflA,fadE24	3505500.0	0.2930629999999999	-0.046511585915934	0.4942897786001861	False	0	0	0	0	0	0	0	0	0	0	0	0	0	0	0
NC_000962.3	3506000	3507000	0.000115993	fadE24,fadE23	3506500.0	0.115993	-0.3581274845993679	-0.3690011854250543	False	0	0	0	0	0	0	0	0	0	0	0	0	0	0	0
NC_000962.3	3507000	3508000	0.000190095	fadE23	3507500.0	0.190095	-0.2277193899235909	-0.0077226683628846	False	0	0	0	0	0	0	0	0	0	0	0	0	0	0	0
NC_000962.3	3508000	3509000	0.000475074	fadB4	3508500.0	0.475074	0.2737997109455925	1.3816702024619256	False	0	0	0	0	0	0	0	0	0	0	0	0	0	0	0
NC_000962.3	3509000	3510000	0.00086314	fadB4,Rv3142c,Rv3143	3509500.0	0.86314	0.9567360374745664	3.2736556954614127	False	0	0	0	0	0	0	0	0	0	0	0	0	0	0	0
NC_000962.3	3510000	3511000	0.000686982	Rv3143,PPE52	3510500.0	0.6869820000000001	0.6467251181755531	2.4148111162511663	False	0	0	0	0	0	0	0	0	1	1	0	0	0	0	0
NC_000962.3	3511000	3512000	0.0001519	PPE52,nuoA	3511500.0	0.1519	-0.2949367008752697	-0.1939394096004972	False	0	0	0	0	0	0	0	0	1	1	0	0	0	0	0
NC_000962.3	3512000	3513000	1.3201e-05	nuoA,nuoB,nuoC	3512500.0	0.013201	-0.5390255557433647	-0.8701555581255828	False	0	0	0	0	0	0	0	0	0	0	0	0	0	0	0
NC_000962.3	3513000	3514000	1.3201e-05	nuoC,nuoD	3513500.0	0.013201	-0.5390255557433647	-0.8701555581255828	False	0	0	0	0	0	0	0	0	0	0	0	0	0	0	0
NC_000962.3	3514000	3515000	0.000150492	nuoD,nuoE	3514500.0	0.150492	-0.29741456378455	-0.2008040037008392	False	0	0	0	0	0	0	0	0	0	0	0	0	0	0	0
NC_000962.3	3515000	3516000	0.000101912	nuoE,nuoF	3515500.0	0.101912	-0.3829078735379878	-0.4376520018504195	False	0	0	0	0	0	0	0	0	0	0	0	0	0	0	0
NC_000962.3	3516000	3517000	6.54771e-05	nuoF,nuoG	3516500.0	0.0654771	-0.4470276798684844	-0.6152875129204102	False	0	0	0	0	0	0	0	0	0	0	0	0	0	0	0
NC_000962.3	3517000	3518000	3.94271e-05	nuoG	3517500.0	0.0394271	-0.4928716633818038	-0.7422922546206278	False	0	0	0	0	0	0	0	0	0	0	0	0	0	0	0
NC_000962.3	3518000	3519000	0.000188335	nuoG	3518500.0	0.188335	-0.2308167185601914	-0.0163034109883119	False	0	0	0	0	0	0	0	0	0	0	0	0	0	0	0
NC_000962.3	3519000	3520000	3.96031e-05	nuoG,nuoH	3519500.0	0.0396031	-0.4925619305181437	-0.7414341803580851	False	0	0	0	0	0	0	0	0	0	0	0	0	0	0	0
NC_000962.3	3520000	3521000	1.3201e-05	nuoH,nuoI	3520500.0	0.013201	-0.5390255557433647	-0.8701555581255828	False	0	0	0	0	0	0	0	0	0	0	0	0	0	0	0
NC_000962.3	3521000	3522000	0.000305736	nuoI,nuoJ,nuoK	3521500.0	0.3057359999999999	-0.0242090598865944	0.5560760009252093	False	0	0	0	0	0	0	0	0	0	0	0	0	0	0	0
NC_000962.3	3522000	3523000	5.22761e-05	nuoK,nuoL	3522500.0	0.0522761	-0.4702594044888042	-0.6796479580330618	False	0	0	0	0	0	0	0	0	0	0	0	0	0	0	0
NC_000962.3	3523000	3524000	9.18792e-05	nuoL	3523500.0	0.0918792	-0.4005640546432634	-0.4865661351529126	False	0	0	0	0	0	0	0	0	0	0	0	0	0	0	0
NC_000962.3	3524000	3525000	0.000204352	nuoL,nuoM	3524500.0	0.204352	-0.2026292681213109	0.0617862223250234	False	0	0	0	0	0	0	1	1	0	0	0	0	0	0	0
NC_000962.3	3525000	3526000	0.000159996	nuoM,nuoN	3525500.0	0.159996	-0.2806889891469076	-0.1544679935235313	False	0	0	0	0	0	0	0	0	0	0	0	0	0	0	0
NC_000962.3	3526000	3527000	0.000524169	nuoN	3526500.0	0.524169	0.360199341294399	1.6210290429138328	False	0	0	0	0	0	0	0	0	0	0	0	0	0	0	0
NC_000962.3	3527000	3528000	0.000249587	nuoN,PPE53	3527500.0	0.249587	-0.1230226426232303	0.2823259340643455	False	1	1	0	0	0	0	0	0	1	1	0	0	1	13	13
NC_000962.3	3528000	3529000	0.00027863	PPE53	3528500.0	0.27863	-0.071911440581874	0.4239228136497358	False	2	1	0	0	1	1	3	1	1	1	0	1	2	223	218
NC_000962.3	3529000	3530000	0.000449715	PPE53,Rv3160c,Rv3161c	3529500.0	0.449715	0.229171780891302	1.2580343773265774	False	2	1	0	0	0	0	1	1	1	1	0	0	2	63	51
NC_000962.3	3530000	3531000	0.000757035	Rv3161c	3530500.0	0.757035	0.7700075971413326	2.756349049852906	False	0	0	0	0	0	0	0	0	0	0	0	0	0	0	0
NC_000962.3	3531000	3532000	0.000333194	Rv3161c,Rv3162c,Rv3163c	3531500.0	0.333194	0.0241127865360052	0.6899453367257692	False	0	0	0	0	0	0	0	0	0	0	0	0	0	0	0
NC_000962.3	3532000	3533000	1.3201e-05	Rv3163c,moxR3	3532500.0	0.013201	-0.5390255557433647	-0.8701555581255828	False	0	0	0	0	0	0	0	0	0	0	0	0	0	0	0
NC_000962.3	3533000	3534000	0.000245363	moxR3,Rv3165c	3533500.0	0.245363	-0.1304562313510714	0.2617321517633198	False	0	0	0	0	0	0	0	0	0	0	0	0	0	0	0
NC_000962.3	3534000	3535000	0.000104728	Rv3165c,Rv3166c	3534500.0	0.104728	-0.3779521477194271	-0.4239228136497358	False	0	0	0	0	0	0	0	0	0	0	0	0	0	0	0
NC_000962.3	3535000	3536000	0.000331434	Rv3166c,Rv3167c	3535500.0	0.331434	0.0210154578994048	0.681364594100342	False	0	0	0	0	0	0	0	0	0	0	0	0	0	0	0
NC_000962.3	3536000	3537000	0.000232338	Rv3167c,Rv3168	3536500.0	0.232338	-0.1533782231077311	0.1982297809132109	False	0	0	0	0	0	0	0	0	0	0	0	0	0	0	0
NC_000962.3	3537000	3538000	0.000118105	Rv3168,Rv3169	3537500.0	0.118105	-0.3544106902354473	-0.3587042942745415	False	0	0	0	0	0	0	0	0	0	0	0	0	0	0	0
NC_000962.3	3538000	3539000	0.000212801	Rv3169,aofH	3538500.0	0.212801	-0.1877603308198125	0.1029786623490209	False	0	0	0	0	0	0	0	0	0	0	0	0	0	0	0
NC_000962.3	3539000	3540000	0.000101912	aofH,hpx	3539500.0	0.101912	-0.3829078735379878	-0.4376520018504195	False	0	0	0	0	0	0	0	0	0	0	0	0	0	0	0
NC_000962.3	3540000	3541000	9.18792e-05	hpx,Rv3172c	3540500.0	0.0918792	-0.4005640546432634	-0.4865661351529126	False	0	0	0	0	0	0	0	0	0	0	0	0	0	0	0
NC_000962.3	3541000	3542000	0.000130778	Rv3172c,Rv3173c	3541500.0	0.1307779999999999	-0.3321081642061078	-0.2969180719495187	False	0	0	0	0	0	0	0	0	0	0	0	0	0	0	0
NC_000962.3	3542000	3543000	0.00112578	Rv3173c,Rv3174,Rv3175	3542500.0	1.12578	1.4189419426545358	4.554136515428596	False	0	0	0	0	0	0	0	0	0	0	0	0	0	0	0
NC_000962.3	3543000	3544000	0.000216497	Rv3175	3543500.0	0.216497	-0.1812559406829515	0.1209982218624184	False	0	0	0	0	0	0	0	0	0	0	0	0	0	0	0
NC_000962.3	3544000	3545000	0.000320521	Rv3175,mesT	3544500.0	0.320521	0.0018102605066656	0.628159114400746	False	0	0	0	0	0	0	0	0	0	0	0	0	0	0	0
NC_000962.3	3545000	3546000	3.96031e-05	mesT,Rv3177	3545500.0	0.0396031	-0.4925619305181437	-0.7414341803580851	False	0	0	0	0	0	0	0	0	0	0	0	0	0	0	0
NC_000962.3	3546000	3547000	0.00010508	Rv3177,Rv3178	3546500.0	0.10508	-0.3773326819921069	-0.4222066651246502	False	0	0	0	0	0	0	0	0	0	0	0	0	0	0	0
NC_000962.3	3547000	3548000	0.000493732	Rv3179	3547500.0	0.493732	0.3066349141851898	1.4726358251353482	False	0	0	0	0	0	0	0	0	0	0	0	0	0	0	0
NC_000962.3	3548000	3549000	0.000247677	Rv3179	3548500.0	0.247677	-0.1263839481322683	0.2730138781469783	False	0	0	0	0	0	0	0	0	0	0	0	0	0	0	0
NC_000962.3	3549000	3550000	9.1708e-05	Rv3180c,Rv3181c	3549500.0	0.091708	-0.4008653402470055	-0.4874008073901132	False	0	0	0	0	0	0	0	0	0	0	0	0	0	0	0
NC_000962.3	3550000	3551000	0.00111839	Rv3181c,Rv3182,Rv3183	3550500.0	1.11839	1.405936682072446	4.518107147245694	False	0	0	0	0	0	0	0	0	0	0	0	0	0	0	0
NC_000962.3	3551000	3552000	1.22347e-05	Rv3183,Rv3184,Rv3185	3551500.0	0.0122347	-0.5407260947556075	-0.8748666783522592	False	15	1	0	0	0	0	1	1	2	1	0	0	15	2	2
NC_000962.3	3552000	3553000	0.0	Rv3185,Rv3186	3552500.0	0.0	-0.5622572803636845	-0.9345160032382342	False	30	1	0	0	0	0	2	1	2	1	0	0	30	1	1
NC_000962.3	3553000	3554000	0.0	Rv3186,Rv3187	3553500.0	0.0	-0.5622572803636845	-0.9345160032382342	False	15	1	0	0	0	0	1	1	2	1	0	0	15	0	0
NC_000962.3	3554000	3555000	0.000220941	Rv3187,Rv3188,Rv3189	3554500.0	0.220941	-0.1734351858755353	0.1426645969916225	False	15	1	0	0	0	0	1	1	1	1	0	0	15	0	0
NC_000962.3	3555000	3556000	0.000345867	Rv3189,Rv3190c	3555500.0	0.345867	0.0464153125653448	0.7517315590507925	False	0	0	0	0	0	0	0	0	0	0	0	0	0	0	0
NC_000962.3	3556000	3557000	0.000480693	Rv3190c,Rv3190A	3556500.0	0.480693	0.2836882845871026	1.4090651983779916	False	0	0	0	0	0	0	0	0	0	0	0	0	0	0	0
NC_000962.3	3557000	3558000	0.000411696	Rv3190A,Rv3191c	3557500.0	0.411696	0.1622642028032834	1.0726757103515077	False	0	0	0	0	0	0	0	0	1	1	0	0	0	0	0
NC_000962.3	3558000	3559000	7.88542e-05	Rv3191c	3558500.0	0.0788542	-0.4234860463999231	-0.5500685060030214	False	0	0	0	0	0	0	0	0	1	1	0	0	0	0	0
NC_000962.3	3559000	3560000	2.64021e-05	metU,Rv3192	3559500.0	0.0264020999999999	-0.5157936551384635	-0.805794625470737	False	0	0	0	0	0	0	0	0	0	0	0	0	0	0	0
NC_000962.3	3560000	3561000	0.00025346	Rv3192,Rv3193c	3560500.0	0.25346	-0.1162067597768931	0.301208443262232	False	0	0	0	0	0	0	0	0	0	0	0	0	0	0	0
NC_000962.3	3561000	3562000	6.58291e-05	Rv3193c	3561500.0	0.0658291	-0.4464082141411644	-0.6135713643953248	False	0	0	0	0	0	0	0	0	0	0	0	0	0	0	0
NC_000962.3	3562000	3563000	0.000307848	Rv3193c	3562500.0	0.307848	-0.0204922655226738	0.5663728920757227	False	0	0	0	0	0	0	0	0	0	0	0	0	0	0	0
NC_000962.3	3563000	3564000	0.000152076	Rv3193c,Rv3194c	3563500.0	0.152076	-0.2946269680116096	-0.1930813353379545	False	0	0	0	0	0	0	0	0	0	0	0	0	0	0	0
NC_000962.3	3564000	3565000	0.000218785	Rv3194c,Rv3195	3564500.0	0.218785	-0.1772294134553709	0.1321531872754741	False	0	0	0	0	0	0	0	0	0	0	0	0	0	0	0
NC_000962.3	3565000	3566000	3.96031e-05	Rv3195,Rv3196	3565500.0	0.0396031	-0.4925619305181437	-0.7414341803580851	False	0	0	0	0	0	0	0	0	0	0	0	0	0	0	0
NC_000962.3	3566000	3567000	0.000130074	Rv3196,Rv3196A	3566500.0	0.130074	-0.333347095660748	-0.3003503689996891	False	0	0	0	0	0	0	0	0	0	0	0	0	0	0	0
NC_000962.3	3567000	3568000	0.000115113	Rv3197	3567500.0	0.115113	-0.3596761489176681	-0.373291556737768	False	0	0	0	0	0	0	0	0	0	0	0	0	0	0	0
NC_000962.3	3568000	3569000	0.000144331	Rv3197,whiB7	3568500.0	0.144331	-0.3082569738584679	-0.2308414783117812	False	0	0	0	0	0	0	0	0	0	0	0	0	0	0	0
NC_000962.3	3569000	3570000	0.000398495	uvrD2	3569500.0	0.398495	0.1390324781829636	1.0083152652388558	False	0	0	0	0	0	0	0	0	0	0	0	0	0	0	0
NC_000962.3	3570000	3571000	0.000243779	uvrD2	3570500.0	0.243779	-0.1332438271240118	0.2540094834004351	False	0	0	0	0	0	0	0	0	0	0	0	0	0	0	0
NC_000962.3	3571000	3572000	0.00108336	uvrD2,Rv3198A,nudC	3571500.0	1.08336	1.3442892831291997	4.347321116468013	False	0	0	0	0	0	0	0	0	0	0	0	0	0	0	0
NC_000962.3	3572000	3573000	0.000156828	nudC,Rv3200c	3572500.0	0.156828	-0.2862641806927884	-0.1699133302493006	False	0	0	0	0	0	0	1	1	0	0	0	0	0	0	0
NC_000962.3	3573000	3574000	0.000428417	Rv3200c,Rv3201c	3573500.0	0.428417	0.191690584696804	1.1541976407150136	False	0	0	0	0	0	0	0	0	0	0	0	0	0	0	0
NC_000962.3	3574000	3575000	6.58291e-05	Rv3201c	3574500.0	0.0658291	-0.4464082141411644	-0.6135713643953248	False	0	0	0	0	0	0	0	0	0	0	0	0	0	0	0
NC_000962.3	3575000	3576000	0.000150492	Rv3201c	3575500.0	0.150492	-0.29741456378455	-0.2008040037008392	False	0	0	0	0	0	0	0	0	0	0	0	0	0	0	0
NC_000962.3	3576000	3577000	0.000490902	Rv3201c	3576500.0	0.490902	0.3016545505252015	1.4588383810274166	False	0	0	0	0	0	0	0	0	0	0	0	0	0	0	0
NC_000962.3	3577000	3578000	0.000854371	Rv3201c,Rv3202c	3577500.0	0.854371	0.9413039495118682	3.23090312041461	False	0	0	0	0	0	0	0	0	0	0	0	0	0	0	0
NC_000962.3	3578000	3579000	5.28041e-05	Rv3202c	3578500.0	0.0528041	-0.469330205897824	-0.6770737352454336	False	0	0	0	0	0	0	0	0	0	0	0	0	0	0	0
NC_000962.3	3579000	3580000	0.000125674	Rv3202c	3579500.0	0.1256739999999999	-0.3410904172522491	-0.321802225563258	False	0	0	0	0	0	0	0	0	0	0	0	0	0	0	0
NC_000962.3	3580000	3581000	0.000216145	Rv3202c,lipV	3580500.0	0.216145	-0.1818754064102716	0.119282073337333	False	0	0	0	0	0	0	0	0	0	0	0	0	0	0	0
NC_000962.3	3581000	3582000	0.000398671	lipV,Rv3204,Rv3205c	3581500.0	0.398671	0.1393422110466237	1.0091733395013986	False	0	0	0	0	0	0	0	0	0	0	0	0	0	0	0
NC_000962.3	3582000	3583000	0.000102968	Rv3205c,moeB1	3582500.0	0.1029679999999999	-0.3810494763560275	-0.4325035562751635	False	0	0	0	0	0	0	0	0	0	0	0	0	0	0	0
NC_000962.3	3583000	3584000	0.000104904	moeB1,Rv3207c	3583500.0	0.104904	-0.377642414855767	-0.423064739387193	False	0	0	0	0	1	1	0	0	0	0	0	0	0	0	0
NC_000962.3	3584000	3585000	0.000140107	Rv3207c	3584500.0	0.1401069999999999	-0.315690562586309	-0.2514352606128073	False	0	0	0	0	0	0	0	0	0	0	0	0	0	0	0
NC_000962.3	3585000	3586000	0.00020312	Rv3208,TB9.4	3585500.0	0.20312	-0.2047973981669313	0.0557797024872241	False	0	0	0	0	0	0	0	0	0	0	0	0	0	0	0
NC_000962.3	3586000	3587000	0.00010508	Rv3209,Rv3210c	3586500.0	0.10508	-0.3773326819921069	-0.4222066651246502	False	0	0	0	0	0	0	0	0	0	0	0	0	0	0	0
NC_000962.3	3587000	3588000	0.000671492	Rv3210c,rhlE	3587500.0	0.671492	0.6194651064818364	2.3392908303035123	False	0	0	0	0	0	0	0	0	0	0	0	0	0	0	0
NC_000962.3	3588000	3589000	3.96031e-05	rhlE	3588500.0	0.0396031	-0.4925619305181437	-0.7414341803580851	False	0	0	0	0	0	0	0	0	0	0	0	0	0	0	0
NC_000962.3	3589000	3590000	3.96031e-05	rhlE,Rv3212	3589500.0	0.0396031	-0.4925619305181437	-0.7414341803580851	False	0	0	0	0	0	0	0	0	0	0	0	0	0	0	0
NC_000962.3	3590000	3591000	2.64021e-05	Rv3212,Rv3213c	3590500.0	0.0264020999999999	-0.5157936551384635	-0.805794625470737	False	0	0	0	0	0	0	1	1	0	0	0	0	0	0	0
NC_000962.3	3591000	3592000	0.000215617	Rv3213c,gpm2	3591500.0	0.215617	-0.1828046050012517	0.1167078505497048	False	0	0	0	0	0	0	0	0	0	0	0	0	0	0	0
NC_000962.3	3592000	3593000	9.18792e-05	gpm2,entC	3592500.0	0.0918792	-0.4005640546432634	-0.4865661351529126	False	0	0	0	0	0	0	0	0	0	0	0	0	0	0	0
NC_000962.3	3593000	3594000	0.000105432	entC,Rv3216,Rv3217c	3593500.0	0.105432	-0.3767132162647869	-0.4204905165995648	False	0	0	0	0	1	1	0	0	0	0	0	0	0	0	0
NC_000962.3	3594000	3595000	0.000248067	Rv3217c,Rv3218	3594500.0	0.2480669999999999	-0.1256976082639308	0.2749152927060214	False	2	1	2	1	1	1	1	1	0	0	0	0	2	8	8
NC_000962.3	3595000	3596000	0.000118457	Rv3218,whiB1	3595500.0	0.1184569999999999	-0.3537912245081273	-0.3569881457494565	False	0	0	0	0	0	0	0	0	0	0	0	0	0	0	0
NC_000962.3	3596000	3597000	9.17032e-05	Rv3220c	3596500.0	0.0917032	-0.4008737875069235	-0.4874242094154553	False	0	0	0	0	0	0	0	0	0	0	0	0	0	0	0
NC_000962.3	3597000	3598000	0.000941849	Rv3220c,TB7.3	3597500.0	0.941849	1.0952517418258088	3.657395281430028	False	0	0	0	0	0	0	0	0	0	0	0	0	0	0	0
NC_000962.3	3598000	3599000	1.3201e-05	rshA,Rv3222c,sigH	3598500.0	0.013201	-0.5390255557433647	-0.8701555581255828	False	0	0	0	0	0	0	3	1	0	0	0	0	0	0	0
NC_000962.3	3599000	3600000	7.86781e-05	sigH,Rv3224	3599500.0	0.0786781	-0.4237959552481647	-0.5509270678077587	False	0	0	0	0	0	0	0	0	0	0	0	0	0	0	0
NC_000962.3	3600000	3601000	0.000588942	Rv3224,Rv3224A,Rv3224B	3600500.0	0.588942	0.4741898343503772	1.9368247486392909	False	0	0	0	0	0	0	0	0	0	0	0	0	0	0	0
NC_000962.3	3601000	3602000	0.000130426	Rv3224B,Rv3225c	3601500.0	0.130426	-0.3327276299334278	-0.2986342204746037	False	0	0	0	0	0	0	0	0	0	0	0	0	0	0	0
NC_000962.3	3602000	3603000	6.54771e-05	Rv3225c,Rv3226c	3602500.0	0.0654771	-0.4470276798684844	-0.6152875129204102	False	0	0	0	0	0	0	0	0	0	0	0	0	0	0	0
NC_000962.3	3603000	3604000	0.000333898	Rv3226c,aroA	3603500.0	0.333898	0.0253517179906454	0.6933776337759401	False	0	0	0	0	0	0	0	0	0	0	0	0	0	0	0
NC_000962.3	3604000	3605000	7.88542e-05	aroA,Rv3228	3604500.0	0.0788542	-0.4234860463999231	-0.5500685060030214	False	0	0	0	0	0	0	0	0	0	0	0	0	0	0	0
NC_000962.3	3605000	3606000	2.64021e-05	Rv3228,desA3	3605500.0	0.0264020999999999	-0.5157936551384635	-0.805794625470737	False	0	0	0	0	0	0	0	0	0	0	0	0	0	0	0
NC_000962.3	3606000	3607000	0.000245011	desA3	3606500.0	0.245011	-0.1310756970783915	0.2600160032382343	False	0	0	0	0	0	0	0	0	0	0	0	0	0	0	0
NC_000962.3	3607000	3608000	0.000268069	desA3,Rv3230c	3607500.0	0.268069	-0.090497172247293	0.3724334824752254	False	0	0	0	0	0	0	0	0	0	0	0	0	0	0	0
NC_000962.3	3608000	3609000	0.000310488	Rv3230c,Rv3231c,ppk2	3608500.0	0.310488	-0.0158462725677731	0.5792440060138636	False	0	0	0	0	0	0	0	0	0	0	0	0	0	0	0
NC_000962.3	3609000	3610000	0.000104904	ppk2,Rv3233c	3609500.0	0.104904	-0.377642414855767	-0.423064739387193	False	0	0	0	0	0	0	0	0	0	0	0	0	0	0	0
NC_000962.3	3610000	3611000	0.000214737	Rv3233c,tgs3	3610500.0	0.214737	-0.184353269319552	0.1124174792369911	False	0	0	0	0	0	0	0	0	0	0	0	0	0	0	0
NC_000962.3	3611000	3612000	0.000116521	tgs3,Rv3235,Rv3236c	3611500.0	0.116521	-0.3571982860083877	-0.3664269626374261	False	0	0	0	0	0	0	0	0	0	0	0	0	0	0	0
NC_000962.3	3612000	3613000	0.000636642	Rv3236c	3612500.0	0.6366419999999999	0.5581344797855148	2.169382375476158	False	0	0	0	0	0	0	0	0	0	0	0	0	0	0	0
NC_000962.3	3613000	3614000	2.64021e-05	Rv3236c,Rv3237c,Rv3238c	3613500.0	0.0264020999999999	-0.5157936551384635	-0.805794625470737	False	0	0	0	0	0	0	0	0	0	0	0	0	0	0	0
NC_000962.3	3614000	3615000	0.000161933	Rv3238c,Rv3239c	3614500.0	0.161933	-0.2772801678008308	-0.145024301213615	False	0	0	0	0	0	0	0	0	0	0	0	0	0	0	0
NC_000962.3	3615000	3616000	2.6226e-05	Rv3239c	3615500.0	0.026226	-0.5161035639867051	-0.806653187275474	False	0	0	0	0	0	0	0	0	0	0	0	0	0	0	0
NC_000962.3	3616000	3617000	2.64021e-05	Rv3239c	3616500.0	0.0264020999999999	-0.5157936551384635	-0.805794625470737	False	0	0	0	0	0	0	0	0	0	0	0	0	0	0	0
NC_000962.3	3617000	3618000	9.17032e-05	Rv3239c,secA1	3617500.0	0.0917032	-0.4008737875069235	-0.4874242094154553	False	0	0	0	0	0	0	0	0	0	0	0	0	0	0	0
NC_000962.3	3618000	3619000	0.0	secA1	3618500.0	0.0	-0.5622572803636845	-0.9345160032382342	False	0	0	0	0	0	0	0	0	0	0	0	0	0	0	0
NC_000962.3	3619000	3620000	1.3201e-05	secA1	3619500.0	0.013201	-0.5390255557433647	-0.8701555581255828	False	0	0	0	0	0	0	0	0	0	0	0	0	0	0	0
NC_000962.3	3620000	3621000	2.64021e-05	secA1,Rv3241c	3620500.0	0.0264020999999999	-0.5157936551384635	-0.805794625470737	False	0	0	0	0	0	0	0	0	0	0	0	0	0	0	0
NC_000962.3	3621000	3622000	0.000436162	Rv3241c,Rv3242c	3621500.0	0.436162	0.2053205905436622	1.1919577836888404	False	0	0	0	0	0	0	0	0	0	0	0	0	0	0	0
NC_000962.3	3622000	3623000	9.17032e-05	Rv3242c,Rv3243c	3622500.0	0.0917032	-0.4008737875069235	-0.4874242094154553	False	0	0	0	0	0	0	0	0	0	0	0	0	0	0	0
NC_000962.3	3623000	3624000	9.17032e-05	Rv3243c,lpqB	3623500.0	0.0917032	-0.4008737875069235	-0.4874242094154553	False	0	0	0	0	0	0	0	0	0	0	0	0	0	0	0
NC_000962.3	3624000	3625000	0.00033073	lpqB,mtrB	3624500.0	0.33073	0.0197765264447646	0.6779322970501711	False	0	0	0	0	0	0	0	0	0	0	0	0	0	0	0
NC_000962.3	3625000	3626000	0.000258212	mtrB	3625500.0	0.258212	-0.1078439724580718	0.3243764483508858	False	0	0	0	0	0	0	0	0	0	0	0	0	0	0	0
NC_000962.3	3626000	3627000	0.000477701	mtrB,mtrA	3626500.0	0.477701	0.2784228259048819	1.394477935914765	False	0	0	0	0	0	0	1	1	0	0	0	0	0	0	0
NC_000962.3	3627000	3628000	3.94271e-05	mtrA,tmk	3627500.0	0.0394271	-0.4928716633818038	-0.7422922546206278	False	0	0	0	0	0	0	0	0	0	0	0	0	0	0	0
NC_000962.3	3628000	3629000	0.000535434	tmk,sahH	3628500.0	0.535434	0.3800240044144582	1.675950671138514	False	0	0	0	0	0	0	1	1	0	0	0	0	0	0	0
NC_000962.3	3629000	3630000	0.000387582	sahH,Rv3249c	3629500.0	0.387582	0.1198272807902244	0.95510978553926	False	0	0	0	0	1	1	0	0	0	0	0	0	0	0	0
NC_000962.3	3630000	3631000	7.90302e-05	Rv3249c,rubB,rubA,alkB	3630500.0	0.0790302	-0.423176313536263	-0.5492104317404787	False	0	0	0	0	0	0	0	0	0	0	0	0	0	0	0
NC_000962.3	3631000	3632000	2.64021e-05	alkB	3631500.0	0.0264020999999999	-0.5157936551384635	-0.805794625470737	False	0	0	0	0	0	0	0	0	0	0	0	0	0	0	0
NC_000962.3	3632000	3633000	0.0	Rv3253c	3632500.0	0.0	-0.5622572803636845	-0.9345160032382342	False	0	0	0	0	0	0	0	0	0	0	0	0	0	0	0
NC_000962.3	3633000	3634000	2.64021e-05	Rv3253c,Rv3254	3633500.0	0.0264020999999999	-0.5157936551384635	-0.805794625470737	False	0	0	0	0	0	0	0	0	0	0	0	0	0	0	0
NC_000962.3	3634000	3635000	3.96031e-05	Rv3254	3634500.0	0.0396031	-0.4925619305181437	-0.7414341803580851	False	0	0	0	0	0	0	0	0	0	0	0	0	0	0	0
NC_000962.3	3635000	3636000	6.54771e-05	Rv3254,manA	3635500.0	0.0654771	-0.4470276798684844	-0.6152875129204102	False	0	0	0	0	0	0	0	0	0	0	0	0	0	0	0
NC_000962.3	3636000	3637000	7.92062e-05	manA,Rv3256c	3636500.0	0.0792062	-0.422866580672603	-0.5483523574779359	False	0	0	0	0	0	0	0	0	0	0	0	0	0	0	0
NC_000962.3	3637000	3638000	5.26281e-05	Rv3256c,pmmA	3637500.0	0.0526281	-0.4696399387614841	-0.6779318095079762	False	0	0	0	0	0	0	0	0	0	0	0	0	0	0	0
NC_000962.3	3638000	3639000	0.000525049	pmmA,Rv3258c	3638500.0	0.525049	0.3617480056126992	1.6253194142265464	False	0	0	0	0	0	0	0	0	0	0	0	0	0	0	0
NC_000962.3	3639000	3640000	5.26281e-05	Rv3258c,Rv3259,whiB2	3639500.0	0.0526281	-0.4696399387614841	-0.6779318095079762	False	0	0	0	0	0	0	0	0	0	0	0	0	0	0	0
NC_000962.3	3640000	3641000	2.64021e-05	whiB2,fbiA	3640500.0	0.0264020999999999	-0.5157936551384635	-0.805794625470737	False	0	0	0	0	0	0	0	0	0	0	0	0	0	0	0
NC_000962.3	3641000	3642000	1.3201e-05	fbiA,fbiB	3641500.0	0.013201	-0.5390255557433647	-0.8701555581255828	False	0	0	0	0	0	0	0	0	0	0	0	0	0	0	0
NC_000962.3	3642000	3643000	2.6226e-05	fbiB	3642500.0	0.026226	-0.5161035639867051	-0.806653187275474	False	0	0	0	0	0	0	0	0	0	0	0	0	0	0	0
NC_000962.3	3643000	3644000	0.000698951	Rv3263	3643500.0	0.698951	0.6677887127502523	2.4731650415260176	False	0	0	0	0	0	0	0	0	0	0	0	0	0	0	0
NC_000962.3	3644000	3645000	3.94271e-05	Rv3263,manB	3644500.0	0.0394271	-0.4928716633818038	-0.7422922546206278	False	0	0	0	0	0	0	0	0	0	0	0	0	0	0	0
NC_000962.3	3645000	3646000	0.000239203	manB,wbbL1	3645500.0	0.239203	-0.141296881579173	0.231699552574324	False	0	0	0	0	0	0	0	0	0	0	0	0	0	0	0
NC_000962.3	3646000	3647000	1.3201e-05	wbbL1,rmlD	3646500.0	0.013201	-0.5390255557433647	-0.8701555581255828	False	0	0	0	0	0	0	0	0	0	0	0	0	0	0	0
NC_000962.3	3647000	3648000	0.000446195	rmlD,Rv3267	3647500.0	0.4461949999999999	0.2229771236181011	1.2408728920757222	False	0	0	0	0	0	0	0	0	0	0	0	0	0	0	0
NC_000962.3	3648000	3649000	3.94271e-05	Rv3267	3648500.0	0.0394271	-0.4928716633818038	-0.7422922546206278	False	0	0	0	0	0	0	0	0	0	0	0	0	0	0	0
NC_000962.3	3649000	3650000	6.58291e-05	Rv3267,Rv3268	3649500.0	0.0658291	-0.4464082141411644	-0.6135713643953248	False	0	0	0	0	0	0	0	0	0	0	0	0	0	0	0
NC_000962.3	3650000	3651000	0.000271413	Rv3268,Rv3269,ctpC	3650500.0	0.271413	-0.0846122478377521	0.3887368934635375	False	0	0	0	0	0	0	0	0	0	0	0	0	0	0	0
NC_000962.3	3651000	3652000	7.88542e-05	ctpC	3651500.0	0.0788542	-0.4234860463999231	-0.5500685060030214	False	0	0	0	0	0	0	0	0	0	0	0	0	0	0	0
NC_000962.3	3652000	3653000	1.3201e-05	ctpC,Rv3271c	3652500.0	0.013201	-0.5390255557433647	-0.8701555581255828	False	0	0	0	0	0	0	0	0	0	0	0	0	0	0	0
NC_000962.3	3653000	3654000	0.000509912	Rv3271c,Rv3272	3653500.0	0.5099119999999999	0.335109219492119	1.5515201522259243	False	0	0	0	0	0	0	0	0	0	0	0	0	0	0	0
NC_000962.3	3654000	3655000	0.000218961	Rv3272,Rv3273	3654500.0	0.218961	-0.1769196805917109	0.1330112615380167	False	0	0	0	0	0	0	0	0	0	0	0	0	0	0	0
NC_000962.3	3655000	3656000	0.0	Rv3273	3655500.0	0.0	-0.5622572803636845	-0.9345160032382342	False	0	0	0	0	0	0	0	0	0	0	0	0	0	0	0
NC_000962.3	3656000	3657000	0.000141339	Rv3273,fadE25	3656500.0	0.141339	-0.3135224325406887	-0.2454287407750077	False	0	0	0	0	0	0	0	0	0	0	0	0	0	0	0
NC_000962.3	3657000	3658000	0.000166685	fadE25	3657500.0	0.166685	-0.2689173804820096	-0.121856296124961	False	0	0	0	0	0	0	0	0	0	0	0	0	0	0	0
NC_000962.3	3658000	3659000	0.000279686	fadE25,purE,purK	3658500.0	0.279686	-0.0700530433999137	0.4290712592249922	False	0	0	0	0	0	0	1	1	0	0	0	0	0	0	0
NC_000962.3	3659000	3660000	6.56531e-05	purK,Rv3277	3659500.0	0.0656530999999999	-0.4467179470048244	-0.6144294386578679	False	0	0	0	0	0	0	0	0	0	0	0	0	0	0	0
NC_000962.3	3660000	3661000	0.0	Rv3277,Rv3278c	3660500.0	0.0	-0.5622572803636845	-0.9345160032382342	False	0	0	0	0	0	0	0	0	0	0	0	0	0	0	0
NC_000962.3	3661000	3662000	0.00046538	Rv3278c,birA	3661500.0	0.46538	0.2567397656028624	1.3344078621148272	False	0	0	0	0	0	0	0	0	0	0	0	0	0	0	0
NC_000962.3	3662000	3663000	6.53011e-05	birA,accD5	3662500.0	0.0653011	-0.4473374127321445	-0.616145587182953	False	0	0	0	0	0	0	0	0	0	0	0	0	0	0	0
NC_000962.3	3663000	3664000	6.54822e-05	accD5,accE5	3663500.0	0.0654821999999999	-0.4470187046548217	-0.6152626482684849	False	0	0	4	1	1	1	1	1	1	1	0	0	0	0	0
NC_000962.3	3664000	3665000	0.000735561	accE5,Rv3282,sseA	3664500.0	0.735561	0.7322166680831745	2.6516542389788	False	0	0	0	0	0	0	0	0	1	1	0	0	0	0	0
NC_000962.3	3665000	3666000	0.000464676	sseA,Rv3284	3665500.0	0.464676	0.2555008341482223	1.3309755650646562	False	0	0	0	0	0	0	0	0	0	0	0	0	0	0	0
NC_000962.3	3666000	3667000	2.64021e-05	Rv3284,accA3	3666500.0	0.0264020999999999	-0.5157936551384635	-0.805794625470737	False	0	0	0	0	1	1	0	0	0	0	0	0	0	0	0
NC_000962.3	3667000	3668000	0.0	accA3	3667500.0	0.0	-0.5622572803636845	-0.9345160032382342	False	0	0	0	0	0	0	0	0	0	0	0	0	0	0	0
NC_000962.3	3668000	3669000	5.28041e-05	accA3,sigF,rsbW	3668500.0	0.0528041	-0.469330205897824	-0.6770737352454336	False	0	0	0	0	0	0	0	0	0	0	0	0	0	0	0
NC_000962.3	3669000	3670000	3.96031e-05	rsbW,usfY	3669500.0	0.0396031	-0.4925619305181437	-0.7414341803580851	False	0	0	0	0	0	0	0	0	0	0	0	0	0	0	0
NC_000962.3	3670000	3671000	0.000806495	Rv3289c,lat	3670500.0	0.806495	0.8570495712130705	2.9974874193152004	False	0	0	0	0	0	0	0	0	0	0	0	0	0	0	0
NC_000962.3	3671000	3672000	0.000385294	lat,lrpA	3671500.0	0.385294	0.1158007535626439	0.9439548201262046	False	0	0	0	0	0	0	0	0	0	0	0	0	0	0	0
NC_000962.3	3672000	3673000	0.000192735	lrpA,Rv3292	3672500.0	0.192735	-0.2230733969686902	0.0051484455752564	False	0	0	0	0	0	0	0	0	0	0	0	0	0	0	0
NC_000962.3	3673000	3674000	7.85021e-05	Rv3292,pcd	3673500.0	0.0785020999999999	-0.4241056881118248	-0.5517851420703019	False	0	0	0	0	0	0	0	0	0	0	0	0	0	0	0
NC_000962.3	3674000	3675000	0.00062945	pcd	3674500.0	0.6294500000000001	0.545477668675043	2.1343183408386164	False	0	0	0	0	0	0	0	0	0	0	0	0	0	0	0
NC_000962.3	3675000	3676000	0.000477701	pcd,Rv3294c	3675500.0	0.477701	0.2784228259048819	1.394477935914765	False	0	0	0	0	0	0	0	0	0	0	0	0	0	0	0
NC_000962.3	3676000	3677000	0.0	Rv3295,lhr	3676500.0	0.0	-0.5622572803636845	-0.9345160032382342	False	0	0	0	0	0	0	0	0	0	0	0	0	0	0	0
NC_000962.3	3677000	3678000	5.26281e-05	lhr	3677500.0	0.0526281	-0.4696399387614841	-0.6779318095079762	False	0	0	0	0	0	0	0	0	0	0	0	0	0	0	0
NC_000962.3	3678000	3679000	0.000817232	lhr	3678500.0	0.817232	0.8759450357421497	3.0498348247522533	False	0	0	0	0	0	0	0	0	0	0	0	0	0	0	0
NC_000962.3	3679000	3680000	0.000548107	lhr	3679500.0	0.548107	0.4023265304437979	1.7377368934635375	False	0	0	0	0	0	0	0	0	0	0	0	0	0	0	0
NC_000962.3	3680000	3681000	0.000535786	lhr	3680500.0	0.535786	0.3806434701417784	1.677666819663599	False	0	0	0	0	0	0	0	0	0	0	0	0	0	0	0
NC_000962.3	3681000	3682000	0.000551099	lhr,nei	3681500.0	0.551099	0.4075919891260186	1.752324155926764	False	0	0	0	0	0	0	0	0	0	0	0	0	0	0	0
NC_000962.3	3682000	3683000	6.54771e-05	nei,lpqC	3682500.0	0.0654771	-0.4470276798684844	-0.6152875129204102	False	0	0	0	0	0	0	0	0	0	0	0	0	0	0	0
NC_000962.3	3683000	3684000	0.000565356	lpqC,atsB	3683500.0	0.5653560000000001	0.4326821109282986	1.821833046614672	False	0	0	0	0	0	0	0	0	0	0	0	0	0	0	0
NC_000962.3	3684000	3685000	0.000232162	atsB	3684500.0	0.232162	-0.1536879559713911	0.1973717066506683	False	0	0	0	0	0	0	0	0	0	0	0	0	0	0	0
NC_000962.3	3685000	3686000	0.000207168	atsB,Rv3300c	3685500.0	0.207168	-0.1976735423027502	0.0755154105257071	False	0	0	0	0	0	0	0	0	0	0	0	0	0	0	0
NC_000962.3	3686000	3687000	3.94271e-05	Rv3300c,phoY1	3686500.0	0.0394271	-0.4928716633818038	-0.7422922546206278	False	0	0	0	0	0	0	0	0	0	0	0	0	0	0	0
NC_000962.3	3687000	3688000	0.00025874	phoY1,glpD2	3687500.0	0.2587399999999999	-0.1069147738670917	0.3269506711385136	False	0	0	0	0	1	1	0	0	0	0	0	0	0	0	0
NC_000962.3	3688000	3689000	6.53011e-05	glpD2	3688500.0	0.0653011	-0.4473374127321445	-0.616145587182953	False	0	0	0	0	0	0	0	0	0	0	0	0	0	0	0
NC_000962.3	3689000	3690000	5.28041e-05	glpD2,lpdA	3689500.0	0.0528041	-0.469330205897824	-0.6770737352454336	False	0	0	0	0	0	0	0	0	0	0	0	0	0	0	0
NC_000962.3	3690000	3691000	0.000525225	lpdA	3690500.0	0.525225	0.3620577384763594	1.6261774884890894	False	0	0	1	1	0	0	1	1	0	0	0	0	0	0	0
NC_000962.3	3691000	3692000	3.94271e-05	Rv3304,amiA1	3691500.0	0.0394271	-0.4928716633818038	-0.7422922546206278	False	0	0	2	1	0	0	1	1	0	0	0	0	0	0	0
NC_000962.3	3692000	3693000	0.000138699	amiA1,amiB1	3692500.0	0.138699	-0.3181684254955894	-0.2582998547131488	False	0	0	0	0	0	0	0	0	0	0	0	0	0	0	0
NC_000962.3	3693000	3694000	0.00104341	amiB1	3693500.0	1.04341	1.2739834427700016	4.152548009714703	False	0	0	0	0	0	0	0	0	0	0	0	0	0	0	0
NC_000962.3	3694000	3695000	0.000205936	deoD,pmmB	3694500.0	0.2059359999999999	-0.1998416723483705	0.0695088906879075	False	0	0	0	0	0	0	0	0	0	0	0	0	0	0	0
NC_000962.3	3695000	3696000	2.64021e-05	pmmB	3695500.0	0.0264020999999999	-0.5157936551384635	-0.805794625470737	False	0	0	0	0	0	0	0	0	0	0	0	0	0	0	0
NC_000962.3	3696000	3697000	0.000345691	pmmB,upp	3696500.0	0.345691	0.0461055797016848	0.75087348478825	False	0	0	0	0	0	0	0	0	0	0	0	0	0	0	0
NC_000962.3	3697000	3698000	0.000394271	upp,sapM	3697500.0	0.394271	0.1315988894551225	0.9877214829378302	False	0	0	0	0	0	0	0	0	0	0	0	0	0	0	0
NC_000962.3	3698000	3699000	5.26281e-05	sapM,Rv3311	3698500.0	0.0526281	-0.4696399387614841	-0.6779318095079762	False	0	0	0	0	0	0	0	0	0	0	0	0	0	0	0
NC_000962.3	3699000	3700000	2.64021e-05	Rv3311,Rv3312c	3699500.0	0.0264020999999999	-0.5157936551384635	-0.805794625470737	False	0	0	0	0	0	0	0	0	0	0	0	0	0	0	0
NC_000962.3	3700000	3701000	0.0001519	Rv3312c,Rv3312A	3700500.0	0.1519	-0.2949367008752697	-0.1939394096004972	False	0	0	0	0	0	0	0	0	0	0	0	0	0	0	0
NC_000962.3	3701000	3702000	3.94271e-05	Rv3312A,add	3701500.0	0.0394271	-0.4928716633818038	-0.7422922546206278	False	0	0	0	0	0	0	0	0	0	0	0	0	0	0	0
NC_000962.3	3702000	3703000	9.13511e-05	add,deoA	3702500.0	0.0913510999999999	-0.4014934292188252	-0.4891408454827359	False	0	0	0	0	0	0	0	0	0	0	0	0	0	0	0
NC_000962.3	3703000	3704000	3.96031e-05	deoA,cdd	3703500.0	0.0396031	-0.4925619305181437	-0.7414341803580851	False	0	0	0	0	0	0	0	0	0	0	0	0	0	0	0
NC_000962.3	3704000	3705000	0.000839409	sdhC,sdhD,sdhA	3704500.0	0.8394090000000001	0.9149731364091316	3.157957057254585	False	0	0	0	0	0	0	1	1	0	0	0	0	0	0	0
NC_000962.3	3705000	3706000	9.17032e-05	sdhA	3705500.0	0.0917032	-0.4008737875069235	-0.4874242094154553	False	0	0	0	0	0	0	0	0	0	0	0	0	0	0	0
NC_000962.3	3706000	3707000	9.18792e-05	sdhA,sdhB	3706500.0	0.0918792	-0.4005640546432634	-0.4865661351529126	False	0	0	0	0	0	0	0	0	0	0	0	0	0	0	0
NC_000962.3	3707000	3708000	6.58291e-05	sdhB,vapC44	3707500.0	0.0658291	-0.4464082141411644	-0.6135713643953248	False	0	0	0	0	0	0	1	1	0	0	0	0	0	0	0
NC_000962.3	3708000	3709000	0.000156124	vapC44,vapB44,Rv3322c	3708500.0	0.1561239999999999	-0.2875031121474286	-0.173345627299472	False	0	0	0	0	0	0	0	0	0	0	0	0	0	0	0
NC_000962.3	3709000	3710000	8.8096e-05	Rv3322c,moaX,moaC3	3709500.0	0.088096	-0.4072219033353014	-0.5050108314600245	False	0	0	0	0	0	0	0	0	0	0	0	0	0	0	0
NC_000962.3	3710000	3711000	9.24542e-06	moaC3,Rv3324A,Rv3325,Rv3326	3710500.0	0.0092454199999999	-0.545986766657208	-0.8894406796677924	False	15	1	0	0	0	0	1	1	2	1	0	0	15	0	0
NC_000962.3	3711000	3712000	0.000496992	Rv3326,Rv3327	3711500.0	0.496992	0.3123720115461657	1.488529700680174	False	15	1	0	0	0	0	1	1	2	1	0	0	15	0	0
NC_000962.3	3712000	3713000	0.000859651	Rv3327	3712500.0	0.859651	0.9505959354216694	3.256645348290892	False	1	1	0	0	0	0	1	1	1	1	0	0	1	1	1
NC_000962.3	3713000	3714000	0.000137291	Rv3327,sigJ	3713500.0	0.137291	-0.3206462884048698	-0.2651644488134906	False	0	0	0	0	0	0	0	0	1	1	0	0	0	0	0
NC_000962.3	3714000	3715000	0.000461332	sigJ,Rv3329	3714500.0	0.461332	0.2496159097386813	1.3146721540763444	False	0	0	0	0	0	0	0	0	0	0	0	0	0	0	0
NC_000962.3	3715000	3716000	0.000128314	Rv3329,dacB1	3715500.0	0.128314	-0.3364444242973484	-0.3089311116251164	False	0	0	0	0	0	0	0	0	0	0	0	0	0	0	0
NC_000962.3	3716000	3717000	0.000150492	dacB1	3716500.0	0.150492	-0.29741456378455	-0.2008040037008392	False	0	0	0	0	0	0	0	0	0	0	0	0	0	0	0
NC_000962.3	3717000	3718000	0.000214385	sugI	3717500.0	0.214385	-0.1849727350468721	0.1107013307119055	False	0	0	0	0	1	1	0	0	0	0	0	0	0	0	0
NC_000962.3	3718000	3719000	6.58291e-05	sugI,nagA	3718500.0	0.0658291	-0.4464082141411644	-0.6135713643953248	False	0	0	0	0	0	0	0	0	0	0	0	0	0	0	0
NC_000962.3	3719000	3720000	1.3201e-05	nagA,Rv3333c	3719500.0	0.013201	-0.5390255557433647	-0.8701555581255828	False	0	0	0	0	0	0	0	0	0	0	0	0	0	0	0
NC_000962.3	3720000	3721000	3.94271e-05	Rv3333c	3720500.0	0.0394271	-0.4928716633818038	-0.7422922546206278	False	0	0	0	0	0	0	0	0	0	0	0	0	0	0	0
NC_000962.3	3721000	3722000	6.60051e-05	Rv3334,Rv3335c	3721500.0	0.0660051	-0.4460984812775044	-0.6127132901327821	False	0	0	0	0	0	0	0	0	0	0	0	0	0	0	0
NC_000962.3	3722000	3723000	6.56566e-05	Rv3335c,trpS	3722500.0	0.0656566	-0.4467117875444675	-0.6144123746810556	False	0	0	0	0	0	0	0	0	0	0	0	0	0	0	0
NC_000962.3	3723000	3724000	0.000217377	trpS,Rv3337,Rv3338	3723500.0	0.217377	-0.1797072763646513	0.125288593175132	False	0	0	0	0	0	0	0	0	0	0	0	0	0	0	0
NC_000962.3	3724000	3725000	0.000117929	Rv3337,Rv3338,icd1	3724500.0	0.117929	-0.3547204230991073	-0.3595623685370842	False	0	0	0	0	0	0	1	1	0	0	0	0	0	0	0
NC_000962.3	3725000	3726000	1.3201e-05	icd1	3725500.0	0.013201	-0.5390255557433647	-0.8701555581255828	False	0	0	0	0	0	0	0	0	0	0	0	0	0	0	0
NC_000962.3	3726000	3727000	2.64021e-05	metC	3726500.0	0.0264020999999999	-0.5157936551384635	-0.805794625470737	False	0	0	0	0	0	0	0	0	0	0	0	0	0	0	0
NC_000962.3	3727000	3728000	0.000280214	metC,metA	3727500.0	0.2802139999999999	-0.0691238448089336	0.43164548201262	False	0	0	0	0	0	0	0	0	0	0	0	0	0	0	0
NC_000962.3	3728000	3729000	0.000138875	metA,Rv3342	3728500.0	0.138875	-0.3178586926319294	-0.257441780450606	False	0	0	0	0	0	0	0	0	0	0	0	0	0	0	0
NC_000962.3	3729000	3730000	0.000178478	Rv3342,PPE54	3729500.0	0.178478	-0.2481635187709702	-0.0643604451126514	False	0	0	0	0	0	0	2	1	1	1	0	0	0	0	0
NC_000962.3	3730000	3731000	0.0033572	PPE54	3730500.0	3.3572	5.345897093951695	15.433250554764468	True	2	1	0	0	0	0	1	1	1	1	2	2	2	23	22
NC_000962.3	3731000	3732000	6.84274e-05	PPE54	3731500.0	0.0684274	-0.4418356067568013	-0.600903555552343	False	2	1	0	0	0	0	2	1	1	1	0	0	2	7	7
NC_000962.3	3732000	3733000	0.00422288	PPE54	3732500.0	4.22288	6.869360420163222	19.653805825207638	True	1	1	0	0	1	1	1	1	1	1	0	0	1	10	10
NC_000962.3	3733000	3734000	0.000273582	PPE54	3733500.0	0.273582	-0.0807951422623053	0.3993116836649873	False	0	0	0	0	0	0	0	0	1	1	0	0	0	0	0
NC_000962.3	3734000	3735000	0.000396016	PPE54	3734500.0	0.396016	0.1346698204044792	0.9962290942340636	False	0	0	0	0	0	0	1	1	1	1	0	0	0	0	0
NC_000962.3	3735000	3736000	0.00255894	PPE54	3735500.0	2.55894	3.941082572671761	11.541396231938531	True	1	1	0	0	0	0	1	1	1	1	5	7	1	8	8
NC_000962.3	3736000	3737000	0.00167686	PPE54,PE_PGRS49	3736500.0	1.67686	2.38875777507373	7.240884041576615	False	1	1	0	0	2	1	3	1	2	1	4	6	1	12	12
NC_000962.3	3737000	3738000	0.000208681	PE_PGRS49	3737500.0	0.208681	-0.1950108955827636	0.0828919239304069	False	0	0	0	0	1	1	1	1	1	1	0	0	0	0	0
NC_000962.3	3738000	3739000	0.000476772	PE_PGRS49,PE_PGRS50	3738500.0	0.476772	0.2767879291415854	1.3899486689266844	False	1	1	0	0	1	1	4	1	2	1	0	0	1	130	130
NC_000962.3	3739000	3740000	0.000562795	PE_PGRS50	3739500.0	0.562795	0.4281751457928818	1.8093470910102856	False	0	0	0	0	1	1	2	1	1	1	0	1	0	0	0
NC_000962.3	3740000	3741000	0.000348617	PE_PGRS50	3740500.0	0.348617	0.051254888560033	0.765138969403023	False	0	0	0	0	1	1	3	1	1	1	0	0	0	0	0
NC_000962.3	3741000	3742000	0.000555401	PE_PGRS50	3741500.0	0.5554009999999999	0.4151628458275272	1.773298221139598	False	0	0	0	0	1	1	3	1	1	1	0	0	0	0	0
NC_000962.3	3742000	3743000	0.000145699	PE_PGRS50	3742500.0	0.145699	-0.3058495047818376	-0.2241719010892899	False	0	0	0	0	1	1	1	1	1	1	0	0	0	0	0
NC_000962.3	3743000	3744000	0.00119827	Rv3346c,PPE55	3743500.0	1.19827	1.546513165874517	4.907555852313386	False	2	1	0	0	0	0	3	1	2	1	0	0	2	43	43
NC_000962.3	3744000	3745000	0.000382035	PPE55	3744500.0	0.382035	0.1100654160474843	0.9280658200033252	False	5	1	0	0	0	0	3	1	1	1	0	0	6	433	275
NC_000962.3	3745000	3746000	0.000451981	PPE55	3745500.0	0.451981	0.2331595915109251	1.2690820834568153	False	5	1	0	0	0	0	5	1	1	1	0	0	6	852	457
NC_000962.3	3746000	3747000	0.00300907	PPE55	3746500.0	3.00907	4.733241969940492	13.735969912611042	True	7	1	0	0	0	0	1	1	1	1	2	2	7	656	425
NC_000962.3	3747000	3748000	0.000181151	PPE55	3747500.0	0.181151	-0.2434594509041333	-0.0513284422502836	False	7	1	0	0	0	0	2	1	1	1	0	0	7	843	505
NC_000962.3	3748000	3749000	8.75297e-05	PPE55	3748500.0	0.0875297	-0.408218504021044	-0.5077717829081945	False	5	1	0	0	1	1	4	1	1	1	0	0	5	655	411
NC_000962.3	3749000	3750000	0.000331869	PPE55	3749500.0	0.3318689999999999	0.0217809908294736	0.683485402646967	False	3	1	0	0	1	1	0	0	1	1	0	0	3	182	180
NC_000962.3	3750000	3751000	0.00634437	PPE55	3750500.0	6.3443700000000005	10.60285572087999	29.99696472999053	True	4	1	0	0	0	0	1	1	1	1	2	4	5	672	398
NC_000962.3	3751000	3752000	0.000326658	PPE55	3751500.0	0.326658	0.0126104342809935	0.6580795788849777	False	4	1	0	0	0	0	3	1	1	1	0	0	5	521	411
NC_000962.3	3752000	3753000	0.0010238	PPE55	3752500.0	1.0238	1.239472866313334	4.056940985348436	False	2	1	0	0	1	1	7	1	1	1	2	2	2	218	187
NC_000962.3	3753000	3754000	0.000960402	PPE55,Rv3348	3753500.0	0.960402	1.1279021612546998	3.747848984799092	False	2	1	0	0	1	1	2	1	2	1	0	0	2	3	3
NC_000962.3	3754000	3755000	0.000573984	Rv3348,Rv3349c	3754500.0	0.573984	0.4478660606309059	1.8638981871670512	False	1	1	0	0	0	0	1	1	2	1	0	0	1	0	0
NC_000962.3	3755000	3756000	6.28516e-05	Rv3349c,PPE56	3755500.0	0.0628516	-0.4516481550590496	-0.6280879332403303	False	1	1	0	0	0	0	0	0	2	1	0	0	1	8	8
NC_000962.3	3756000	3757000	5.07078e-05	PPE56	3756500.0	0.0507078	-0.4730193706824295	-0.68729408227139	False	6	1	1	1	0	0	3	1	1	1	0	0	5	229	206
NC_000962.3	3757000	3758000	0.00016758	PPE56	3757500.0	0.1675799999999999	-0.2673423184764656	-0.1174927934830539	False	6	1	1	1	0	0	5	1	1	1	0	1	5	740	423
NC_000962.3	3758000	3759000	0.00032338	PPE56	3758500.0	0.32338	0.0068416596953252	0.6420979457451192	False	6	1	2	1	1	1	3	1	1	1	1	1	5	465	410
NC_000962.3	3759000	3760000	9.13535e-05	PPE56	3759500.0	0.0913535	-0.4014892055888662	-0.4891291444700643	False	4	1	2	1	1	1	6	1	1	1	0	0	3	366	277
NC_000962.3	3760000	3761000	0.000476094	PPE56	3760500.0	0.4760939999999999	0.2755947536781677	1.386643132847116	False	2	1	2	1	1	1	3	1	1	1	0	0	2	265	231
NC_000962.3	3761000	3762000	0.000614664	PPE56	3761500.0	0.614664	0.5194565884359665	2.0622303519411336	False	2	1	2	1	1	1	0	0	1	1	0	0	2	192	184
NC_000962.3	3762000	3763000	0.000754045	PPE56	3762500.0	0.754045	0.7647456581507442	2.7417715382335714	False	4	1	2	1	0	0	2	1	1	1	0	0	4	530	311
NC_000962.3	3763000	3764000	0.000358842	PPE56	3763500.0	0.358842	0.069249312031192	0.8149901588035882	False	4	1	2	1	0	0	3	1	1	1	0	0	4	544	402
NC_000962.3	3764000	3765000	0.00044606	PPE56	3764500.0	0.44606	0.2227395444329074	1.2402147101129768	False	4	1	1	1	0	0	5	1	1	1	0	0	4	563	363
NC_000962.3	3765000	3766000	3.96031e-05	PPE56	3765500.0	0.0396031	-0.4925619305181437	-0.7414341803580851	False	4	1	1	1	0	0	3	1	1	1	0	0	4	235	214
NC_000962.3	3766000	3767000	0.000653539	PPE56	3766500.0	0.653539	0.5878705945426954	2.251762380102207	False	2	1	0	0	1	1	6	1	1	1	3	3	2	170	168
NC_000962.3	3767000	3768000	7.86781e-05	PPE56,Rv3351c	3767500.0	0.0786781	-0.4237959552481647	-0.5509270678077587	False	2	1	0	0	0	0	1	1	1	1	0	0	2	29	29
NC_000962.3	3768000	3769000	2.64021e-05	Rv3351c,Rv3352c,Rv3353c	3768500.0	0.0264020999999999	-0.5157936551384635	-0.805794625470737	False	0	0	0	0	0	0	0	0	0	0	0	0	0	0	0
NC_000962.3	3769000	3770000	3.96031e-05	Rv3354,Rv3355c,folD	3769500.0	0.0396031	-0.4925619305181437	-0.7414341803580851	False	1	1	0	0	0	0	2	1	1	1	0	0	1	7	7
NC_000962.3	3770000	3771000	0.000218961	folD,relJ	3770500.0	0.218961	-0.1769196805917109	0.1330112615380167	False	0	0	0	0	0	0	1	1	0	0	0	0	0	0	0
NC_000962.3	3771000	3772000	0.000395679	relJ,relK,Rv3359	3771500.0	0.395679	0.1340767523644029	0.994586077038172	False	0	0	0	0	0	0	1	1	0	0	0	0	0	0	0
NC_000962.3	3772000	3773000	0.000345089	Rv3359,Rv3360	3772500.0	0.345089	0.0450461525203021	0.7479384807765979	False	0	0	0	0	0	0	0	0	0	0	0	0	0	0	0
NC_000962.3	3773000	3774000	0.000140107	Rv3360,Rv3361c,Rv3362c	3773500.0	0.1401069999999999	-0.315690562586309	-0.2514352606128073	False	0	0	0	0	0	0	0	0	0	0	0	0	0	0	0
NC_000962.3	3774000	3775000	0.000232338	Rv3362c,Rv3363c,Rv3364c,Rv3365c	3774500.0	0.232338	-0.1533782231077311	0.1982297809132109	False	0	0	0	0	0	0	0	0	0	0	0	0	0	0	0
NC_000962.3	3775000	3776000	0.00104499	Rv3365c	3775500.0	1.04499	1.2767639991596769	4.160251176389803	False	0	0	0	0	0	0	0	0	0	0	0	0	0	0	0
NC_000962.3	3776000	3777000	0.000163165	Rv3365c	3776500.0	0.163165	-0.2751120377552105	-0.1390177813758158	False	0	0	0	0	0	0	0	0	0	0	0	0	0	0	0
NC_000962.3	3777000	3778000	0.000393743	Rv3365c,spoU	3777500.0	0.393743	0.1306696908641424	0.9851472601502022	False	0	0	0	0	0	0	0	0	0	0	0	0	0	0	0
NC_000962.3	3778000	3779000	0.0015285	spoU,PE_PGRS51	3778500.0	1.5285	2.127667049774841	6.5175664416286585	False	0	0	0	0	1	1	0	0	1	1	0	0	0	0	0
NC_000962.3	3779000	3780000	0.000264549	PE_PGRS51	3779500.0	0.264549	-0.0966918295204939	0.3552719972243706	False	0	0	0	0	1	1	0	0	1	1	0	0	0	0	0
NC_000962.3	3780000	3781000	0.000216321	PE_PGRS51,Rv3368c,Rv3369	3780500.0	0.216321	-0.1815656735466116	0.1201401475998757	False	0	0	0	0	1	1	0	0	1	1	0	0	0	0	0
NC_000962.3	3781000	3782000	2.64021e-05	Rv3369,dnaE2	3781500.0	0.0264020999999999	-0.5157936551384635	-0.805794625470737	False	0	0	0	0	0	0	0	0	0	0	0	0	0	0	0
NC_000962.3	3782000	3783000	1.3201e-05	dnaE2	3782500.0	0.013201	-0.5390255557433647	-0.8701555581255828	False	0	0	0	0	0	0	0	0	0	0	0	0	0	0	0
NC_000962.3	3783000	3784000	0.000307672	dnaE2	3783500.0	0.307672	-0.0208019983863339	0.5655148178131799	False	0	0	0	0	1	1	0	0	0	0	0	0	0	0	0
NC_000962.3	3784000	3785000	0.000362236	dnaE2,Rv3371	3784500.0	0.362236	0.0752222287315453	0.8315373408892135	False	0	0	0	0	0	0	0	0	0	0	0	0	0	0	0
NC_000962.3	3785000	3786000	0.000345023	Rv3371	3785500.0	0.345023	0.0449300026964296	0.7476167029281446	False	0	0	0	0	0	0	0	0	0	0	0	0	0	0	0
NC_000962.3	3786000	3787000	0.000332666	Rv3371,otsB2	3786500.0	0.332666	0.0231835879450251	0.6873711139381412	False	0	0	0	0	0	0	0	0	0	0	0	0	0	0	0
NC_000962.3	3787000	3788000	0.000181998	otsB2,echA18	3787500.0	0.181998	-0.2419688614977693	-0.0471989598617967	False	0	0	0	0	0	0	0	0	0	0	0	0	0	0	0
NC_000962.3	3788000	3789000	0.000534906	echA18,echA18.1,amiD	3788500.0	0.534906	0.3790948058234782	1.6733764483508855	False	0	0	0	0	0	0	0	0	0	0	0	0	0	0	0
NC_000962.3	3789000	3790000	0.000157532	amiD	3789500.0	0.157532	-0.2850252492381482	-0.1664810331991296	False	0	0	0	0	0	0	0	0	0	0	0	0	0	0	0
NC_000962.3	3790000	3791000	7.88542e-05	amiD,Rv3376,Rv3377c	3790500.0	0.0788542	-0.4234860463999231	-0.5500685060030214	False	0	0	0	0	0	0	0	0	0	0	0	0	0	0	0
NC_000962.3	3791000	3792000	0.000180062	Rv3377c	3791500.0	0.180062	-0.2453759229980298	-0.0566377767497668	False	0	0	0	0	0	0	0	0	0	0	0	0	0	0	0
NC_000962.3	3792000	3793000	0.000297287	Rv3377c,Rv3378c	3792500.0	0.2972869999999999	-0.0390779971880929	0.5148835609012118	False	0	0	0	0	0	0	0	0	0	0	0	0	0	0	0
NC_000962.3	3793000	3794000	0.000245363	Rv3378c,dxs2	3793500.0	0.245363	-0.1304562313510714	0.2617321517633198	False	0	0	0	0	0	0	0	0	0	0	0	0	0	0	0
NC_000962.3	3794000	3795000	0.000127627	dxs2	3794500.0	0.127627	-0.3376534383731123	-0.312280526502201	False	0	0	0	0	0	0	0	0	0	0	0	0	0	0	0
NC_000962.3	3795000	3796000	0.0	Rv3380c	3795500.0	0.0	-0.5622572803636845	-0.9345160032382342	False	15	1	0	0	0	0	1	1	1	1	0	0	15	5	4
NC_000962.3	3796000	3797000	0.000218445	Rv3380c,Rv3381c,lytB1	3796500.0	0.218445	-0.177827761032896	0.1304955438137437	False	15	1	0	0	0	0	1	1	2	1	0	0	15	2	2
NC_000962.3	3797000	3798000	5.28041e-05	lytB1,idsB	3797500.0	0.0528041	-0.469330205897824	-0.6770737352454336	False	0	0	0	0	0	0	0	0	0	0	0	0	0	0	0
NC_000962.3	3798000	3799000	0.00104939	idsB	3798500.0	1.04939	1.284507320751178	4.181703032953371	False	0	0	0	0	0	0	0	0	0	0	0	0	0	0	0
NC_000962.3	3799000	3800000	0.000155772	vapC46,vapB46	3799500.0	0.155772	-0.2881225778747487	-0.175061775824557	False	0	0	0	0	0	0	0	0	0	0	0	0	0	0	0
NC_000962.3	3800000	3801000	5.28041e-05	Rv3386,Rv3387	3800500.0	0.0528041	-0.469330205897824	-0.6770737352454336	False	0	0	0	0	0	0	1	1	2	1	0	0	0	0	0
NC_000962.3	3801000	3802000	6.60051e-05	Rv3387,PE_PGRS52	3801500.0	0.0660051	-0.4460984812775044	-0.6127132901327821	False	0	0	0	0	0	0	1	1	2	1	0	0	0	0	0
NC_000962.3	3802000	3803000	0.000214757	PE_PGRS52	3802500.0	0.214757	-0.184318072403227	0.1125149876759164	False	1	1	0	0	1	1	4	1	1	1	0	0	1	81	81
NC_000962.3	3803000	3804000	6.5918e-05	PE_PGRS52,htdY	3803500.0	0.065918	-0.4462517638480998	-0.6131379393843017	False	0	0	0	0	1	1	2	1	1	1	0	0	0	0	0
NC_000962.3	3804000	3805000	0.000634802	htdY,lpqD	3804500.0	0.634802	0.5548963634836143	2.160411599095029	False	0	0	0	0	0	0	0	0	0	0	0	0	0	0	0
NC_000962.3	3805000	3806000	0.000377549	lpqD,acrA1	3805500.0	0.377549	0.1021707477157857	0.9061946771523778	False	0	0	0	0	0	0	0	0	0	0	0	0	0	0	0
NC_000962.3	3806000	3807000	0.00010508	acrA1	3806500.0	0.10508	-0.3773326819921069	-0.4222066651246502	False	0	0	0	0	0	0	0	0	0	0	0	0	0	0	0
NC_000962.3	3807000	3808000	0.000219137	acrA1,cmaA1	3807500.0	0.219137	-0.1766099477280508	0.1338693358005595	False	0	0	0	0	0	0	0	0	0	0	0	0	0	0	0
NC_000962.3	3808000	3809000	0.000319289	cmaA1,iunH	3808500.0	0.319289	-0.0003578695389546	0.6221525945629468	False	0	0	0	0	0	0	1	1	0	0	0	0	0	0	0
NC_000962.3	3809000	3810000	0.000104552	iunH,Rv3394c	3809500.0	0.1045519999999999	-0.3782618805830871	-0.4247808879122789	False	0	0	0	0	0	0	0	0	0	0	0	0	0	0	0
NC_000962.3	3810000	3811000	0.0	Rv3394c	3810500.0	0.0	-0.5622572803636845	-0.9345160032382342	False	0	0	0	0	0	0	0	0	0	0	0	0	0	0	0
NC_000962.3	3811000	3812000	0.00135619	Rv3394c,Rv3395c,Rv3395A	3811500.0	1.35619	1.8244280171767584	5.677482486067642	False	0	0	0	0	0	0	0	0	0	0	0	0	0	0	0
NC_000962.3	3812000	3813000	0.000307672	Rv3395A,guaA	3812500.0	0.307672	-0.0208019983863339	0.5655148178131799	False	0	0	0	0	0	0	0	0	0	0	0	0	0	0	0
NC_000962.3	3813000	3814000	0.000504279	guaA	3813500.0	0.5042789999999999	0.3251960080091812	1.5240569004026103	False	0	0	0	0	0	0	0	0	0	0	0	0	0	0	0
NC_000962.3	3814000	3815000	2.64021e-05	guaA,phyA	3814500.0	0.0264020999999999	-0.5157936551384635	-0.805794625470737	False	0	0	0	0	0	0	0	0	0	0	0	0	0	0	0
NC_000962.3	3815000	3816000	0.0005687	idsA1	3815500.0	0.5687	0.4385670353378395	1.838136457602984	False	0	0	0	0	0	0	0	0	0	0	0	0	0	0	0
NC_000962.3	3816000	3817000	0.000232338	idsA1,Rv3399	3816500.0	0.232338	-0.1533782231077311	0.1982297809132109	False	0	0	0	0	0	0	0	0	0	0	0	0	0	0	0
NC_000962.3	3817000	3818000	0.000104904	Rv3399,Rv3400	3817500.0	0.104904	-0.377642414855767	-0.423064739387193	False	0	0	0	0	0	0	0	0	0	0	0	0	0	0	0
NC_000962.3	3818000	3819000	2.64021e-05	Rv3400,Rv3401	3818500.0	0.0264020999999999	-0.5157936551384635	-0.805794625470737	False	0	0	0	0	0	0	0	0	0	0	0	0	0	0	0
NC_000962.3	3819000	3820000	3.94271e-05	Rv3401	3819500.0	0.0394271	-0.4928716633818038	-0.7422922546206278	False	0	0	0	0	0	0	0	0	0	0	0	0	0	0	0
NC_000962.3	3820000	3821000	0.000840662	Rv3401,Rv3402c	3820500.0	0.840662	0.9171782232168936	3.1640659609532555	False	0	0	0	0	1	1	2	1	0	0	0	0	0	0	0
NC_000962.3	3821000	3822000	0.000677301	Rv3402c	3821500.0	0.677301	0.6296880508284343	2.367612156389369	False	0	0	0	0	0	0	0	0	0	0	0	0	0	0	0
NC_000962.3	3822000	3823000	0.000188159	Rv3403c	3822500.0	0.188159	-0.2311264514238514	-0.0171614852508547	False	0	0	0	0	0	0	0	0	0	0	0	0	0	0	0
NC_000962.3	3823000	3824000	0.000284438	Rv3403c,Rv3404c	3823500.0	0.2844379999999999	-0.0616902560810925	0.4522392643136457	False	0	0	0	0	0	0	0	0	0	0	0	0	0	0	0
NC_000962.3	3824000	3825000	3.94271e-05	Rv3404c,Rv3405c	3824500.0	0.0394271	-0.4928716633818038	-0.7422922546206278	False	0	0	0	0	0	0	0	0	0	0	0	0	0	0	0
NC_000962.3	3825000	3826000	0.00012409	Rv3405c,Rv3406	3825500.0	0.12409	-0.3438780130251895	-0.3295248939261421	False	0	0	0	0	0	0	0	0	0	0	0	0	0	0	0
NC_000962.3	3826000	3827000	0.000438274	Rv3406,vapB47,vapC47,choD	3826500.0	0.438274	0.2090373849075828	1.2022546748393532	False	0	0	0	0	0	0	0	0	0	0	0	0	0	0	0
NC_000962.3	3827000	3828000	2.64021e-05	choD	3827500.0	0.0264020999999999	-0.5157936551384635	-0.805794625470737	False	0	0	0	0	0	0	0	0	0	0	0	0	0	0	0
NC_000962.3	3828000	3829000	6.53011e-05	choD,guaB3	3828500.0	0.0653011	-0.4473374127321445	-0.616145587182953	False	0	0	0	0	0	0	0	0	0	0	0	0	0	0	0
NC_000962.3	3829000	3830000	0.000253284	guaB3,guaB2	3829500.0	0.253284	-0.1165164926405531	0.3003503689996893	False	0	0	0	0	0	0	0	0	0	0	0	0	0	0	0
NC_000962.3	3830000	3831000	0.00117472	guaB2	3830500.0	1.17472	1.5050687969018233	4.792739665478832	False	0	0	0	0	0	0	0	0	0	0	0	0	0	0	0
NC_000962.3	3831000	3832000	0.000105256	guaB2,Rv3412	3831500.0	0.105256	-0.3770229491284469	-0.4213485908621075	False	0	0	0	0	0	0	0	0	0	0	0	0	0	0	0
NC_000962.3	3832000	3833000	0.000104904	Rv3412,Rv3413c	3832500.0	0.104904	-0.377642414855767	-0.423064739387193	False	0	0	0	0	0	0	0	0	0	0	0	0	0	0	0
NC_000962.3	3833000	3834000	3.96031e-05	Rv3413c,sigD,Rv3415c	3833500.0	0.0396031	-0.4925619305181437	-0.7414341803580851	False	0	0	0	0	0	0	0	0	0	0	0	0	0	0	0
NC_000962.3	3834000	3835000	0.000530329	Rv3415c,whiB3	3834500.0	0.5303289999999999	0.3710399915225006	1.651061642102828	False	0	0	0	0	0	0	0	0	0	0	0	0	0	0	0
NC_000962.3	3835000	3836000	5.26281e-05	whiB3,groEL1	3835500.0	0.0526281	-0.4696399387614841	-0.6779318095079762	False	0	0	0	0	0	0	1	1	0	0	0	0	0	0	0
NC_000962.3	3836000	3837000	0.000189919	groEL1,groES	3836500.0	0.189919	-0.228029122787251	-0.0085807426254272	False	0	0	0	0	0	0	0	0	0	0	0	0	0	0	0
NC_000962.3	3837000	3838000	1.3201e-05	groES,gcp	3837500.0	0.013201	-0.5390255557433647	-0.8701555581255828	False	0	0	0	0	0	0	0	0	0	0	0	0	0	0	0
NC_000962.3	3838000	3839000	5.26281e-05	gcp,rimI	3838500.0	0.0526281	-0.4696399387614841	-0.6779318095079762	False	0	0	0	0	0	0	0	0	0	0	0	0	0	0	0
NC_000962.3	3839000	3840000	1.3201e-05	rimI,Rv3421c,Rv3422c	3839500.0	0.013201	-0.5390255557433647	-0.8701555581255828	False	0	0	0	0	0	0	0	0	0	0	0	0	0	0	0
NC_000962.3	3840000	3841000	0.00025698	Rv3422c,alr	3840500.0	0.25698	-0.1100121025036921	0.3183699285130866	False	0	0	0	0	0	0	0	0	0	0	0	0	0	0	0
NC_000962.3	3841000	3842000	0.00126386	alr,Rv3424c	3841500.0	1.26386	1.6619414529623715	5.227334777768943	False	1	1	0	0	0	0	1	1	1	1	1	3	1	18	18
NC_000962.3	3842000	3843000	0.00754143	Rv3424c,PPE57	3842500.0	7.54143	12.70949675368053	35.83313732498717	True	3	1	0	0	0	0	5	1	2	1	0	0	3	197	156
NC_000962.3	3843000	3844000	0.000164881	PPE58,Rv3427c	3843500.0	0.164881	-0.272092142334525	-0.1306515573160241	False	1	1	0	0	0	0	4	1	2	1	0	0	1	96	96
NC_000962.3	3844000	3845000	8.16703e-05	Rv3427c,Rv3428c	3844500.0	0.0816703	-0.4185301445967808	-0.5363388302601428	False	0	0	0	0	0	0	0	0	2	1	0	0	0	0	0
NC_000962.3	3845000	3846000	0.000410064	Rv3428c	3845500.0	0.410064	0.1593921344311629	1.064719021735202	False	0	0	0	0	0	0	0	0	1	1	0	0	0	0	0
NC_000962.3	3846000	3847000	0.000622575		3846500.0	0.622575	0.5333787286883224	2.1007998149580405	False	1	1	0	0	0	0	1	1	0	0	0	0	1	18	18
NC_000962.3	3847000	3848000	0.00382621	PPE59,Rv3430c	3847500.0	3.82621	6.171282380231231	17.719872201782472	True	2	1	0	0	0	0	4	1	2	1	3	3	2	96	96
NC_000962.3	3848000	3849000	9.17032e-05	Rv3430c	3848500.0	0.0917032	-0.4008737875069235	-0.4874242094154553	False	0	0	0	0	0	0	0	0	1	1	0	0	0	0	0
NC_000962.3	3849000	3850000	5.28041e-05	Rv3431c	3849500.0	0.0528041	-0.469330205897824	-0.6770737352454336	False	0	0	0	0	0	0	0	0	1	1	0	0	0	0	0
NC_000962.3	3850000	3851000	0.000167565	Rv3431c,gadB	3850500.0	0.167565	-0.2673687161637094	-0.1175659248122474	False	0	0	0	0	0	0	0	0	1	1	0	0	0	0	0
NC_000962.3	3851000	3852000	0.00117718	gadB,Rv3433c	3851500.0	1.17718	1.509398017609799	4.804733203466645	False	0	0	0	0	0	0	0	0	0	0	0	0	0	0	0
NC_000962.3	3852000	3853000	0.0	Rv3433c	3852500.0	0.0	-0.5622572803636845	-0.9345160032382342	False	0	0	0	0	0	0	0	0	0	0	0	0	0	0	0
NC_000962.3	3853000	3854000	0.000131482	Rv3433c,Rv3434c,Rv3435c	3853500.0	0.131482	-0.3308692327514675	-0.2934857748993473	False	0	0	0	0	0	0	0	0	0	0	0	0	0	0	0
NC_000962.3	3854000	3855000	0.000487382	Rv3435c	3854500.0	0.487382	0.2954598932520007	1.4416768957765618	False	0	0	0	0	0	0	0	0	0	0	0	0	0	0	0
NC_000962.3	3855000	3856000	5.26281e-05	glmS	3855500.0	0.0526281	-0.4696399387614841	-0.6779318095079762	False	0	0	0	0	0	0	0	0	0	0	0	0	0	0	0
NC_000962.3	3856000	3857000	0.000174606	glmS,Rv3437	3856500.0	0.174606	-0.2549776417714913	-0.0832380788885916	False	0	0	0	0	0	0	0	0	0	0	0	0	0	0	0
NC_000962.3	3857000	3858000	0.000165277	Rv3437,Rv3438	3857500.0	0.165277	-0.2713952433912899	-0.1287208902253029	False	0	0	0	0	0	0	0	0	0	0	0	0	0	0	0
NC_000962.3	3858000	3859000	0.00010508	Rv3438,Rv3439c	3858500.0	0.10508	-0.3773326819921069	-0.4222066651246502	False	0	0	0	0	0	0	0	0	0	0	0	0	0	0	0
NC_000962.3	3859000	3860000	0.000176366	Rv3439c,Rv3440c	3859500.0	0.176366	-0.2518803131348908	-0.0746573362631643	False	0	0	0	0	0	0	0	0	0	0	0	0	0	0	0
NC_000962.3	3860000	3861000	0.000281446	mrsA	3860500.0	0.281446	-0.0669557147633133	0.4376520018504195	False	0	0	0	0	0	0	0	0	0	0	0	0	0	0	0
NC_000962.3	3861000	3862000	0.000271413	mrsA,rpsI,rplM	3861500.0	0.271413	-0.0846122478377521	0.3887368934635375	False	0	0	0	0	0	0	0	0	0	0	0	0	0	0	0
NC_000962.3	3862000	3863000	9.18792e-05	rplM,esxT,esxU	3862500.0	0.0918792	-0.4005640546432634	-0.4865661351529126	False	0	0	0	0	0	0	0	0	0	0	0	0	0	0	0
NC_000962.3	3863000	3864000	0.00116803	esxU,Rv3446c	3863500.0	1.16803	1.4932954283911093	4.760123092658316	False	0	0	0	0	0	0	0	0	0	0	0	0	0	0	0
NC_000962.3	3864000	3865000	0.000534906	Rv3446c,eccC4	3864500.0	0.534906	0.3790948058234782	1.6733764483508855	False	0	0	0	0	0	0	0	0	0	0	0	0	0	0	0
NC_000962.3	3865000	3866000	0.000144507	eccC4	3865500.0	0.144507	-0.3079472409948079	-0.2299834040492384	False	0	0	0	0	0	0	0	0	0	0	0	0	0	0	0
NC_000962.3	3866000	3867000	0.000358031	eccC4	3866500.0	0.358031	0.0678220770742129	0.8110361916051667	False	0	0	0	0	0	0	0	0	0	0	0	0	0	0	0
NC_000962.3	3867000	3868000	0.000242132	eccC4	3867500.0	0.242132	-0.1361422931833761	0.2459796634549358	False	0	0	0	0	0	0	0	0	0	0	0	0	0	0	0
NC_000962.3	3868000	3869000	0.000413104	eccC4,eccD4	3868500.0	0.413104	0.1647420657125637	1.0795403044518497	False	0	0	0	0	0	0	0	0	0	0	0	0	0	0	0
NC_000962.3	3869000	3870000	0.000167741	eccD4,mycP4	3869500.0	0.167741	-0.2670589833000493	-0.1167078505497046	False	0	0	0	0	0	0	0	0	0	0	0	0	0	0	0
NC_000962.3	3870000	3871000	0.000626785	mycP4	3870500.0	0.626785	0.5407876795747361	2.1213253413518185	False	0	0	0	0	0	0	0	0	0	0	0	0	0	0	0
NC_000962.3	3871000	3872000	0.000551627	mycP4,eccB4	3871500.0	0.551627	0.4085211877169987	1.754898378714392	False	0	0	0	0	0	0	0	0	0	0	0	0	0	0	0
NC_000962.3	3872000	3873000	0.000180414	eccB4,cut3	3872500.0	0.180414	-0.2447564572707097	-0.0549216282246814	False	0	0	0	0	0	0	0	0	0	0	0	0	0	0	0
NC_000962.3	3873000	3874000	0.000497239	cut3,cut4	3873500.0	0.497239	0.3128066934627795	1.4897339299009014	False	0	0	0	0	0	0	0	0	0	0	0	0	0	0	0
NC_000962.3	3874000	3875000	0.000280214	cut4,Rv3453,Rv3454	3874500.0	0.2802139999999999	-0.0691238448089336	0.43164548201262	False	0	0	0	0	0	0	0	0	0	0	0	0	0	0	0
NC_000962.3	3875000	3876000	0.000209456	Rv3454	3875500.0	0.209456	-0.1936470150751696	0.0866703759387627	False	0	0	0	0	0	0	0	0	0	0	0	0	0	0	0
NC_000962.3	3876000	3877000	0.000510616	Rv3454,truA,rplQ	3876500.0	0.510616	0.3363481509467592	1.554952449276095	False	0	0	0	0	0	0	0	0	0	0	0	0	0	0	0
NC_000962.3	3877000	3878000	0.00010508	rplQ,rpoA	3877500.0	0.10508	-0.3773326819921069	-0.4222066651246502	False	0	0	0	0	0	0	0	0	0	0	0	0	0	0	0
NC_000962.3	3878000	3879000	0.000154567	rpoA,rpsD	3878500.0	0.154567	-0.2902431920833302	-0.1809366592698069	False	0	0	0	0	1	1	0	0	0	0	0	0	0	0	0
NC_000962.3	3879000	3880000	0.000342171	rpsD,rpsK,rpsM	3879500.0	0.342171	0.0399109224284838	0.7337119995373952	False	0	0	0	0	0	0	0	0	0	0	0	0	0	0	0
NC_000962.3	3880000	3881000	0.000155596	rpsM,rpmJ,infA,Rv3463	3880500.0	0.155596	-0.2884323107384087	-0.1759198500870997	False	0	0	0	0	0	0	0	0	0	0	0	0	0	0	0
NC_000962.3	3881000	3882000	3.96031e-05	Rv3463,rmlB	3881500.0	0.0396031	-0.4925619305181437	-0.7414341803580851	False	0	0	0	0	0	0	0	0	0	0	0	0	0	0	0
NC_000962.3	3882000	3883000	0.000105432	rmlB,rmlC	3882500.0	0.105432	-0.3767132162647869	-0.4204905165995648	False	0	0	0	0	0	0	0	0	0	0	0	0	0	0	0
NC_000962.3	3883000	3884000	0.00668007	rmlC,Rv3466,Rv3467	3883500.0	6.68007	11.193635961395204	31.63364387735188	True	2	1	0	0	0	0	1	1	2	1	8	16	2	37	35
NC_000962.3	3884000	3885000	0.00122449	Rv3466,Rv3467,Rv3468c	3884500.0	1.22449	1.5926563231765989	5.035389415744469	False	2	1	0	0	0	0	1	1	2	1	1	3	2	0	0
NC_000962.3	3885000	3886000	0.000214561	Rv3468c	3885500.0	0.214561	-0.184663002183212	0.1115594049744483	False	0	0	0	0	0	0	0	0	0	0	0	0	0	0	0
NC_000962.3	3886000	3887000	1.3201e-05	Rv3468c,mhpE	3886500.0	0.013201	-0.5390255557433647	-0.8701555581255828	False	0	0	0	0	0	0	0	0	0	0	0	0	0	0	0
NC_000962.3	3887000	3888000	0.000294647	mhpE,ilvB2	3887500.0	0.294647	-0.0437239901429935	0.5020124469630711	False	0	0	0	0	0	0	0	0	0	0	0	0	0	0	0
NC_000962.3	3888000	3889000	5.28041e-05	ilvB2,Rv3471c	3888500.0	0.0528041	-0.469330205897824	-0.6770737352454336	False	0	0	0	0	0	0	0	0	0	0	0	0	0	0	0
NC_000962.3	3889000	3890000	6.49491e-05	Rv3471c,Rv3472,bpoA	3889500.0	0.0649491	-0.4479568784594646	-0.6178617357080385	False	0	0	0	0	0	0	0	0	0	0	0	0	0	0	0
NC_000962.3	3890000	3891000	1.3201e-05	bpoA,Rv3474	3890500.0	0.013201	-0.5390255557433647	-0.8701555581255828	False	15	1	0	0	0	0	1	1	1	1	0	0	15	1	1
NC_000962.3	3891000	3892000	0.0	Rv3474,Rv3475	3891500.0	0.0	-0.5622572803636845	-0.9345160032382342	False	15	1	0	0	0	0	1	1	2	1	0	0	15	0	0
NC_000962.3	3892000	3893000	7.90302e-05	Rv3475,kgtP	3892500.0	0.0790302	-0.423176313536263	-0.5492104317404787	False	15	1	0	0	0	0	1	1	1	1	0	0	15	0	0
NC_000962.3	3893000	3894000	0.000551099	kgtP	3893500.0	0.551099	0.4075919891260186	1.752324155926764	False	0	0	0	0	0	0	0	0	0	0	0	0	0	0	0
NC_000962.3	3894000	3895000	0.00128666	PE31,PPE60	3894500.0	1.28666	1.7020659375728775	5.338494398143798	False	2	1	0	0	0	0	2	1	2	1	1	1	2	154	131
NC_000962.3	3895000	3896000	0.00505551	PPE60,Rv3479	3895500.0	5.05551	8.334660842147677	23.71322840032672	True	2	1	0	0	0	0	3	1	1	1	8	8	2	95	79
NC_000962.3	3896000	3897000	9.20552e-05	Rv3479	3896500.0	0.0920552	-0.4002543217796034	-0.4857080608903698	False	0	0	0	0	0	0	0	0	0	0	0	0	0	0	0
NC_000962.3	3897000	3898000	0.000225826	Rv3479	3897500.0	0.225826	-0.1648383390631528	0.1664810331991297	False	0	0	0	0	0	0	0	0	0	0	0	0	0	0	0
NC_000962.3	3898000	3899000	0.000332138	Rv3479,Rv3480c	3898500.0	0.332138	0.022254389354045	0.6847968911505128	False	0	0	0	0	0	0	0	0	0	0	0	0	0	0	0
NC_000962.3	3899000	3900000	0.000334074	Rv3480c	3899500.0	0.334074	0.0256614508543055	0.6942357080384829	False	0	0	0	0	0	0	0	0	0	0	0	0	0	0	0
NC_000962.3	3900000	3901000	1.3201e-05	Rv3480c,Rv3481c	3900500.0	0.013201	-0.5390255557433647	-0.8701555581255828	False	0	0	0	0	0	0	0	0	0	0	0	0	0	0	0
NC_000962.3	3901000	3902000	9.22312e-05	Rv3481c,Rv3482c	3901500.0	0.0922312	-0.3999445889159433	-0.484849986627827	False	0	0	0	0	0	0	0	0	0	0	0	0	0	0	0
NC_000962.3	3902000	3903000	0.000258564	Rv3482c,Rv3483c	3902500.0	0.258564	-0.1072245067307517	0.3260925968759714	False	0	0	0	0	0	0	0	0	0	0	0	0	0	0	0
NC_000962.3	3903000	3904000	0.000153484	cpsA	3903500.0	0.153484	-0.2921491051023293	-0.1862167412376125	False	0	0	0	0	0	0	0	0	0	0	0	0	0	0	0
NC_000962.3	3904000	3905000	5.28041e-05	cpsA,Rv3485c	3904500.0	0.0528041	-0.469330205897824	-0.6770737352454336	False	0	0	0	0	0	0	0	0	0	0	0	0	0	0	0
NC_000962.3	3905000	3906000	0.000161422	Rv3485c,Rv3486	3905500.0	0.1614219999999999	-0.2781794490129347	-0.1475156418281571	False	0	0	0	0	1	1	0	0	0	0	0	0	0	0	0
NC_000962.3	3906000	3907000	0.000551157	Rv3486,lipF	3906500.0	0.551157	0.4076940601833612	1.7526069303996474	False	0	0	0	0	0	0	0	0	0	0	0	0	0	0	0
NC_000962.3	3907000	3908000	0.000131658	lipF,Rv3488	3907500.0	0.131658	-0.3305594998878075	-0.2926277006368045	False	0	0	0	0	0	0	0	0	0	0	0	0	0	0	0
NC_000962.3	3908000	3909000	0.000553387	Rv3489,otsA	3908500.0	0.5533870000000001	0.4116185163535992	1.7634791213398198	False	0	0	0	0	0	0	0	0	0	0	0	0	0	0	0
NC_000962.3	3909000	3910000	0.00053825	otsA,Rv3491	3909500.0	0.53825	0.384979730233019	1.689679859339198	False	0	0	0	0	0	0	1	1	0	0	0	0	0	0	0
NC_000962.3	3910000	3911000	6.60051e-05	Rv3491,Rv3492c,Rv3493c	3910500.0	0.0660051	-0.4460984812775044	-0.6127132901327821	False	0	0	0	0	0	0	0	0	0	0	0	0	0	0	0
NC_000962.3	3911000	3912000	3.96031e-05	Rv3493c,mce4F	3911500.0	0.0396031	-0.4925619305181437	-0.7414341803580851	False	0	0	0	0	0	0	0	0	0	0	0	0	0	0	0
NC_000962.3	3912000	3913000	5.28041e-05	mce4F	3912500.0	0.0528041	-0.469330205897824	-0.6770737352454336	False	0	0	0	0	0	0	0	0	0	0	0	0	0	0	0
NC_000962.3	3913000	3914000	0.000244835	mce4F,lprN	3913500.0	0.244835	-0.1313854299420516	0.2591579289756916	False	0	0	0	0	0	0	0	0	0	0	0	0	0	0	0
NC_000962.3	3914000	3915000	2.64021e-05	lprN,mce4D	3914500.0	0.0264020999999999	-0.5157936551384635	-0.805794625470737	False	0	0	0	0	0	0	0	0	0	0	0	0	0	0	0
NC_000962.3	3915000	3916000	7.90302e-05	mce4D,mce4C	3915500.0	0.0790302	-0.423176313536263	-0.5492104317404787	False	0	0	0	0	0	0	0	0	0	0	0	0	0	0	0
NC_000962.3	3916000	3917000	0.000504103	mce4C,mce4B	3916500.0	0.504103	0.3248862751455213	1.523198826140068	False	0	0	0	0	0	0	0	0	0	0	0	0	0	0	0
NC_000962.3	3917000	3918000	0.000138875	mce4B,mce4A	3917500.0	0.138875	-0.3178586926319294	-0.257441780450606	False	0	0	0	0	0	0	0	0	0	0	0	0	0	0	0
NC_000962.3	3918000	3919000	0.000128314	mce4A	3918500.0	0.128314	-0.3364444242973484	-0.3089311116251164	False	0	0	0	0	0	0	0	0	0	0	0	0	0	0	0
NC_000962.3	3919000	3920000	0.0001563	mce4A,yrbE4B	3919500.0	0.1563	-0.2871933792837686	-0.1724875530369288	False	0	0	0	0	0	0	0	0	0	0	0	0	0	0	0
NC_000962.3	3920000	3921000	0.000232338	yrbE4B,yrbE4A	3920500.0	0.232338	-0.1533782231077311	0.1982297809132109	False	0	0	0	0	0	0	1	1	0	0	0	0	0	0	0
NC_000962.3	3921000	3922000	0.000179534	Rv3502c	3921500.0	0.179534	-0.24630512158901	-0.059211999537395	False	0	0	0	0	0	0	0	0	0	0	0	0	0	0	0
NC_000962.3	3922000	3923000	0.000534906	Rv3502c,fdxD,fadE26	3922500.0	0.534906	0.3790948058234782	1.6733764483508855	False	0	0	0	0	0	0	0	0	0	0	0	0	0	0	0
NC_000962.3	3923000	3924000	3.94271e-05	fadE26,fadE27	3923500.0	0.0394271	-0.4928716633818038	-0.7422922546206278	False	0	0	0	0	0	0	0	0	0	0	0	0	0	0	0
NC_000962.3	3924000	3925000	9.20552e-05	fadE27,fadD17	3924500.0	0.0920552	-0.4002543217796034	-0.4857080608903698	False	0	0	0	0	0	0	0	0	0	0	0	0	0	0	0
NC_000962.3	3925000	3926000	0.000294647	fadD17	3925500.0	0.294647	-0.0437239901429935	0.5020124469630711	False	0	0	0	0	0	0	0	0	0	0	0	0	0	0	0
NC_000962.3	3926000	3927000	7.86781e-05	fadD17,PE_PGRS53	3926500.0	0.0786781	-0.4237959552481647	-0.5509270678077587	False	0	0	0	0	1	1	0	0	1	1	0	0	0	0	0
NC_000962.3	3927000	3928000	0.000117503	PE_PGRS53	3927500.0	0.117503	-0.35547011741683	-0.3616392982861933	False	0	0	2	1	1	1	2	1	1	1	0	0	0	0	0
NC_000962.3	3928000	3929000	0.000608869	PE_PGRS53	3928500.0	0.608869	0.5092582819307961	2.033977281762525	False	0	0	1	1	1	1	1	1	1	1	0	0	0	0	0
NC_000962.3	3929000	3930000	0.000474067	PE_PGRS53	3929500.0	0.474067	0.2720275462086284	1.3767606525620362	False	0	0	1	1	1	1	2	1	1	1	0	0	0	0	0
NC_000962.3	3930000	3931000	0.00066981	PE_PGRS53	3930500.0	0.6698099999999999	0.6165050458189034	2.331090370589893	False	1	1	1	1	1	1	1	1	1	1	0	1	1	0	0
NC_000962.3	3931000	3932000	0.00101672	PE_PGRS54	3931500.0	1.01672	1.227013157934282	4.022422997968876	False	1	1	1	1	1	1	1	1	1	1	0	0	1	1	1
NC_000962.3	3932000	3933000	0.00394248	PE_PGRS54	3932500.0	3.94248	6.375899653286648	18.28673751147477	True	2	1	1	1	1	1	5	1	1	1	3	6	2	231	217
NC_000962.3	3933000	3934000	0.000347931	PE_PGRS54	3933500.0	0.347931	0.0500476343300854	0.7617944299478847	False	3	1	4	1	1	1	2	1	1	1	0	0	3	493	333
NC_000962.3	3934000	3935000	0.00492918	PE_PGRS54	3934500.0	4.92918	8.112339520180782	23.097316345854985	True	3	1	6	1	1	1	2	1	1	1	0	5	3	299	270
NC_000962.3	3935000	3936000	0.002074	PE_PGRS54	3935500.0	2.074	3.087662942539359	9.177109113316517	False	4	1	5	1	1	1	1	1	1	1	1	5	4	409	348
NC_000962.3	3936000	3937000	0.00150501	PE_PGRS54,ilvX	3936500.0	1.50501	2.0863282715511224	6.403042780110881	False	3	1	3	1	1	1	2	1	1	1	0	0	3	272	167
NC_000962.3	3937000	3938000	0.000130701	ilvX	3937500.0	0.1307009999999999	-0.332243672333959	-0.2972934794393811	False	0	0	1	1	1	1	0	0	0	0	0	0	0	0	0
NC_000962.3	3938000	3939000	0.000104291	ilvX,Rv3510c	3938500.0	0.104291	-0.3787212003411284	-0.4260533730402538	False	0	0	1	1	0	0	0	0	0	0	0	0	0	0	0
NC_000962.3	3939000	3940000	7.85021e-05	Rv3510c,PE_PGRS55	3939500.0	0.0785020999999999	-0.4241056881118248	-0.5517851420703019	False	0	0	1	1	1	1	1	1	1	1	0	0	0	0	0
NC_000962.3	3940000	3941000	0.000308924	PE_PGRS55	3940500.0	0.308924	-0.0185986714243885	0.5716188460899043	False	0	0	1	1	1	1	3	1	1	1	0	0	0	0	0
NC_000962.3	3941000	3942000	0.00204878	PE_PGRS55,PE_PGRS56	3941500.0	2.04878	3.043279631053528	9.054150971831698	False	1	1	2	1	1	1	1	1	2	1	0	2	1	112	112
NC_000962.3	3942000	3943000	0.000696393	PE_PGRS56	3942500.0	0.696393	0.6632870271522843	2.4606937121874712	False	1	1	2	1	1	1	0	0	1	1	0	0	1	144	144
NC_000962.3	3943000	3944000	0.00309938	PE_PGRS56	3943500.0	3.09938	4.892173645606053	14.176269268578285	True	1	1	1	1	1	1	3	1	1	1	0	1	1	159	159
NC_000962.3	3944000	3945000	0.000699138	PE_PGRS56	3944500.0	0.6991379999999999	0.6681178039178911	2.474076745429969	False	1	1	1	1	1	1	4	1	1	1	0	0	1	180	180
NC_000962.3	3945000	3946000	0.000183168	fadD18,PE_PGRS57	3945500.0	0.183168	-0.2399098418927565	-0.041494716184666	False	2	1	1	1	0	0	2	1	2	1	0	0	2	19	19
NC_000962.3	3946000	3947000	0.00100092	PE_PGRS57	3946500.0	1.00092	1.1992075940375275	3.945391331217881	False	2	1	5	1	1	1	1	1	1	1	0	0	2	38	38
NC_000962.3	3947000	3948000	0.00392371	PE_PGRS57	3947500.0	3.92371	6.342867347315632	18.19522584154336	True	3	1	7	1	1	1	1	1	1	1	2	3	2	339	325
NC_000962.3	3948000	3949000	0.000498956	PE_PGRS57	3948500.0	0.498956	0.3158283487292813	1.4981050293826392	False	3	1	9	1	1	1	3	1	1	1	0	0	3	334	309
NC_000962.3	3949000	3950000	0.00121818	PE_PGRS57	3949500.0	1.2181799999999998	1.5815516960760596	5.004625503263533	False	3	1	6	1	1	1	1	1	1	1	0	0	4	562	468
NC_000962.3	3950000	3951000	0.000228749	PE_PGRS57,fadD19	3950500.0	0.2287489999999999	-0.1596943097422533	0.1807318915480634	False	2	1	1	1	1	1	2	1	2	1	0	0	3	143	136
NC_000962.3	3951000	3952000	0.000401135	fadD19	3951500.0	0.401135	0.1436784711378643	1.0211863791769973	False	1	1	0	0	0	0	1	1	1	1	0	0	1	0	0
NC_000962.3	3952000	3953000	0.000504279	fadD19,echA19	3952500.0	0.5042789999999999	0.3251960080091812	1.5240569004026103	False	0	0	0	0	0	0	0	0	1	1	0	0	0	0	0
NC_000962.3	3953000	3954000	0.000229424	echA19,Rv3517	3953500.0	0.229424	-0.1585064138162844	0.1840228013617932	False	0	0	0	0	0	0	1	1	0	0	0	0	0	0	0
NC_000962.3	3954000	3955000	0.000297639	Rv3517,cyp142	3954500.0	0.297639	-0.0384585314607728	0.5165997094262976	False	0	0	0	0	0	0	0	0	0	0	0	0	0	0	0
NC_000962.3	3955000	3956000	0.000290423	cyp142,Rv3519	3955500.0	0.290423	-0.0511575788708346	0.4814186646620454	False	0	0	0	0	0	0	0	0	0	0	0	0	0	0	0
NC_000962.3	3956000	3957000	5.26281e-05	Rv3519,Rv3520c	3956500.0	0.0526281	-0.4696399387614841	-0.6779318095079762	False	0	0	0	0	0	0	0	0	0	0	0	0	0	0	0
NC_000962.3	3957000	3958000	9.22312e-05	Rv3520c,Rv3521	3957500.0	0.0922312	-0.3999445889159433	-0.484849986627827	False	0	0	0	0	0	0	0	0	0	0	0	0	0	0	0
NC_000962.3	3958000	3959000	0.000354668	Rv3521,ltp4	3958500.0	0.354668	0.0619037155941633	0.7946401475998757	False	0	0	0	0	0	0	0	0	0	0	0	0	0	0	0
NC_000962.3	3959000	3960000	0.000699127	ltp4,ltp3	3959500.0	0.699127	0.6680984456139124	2.4740231157885613	False	0	0	0	0	0	0	0	0	0	0	0	0	0	0	0
NC_000962.3	3960000	3961000	0.000131482	ltp3,Rv3524	3960500.0	0.131482	-0.3308692327514675	-0.2934857748993473	False	0	0	0	0	0	0	0	0	0	0	0	0	0	0	0
NC_000962.3	3961000	3962000	0.000184286	Rv3524,Rv3525c	3961500.0	0.184286	-0.2379423342701887	-0.0360439944487411	False	0	0	0	0	0	0	0	0	0	0	0	0	0	0	0
NC_000962.3	3962000	3963000	0.000575565	Rv3525c,kshA	3962500.0	0.575565	0.4506483768663975	1.8716062292640967	False	0	0	0	0	0	0	0	0	0	0	0	0	0	0	0
NC_000962.3	3963000	3964000	1.3201e-05	kshA,Rv3527	3963500.0	0.013201	-0.5390255557433647	-0.8701555581255828	False	0	0	0	0	0	0	0	0	0	0	0	0	0	0	0
NC_000962.3	3964000	3965000	0.000678181	Rv3527,Rv3528c	3964500.0	0.678181	0.6312367151467345	2.3719025277020824	False	0	0	0	0	0	0	0	0	0	0	0	0	0	0	0
NC_000962.3	3965000	3966000	0.000105256	Rv3528c,Rv3529c	3965500.0	0.105256	-0.3770229491284469	-0.4213485908621075	False	0	0	0	0	0	0	0	0	0	0	0	0	0	0	0
NC_000962.3	3966000	3967000	0.000390574	Rv3529c	3966500.0	0.390574	0.1250927394724452	0.9696970480024864	False	0	0	0	0	0	0	0	0	0	0	0	0	0	0	0
NC_000962.3	3967000	3968000	0.000405184	Rv3529c,Rv3530c,Rv3531c	3967500.0	0.405184	0.1508040868478616	1.0409269626374262	False	0	0	0	0	1	1	0	0	0	0	0	0	0	0	0
NC_000962.3	3968000	3969000	0.000635058	Rv3531c	3968500.0	0.635058	0.5553468840125744	2.161659707113273	False	0	0	0	0	0	0	0	0	0	0	0	0	0	0	0
NC_000962.3	3969000	3970000	0.000292183	PPE61	3969500.0	0.292183	-0.0480602502342342	0.489999407287473	False	0	0	0	0	1	1	0	0	1	1	0	0	0	0	0
NC_000962.3	3970000	3971000	0.000728697	PPE61,PPE62	3970500.0	0.728697	0.7201370864004327	2.618189342739633	False	0	0	0	0	1	1	0	0	2	1	0	0	0	0	0
NC_000962.3	3971000	3972000	0.000188335	PPE62	3971500.0	0.188335	-0.2308167185601914	-0.0163034109883119	False	0	0	0	0	1	1	3	1	1	1	0	0	0	0	0
NC_000962.3	3972000	3973000	0.00013113	PPE62,hsaF	3972500.0	0.13113	-0.3314886984787876	-0.2952019234244327	False	0	0	0	0	1	1	4	1	1	1	0	0	0	0	0
NC_000962.3	3973000	3974000	0.000301688	hsaF,hsaG	3973500.0	0.301688	-0.0313329157507754	0.536340292886727	False	0	0	0	0	0	0	0	0	0	0	0	0	0	0	0
NC_000962.3	3974000	3975000	0.000232162	hsaG,hsaE	3974500.0	0.232162	-0.1536879559713911	0.1973717066506683	False	0	0	0	0	0	0	0	0	0	0	0	0	0	0	0
NC_000962.3	3975000	3976000	1.3201e-05	hsaE,kstD	3975500.0	0.013201	-0.5390255557433647	-0.8701555581255828	False	0	0	0	0	0	0	0	0	0	0	0	0	0	0	0
NC_000962.3	3976000	3977000	0.000438274	kstD	3976500.0	0.438274	0.2090373849075828	1.2022546748393532	False	0	0	0	0	0	0	0	0	0	0	0	0	0	0	0
NC_000962.3	3977000	3978000	6.58291e-05	kstD,Rv3538	3977500.0	0.0658291	-0.4464082141411644	-0.6135713643953248	False	0	0	0	0	0	0	0	0	0	0	0	0	0	0	0
NC_000962.3	3978000	3979000	0.000152076	PPE63	3978500.0	0.152076	-0.2946269680116096	-0.1930813353379545	False	0	0	0	0	0	0	0	0	1	1	0	0	0	0	0
NC_000962.3	3979000	3980000	0.000714968	PPE63,ltp2	3979500.0	0.7149679999999999	0.6959761631891328	2.5512546748393525	False	0	0	0	0	0	0	0	0	1	1	0	0	0	0	0
NC_000962.3	3980000	3981000	0.000164749	ltp2,Rv3541c	3980500.0	0.164749	-0.2723244419822701	-0.1312951130129311	False	0	0	0	0	0	0	0	0	0	0	0	0	0	0	0
NC_000962.3	3981000	3982000	0.000588414	Rv3541c,Rv3542c,fadE29	3981500.0	0.588414	0.4732606357593971	1.934250525851663	False	0	0	0	0	0	0	0	0	0	0	0	0	0	0	0
NC_000962.3	3982000	3983000	0.000313656	fadE29	3982500.0	0.313656	-0.0102710810218923	0.594689342739633	False	0	0	0	0	0	0	0	0	0	0	0	0	0	0	0
NC_000962.3	3983000	3984000	0.000202768	fadE29,fadE28	3983500.0	0.202768	-0.2054168638942513	0.0540635539621387	False	0	0	0	0	0	0	0	0	0	0	0	0	0	0	0
NC_000962.3	3984000	3985000	0.000704583	fadE28,cyp125	3984500.0	0.7045830000000001	0.6777001643873739	2.5006234179273856	False	0	0	0	0	0	0	0	0	0	0	0	0	0	0	0
NC_000962.3	3985000	3986000	0.000394095	cyp125,fadA5	3985500.0	0.394095	0.1312891565914625	0.9868634086752872	False	0	0	0	0	0	0	0	0	0	0	0	0	0	0	0
NC_000962.3	3986000	3987000	5.26281e-05	fadA5,ddn	3986500.0	0.0526281	-0.4696399387614841	-0.6779318095079762	False	0	0	0	0	0	0	0	0	0	0	0	0	0	0	0
NC_000962.3	3987000	3988000	2.6226e-05	ddn,Rv3548c	3987500.0	0.026226	-0.5161035639867051	-0.806653187275474	False	0	0	0	0	0	0	0	0	0	0	0	0	0	0	0
NC_000962.3	3988000	3989000	0.000186399	Rv3548c,Rv3549c	3988500.0	0.1863989999999999	-0.2342237800604519	-0.0257422278762825	False	0	0	0	0	0	0	0	0	0	0	0	0	0	0	0
NC_000962.3	3989000	3990000	0.000614992	Rv3549c,echA20,Rv3551	3989500.0	0.614992	0.5200338178636966	2.0638294903395087	False	0	0	0	0	0	0	0	0	0	0	0	0	0	0	0
NC_000962.3	3990000	3991000	8.9767e-05	Rv3551,Rv3552	3990500.0	0.089767	-0.4042812009763473	-0.4968640013878146	False	0	0	0	0	0	0	0	0	0	0	0	0	0	0	0
NC_000962.3	3991000	3992000	5.22761e-05	Rv3552,Rv3553	3991500.0	0.0522761	-0.4702594044888042	-0.6796479580330618	False	0	0	0	0	0	0	1	1	0	0	0	0	0	0	0
NC_000962.3	3992000	3993000	5.28041e-05	Rv3553,fdxB	3992500.0	0.0528041	-0.469330205897824	-0.6770737352454336	False	0	0	0	0	0	0	0	0	0	0	0	0	0	0	0
NC_000962.3	3993000	3994000	0.000483158	fdxB	3993500.0	0.483158	0.2880263045241596	1.421083113475536	False	0	0	0	0	0	0	0	0	0	0	0	0	0	0	0
NC_000962.3	3994000	3995000	0.000394447	fdxB,Rv3555c	3994500.0	0.394447	0.1319086223187826	0.9885795572003728	False	0	0	0	0	0	0	0	0	0	0	0	0	0	0	0
NC_000962.3	3995000	3996000	0.000189567	Rv3555c,fadA6	3995500.0	0.1895669999999999	-0.2286485885145711	-0.0102968911505132	False	0	0	0	0	0	0	0	0	0	0	0	0	0	0	0
NC_000962.3	3996000	3997000	3.94271e-05	fadA6	3996500.0	0.0394271	-0.4928716633818038	-0.7422922546206278	False	0	0	0	0	0	0	0	0	0	0	0	0	0	0	0
NC_000962.3	3997000	3998000	6.58291e-05	Rv3557c,PPE64	3997500.0	0.0658291	-0.4464082141411644	-0.6135713643953248	False	0	0	0	0	0	0	0	0	1	1	0	0	0	0	0
NC_000962.3	3998000	3999000	0.000271427	PPE64	3998500.0	0.271427	-0.0845876099963247	0.388805149370785	False	0	0	0	0	1	1	3	1	1	1	0	0	0	0	0
NC_000962.3	3999000	4000000	0.000310492	PPE64,Rv3559c	3999500.0	0.310492	-0.0158392331845081	0.5792635077016488	False	0	0	0	0	1	1	1	1	1	1	0	0	0	0	0
NC_000962.3	4000000	4001000	5.28041e-05	Rv3559c,fadE30	4000500.0	0.0528041	-0.469330205897824	-0.6770737352454336	False	0	0	0	0	0	0	0	0	0	0	0	0	0	0	0
NC_000962.3	4001000	4002000	0.000548635	fadE30,fadD3	4001500.0	0.548635	0.403255729034778	1.7403111162511655	False	0	0	0	0	0	0	0	0	0	0	0	0	0	0	0
NC_000962.3	4002000	4003000	0.000166157	fadD3	4002500.0	0.166157	-0.2698465790729897	-0.1244305189125893	False	0	0	0	0	0	0	0	0	0	0	0	0	0	0	0
NC_000962.3	4003000	4004000	0.000306616	fadD3,fadE31	4003500.0	0.306616	-0.0226603955682941	0.5603663722379235	False	0	0	0	0	0	0	0	0	0	0	0	0	0	0	0
NC_000962.3	4004000	4005000	0.000447955	fadE31,fadE32	4004500.0	0.447955	0.2260744522547015	1.24945363470115	False	0	0	0	0	0	0	0	0	0	0	0	0	0	0	0
NC_000962.3	4005000	4006000	0.000713208	fadE32,fadE33	4005500.0	0.713208	0.6928788345525324	2.5426739322139253	False	0	0	0	0	0	0	0	0	0	0	0	0	0	0	0
NC_000962.3	4006000	4007000	7.90302e-05	fadE33,aspB	4006500.0	0.0790302	-0.423176313536263	-0.5492104317404787	False	0	0	0	0	0	0	0	0	0	0	0	0	0	0	0
NC_000962.3	4007000	4008000	0.000370509	aspB,nat	4007500.0	0.370509	0.0897814331693837	0.8718717066506683	False	0	0	0	0	0	0	0	0	0	0	0	0	0	0	0
NC_000962.3	4008000	4009000	0.000701767	nat,Rv3566A,hsaB	4008500.0	0.7017669999999999	0.672744438568813	2.486894229726701	False	0	0	0	0	0	0	0	0	0	0	0	0	0	0	0
NC_000962.3	4009000	4010000	2.64021e-05	hsaB,hsaC	4009500.0	0.0264020999999999	-0.5157936551384635	-0.805794625470737	False	0	0	0	0	0	0	0	0	0	0	0	0	0	0	0
NC_000962.3	4010000	4011000	3.96031e-05	hsaC,hsaD	4010500.0	0.0396031	-0.4925619305181437	-0.7414341803580851	False	0	0	0	0	0	0	0	0	0	0	0	0	0	0	0
NC_000962.3	4011000	4012000	0.000163517	hsaD,hsaA	4011500.0	0.163517	-0.2744925720278904	-0.1373016328507303	False	0	0	0	0	0	0	0	0	0	0	0	0	0	0	0
NC_000962.3	4012000	4013000	0.000407472	hsaA,kshB	4012500.0	0.407472	0.1548306140754422	1.0520819280504818	False	0	0	0	0	0	0	0	0	0	0	0	0	0	0	0
NC_000962.3	4013000	4014000	0.000297287	kshB,Rv3572	4013500.0	0.2972869999999999	-0.0390779971880929	0.5148835609012118	False	0	0	0	0	0	0	0	0	0	0	0	0	0	0	0
NC_000962.3	4014000	4015000	0.000258212	Rv3572,fadE34	4014500.0	0.258212	-0.1078439724580718	0.3243764483508858	False	0	0	0	0	0	0	0	0	0	0	0	0	0	0	0
NC_000962.3	4015000	4016000	2.64021e-05	fadE34	4015500.0	0.0264020999999999	-0.5157936551384635	-0.805794625470737	False	0	0	0	0	0	0	0	0	0	0	0	0	0	0	0
NC_000962.3	4016000	4017000	0.000104904	fadE34,kstR	4016500.0	0.104904	-0.377642414855767	-0.423064739387193	False	0	0	0	0	0	0	0	0	0	0	0	0	0	0	0
NC_000962.3	4017000	4018000	9.06471e-05	kstR,Rv3575c	4017500.0	0.0906471	-0.4027323606734654	-0.4925731425329063	False	0	0	0	0	0	0	0	0	0	0	0	0	0	0	0
NC_000962.3	4018000	4019000	6.57437e-05	Rv3575c,lppH	4018500.0	0.0657437	-0.4465585049738722	-0.6139877254295357	False	0	0	0	0	0	0	0	0	0	0	0	0	0	0	0
NC_000962.3	4019000	4020000	0.00023181	lppH,Rv3577	4019500.0	0.23181	-0.1543074216987113	0.1956555581255827	False	0	0	0	0	0	0	0	0	0	0	0	0	0	0	0
NC_000962.3	4020000	4021000	0.000310488	Rv3577,arsB2	4020500.0	0.310488	-0.0158462725677731	0.5792440060138636	False	0	0	0	0	0	0	0	0	0	0	0	0	0	0	0
NC_000962.3	4021000	4022000	0.00018235	arsB2,Rv3579c	4021500.0	0.1823499999999999	-0.2413493957704492	-0.0454828113367117	False	0	0	1	1	0	0	1	1	0	0	0	0	0	0	0
NC_000962.3	4022000	4023000	0.000780797	Rv3579c,cysS1	4022500.0	0.780797	0.8118250534270712	2.8721988261400684	False	0	0	0	0	0	0	0	0	0	0	0	0	0	0	0
NC_000962.3	4023000	4024000	6.54771e-05	cysS1,ispF	4023500.0	0.0654771	-0.4470276798684844	-0.6152875129204102	False	0	0	0	0	0	0	0	0	0	0	0	0	0	0	0
NC_000962.3	4024000	4025000	0.000525225	ispF,ispD	4024500.0	0.525225	0.3620577384763594	1.6261774884890894	False	0	0	0	0	0	0	0	0	0	0	0	0	0	0	0
NC_000962.3	4025000	4026000	2.64021e-05	ispD,Rv3583c,lpqE	4025500.0	0.0264020999999999	-0.5157936551384635	-0.805794625470737	False	0	0	0	0	0	0	0	0	0	0	0	0	0	0	0
NC_000962.3	4026000	4027000	0.000396911	lpqE,radA	4026500.0	0.396911	0.1362448824100232	1.0005925968759712	False	0	0	0	0	0	0	0	0	0	0	0	0	0	0	0
NC_000962.3	4027000	4028000	0.000189567	radA,Rv3586	4027500.0	0.1895669999999999	-0.2286485885145711	-0.0102968911505132	False	0	0	0	0	0	0	0	0	0	0	0	0	0	0	0
NC_000962.3	4028000	4029000	0.000867396	Rv3586,Rv3587c	4028500.0	0.867396	0.9642259412685276	3.2944054912647176	False	0	0	0	0	0	0	0	0	0	0	0	0	0	0	0
NC_000962.3	4029000	4030000	5.22761e-05	Rv3587c,canB	4029500.0	0.0522761	-0.4702594044888042	-0.6796479580330618	False	0	0	0	0	1	1	0	0	0	0	0	0	0	0	0
NC_000962.3	4030000	4031000	6.49491e-05	canB,mutY	4030500.0	0.0649491	-0.4479568784594646	-0.6178617357080385	False	0	0	0	0	0	0	0	0	0	0	0	0	0	0	0
NC_000962.3	4031000	4032000	0.000537662	mutY,PE_PGRS58	4031500.0	0.537662	0.3839449408930638	1.6868131112347935	False	0	0	0	0	1	1	1	1	1	1	0	0	0	0	0
NC_000962.3	4032000	4033000	0.00122322	PE_PGRS58	4032500.0	1.22322	1.590421318989961	5.029197629872712	False	0	0	0	0	1	1	1	1	1	1	0	1	0	0	0
NC_000962.3	4033000	4034000	0.000605839	PE_PGRS58,Rv3591c	4033500.0	0.605839	0.5039259491075581	2.01920475326534	False	0	0	0	0	0	0	0	0	1	1	0	0	0	0	0
NC_000962.3	4034000	4035000	6.58291e-05	Rv3591c,mhuD,lpqF	4034500.0	0.0658291	-0.4464082141411644	-0.6135713643953248	False	0	0	0	0	0	0	0	0	0	0	0	0	0	0	0
NC_000962.3	4035000	4036000	0.000241843	lpqF,Rv3594	4035500.0	0.241843	-0.1366508886242724	0.2445706665124651	False	0	0	0	0	0	0	0	0	0	0	0	0	0	0	0
NC_000962.3	4036000	4037000	2.64021e-05	Rv3594,PE_PGRS59	4036500.0	0.0264020999999999	-0.5157936551384635	-0.805794625470737	False	0	0	0	0	1	1	0	0	1	1	0	0	0	0	0
NC_000962.3	4037000	4038000	0.000324046	PE_PGRS59	4037500.0	0.324046	0.0080137170089478	0.6453449767613321	False	0	0	0	0	1	1	1	1	1	1	0	0	0	0	0
NC_000962.3	4038000	4039000	0.000268421	PE_PGRS59,clpC1	4038500.0	0.268421	-0.0898777065199729	0.3741496310003109	False	0	0	0	0	0	0	1	1	1	1	0	0	0	0	0
NC_000962.3	4039000	4040000	2.64021e-05	clpC1	4039500.0	0.0264020999999999	-0.5157936551384635	-0.805794625470737	False	0	0	0	0	0	0	1	1	0	0	0	0	0	0	0
NC_000962.3	4040000	4041000	0.000424897	clpC1,lsr2	4040500.0	0.4248969999999999	0.185495927423603	1.1370361554641586	False	0	0	0	0	0	0	1	1	0	0	0	0	0	0	0
NC_000962.3	4041000	4042000	0.000562012	lsr2,lysS	4041500.0	0.562012	0.4267971865187577	1.80552963562636	False	0	0	0	0	0	0	0	0	0	0	0	0	0	0	0
NC_000962.3	4042000	4043000	2.64021e-05	lysS,Rv3599c	4042500.0	0.0264020999999999	-0.5157936551384635	-0.805794625470737	False	0	0	0	0	0	0	0	0	0	0	0	0	0	0	0
NC_000962.3	4043000	4044000	2.64021e-05	Rv3599c,Rv3600c,panD	4043500.0	0.0264020999999999	-0.5157936551384635	-0.805794625470737	False	0	0	0	0	0	0	0	0	0	0	0	0	0	0	0
NC_000962.3	4044000	4045000	0.000141339	panD,panC	4044500.0	0.141339	-0.3135224325406887	-0.2454287407750077	False	0	0	0	0	0	0	0	0	0	0	0	0	0	0	0
NC_000962.3	4045000	4046000	6.60051e-05	panC,Rv3603c	4045500.0	0.0660051	-0.4460984812775044	-0.6127132901327821	False	0	0	0	0	0	0	0	0	0	0	0	0	0	0	0
NC_000962.3	4046000	4047000	0.000419265	Rv3603c,Rv3604c	4046500.0	0.419265	0.1755844757864815	1.1095777790627914	False	0	0	0	0	0	0	0	0	0	0	0	0	0	0	0
NC_000962.3	4047000	4048000	0.000387582	Rv3604c,Rv3605c	4047500.0	0.387582	0.1198272807902244	0.95510978553926	False	0	0	0	0	0	0	0	0	0	0	0	0	0	0	0
NC_000962.3	4048000	4049000	0.000137291	Rv3605c,folK,folB	4048500.0	0.137291	-0.3206462884048698	-0.2651644488134906	False	0	0	0	0	0	0	0	0	0	0	0	0	0	0	0
NC_000962.3	4049000	4050000	5.28041e-05	folB,folP1,folE	4049500.0	0.0528041	-0.469330205897824	-0.6770737352454336	False	0	0	0	0	0	0	0	0	0	0	0	0	0	0	0
NC_000962.3	4050000	4051000	0.000522585	folE,ftsH	4050500.0	0.522585	0.3574117455214586	1.613306374550948	False	0	0	0	0	0	0	0	0	0	0	0	0	0	0	0
NC_000962.3	4051000	4052000	0.000460276	ftsH	4051500.0	0.460276	0.2477575125567211	1.309523708501088	False	0	0	0	0	0	0	0	0	0	0	0	0	0	0	0
NC_000962.3	4052000	4053000	0.000128314	ftsH,Rv3611	4052500.0	0.128314	-0.3364444242973484	-0.3089311116251164	False	2	1	2	1	1	1	1	1	1	1	0	0	2	0	0
NC_000962.3	4053000	4054000	0.000365233	Rv3611,Rv3612c,Rv3613c	4053500.0	0.365233	0.0804964866428474	0.8461489804621711	False	7	1	4	1	1	1	2	1	1	1	0	0	7	79	50
NC_000962.3	4054000	4055000	0.000437746	Rv3613c,espD,espC	4054500.0	0.4377459999999999	0.2081081863166026	1.1996804520517246	False	1	1	0	0	0	0	0	0	0	0	0	0	1	10	10
NC_000962.3	4055000	4056000	0.000409056	espC,espA	4055500.0	0.409056	0.1576182098483826	1.0598045964133662	False	0	0	0	0	0	0	0	0	0	0	0	0	0	0	0
NC_000962.3	4056000	4057000	0.00117327	espA	4056500.0	1.1732699999999998	1.5025170204682603	4.7856703036567465	False	0	0	0	0	0	0	0	0	0	0	0	0	0	0	0
NC_000962.3	4057000	4058000	0.000415786	ephA	4057500.0	0.415786	0.1694619721917469	1.0926161861117336	False	0	0	0	0	0	0	0	0	0	0	0	0	0	0	0
NC_000962.3	4058000	4059000	0.000240146	ephA,Rv3618	4058500.0	0.240146	-0.1396373469744491	0.2362970754696524	False	0	0	0	0	0	0	0	0	0	0	0	0	0	0	0
NC_000962.3	4059000	4060000	0.000525748	Rv3618,esxV	4059500.0	0.525748	0.3629781378382583	1.628727334166986	False	4	1	0	0	0	0	1	1	1	1	0	0	4	0	0
NC_000962.3	4060000	4061000	0.00131675	esxV,esxW,PPE65	4060500.0	1.31675	1.7550196981838482	5.485195844506929	False	4	1	0	0	0	0	1	1	3	1	1	1	4	75	42
NC_000962.3	4061000	4062000	0.000296037	PPE65,PE32	4061500.0	0.296037	-0.0412778044584056	0.5087892834683803	False	0	0	0	0	0	0	1	1	2	1	0	0	0	0	0
NC_000962.3	4062000	4063000	0.000282998	PE32,lpqG	4062500.0	0.282998	-0.0642244340564928	0.4452186567110239	False	0	0	0	0	0	0	0	0	1	1	0	0	0	0	0
NC_000962.3	4063000	4064000	0.000320697	lpqG,hpt,mesJ	4063500.0	0.320697	0.0021199933703257	0.6290171886632888	False	0	0	0	0	0	0	0	0	0	0	0	0	0	0	0
NC_000962.3	4064000	4065000	0.000212097	mesJ,Rv3626c	4064500.0	0.212097	-0.1889992622744526	0.0995463652988501	False	0	0	0	0	0	0	0	0	0	0	0	0	0	0	0
NC_000962.3	4065000	4066000	7.90302e-05	Rv3626c,Rv3627c	4065500.0	0.0790302	-0.423176313536263	-0.5492104317404787	False	0	0	0	0	0	0	0	0	0	0	0	0	0	0	0
NC_000962.3	4066000	4067000	3.94271e-05	Rv3627c	4066500.0	0.0394271	-0.4928716633818038	-0.7422922546206278	False	0	0	0	0	1	1	0	0	0	0	0	0	0	0	0
NC_000962.3	4067000	4068000	0.000371037	Rv3627c,ppa,Rv3629c	4067500.0	0.371037	0.0907106317603639	0.8744459294382966	False	0	0	0	0	0	0	0	0	0	0	0	0	0	0	0
NC_000962.3	4068000	4069000	0.000168797	Rv3629c	4068500.0	0.168797	-0.265200586118089	-0.1115594049744482	False	0	0	0	0	0	0	0	0	0	0	0	0	0	0	0
NC_000962.3	4069000	4070000	0.000517832	Rv3629c,Rv3630	4069500.0	0.517832	0.3490471983568211	1.5901334940403478	False	1	1	0	0	0	0	0	0	0	0	0	0	1	162	162
NC_000962.3	4070000	4071000	7.92062e-05	Rv3630,Rv3631	4070500.0	0.0792062	-0.422866580672603	-0.5483523574779359	False	1	1	0	0	0	0	2	1	0	0	0	0	1	85	85
NC_000962.3	4071000	4072000	3.96031e-05	Rv3631,Rv3632,Rv3633	4071500.0	0.0396031	-0.4925619305181437	-0.7414341803580851	False	0	0	0	0	0	0	0	0	0	0	0	0	0	0	0
NC_000962.3	4072000	4073000	0.000163693	Rv3633,galE1	4072500.0	0.163693	-0.2741828391642304	-0.1364435585881876	False	0	0	0	0	0	0	0	0	0	0	0	0	0	0	0
NC_000962.3	4073000	4074000	2.64021e-05	galE1,Rv3635	4073500.0	0.0264020999999999	-0.5157936551384635	-0.805794625470737	False	0	0	0	0	0	0	0	0	0	0	0	0	0	0	0
NC_000962.3	4074000	4075000	9.17032e-05	Rv3635	4074500.0	0.0917032	-0.4008737875069235	-0.4874242094154553	False	0	0	0	0	0	0	0	0	0	0	0	0	0	0	0
NC_000962.3	4075000	4076000	0.000308588	Rv3635,Rv3636	4075500.0	0.308588	-0.0191899796186486	0.569980704315959	False	0	0	0	0	0	0	0	0	1	1	0	0	0	0	0
NC_000962.3	4076000	4077000	0.000102472	Rv3636,Rv3637,Rv3638	4076500.0	0.102472	-0.3819223598808877	-0.4349217655605108	False	0	0	0	0	0	0	0	0	3	1	0	0	0	0	0
NC_000962.3	4077000	4078000	0.000174263	Rv3638,Rv3639c	4077500.0	0.174263	-0.2555812688864651	-0.0849103486161607	False	3	1	0	0	0	0	4	1	2	1	0	0	3	17	17
NC_000962.3	4078000	4079000	0.000457636	Rv3639c,Rv3640c	4078500.0	0.457636	0.2431115196018203	1.2966525945629468	False	2	1	0	0	0	0	1	1	2	1	0	0	2	11	11
NC_000962.3	4079000	4080000	5.28041e-05	Rv3640c,fic	4079500.0	0.0528041	-0.469330205897824	-0.6770737352454336	False	0	0	0	0	0	0	0	0	1	1	0	0	0	0	0
NC_000962.3	4080000	4081000	0.000204352	fic,Rv3642c	4080500.0	0.204352	-0.2026292681213109	0.0617862223250234	False	0	0	0	0	0	0	0	0	0	0	0	0	0	0	0
NC_000962.3	4081000	4082000	0.000398671	Rv3643,thrU,Rv3644c	4081500.0	0.398671	0.1393422110466237	1.0091733395013986	False	0	0	0	0	0	0	0	0	0	0	0	0	0	0	0
NC_000962.3	4082000	4083000	9.13511e-05	Rv3644c,Rv3645	4082500.0	0.0913510999999999	-0.4014934292188252	-0.4891408454827359	False	0	0	0	0	0	0	0	0	0	0	0	0	0	0	0
NC_000962.3	4083000	4084000	0.000245363	Rv3645	4083500.0	0.245363	-0.1304562313510714	0.2617321517633198	False	0	0	0	0	0	0	0	0	0	0	0	0	0	0	0
NC_000962.3	4084000	4085000	6.54771e-05	Rv3645,topA	4084500.0	0.0654771	-0.4470276798684844	-0.6152875129204102	False	0	0	0	0	0	0	0	0	0	0	0	0	0	0	0
NC_000962.3	4085000	4086000	0.000232162	topA	4085500.0	0.232162	-0.1536879559713911	0.1973717066506683	False	0	0	0	0	0	0	0	0	0	0	0	0	0	0	0
NC_000962.3	4086000	4087000	0.000373149	topA	4086500.0	0.3731489999999999	0.0944274261242844	0.8847428205888088	False	0	0	0	0	0	0	0	0	0	0	0	0	0	0	0
NC_000962.3	4087000	4088000	0.000194334	topA,Rv3647c	4087500.0	0.194334	-0.2202594035085061	0.0129442452673351	False	0	0	2	1	0	0	1	1	0	0	0	0	0	0	0
NC_000962.3	4088000	4089000	0.000318883	Rv3647c,cspA,Rv3649	4088500.0	0.318883	-0.0010723669403522	0.6201731732527632	False	0	0	0	0	0	0	0	0	0	0	0	0	0	0	0
NC_000962.3	4089000	4090000	0.000538426	Rv3649	4089500.0	0.5384260000000001	0.3852894630966791	1.690537933601741	False	0	0	0	0	0	0	0	0	0	0	0	0	0	0	0
NC_000962.3	4090000	4091000	0.000194847	Rv3649	4090500.0	0.194847	-0.2193566026047697	0.0154453367257692	False	0	0	0	0	0	0	1	1	0	0	0	0	0	0	0
NC_000962.3	4091000	4092000	0.000128138	Rv3649,PE33,Rv3651	4091500.0	0.128138	-0.3367541571610085	-0.3097891858876592	False	0	0	0	0	0	0	1	1	1	1	0	0	0	0	0
NC_000962.3	4092000	4093000	0.000116499	Rv3651	4092500.0	0.1164989999999999	-0.3572370026163453	-0.3665342219202445	False	0	0	0	0	0	0	0	0	0	0	0	0	0	0	0
NC_000962.3	4093000	4094000	0.000396869	PE_PGRS60,PE_PGRS61	4093500.0	0.3968689999999999	0.1361709688857407	1.000387829154228	False	0	0	0	0	0	0	0	0	2	1	0	0	0	0	0
NC_000962.3	4094000	4095000	0.000222754	PE_PGRS61,Rv3654c,Rv3655c	4094500.0	0.222754	-0.1702445854106736	0.151503736980202	False	0	0	0	0	1	1	1	1	1	1	0	0	0	0	0
NC_000962.3	4095000	4096000	0.00084029	Rv3655c,Rv3656c,Rv3657c	4095500.0	0.8402900000000001	0.9165235605732484	3.162252303989245	False	0	0	0	0	1	1	0	0	0	0	0	0	0	0	0
NC_000962.3	4096000	4097000	0.000385822	Rv3657c,Rv3658c,Rv3659c	4096500.0	0.385822	0.1167299521536241	0.9465290429138328	False	0	0	0	0	0	0	0	0	0	0	0	0	0	0	0
NC_000962.3	4097000	4098000	0.00023005	Rv3659c	4097500.0	0.23005	-0.1574047503353117	0.1870748155001554	False	0	0	0	0	0	0	0	0	0	0	0	0	0	0	0
NC_000962.3	4098000	4099000	0.000157356	Rv3660c	4098500.0	0.157356	-0.2853349821018083	-0.1673391074616724	False	0	0	0	0	0	0	0	0	0	0	0	0	0	0	0
NC_000962.3	4099000	4100000	0.000202768	Rv3660c,Rv3661	4099500.0	0.202768	-0.2054168638942513	0.0540635539621387	False	0	0	0	0	1	1	0	0	0	0	0	0	0	0	0
NC_000962.3	4100000	4101000	5.26281e-05	Rv3661	4100500.0	0.0526281	-0.4696399387614841	-0.6779318095079762	False	0	0	0	0	0	0	0	0	0	0	0	0	0	0	0
NC_000962.3	4101000	4102000	0.000322809	Rv3662c	4101500.0	0.322809	0.0058367877342463	0.6393140798138016	False	0	0	0	0	0	0	1	1	0	0	0	0	0	0	0
NC_000962.3	4102000	4103000	0.000118105	Rv3662c,dppD	4102500.0	0.118105	-0.3544106902354473	-0.3587042942745415	False	0	0	0	0	0	0	0	0	0	0	0	0	0	0	0
NC_000962.3	4103000	4104000	5.26281e-05	dppD,dppC	4103500.0	0.0526281	-0.4696399387614841	-0.6779318095079762	False	0	0	0	0	0	0	0	0	0	0	0	0	0	0	0
NC_000962.3	4104000	4105000	0.000164749	dppC,dppB	4104500.0	0.164749	-0.2723244419822701	-0.1312951130129311	False	0	0	0	0	0	0	0	0	0	0	0	0	0	0	0
NC_000962.3	4105000	4106000	0.000266661	dppB,dppA	4105500.0	0.266661	-0.0929750351565733	0.3655688883748834	False	0	0	0	0	0	0	0	0	0	0	0	0	0	0	0
NC_000962.3	4106000	4107000	0.00038811	dppA	4106500.0	0.38811	0.1207564793812046	0.9576840083268882	False	0	0	0	0	0	0	0	0	0	0	0	0	0	0	0
NC_000962.3	4107000	4108000	0.000537898	dppA,acs	4107500.0	0.537898	0.3843602645056989	1.6879637108141123	False	0	0	0	0	0	0	1	1	0	0	0	0	0	0	0
NC_000962.3	4108000	4109000	5.22761e-05	acs	4108500.0	0.0522761	-0.4702594044888042	-0.6796479580330618	False	0	0	0	0	0	0	0	0	0	0	0	0	0	0	0
NC_000962.3	4109000	4110000	0.0001519	acs,Rv3668c	4109500.0	0.1519	-0.2949367008752697	-0.1939394096004972	False	0	0	0	0	0	0	0	0	0	0	0	0	0	0	0
NC_000962.3	4110000	4111000	5.22761e-05	Rv3668c,Rv3669	4110500.0	0.0522761	-0.4702594044888042	-0.6796479580330618	False	0	0	0	0	0	0	0	0	0	0	0	0	0	0	0
NC_000962.3	4111000	4112000	0.000232338	Rv3669,ephE	4111500.0	0.232338	-0.1533782231077311	0.1982297809132109	False	0	0	0	0	0	0	0	0	0	0	0	0	0	0	0
NC_000962.3	4112000	4113000	0.000512024	ephE,Rv3671c	4112500.0	0.512024	0.3388260138560397	1.5618170433764376	False	0	0	0	0	1	1	0	0	0	0	0	0	0	0	0
NC_000962.3	4113000	4114000	0.000118457	Rv3671c,Rv3672c	4113500.0	0.1184569999999999	-0.3537912245081273	-0.3569881457494565	False	0	0	0	0	0	0	0	0	0	0	0	0	0	0	0
NC_000962.3	4114000	4115000	3.96031e-05	Rv3672c,Rv3673c	4114500.0	0.0396031	-0.4925619305181437	-0.7414341803580851	False	0	0	0	0	0	0	0	0	0	0	0	0	0	0	0
NC_000962.3	4115000	4116000	0.000777629	Rv3673c,nth	4115500.0	0.7776289999999999	0.8062498618811904	2.8567534894142987	False	0	0	0	0	0	0	0	0	0	0	0	0	0	0	0
NC_000962.3	4116000	4117000	0.000829025	Rv3675,crp	4116500.0	0.829025	0.896698897453189	3.1073306757645627	False	0	0	0	0	0	0	0	0	0	0	0	0	0	0	0
NC_000962.3	4117000	4118000	0.000332138	crp,Rv3677c	4117500.0	0.332138	0.022254389354045	0.6847968911505128	False	0	0	0	0	0	0	0	0	0	0	0	0	0	0	0
NC_000962.3	4118000	4119000	5.26281e-05	Rv3677c,Rv3678c,Rv3678A,Rv3679	4118500.0	0.0526281	-0.4696399387614841	-0.6779318095079762	False	0	0	0	0	0	0	0	0	0	0	0	0	0	0	0
NC_000962.3	4119000	4120000	0.000292887	Rv3679,Rv3680	4119500.0	0.2928869999999999	-0.046821318779594	0.4934317043376433	False	0	0	0	0	0	0	0	0	1	1	0	0	0	0	0
NC_000962.3	4120000	4121000	0.000910063	Rv3680	4120500.0	0.910063	1.0393132827104778	3.50242511944603	False	0	0	2	1	0	0	1	1	1	1	0	0	0	0	0
NC_000962.3	4121000	4122000	0.000597919	whiB4,ponA2	4121500.0	0.597919	0.4899879702428559	1.980591411450917	False	0	0	1	1	0	0	1	1	0	0	0	0	0	0	0
NC_000962.3	4122000	4123000	0.000602143	ponA2	4122500.0	0.602143	0.4974215589706969	2.0011851937519425	False	0	0	0	0	0	0	0	0	0	0	0	0	0	0	0
NC_000962.3	4123000	4124000	0.000595806	ponA2	4123500.0	0.5958060000000001	0.4862694160331192	1.970289644878458	False	0	0	0	0	0	0	0	0	0	0	0	0	0	0	0
NC_000962.3	4124000	4125000	0.000195199	ponA2,Rv3683	4124500.0	0.195199	-0.2187371368774496	0.0171614852508548	False	0	0	0	0	0	0	0	0	0	0	0	0	0	0	0
NC_000962.3	4125000	4126000	5.22761e-05	Rv3683,Rv3684	4125500.0	0.0522761	-0.4702594044888042	-0.6796479580330618	False	0	0	0	0	0	0	0	0	0	0	0	0	0	0	0
NC_000962.3	4126000	4127000	0.000205936	Rv3684,proY	4126500.0	0.2059359999999999	-0.1998416723483705	0.0695088906879075	False	0	0	0	0	0	0	0	0	0	0	0	0	0	0	0
NC_000962.3	4127000	4128000	0.000313128	cyp137	4127500.0	0.3131279999999999	-0.0112002796128725	0.5921151199520044	False	0	0	0	0	0	0	0	0	0	0	0	0	0	0	0
NC_000962.3	4128000	4129000	0.00013113	cyp137,Rv3686c	4128500.0	0.13113	-0.3314886984787876	-0.2952019234244327	False	0	0	0	0	0	0	0	0	0	0	0	0	0	0	0
NC_000962.3	4129000	4130000	3.96031e-05	Rv3686c,rsfB,Rv3688c	4129500.0	0.0396031	-0.4925619305181437	-0.7414341803580851	False	0	0	0	0	0	0	0	0	0	0	0	0	0	0	0
NC_000962.3	4130000	4131000	0.000318937	Rv3688c,Rv3689	4130500.0	0.3189369999999999	-0.0009773352662747	0.620436446037861	False	0	0	0	0	0	0	0	0	0	0	0	0	0	0	0
NC_000962.3	4131000	4132000	7.81501e-05	Rv3689,Rv3690	4131500.0	0.0781501	-0.4247251538391449	-0.5535012905953869	False	0	0	0	0	0	0	0	0	0	0	0	0	0	0	0
NC_000962.3	4132000	4133000	0.000102968	Rv3690,Rv3691	4132500.0	0.1029679999999999	-0.3810494763560275	-0.4325035562751635	False	0	0	0	0	0	0	0	0	0	0	0	0	0	0	0
NC_000962.3	4133000	4134000	0.00071532	Rv3691,moxR2	4133500.0	0.71532	0.6965956289164529	2.552970823364439	False	0	0	0	0	0	0	0	0	0	0	0	0	0	0	0
NC_000962.3	4134000	4135000	0.00010508	moxR2,Rv3693	4134500.0	0.10508	-0.3773326819921069	-0.4222066651246502	False	1	1	0	0	0	0	1	1	0	0	0	0	1	6	6
NC_000962.3	4135000	4136000	0.000137291	Rv3693	4135500.0	0.137291	-0.3206462884048698	-0.2651644488134906	False	0	0	0	0	0	0	0	0	0	0	0	0	0	0	0
NC_000962.3	4136000	4137000	0.000218961	Rv3693,Rv3694c	4136500.0	0.218961	-0.1769196805917109	0.1330112615380167	False	0	0	0	0	0	0	0	0	0	0	0	0	0	0	0
NC_000962.3	4137000	4138000	0.000683461	Rv3694c,Rv3695	4137500.0	0.683461	0.6405287010565358	2.3976447555783644	False	0	0	0	0	0	0	0	0	0	0	0	0	0	0	0
NC_000962.3	4138000	4139000	0.000356428	Rv3695,glpK	4138500.0	0.356428	0.0650010442307638	0.8032208902253032	False	0	0	0	0	0	0	0	0	0	0	0	0	0	0	0
NC_000962.3	4139000	4140000	0.000258564	glpK,vapC48	4139500.0	0.258564	-0.1072245067307517	0.3260925968759714	False	0	0	0	0	0	0	0	0	0	0	0	0	0	0	0
NC_000962.3	4140000	4141000	0.000352027	vapC48,vapB48,Rv3698	4140500.0	0.352027	0.0572559627934464	0.7817641582397883	False	0	0	0	0	0	0	0	0	0	0	0	0	0	0	0
NC_000962.3	4141000	4142000	0.000291479	Rv3698	4141500.0	0.291479	-0.0492991816888744	0.4865671102373018	False	0	0	0	0	0	0	0	0	0	0	0	0	0	0	0
NC_000962.3	4142000	4143000	0.000294647	Rv3698,Rv3699,Rv3700c	4142500.0	0.294647	-0.0437239901429935	0.5020124469630711	False	0	0	0	0	0	0	0	0	0	0	0	0	0	0	0
NC_000962.3	4143000	4144000	0.000138875	Rv3700c,Rv3701c	4143500.0	0.138875	-0.3178586926319294	-0.257441780450606	False	0	0	0	0	1	1	1	1	0	0	0	0	0	0	0
NC_000962.3	4144000	4145000	0.000117753	Rv3701c,Rv3702c	4144500.0	0.117753	-0.3550301559627674	-0.360420442799627	False	0	0	0	0	0	0	0	0	0	0	0	0	0	0	0
NC_000962.3	4145000	4146000	0.000637698	Rv3702c,Rv3703c	4145500.0	0.637698	0.5599928769674751	2.1745308210514143	False	0	0	0	0	0	0	0	0	0	0	0	0	0	0	0
NC_000962.3	4146000	4147000	0.00046098	Rv3703c,gshA	4146500.0	0.46098	0.2489964440113612	1.312956005551259	False	0	0	0	0	0	0	0	0	0	0	0	0	0	0	0
NC_000962.3	4147000	4148000	0.00010508	gshA	4147500.0	0.10508	-0.3773326819921069	-0.4222066651246502	False	0	0	0	0	0	0	0	0	0	0	0	0	0	0	0
NC_000962.3	4148000	4149000	0.000195551	gshA,Rv3705c	4148500.0	0.195551	-0.2181176711501295	0.0188776337759402	False	0	0	0	0	0	0	0	0	0	0	0	0	0	0	0
NC_000962.3	4149000	4150000	0.000189217	Rv3705A,Rv3706c	4149500.0	0.189217	-0.2292645345502587	-0.0120032888317057	False	0	0	0	0	0	0	0	0	0	0	0	0	0	0	0
NC_000962.3	4150000	4151000	0.000179886	Rv3707c	4150500.0	0.179886	-0.2456856558616899	-0.0574958510123096	False	0	0	0	0	0	0	0	0	0	0	0	0	0	0	0
NC_000962.3	4151000	4152000	0.000658995	Rv3707c,asd	4151500.0	0.658995	0.5974723133161569	2.278362682241032	False	0	0	0	0	0	0	0	0	0	0	0	0	0	0	0
NC_000962.3	4152000	4153000	5.26281e-05	asd,ask	4152500.0	0.0526281	-0.4696399387614841	-0.6779318095079762	False	0	0	0	0	0	0	0	0	0	0	0	0	0	0	0
NC_000962.3	4153000	4154000	7.88542e-05	ask,leuA	4153500.0	0.0788542	-0.4234860463999231	-0.5500685060030214	False	0	0	0	0	1	1	0	0	1	1	0	0	0	0	0
NC_000962.3	4154000	4155000	0.000115113	leuA	4154500.0	0.115113	-0.3596761489176681	-0.373291556737768	False	0	0	0	0	0	0	0	0	1	1	0	0	0	0	0
NC_000962.3	4155000	4156000	0.000245539	leuA,dnaQ	4155500.0	0.245539	-0.1301464984874114	0.2625902260258625	False	0	0	2	1	0	0	1	1	1	1	0	0	0	0	0
NC_000962.3	4156000	4157000	0.000843458	dnaQ,Rv3712	4156500.0	0.8434579999999999	0.9220987521191288	3.1776976407150133	False	0	0	2	1	1	1	1	1	0	0	0	0	0	0	0
NC_000962.3	4157000	4158000	0.000173198	Rv3712	4157500.0	0.173198	-0.2574555046807716	-0.0901026729889336	False	0	0	0	0	0	0	0	0	0	0	0	0	0	0	0
NC_000962.3	4158000	4159000	0.000830081	Rv3712,cobQ2,Rv3714c	4158500.0	0.830081	0.8985572946351491	3.112479121339819	False	0	0	0	0	0	0	0	0	0	0	0	0	0	0	0
NC_000962.3	4159000	4160000	0.000567468	Rv3714c,recR	4159500.0	0.567468	0.4363989052922192	1.8321299377651843	False	0	0	0	0	0	0	0	0	0	0	0	0	0	0	0
NC_000962.3	4160000	4161000	0.000464676	recR,Rv3716c	4160500.0	0.464676	0.2555008341482223	1.3309755650646562	False	0	0	0	0	1	1	0	0	0	0	0	0	0	0	0
NC_000962.3	4161000	4162000	9.20552e-05	Rv3717,Rv3718c	4161500.0	0.0920552	-0.4002543217796034	-0.4857080608903698	False	0	0	0	0	0	0	0	0	0	0	0	0	0	0	0
NC_000962.3	4162000	4163000	7.90302e-05	Rv3718c,Rv3719	4162500.0	0.0790302	-0.423176313536263	-0.5492104317404787	False	0	0	0	0	0	0	0	0	0	0	0	0	0	0	0
NC_000962.3	4163000	4164000	0.000330026	Rv3719,Rv3720	4163500.0	0.330026	0.0185375949901244	0.6745	False	0	0	0	0	0	0	0	0	0	0	0	0	0	0	0
NC_000962.3	4164000	4165000	5.26281e-05	Rv3720,dnaZX	4164500.0	0.0526281	-0.4696399387614841	-0.6779318095079762	False	0	0	0	0	0	0	0	0	0	0	0	0	0	0	0
NC_000962.3	4165000	4166000	6.60051e-05	dnaZX	4165500.0	0.0660051	-0.4460984812775044	-0.6127132901327821	False	0	0	0	0	0	0	0	0	0	0	0	0	0	0	0
NC_000962.3	4166000	4167000	0.000599679	dnaZX,Rv3722c	4166500.0	0.599679	0.4930852988794563	1.9891721540763443	False	0	0	0	0	0	0	0	0	0	0	0	0	0	0	0
NC_000962.3	4167000	4168000	0.000656355	Rv3722c	4167500.0	0.6563549999999999	0.5928263203612562	2.26549156830289	False	0	0	0	0	0	0	0	0	0	0	0	0	0	0	0
NC_000962.3	4168000	4169000	7.90302e-05	Rv3722c,serV,Rv3723	4168500.0	0.0790302	-0.423176313536263	-0.5492104317404787	False	0	0	0	0	1	1	0	0	0	0	0	0	0	0	0
NC_000962.3	4169000	4170000	0.000946338	Rv3723,cut5a,cut5b	4169500.0	0.946338	1.1031516896949558	3.679281050546813	False	0	0	0	0	0	0	0	0	0	0	0	0	0	0	0
NC_000962.3	4170000	4171000	0.000562716	cut5b,Rv3725	4170500.0	0.562716	0.4280361179733979	1.808961932676531	False	0	0	0	0	0	0	0	0	0	0	0	0	0	0	0
NC_000962.3	4171000	4172000	3.96031e-05	Rv3725,Rv3726	4171500.0	0.0396031	-0.4925619305181437	-0.7414341803580851	False	0	0	0	0	0	0	0	0	0	0	0	0	0	0	0
NC_000962.3	4172000	4173000	0.000118105	Rv3726,Rv3727	4172500.0	0.118105	-0.3544106902354473	-0.3587042942745415	False	0	0	0	0	0	0	0	0	0	0	0	0	0	0	0
NC_000962.3	4173000	4174000	9.17032e-05	Rv3727	4173500.0	0.0917032	-0.4008737875069235	-0.4874242094154553	False	0	0	0	0	0	0	0	0	0	0	0	0	0	0	0
NC_000962.3	4174000	4175000	0.000660051	Rv3727,Rv3728	4174500.0	0.660051	0.5993307104981173	2.2835111278162885	False	0	0	0	0	0	0	0	0	0	0	0	0	0	0	0
NC_000962.3	4175000	4176000	6.4245e-05	Rv3728	4175500.0	0.064245	-0.4491959858986865	-0.621294520300404	False	0	0	0	0	0	0	0	0	0	0	0	0	0	0	0
NC_000962.3	4176000	4177000	0.000278102	Rv3728	4176500.0	0.278102	-0.0728406391728541	0.4213485908621077	False	0	0	0	0	0	0	0	0	0	0	0	0	0	0	0
NC_000962.3	4177000	4178000	6.60051e-05	Rv3728	4177500.0	0.0660051	-0.4460984812775044	-0.6127132901327821	False	0	0	0	0	0	0	0	0	0	0	0	0	0	0	0
NC_000962.3	4178000	4179000	0.000310136	Rv3728,Rv3729	4178500.0	0.3101359999999999	-0.0164657382950933	0.5775278574887779	False	0	0	0	0	0	0	0	0	0	0	0	0	0	0	0
NC_000962.3	4179000	4180000	0.000995182	Rv3729	4179500.0	0.995182	1.189109598743884	3.917416160090208	False	0	0	0	0	0	0	0	0	0	0	0	0	0	0	0
NC_000962.3	4180000	4181000	0.000130426	Rv3729,Rv3730c	4180500.0	0.130426	-0.3327276299334278	-0.2986342204746037	False	0	0	0	0	0	0	0	0	0	0	0	0	0	0	0
NC_000962.3	4181000	4182000	2.6226e-05	Rv3730c,ligC	4181500.0	0.026226	-0.5161035639867051	-0.806653187275474	False	0	0	0	0	0	0	0	0	0	0	0	0	0	0	0
NC_000962.3	4182000	4183000	0.000671492	ligC,Rv3732	4182500.0	0.671492	0.6194651064818364	2.3392908303035123	False	0	0	0	0	0	0	0	0	0	0	0	0	0	0	0
NC_000962.3	4183000	4184000	0.000156652	Rv3732	4183500.0	0.1566519999999999	-0.2865739135564485	-0.1707714045118438	False	0	0	0	0	0	0	0	0	0	0	0	0	0	0	0
NC_000962.3	4184000	4185000	9.06471e-05	Rv3733c,tgs2	4184500.0	0.0906471	-0.4027323606734654	-0.4925731425329063	False	0	0	0	0	0	0	0	0	0	0	0	0	0	0	0
NC_000962.3	4185000	4186000	2.64021e-05	tgs2	4185500.0	0.0264020999999999	-0.5157936551384635	-0.805794625470737	False	0	0	0	0	0	0	0	0	0	0	0	0	0	0	0
NC_000962.3	4186000	4187000	0.00058771	Rv3735,Rv3736	4186500.0	0.58771	0.4720217043047569	1.930818228801492	False	0	0	0	0	0	0	0	0	0	0	0	0	0	0	0
NC_000962.3	4187000	4188000	0.000359073	Rv3736,Rv3737	4187500.0	0.359073	0.0696558364147458	0.8161163812731753	False	0	0	0	0	0	0	0	0	0	0	0	0	0	0	0
NC_000962.3	4188000	4189000	0.000242814	Rv3737	4188500.0	0.242814	-0.1349420783366934	0.2493047012222889	False	0	0	0	0	0	0	0	0	0	0	0	0	0	0	0
NC_000962.3	4189000	4190000	0.000985437	Rv3737,PPE66	4189500.0	0.985437	1.1719599012645252	3.86990517322385	False	0	0	0	0	0	0	1	1	1	1	0	0	0	0	0
NC_000962.3	4190000	4191000	0.00104039	PPE66,PPE67,Rv3740c	4190500.0	1.04039	1.2686687084049255	4.137824235436981	False	0	0	0	0	0	0	1	1	2	1	0	0	0	0	0
NC_000962.3	4191000	4192000	0.000101912	Rv3740c	4191500.0	0.101912	-0.3829078735379878	-0.4376520018504195	False	0	0	0	0	0	0	0	0	0	0	0	0	0	0	0
NC_000962.3	4192000	4193000	0.000245187	Rv3740c,Rv3741c,Rv3742c	4192500.0	0.245187	-0.1307659642147315	0.260874077500777	False	0	0	0	0	0	0	0	0	0	0	0	0	0	0	0
NC_000962.3	4193000	4194000	0.000230226	Rv3742c,ctpJ	4193500.0	0.230226	-0.1570950174716517	0.1879328897626981	False	0	0	0	0	0	0	0	0	0	0	0	0	0	0	0
NC_000962.3	4194000	4195000	0.000425073	ctpJ	4194500.0	0.425073	0.185805660287263	1.1378942297267016	False	0	0	0	0	0	0	0	0	0	0	0	0	0	0	0
NC_000962.3	4195000	4196000	0.000321242	ctpJ,nmtR,Rv3745c	4195500.0	0.321242	0.0030791093401821	0.6316742936240035	False	0	0	0	0	0	0	0	0	0	0	0	0	0	0	0
NC_000962.3	4196000	4197000	0.000105608	Rv3745c,PE34,Rv3747	4196500.0	0.105608	-0.3764034834011269	-0.4196324423370221	False	0	0	0	0	0	0	0	0	1	1	0	0	0	0	0
NC_000962.3	4197000	4198000	0.000430178	Rv3747,Rv3748,Rv3749c	4197500.0	0.4301779999999999	0.1947896731792206	1.162783258762387	False	0	0	0	0	0	0	0	0	0	0	0	0	0	0	0
NC_000962.3	4198000	4199000	0.000205936	Rv3749c,Rv3750c,Rv3751	4198500.0	0.2059359999999999	-0.1998416723483705	0.0695088906879075	False	0	0	0	0	0	0	0	0	2	1	0	0	0	0	0
NC_000962.3	4199000	4200000	3.94271e-05	Rv3751,serX,Rv3752c,Rv3753c	4199500.0	0.0394271	-0.4928716633818038	-0.7422922546206278	False	0	0	0	0	0	0	1	1	1	1	0	0	0	0	0
NC_000962.3	4200000	4201000	0.000471189	Rv3753c,tyrA	4200500.0	0.471189	0.2669627099494602	1.362729188200684	False	0	0	0	0	0	0	0	0	0	0	0	0	0	0	0
NC_000962.3	4201000	4202000	0.000297463	tyrA,Rv3755c,proZ	4201500.0	0.297463	-0.0387682643244328	0.5157416351637548	False	0	0	0	0	0	0	0	0	0	0	0	0	0	0	0
NC_000962.3	4202000	4203000	0.000305736	proZ,proW	4202500.0	0.3057359999999999	-0.0242090598865944	0.5560760009252093	False	0	0	0	0	0	0	0	0	0	0	0	0	0	0	0
NC_000962.3	4203000	4204000	7.86781e-05	proW,proV	4203500.0	0.0786781	-0.4237959552481647	-0.5509270678077587	False	0	0	0	0	0	0	0	0	0	0	0	0	0	0	0
NC_000962.3	4204000	4205000	0.000464676	proV,proX	4204500.0	0.464676	0.2555008341482223	1.3309755650646562	False	0	0	0	0	0	0	0	0	0	0	0	0	0	0	0
NC_000962.3	4205000	4206000	0.000959803	proX,Rv3760,fadE36	4205500.0	0.959803	1.1268480136107657	3.74492860705328	False	0	0	0	0	0	0	0	0	0	0	0	0	0	0	0
NC_000962.3	4206000	4207000	5.28041e-05	fadE36,Rv3762c	4206500.0	0.0528041	-0.469330205897824	-0.6770737352454336	False	0	0	0	0	0	0	0	0	0	0	0	0	0	0	0
NC_000962.3	4207000	4208000	0.000105432	Rv3762c	4207500.0	0.105432	-0.3767132162647869	-0.4204905165995648	False	0	0	0	0	0	0	0	0	0	0	0	0	0	0	0
NC_000962.3	4208000	4209000	0.000189743	Rv3762c	4208500.0	0.189743	-0.228338855650911	-0.00943881688797	False	0	0	0	0	0	0	0	0	0	0	0	0	0	0	0
NC_000962.3	4209000	4210000	0.000245637	lpqH,tcrY	4209500.0	0.245637	-0.1299740335974189	0.2630680173765966	False	0	0	0	0	0	0	0	0	0	0	0	0	0	0	0
NC_000962.3	4210000	4211000	0.000279862	tcrY	4210500.0	0.279862	-0.0697433105362536	0.429929333487535	False	0	0	0	0	0	0	0	0	0	0	0	0	0	0	0
NC_000962.3	4211000	4212000	3.96031e-05	tcrY,tcrX	4211500.0	0.0396031	-0.4925619305181437	-0.7414341803580851	False	0	0	0	0	0	0	0	0	0	0	0	0	0	0	0
NC_000962.3	4212000	4213000	0.000220193	Rv3766,Rv3767c	4212500.0	0.220193	-0.1747515505460905	0.1390177813758159	False	0	0	0	0	0	0	0	0	0	0	0	0	0	0	0
NC_000962.3	4213000	4214000	3.94271e-05	Rv3767c	4213500.0	0.0394271	-0.4928716633818038	-0.7422922546206278	False	0	0	0	0	0	0	0	0	0	0	0	0	0	0	0
NC_000962.3	4214000	4215000	0.000719896	Rv3768,Rv3769	4214500.0	0.719896	0.7046486833716141	2.5752807541905494	False	0	0	0	0	0	0	0	0	0	0	0	0	0	0	0
NC_000962.3	4215000	4216000	0.00119513	Rv3770c,Rv3770A	4215500.0	1.19513	1.5409872500114912	4.892247027402113	False	0	0	0	0	0	0	0	0	1	1	0	0	0	0	0
NC_000962.3	4216000	4217000	0.000597039	Rv3770A,Rv3770B,Rv3771c,argU,serT	4216500.0	0.597039	0.4884393059245556	1.9763010401382035	False	0	0	0	0	0	0	3	1	2	1	0	0	0	0	0
NC_000962.3	4217000	4218000	0.000551099	serT,hisC2	4217500.0	0.551099	0.4075919891260186	1.752324155926764	False	0	0	0	0	0	0	0	0	0	0	0	0	0	0	0
NC_000962.3	4218000	4219000	0.000916151	hisC2,Rv3773c,echA21	4218500.0	0.916151	1.0500272240398094	3.5321066882548955	False	0	0	0	0	0	0	0	0	0	0	0	0	0	0	0
NC_000962.3	4219000	4220000	0.000130426	echA21,lipE	4219500.0	0.130426	-0.3327276299334278	-0.2986342204746037	False	0	0	0	0	0	0	0	0	0	0	0	0	0	0	0
NC_000962.3	4220000	4221000	0.000242195	lipE	4220500.0	0.242195	-0.1360314228969523	0.2462868150375505	False	0	0	0	0	0	0	0	0	0	0	0	0	0	0	0
NC_000962.3	4221000	4222000	0.000927592	Rv3776	4221500.0	0.927592	1.0701616200235284	3.58788639074212	False	1	1	0	0	0	0	5	1	0	0	1	1	1	139	139
NC_000962.3	4222000	4223000	0.000180942	Rv3776,serU,Rv3777	4222500.0	0.180942	-0.2438272586797296	-0.0523474054370531	False	1	1	0	0	0	0	4	1	0	0	0	0	1	92	92
NC_000962.3	4223000	4224000	0.000423841	Rv3777,Rv3778c	4223500.0	0.423841	0.1836375302416427	1.1318877098889026	False	0	0	0	0	0	0	0	0	0	0	0	0	0	0	0
NC_000962.3	4224000	4225000	0.000178478	Rv3778c,Rv3779	4224500.0	0.178478	-0.2481635187709702	-0.0643604451126514	False	0	0	0	0	0	0	0	0	0	0	0	0	0	0	0
NC_000962.3	4225000	4226000	0.000144331	Rv3779	4225500.0	0.144331	-0.3082569738584679	-0.2308414783117812	False	0	0	0	0	0	0	0	0	0	0	0	0	0	0	0
NC_000962.3	4226000	4227000	0.000101912	Rv3779,Rv3780	4226500.0	0.101912	-0.3829078735379878	-0.4376520018504195	False	0	0	0	0	0	0	0	0	0	0	0	0	0	0	0
NC_000962.3	4227000	4228000	5.28041e-05	Rv3780,rfbE	4227500.0	0.0528041	-0.469330205897824	-0.6770737352454336	False	0	0	0	0	1	1	0	0	0	0	0	0	0	0	0
NC_000962.3	4228000	4229000	6.56531e-05	rfbE,glfT1	4228500.0	0.0656530999999999	-0.4467179470048244	-0.6144294386578679	False	0	0	0	0	0	0	0	0	0	0	0	0	0	0	0
NC_000962.3	4229000	4230000	0.000540186	glfT1,rfbD	4229500.0	0.540186	0.3883867917332795	1.6991186762271682	False	0	0	0	0	0	0	0	0	0	0	0	0	0	0	0
NC_000962.3	4230000	4231000	0.000243779	rfbD,Rv3784	4230500.0	0.243779	-0.1332438271240118	0.2540094834004351	False	0	0	0	0	0	0	0	0	0	0	0	0	0	0	0
NC_000962.3	4231000	4232000	9.17032e-05	Rv3784,Rv3785	4231500.0	0.0917032	-0.4008737875069235	-0.4874242094154553	False	0	0	0	0	0	0	0	0	0	0	0	0	0	0	0
NC_000962.3	4232000	4233000	0.000444787	Rv3785,Rv3786c	4232500.0	0.444787	0.2204992607088207	1.2340082979753808	False	0	0	0	0	0	0	0	0	0	0	0	0	0	0	0
NC_000962.3	4233000	4234000	0.00028039	Rv3786c,Rv3787c	4233500.0	0.28039	-0.0688141119452735	0.4325035562751631	False	0	0	0	0	0	0	0	0	0	0	0	0	0	0	0
NC_000962.3	4234000	4235000	0.000588766	Rv3787c,Rv3788	4234500.0	0.588766	0.4738801014867173	1.9359666743767483	False	0	0	0	0	0	0	0	0	0	0	0	0	0	0	0
NC_000962.3	4235000	4236000	0.000105256	Rv3788,Rv3789,dprE1	4235500.0	0.105256	-0.3770229491284469	-0.4213485908621075	False	0	0	0	0	0	0	0	0	0	0	0	0	0	0	0
NC_000962.3	4236000	4237000	0.000516424	dprE1	4236500.0	0.516424	0.3465693354475408	1.583268899940006	False	0	0	0	0	0	0	0	0	0	0	0	0	0	0	0
NC_000962.3	4237000	4238000	0.000152076	dprE1,dprE2,aftA	4237500.0	0.152076	-0.2946269680116096	-0.1930813353379545	False	0	0	0	0	0	0	1	1	0	0	0	0	0	0	0
NC_000962.3	4238000	4239000	0.000345515	aftA	4238500.0	0.345515	0.0457958468380247	0.7500154105257072	False	0	0	0	0	0	0	0	0	0	0	0	0	0	0	0
NC_000962.3	4239000	4240000	0.000201184	aftA,embC	4239500.0	0.201184	-0.2082044596671918	0.0463408855992541	False	0	0	0	0	0	0	0	0	0	0	0	0	0	0	0
NC_000962.3	4240000	4241000	0.00025346	embC	4240500.0	0.25346	-0.1162067597768931	0.301208443262232	False	0	0	0	0	0	0	1	1	0	0	0	0	0	0	0
NC_000962.3	4241000	4242000	0.000245011	embC	4241500.0	0.245011	-0.1310756970783915	0.2600160032382343	False	0	0	0	0	0	0	0	0	0	0	0	0	0	0	0
NC_000962.3	4242000	4243000	0.000421905	embC	4242500.0	0.421905	0.1802304687413822	1.1224488930009324	False	0	0	0	0	0	0	0	0	0	0	0	0	0	0	0
NC_000962.3	4243000	4244000	0.000810367	embC,embA	4243500.0	0.810367	0.8638636942135917	3.01636505309114	False	0	0	0	0	0	0	0	0	0	0	0	0	0	0	0
NC_000962.3	4244000	4245000	0.000169149	embA	4244500.0	0.169149	-0.264581120390769	-0.1098432564493628	False	0	0	0	0	0	0	0	0	0	0	0	0	0	0	0
NC_000962.3	4245000	4246000	0.000232162	embA	4245500.0	0.232162	-0.1536879559713911	0.1973717066506683	False	0	0	0	0	0	0	0	0	0	0	0	0	0	0	0
NC_000962.3	4246000	4247000	0.000104904	embA,embB	4246500.0	0.104904	-0.377642414855767	-0.423064739387193	False	0	0	0	0	0	0	0	0	0	0	0	0	0	0	0
NC_000962.3	4247000	4248000	0.00108997	embB	4247500.0	1.08997	1.3559218639746138	4.379547655532828	False	0	0	0	0	0	0	1	1	0	0	0	0	0	0	0
NC_000962.3	4248000	4249000	0.000217553	embB	4248500.0	0.217553	-0.1793975435009912	0.1261466674376749	False	0	0	0	0	0	0	0	0	0	0	0	0	0	0	0
NC_000962.3	4249000	4250000	0.000206112	embB,Rv3796	4249500.0	0.206112	-0.1995319394847105	0.0703669649504506	False	0	0	0	0	0	0	0	0	0	0	0	0	0	0	0
NC_000962.3	4250000	4251000	0.000245539	Rv3796	4250500.0	0.245539	-0.1301464984874114	0.2625902260258625	False	0	0	0	0	0	0	0	0	0	0	0	0	0	0	0
NC_000962.3	4251000	4252000	0.000564652	Rv3796,fadE35	4251500.0	0.564652	0.4314431794736584	1.818400749564501	False	0	0	0	0	0	0	0	0	0	0	0	0	0	0	0
NC_000962.3	4252000	4253000	0.000795582	fadE35,Rv3798	4252500.0	0.795582	0.8378443738203314	2.944281939615605	False	1	1	0	0	0	0	1	1	1	1	0	0	1	3	3
NC_000962.3	4253000	4254000	0.000921154	Rv3798	4253500.0	0.921154	1.0588317326585095	3.5564984242520623	False	1	1	0	0	0	0	1	1	1	1	1	1	1	0	0
NC_000962.3	4254000	4255000	0.00283769	Rv3798,accD4	4254500.0	2.83769	4.431639593951521	12.900420099460051	True	1	1	0	0	0	0	1	1	1	1	0	0	1	2	2
NC_000962.3	4255000	4256000	0.000300807	accD4,pks13	4255500.0	0.300807	-0.0328833399148919	0.5320450461520668	False	0	0	0	0	0	0	0	0	0	0	0	0	0	0	0
NC_000962.3	4256000	4257000	0.000613408	pks13	4256500.0	0.613408	0.5172462220907561	2.056106821976624	False	0	0	0	0	0	0	0	0	0	0	0	0	0	0	0
NC_000962.3	4257000	4258000	0.000173198	pks13	4257500.0	0.173198	-0.2574555046807716	-0.0901026729889336	False	0	0	0	0	0	0	0	0	0	0	0	0	0	0	0
NC_000962.3	4258000	4259000	0.000605487	pks13	4258500.0	0.605487	0.503306483380238	2.017488604740255	False	0	0	0	0	0	0	0	0	0	0	0	0	0	0	0
NC_000962.3	4259000	4260000	0.000103672	pks13	4259500.0	0.103672	-0.3798105449013873	-0.4290712592249922	False	0	0	0	0	0	0	0	0	0	0	0	0	0	0	0
NC_000962.3	4260000	4261000	0.000105256	pks13	4260500.0	0.105256	-0.3770229491284469	-0.4213485908621075	False	0	0	0	0	0	0	0	0	0	0	0	0	0	0	0
NC_000962.3	4261000	4262000	0.000306088	pks13,fadD32	4261500.0	0.3060879999999999	-0.0235895941592743	0.5577921494502949	False	0	0	0	0	0	0	0	0	0	0	0	0	0	0	0
NC_000962.3	4262000	4263000	0.000549339	fadD32	4262500.0	0.549339	0.4044946604894182	1.7437434133013368	False	0	0	0	0	0	0	0	0	0	0	0	0	0	0	0
NC_000962.3	4263000	4264000	0.000306088	fadD32,Rv3802c	4263500.0	0.3060879999999999	-0.0235895941592743	0.5577921494502949	False	0	0	0	0	0	0	0	0	0	0	0	0	0	0	0
NC_000962.3	4264000	4265000	0.000340587	Rv3802c,fbpD	4264500.0	0.340587	0.0371233266555434	0.7259893311745104	False	0	0	0	0	0	0	0	0	0	0	0	0	0	0	0
NC_000962.3	4265000	4266000	7.90302e-05	fbpD,fbpA	4265500.0	0.0790302	-0.423176313536263	-0.5492104317404787	False	0	0	0	0	0	0	1	1	0	0	0	0	0	0	0
NC_000962.3	4266000	4267000	0.000317353	fbpA,aftB	4266500.0	0.317353	-0.0037649310392151	0.6127137776749767	False	0	0	0	0	0	0	3	1	0	0	0	0	0	0	0
NC_000962.3	4267000	4268000	0.000535786	aftB	4267500.0	0.535786	0.3806434701417784	1.677666819663599	False	0	0	0	0	0	0	0	0	0	0	0	0	0	0	0
NC_000962.3	4268000	4269000	2.64021e-05	aftB,ubiA	4268500.0	0.0264020999999999	-0.5157936551384635	-0.805794625470737	False	0	0	0	0	0	0	0	0	0	0	0	0	0	0	0
NC_000962.3	4269000	4270000	0.00074049	ubiA,Rv3807c	4269500.0	0.74049	0.740890948111472	2.6756851937519426	False	0	0	0	0	0	0	0	0	0	0	0	0	0	0	0
NC_000962.3	4270000	4271000	0.000154188	Rv3807c,glfT2	4270500.0	0.154188	-0.2909101736476891	-0.1827844441874417	False	0	0	0	0	0	0	0	0	0	0	0	0	0	0	0
NC_000962.3	4271000	4272000	0.00013113	glfT2	4271500.0	0.13113	-0.3314886984787876	-0.2952019234244327	False	0	0	0	0	0	0	0	0	0	0	0	0	0	0	0
NC_000962.3	4272000	4273000	5.22761e-05	glfT2,glf	4272500.0	0.0522761	-0.4702594044888042	-0.6796479580330618	False	0	0	0	0	0	0	0	0	0	0	0	0	0	0	0
NC_000962.3	4273000	4274000	1.3201e-05	glf,pirG	4273500.0	0.013201	-0.5390255557433647	-0.8701555581255828	False	0	0	0	0	0	0	0	0	0	0	0	0	0	0	0
NC_000962.3	4274000	4275000	0.0002084	pirG,Rv3811	4274500.0	0.2084	-0.1955054122571299	0.0815219303635063	False	0	0	0	0	0	0	0	0	0	0	0	0	0	0	0
NC_000962.3	4275000	4276000	0.000398671	Rv3811	4275500.0	0.398671	0.1393422110466237	1.0091733395013986	False	0	0	0	0	1	1	0	0	0	0	0	0	0	0	0
NC_000962.3	4276000	4277000	0.000219137	Rv3811,PE_PGRS62	4276500.0	0.219137	-0.1766099477280508	0.1338693358005595	False	0	0	0	0	0	0	0	0	1	1	0	0	0	0	0
NC_000962.3	4277000	4278000	0.000271589	PE_PGRS62	4277500.0	0.2715889999999999	-0.0843025149740921	0.3895949677260797	False	0	0	0	0	0	0	0	0	1	1	0	0	0	0	0
NC_000962.3	4278000	4279000	0.000217377	PE_PGRS62,Rv3813c	4278500.0	0.217377	-0.1797072763646513	0.125288593175132	False	0	0	0	0	0	0	0	0	1	1	0	0	0	0	0
NC_000962.3	4279000	4280000	6.58291e-05	Rv3813c,Rv3814c	4279500.0	0.0658291	-0.4464082141411644	-0.6135713643953248	False	0	0	0	0	1	1	0	0	0	0	0	0	0	0	0
NC_000962.3	4280000	4281000	0.000855427	Rv3814c,Rv3815c,Rv3816c	4280500.0	0.8554269999999999	0.9431623466938284	3.236051565989866	False	0	0	0	0	0	0	0	0	0	0	0	0	0	0	0
NC_000962.3	4281000	4282000	0.000411872	Rv3816c,Rv3817	4281500.0	0.4118719999999999	0.1625739356669433	1.0735337846140498	False	0	0	0	0	0	0	0	0	0	0	0	0	0	0	0
NC_000962.3	4282000	4283000	0.000102968	Rv3817,Rv3818	4282500.0	0.1029679999999999	-0.3810494763560275	-0.4325035562751635	False	0	0	0	0	0	0	0	0	0	0	0	0	0	0	0
NC_000962.3	4283000	4284000	0.000173198	Rv3818,Rv3819	4283500.0	0.173198	-0.2574555046807716	-0.0901026729889336	False	0	0	0	0	1	1	0	0	0	0	0	0	0	0	0
NC_000962.3	4284000	4285000	0.000828849	Rv3819,papA2	4284500.0	0.828849	0.896389164589529	3.1064726015020203	False	0	0	0	0	0	0	0	0	0	0	0	0	0	0	0
NC_000962.3	4285000	4286000	6.58291e-05	papA2,Rv3821	4285500.0	0.0658291	-0.4464082141411644	-0.6135713643953248	False	0	0	0	0	0	0	0	0	0	0	0	0	0	0	0
NC_000962.3	4286000	4287000	0.000528745	Rv3821,Rv3822	4286500.0	0.5287449999999999	0.3682523957495602	1.6433389737399433	False	0	0	0	0	0	0	0	0	0	0	0	0	0	0	0
NC_000962.3	4287000	4288000	0.00116275	Rv3822	4287500.0	1.16275	1.4840034424813076	4.734380864782033	False	0	0	0	0	0	0	0	0	0	0	0	0	0	0	0
NC_000962.3	4288000	4289000	3.96031e-05	mmpL8	4288500.0	0.0396031	-0.4925619305181437	-0.7414341803580851	False	0	0	0	0	0	0	1	1	0	0	0	0	0	0	0
NC_000962.3	4289000	4290000	0.000345163	mmpL8	4289500.0	0.345163	0.0451763811107046	0.7482992620006217	False	0	0	0	0	0	0	0	0	0	0	0	0	0	0	0
NC_000962.3	4290000	4291000	0.0010031	mmpL8	4290500.0	1.0031	1.2030440579169537	3.9560197510607393	False	0	0	0	0	0	0	0	0	0	0	0	0	0	0	0
NC_000962.3	4291000	4292000	0.000434578	mmpL8,papA1	4291500.0	0.434578	0.2025329947707219	1.1842351153259558	False	0	0	0	0	0	0	0	0	0	0	0	0	0	0	0
NC_000962.3	4292000	4293000	0.000282326	papA1	4292500.0	0.282326	-0.065407050445013	0.4419423731631334	False	0	0	0	0	0	0	0	0	0	0	0	0	0	0	0
NC_000962.3	4293000	4294000	0.000216321	papA1,pks2	4293500.0	0.216321	-0.1815656735466116	0.1201401475998757	False	1	1	0	0	0	0	1	1	0	0	0	0	1	122	122
NC_000962.3	4294000	4295000	0.000104644	pks2	4294500.0	0.104644	-0.3780999747679921	-0.424332349093222	False	1	1	0	0	0	0	3	1	0	0	0	0	1	208	208
NC_000962.3	4295000	4296000	6.53926e-05	pks2	4295500.0	0.0653926	-0.4471763868399576	-0.6156994860748697	False	1	1	0	0	0	0	0	0	0	0	0	0	1	247	247
NC_000962.3	4296000	4297000	0.000639781	pks2	4296500.0	0.6397809999999999	0.5636586358027244	2.184686324965485	False	1	1	0	0	0	0	1	1	0	0	0	0	1	230	230
NC_000962.3	4297000	4298000	7.83303e-05	pks2	4297500.0	0.0783302999999999	-0.4244080296230567	-0.5526227395606704	False	1	1	0	0	0	0	1	1	0	0	0	0	1	221	221
NC_000962.3	4298000	4299000	0.000186142	pks2	4298500.0	0.186142	-0.2346760604352282	-0.0269952113164722	False	1	1	0	0	0	0	0	0	0	0	0	0	1	209	209
NC_000962.3	4299000	4300000	0.000179534	pks2,fadD23	4299500.0	0.179534	-0.24630512158901	-0.059211999537395	False	1	1	0	0	0	0	0	0	1	1	0	0	1	119	119
NC_000962.3	4300000	4301000	6.58291e-05	fadD23	4300500.0	0.0658291	-0.4464082141411644	-0.6135713643953248	False	0	0	0	0	0	0	0	0	1	1	0	0	0	0	0
NC_000962.3	4301000	4302000	0.000598271	fadD23,Rv3827c	4301500.0	0.598271	0.4906074359701761	1.9823075599760025	False	2	1	0	0	0	0	3	1	2	1	0	0	2	88	72
NC_000962.3	4302000	4303000	0.000395327	Rv3827c,Rv3828c	4302500.0	0.395327	0.1334572866370828	0.9928699285130864	False	2	1	0	0	0	0	8	1	2	1	0	0	2	365	292
NC_000962.3	4303000	4304000	0.00033689	Rv3828c,Rv3829c	4303500.0	0.33689	0.0306171766728662	0.7079648962391668	False	2	1	0	0	0	0	3	1	1	1	0	0	2	167	131
NC_000962.3	4304000	4305000	0.000118457	Rv3829c	4304500.0	0.1184569999999999	-0.3537912245081273	-0.3569881457494565	False	0	0	0	0	0	0	0	0	0	0	0	0	0	0	0
NC_000962.3	4305000	4306000	0.000167917	Rv3829c,Rv3830c,Rv3831	4305500.0	0.167917	-0.2667492504363892	-0.1158497762871618	False	0	0	0	0	0	0	0	0	0	0	0	0	0	0	0
NC_000962.3	4306000	4307000	0.000806495	Rv3831,Rv3832c,Rv3833	4306500.0	0.806495	0.8570495712130705	2.9974874193152004	False	0	0	0	0	0	0	0	0	0	0	0	0	0	0	0
NC_000962.3	4307000	4308000	0.000656003	Rv3833,serS	4307500.0	0.6560029999999999	0.5922068546339361	2.2637754197778044	False	0	0	0	0	0	0	0	0	0	0	0	0	0	0	0
NC_000962.3	4308000	4309000	0.000561836	serS	4308500.0	0.561836	0.4264874536550977	1.804671561363817	False	0	0	0	0	0	0	0	0	0	0	0	0	0	0	0
NC_000962.3	4309000	4310000	0.000490902	Rv3835	4309500.0	0.490902	0.3016545505252015	1.4588383810274166	False	0	0	0	0	0	0	0	0	0	0	0	0	0	0	0
NC_000962.3	4310000	4311000	0.000117844	Rv3835,Rv3836	4310500.0	0.117844	-0.3548700099934886	-0.3599767794025167	False	0	0	0	0	0	0	0	0	0	0	0	0	0	0	0
NC_000962.3	4311000	4312000	0.000516878	Rv3837c,pheA	4311500.0	0.5168780000000001	0.3473683054481185	1.5854823415036108	False	0	0	0	0	0	0	0	0	0	0	0	0	0	0	0
NC_000962.3	4312000	4313000	0.000150316	pheA,Rv3839	4312500.0	0.150316	-0.2977242966482101	-0.2016620779633818	False	0	0	0	0	0	0	0	0	0	0	0	0	0	0	0
NC_000962.3	4313000	4314000	0.000704407	Rv3839,Rv3840	4313500.0	0.704407	0.6773904315237138	2.4997653436648437	False	0	0	0	0	0	0	0	0	0	0	0	0	0	0	0
NC_000962.3	4314000	4315000	0.00113969	bfrB,glpQ1	4314500.0	1.13969	1.4434213979585768	4.621953634701151	False	0	0	0	0	0	0	0	0	0	0	0	0	0	0	0
NC_000962.3	4315000	4316000	0.000394711	glpQ1,Rv3843c	4315500.0	0.394711	0.1323732216142726	0.989866668594187	False	0	0	0	0	0	0	0	0	0	0	0	0	0	0	0
NC_000962.3	4316000	4317000	0.000512904	Rv3843c	4316500.0	0.512904	0.3403746781743398	1.5661074146891514	False	0	0	0	0	0	0	0	0	0	0	0	0	0	0	0
NC_000962.3	4317000	4318000	0.000178302		4317500.0	0.178302	-0.2484732516346303	-0.0652185193751942	False	0	0	0	0	0	0	1	1	0	0	0	0	0	0	0
NC_000962.3	4318000	4319000	0.000545995	Rv3844	4318500.0	0.545995	0.3986097360798772	1.7274400023130243	False	1	1	0	0	0	0	3	1	1	1	0	0	1	0	0
NC_000962.3	4319000	4320000	0.000574861	Rv3844,Rv3845	4319500.0	0.574861	0.4494094454117573	1.8681739322139257	False	1	1	0	0	0	0	1	1	1	1	0	0	1	0	0
NC_000962.3	4320000	4321000	0.000304856	sodA	4320500.0	0.304856	-0.0257577242048946	0.5517856296124963	False	1	1	0	0	0	0	1	1	0	0	0	0	1	0	0
NC_000962.3	4321000	4322000	0.00010376	sodA,Rv3847	4321500.0	0.1037599999999999	-0.3796556784695573	-0.4286422220937213	False	0	0	0	0	0	0	0	0	0	0	0	0	0	0	0
NC_000962.3	4322000	4323000	7.88542e-05	Rv3847,Rv3848	4322500.0	0.0788542	-0.4234860463999231	-0.5500685060030214	False	0	0	0	0	0	0	0	0	0	0	0	0	0	0	0
NC_000962.3	4323000	4324000	0.000850686	Rv3848,espR	4323500.0	0.850686	0.934818917678986	3.212937190542622	False	0	0	0	0	0	0	0	0	0	0	0	0	0	0	0
NC_000962.3	4324000	4325000	2.64021e-05	Rv3850,Rv3851	4324500.0	0.0264020999999999	-0.5157936551384635	-0.805794625470737	False	0	0	0	0	0	0	0	0	0	0	0	0	0	0	0
NC_000962.3	4325000	4326000	0.000198986	hns,rraA	4325500.0	0.198986	-0.2120726007713098	0.0356247081613624	False	0	0	0	0	0	0	0	0	0	0	0	0	0	0	0
NC_000962.3	4326000	4327000	0.000494247	ethA	4326500.0	0.4942469999999999	0.3075412347805586	1.4751466674376743	False	0	0	0	0	0	0	0	0	0	0	0	0	0	0	0
NC_000962.3	4327000	4328000	0.000295351	ethA,ethR	4327500.0	0.295351	-0.0424850586883533	0.505444744013242	False	0	0	0	0	0	0	0	0	0	0	0	0	0	0	0
NC_000962.3	4328000	4329000	0.000286122	ethR,Rv3856c	4328500.0	0.286122	-0.058726675726527	0.4604494748711573	False	0	0	0	0	0	0	0	0	0	0	0	0	0	0	0
NC_000962.3	4329000	4330000	0.00053825	Rv3856c,Rv3857c	4329500.0	0.53825	0.384979730233019	1.689679859339198	False	0	0	0	0	0	0	0	0	0	0	0	0	0	0	0
NC_000962.3	4330000	4331000	0.000130954	gltD	4330500.0	0.130954	-0.3317984313424477	-0.2960599976869755	False	0	0	0	0	0	0	0	0	0	0	0	0	0	0	0
NC_000962.3	4331000	4332000	0.000214033	gltD,gltB	4331500.0	0.214033	-0.1855922007741922	0.1089851821868201	False	0	0	0	0	0	0	0	0	0	0	0	0	0	0	0
NC_000962.3	4332000	4333000	1.3201e-05	gltB	4332500.0	0.013201	-0.5390255557433647	-0.8701555581255828	False	0	0	0	0	0	0	0	0	0	0	0	0	0	0	0
NC_000962.3	4333000	4334000	7.86781e-05	gltB	4333500.0	0.0786781	-0.4237959552481647	-0.5509270678077587	False	0	0	0	0	0	0	0	0	0	0	0	0	0	0	0
NC_000962.3	4334000	4335000	0.000292887	gltB	4334500.0	0.2928869999999999	-0.046821318779594	0.4934317043376433	False	0	0	0	0	1	1	0	0	0	0	0	0	0	0	0
NC_000962.3	4335000	4336000	9.17032e-05	gltB	4335500.0	0.0917032	-0.4008737875069235	-0.4874242094154553	False	0	0	0	0	0	0	0	0	0	0	0	0	0	0	0
NC_000962.3	4336000	4337000	0.000394975	gltB,Rv3860	4336500.0	0.3949749999999999	0.1328378209097627	0.9911537799880008	False	0	0	0	0	0	0	0	0	0	0	0	0	0	0	0
NC_000962.3	4337000	4338000	0.000311016	Rv3860,Rv3861	4337500.0	0.311016	-0.014917073976793	0.581818228801492	False	0	0	0	0	0	0	0	0	0	0	0	0	0	0	0
NC_000962.3	4338000	4339000	0.000783007	Rv3861,whiB6,Rv3863	4338500.0	0.7830069999999999	0.8157143126809844	2.882973508641314	False	0	0	0	0	0	0	0	0	0	0	0	0	0	0	0
NC_000962.3	4339000	4340000	0.000157884	Rv3863	4339500.0	0.157884	-0.2844057835108281	-0.1647648846740442	False	0	0	0	0	0	0	0	0	0	0	0	0	0	0	0
NC_000962.3	4340000	4341000	0.000980849	Rv3863,espE	4340500.0	0.980849	1.1638857286595687	3.847536737334384	False	0	0	0	0	0	0	0	0	0	0	0	0	0	0	0
NC_000962.3	4341000	4342000	5.26281e-05	espE,espF,espG1	4341500.0	0.0526281	-0.4696399387614841	-0.6779318095079762	False	0	0	0	0	0	0	0	0	0	0	0	0	0	0	0
NC_000962.3	4342000	4343000	0.000192735	espG1,espH	4342500.0	0.192735	-0.2230733969686902	0.0051484455752564	False	0	0	0	0	0	0	0	0	0	0	0	0	0	0	0
NC_000962.3	4343000	4344000	0.000367165	espH,eccA1	4343500.0	0.367165	0.0838965087598429	0.8555682956623564	False	0	0	0	0	0	0	0	0	0	0	0	0	0	0	0
NC_000962.3	4344000	4345000	0.000232162	eccA1	4344500.0	0.232162	-0.1536879559713911	0.1973717066506683	False	0	0	0	0	0	0	0	0	0	0	0	0	0	0	0
NC_000962.3	4345000	4346000	0.000181998	eccA1,eccB1	4345500.0	0.181998	-0.2419688614977693	-0.0471989598617967	False	0	0	0	0	0	0	0	0	0	0	0	0	0	0	0
NC_000962.3	4346000	4347000	0.00010508	eccB1,eccCa1	4346500.0	0.10508	-0.3773326819921069	-0.4222066651246502	False	0	0	0	0	0	0	0	0	0	0	0	0	0	0	0
NC_000962.3	4347000	4348000	0.000131834	eccCa1	4347500.0	0.131834	-0.3302497670241475	-0.2917696263742617	False	0	0	0	0	0	0	0	0	0	0	0	0	0	0	0
NC_000962.3	4348000	4349000	5.24535e-05	eccCa1,eccCb1	4348500.0	0.0524535	-0.4699472078410014	-0.6787830581797943	False	0	0	1	1	0	0	1	1	0	0	0	0	0	0	0
NC_000962.3	4349000	4350000	0.000316473	eccCb1	4349500.0	0.316473	-0.0053135953575153	0.6084234063622631	False	0	0	1	1	0	0	0	0	0	0	0	0	0	0	0
NC_000962.3	4350000	4351000	0.000504103	eccCb1,PE35	4350500.0	0.504103	0.3248862751455213	1.523198826140068	False	0	0	1	1	0	0	0	0	1	1	0	0	0	0	0
NC_000962.3	4351000	4352000	0.000341467	PE35,PPE68	4351500.0	0.3414669999999999	0.0386719909738436	0.7302797024872238	False	0	0	1	1	0	0	0	0	2	1	0	0	0	0	0
NC_000962.3	4352000	4353000	0.000186399	PPE68,esxB,esxA	4352500.0	0.1863989999999999	-0.2342237800604519	-0.0257422278762825	False	0	0	1	1	0	0	0	0	1	1	0	0	0	0	0
NC_000962.3	4353000	4354000	0.000381691	espI	4353500.0	0.381691	0.1094600290866942	0.9263886748538096	False	0	0	1	1	0	0	1	1	1	1	0	0	0	0	0
NC_000962.3	4354000	4355000	0.000157708	espI	4354500.0	0.157708	-0.2847155163744882	-0.165622958936587	False	0	0	0	0	0	0	0	0	1	1	0	0	0	0	0
NC_000962.3	4355000	4356000	0.000221601	espI,eccD1	4355500.0	0.221601	-0.1722736876368102	0.1458823754761578	False	0	0	0	0	0	0	0	0	1	1	0	0	0	0	0
NC_000962.3	4356000	4357000	0.000118281	eccD1,espJ	4356500.0	0.118281	-0.3541009573717872	-0.3578462200119988	False	0	0	0	0	0	0	0	0	0	0	0	0	0	0	0
NC_000962.3	4357000	4358000	0.00165118	espJ,espK	4357500.0	1.65118	2.343564934512423	7.1156832059965165	False	0	0	0	0	0	0	0	0	0	0	0	0	0	0	0
NC_000962.3	4358000	4359000	0.000155686	espK	4358500.0	0.155686	-0.2882739246149462	-0.1754810621119359	False	0	0	0	0	0	0	0	0	0	0	0	0	0	0	0
NC_000962.3	4359000	4360000	0.00169695	espK	4359500.0	1.69695	2.4241130775221977	7.338831268477091	False	0	0	0	0	0	0	0	0	0	0	0	0	0	0	0
NC_000962.3	4360000	4361000	0.000105256	espL,espB	4360500.0	0.105256	-0.3770229491284469	-0.4213485908621075	False	0	0	0	0	0	0	0	0	0	0	0	0	0	0	0
NC_000962.3	4361000	4362000	0.000412048	espB	4361500.0	0.4120479999999999	0.1628836685306034	1.0743918588765926	False	0	0	0	0	0	0	0	0	0	0	0	0	0	0	0
NC_000962.3	4362000	4363000	0.000789774	eccE1	4362500.0	0.789774	0.82762318931955	2.915965488951694	False	0	0	0	0	0	0	0	0	0	0	0	0	0	0	0
NC_000962.3	4363000	4364000	0.000179886	eccE1,mycP1	4363500.0	0.179886	-0.2456856558616899	-0.0574958510123096	False	0	0	0	0	0	0	0	0	0	0	0	0	0	0	0
NC_000962.3	4364000	4365000	0.000118633	mycP1,eccA2	4364500.0	0.118633	-0.3534814916444672	-0.3561300714869132	False	0	0	0	0	1	1	0	0	0	0	0	0	0	0	0
NC_000962.3	4365000	4366000	0.000253812	eccA2	4365500.0	0.253812	-0.1155872940495729	0.3029245917873173	False	0	0	0	0	0	0	0	0	0	0	0	0	0	0	0
NC_000962.3	4366000	4367000	0.000430354	eccA2,eccE2	4366500.0	0.4303539999999999	0.1950994060428807	1.1636413330249296	False	0	0	0	0	0	0	0	0	0	0	0	0	0	0	0
NC_000962.3	4367000	4368000	0.000344107	eccE2	4367500.0	0.344107	0.0433179839287444	0.7431508164253652	False	0	0	0	0	0	0	0	0	0	0	0	0	0	0	0
NC_000962.3	4368000	4369000	0.000575037	eccE2,mycP2	4368500.0	0.575037	0.4497191782754174	1.869032006476469	False	0	0	0	0	0	0	0	0	0	0	0	0	0	0	0
NC_000962.3	4369000	4370000	0.000501111	mycP2	4369500.0	0.5011110000000001	0.3196208164633006	1.508611563676842	False	0	0	0	0	0	0	0	0	0	0	0	0	0	0	0
NC_000962.3	4370000	4371000	0.000511144	mycP2,eccD2	4370500.0	0.511144	0.3372773495377395	1.557526672063724	False	0	0	0	0	0	0	0	0	0	0	0	0	0	0	0
NC_000962.3	4371000	4372000	0.00010324	eccD2,Rv3888c	4371500.0	0.10324	-0.3805707982940075	-0.4311774415057788	False	0	0	0	0	0	0	0	0	0	0	0	0	0	0	0
NC_000962.3	4372000	4373000	0.000784887	Rv3888c,espG2	4372500.0	0.784887	0.8190228228155348	2.892139301900294	False	0	0	0	0	0	0	0	0	0	0	0	0	0	0	0
NC_000962.3	4373000	4374000	0.000229698	espG2,esxC	4373500.0	0.2296979999999999	-0.1580242160626318	0.1853586669750695	False	0	0	0	0	0	0	0	0	0	0	0	0	0	0	0
NC_000962.3	4374000	4375000	0.000358364	esxC,esxD,PPE69	4374500.0	0.358364	0.0684081057310244	0.8126597071132733	False	0	0	0	0	0	0	0	0	1	1	0	0	0	0	0
NC_000962.3	4375000	4376000	0.000678301	PPE69,PE36	4375500.0	0.6783009999999999	0.6314478966446844	2.372487578335634	False	0	0	0	0	0	0	0	0	2	1	0	0	0	0	0
NC_000962.3	4376000	4377000	0.000192559	eccC2	4376500.0	0.192559	-0.2233831298323503	0.0042903713127137	False	0	0	0	0	0	0	0	0	0	0	0	0	0	0	0
NC_000962.3	4377000	4378000	0.000548107	eccC2	4377500.0	0.548107	0.4023265304437979	1.7377368934635375	False	0	0	0	0	0	0	0	0	0	0	0	0	0	0	0
NC_000962.3	4378000	4379000	0.000562012	eccC2	4378500.0	0.562012	0.4267971865187577	1.80552963562636	False	0	0	0	0	1	1	0	0	0	0	0	0	0	0	0
NC_000962.3	4379000	4380000	6.60051e-05	eccC2	4379500.0	0.0660051	-0.4460984812775044	-0.6127132901327821	False	0	0	0	0	0	0	0	0	0	0	0	0	0	0	0
NC_000962.3	4380000	4381000	0.000309608	eccC2,eccB2	4380500.0	0.309608	-0.0173949368860733	0.57495363470115	False	0	0	0	0	0	0	0	0	0	0	0	0	0	0	0
NC_000962.3	4381000	4382000	0.000402543	eccB2,Rv3896c	4381500.0	0.402543	0.1461563340471447	1.0280509732773389	False	0	0	0	0	0	0	0	0	0	0	0	0	0	0	0
NC_000962.3	4382000	4383000	0.000131306	Rv3896c	4382500.0	0.131306	-0.3311789656151276	-0.2943438491618899	False	0	0	0	0	0	0	0	0	0	0	0	0	0	0	0
NC_000962.3	4383000	4384000	0.000810015	Rv3897c,Rv3898c	4383500.0	0.8100149999999999	0.8632442284862714	3.0146489045660547	False	1	1	0	0	0	0	1	1	0	0	0	0	1	110	110
NC_000962.3	4384000	4385000	0.00115518	Rv3899c	4384500.0	1.15518	1.470681409652293	4.697473920648804	False	0	0	0	0	0	0	0	0	0	0	0	0	0	0	0
NC_000962.3	4385000	4386000	0.000724825	Rv3899c,Rv3900c	4385500.0	0.724825	0.7133229633999116	2.599311708963693	False	0	0	0	0	0	0	0	0	0	0	0	0	0	0	0
NC_000962.3	4386000	4387000	0.00113106	Rv3900c,Rv3901c	4386500.0	1.13106	1.4282339285643368	4.579878743304878	False	0	0	0	0	0	0	0	0	0	0	0	0	0	0	0
NC_000962.3	4387000	4388000	0.000157884	Rv3902c,Rv3903c	4387500.0	0.157884	-0.2844057835108281	-0.1647648846740442	False	0	0	0	0	0	0	0	0	0	0	0	0	0	0	0
NC_000962.3	4388000	4389000	0.000360828	Rv3903c	4388500.0	0.360828	0.072744365822265	0.8246727467888715	False	0	0	0	0	0	0	0	0	0	0	0	0	0	0	0
NC_000962.3	4389000	4390000	0.000118105	Rv3903c	4389500.0	0.118105	-0.3544106902354473	-0.3587042942745415	False	0	0	0	0	0	0	0	0	0	0	0	0	0	0	0
NC_000962.3	4390000	4391000	0.00046186	Rv3903c,esxE,esxF	4390500.0	0.46186	0.2505451083296615	1.3172463768639726	False	0	0	0	0	0	0	0	0	0	0	0	0	0	0	0
NC_000962.3	4391000	4392000	0.000402015	esxF,Rv3906c,pcnA	4391500.0	0.4020149999999999	0.1452271354561645	1.0254767504897102	False	0	0	0	0	0	0	0	0	0	0	0	0	0	0	0
NC_000962.3	4392000	4393000	6.60051e-05	pcnA	4392500.0	0.0660051	-0.4460984812775044	-0.6127132901327821	False	0	0	0	0	0	0	0	0	0	0	0	0	0	0	0
NC_000962.3	4393000	4394000	0.000914567	pcnA,mutT4	4393500.0	0.914567	1.047239628266869	3.5243840198920107	False	0	0	0	0	0	0	0	0	0	0	0	0	0	0	0
NC_000962.3	4394000	4395000	0.000423841	mutT4,Rv3909	4394500.0	0.423841	0.1836375302416427	1.1318877098889026	False	0	0	0	0	0	0	0	0	0	0	0	0	0	0	0
NC_000962.3	4395000	4396000	0.000457812	Rv3909	4395500.0	0.457812	0.2434212524654804	1.2975106688254896	False	0	0	0	0	0	0	0	0	0	0	0	0	0	0	0
NC_000962.3	4396000	4397000	0.000128314	Rv3909,Rv3910	4396500.0	0.128314	-0.3364444242973484	-0.3089311116251164	False	0	0	0	0	0	0	0	0	0	0	0	0	0	0	0
NC_000962.3	4397000	4398000	0.000706695	Rv3910	4397500.0	0.7066950000000001	0.6814169587512945	2.510920309077899	False	0	0	0	0	0	0	0	0	0	0	0	0	0	0	0
NC_000962.3	4398000	4399000	0.000415568	Rv3910	4398500.0	0.415568	0.1690783258038043	1.0915533441274476	False	0	0	0	0	0	0	0	0	0	0	0	0	0	0	0
NC_000962.3	4399000	4400000	0.000551275	Rv3910	4399500.0	0.5512750000000001	0.4079017219896788	1.753182230189307	False	0	0	0	0	0	0	0	0	0	0	0	0	0	0	0
NC_000962.3	4400000	4401000	0.000566236	Rv3910,sigM,Rv3912	4400500.0	0.5662360000000001	0.4342307752465988	1.8261234179273855	False	0	0	0	0	0	0	0	0	0	0	0	0	0	0	0
NC_000962.3	4401000	4402000	0.000372973	Rv3912,trxB2	4401500.0	0.372973	0.0941176932606245	0.8838847463262667	False	0	0	0	0	0	0	0	0	0	0	0	0	0	0	0
NC_000962.3	4402000	4403000	3.96031e-05	trxB2,trxC	4402500.0	0.0396031	-0.4925619305181437	-0.7414341803580851	False	0	0	0	0	0	0	0	0	0	0	0	0	0	0	0
NC_000962.3	4403000	4404000	6.60051e-05	trxC,Rv3915	4403500.0	0.0660051	-0.4460984812775044	-0.6127132901327821	False	0	0	0	0	0	0	0	0	0	0	0	0	0	0	0
NC_000962.3	4404000	4405000	0.000541242	Rv3915,Rv3916c	4404500.0	0.541242	0.3902451889152399	1.7042671218024246	False	0	0	0	0	0	0	0	0	0	0	0	0	0	0	0
NC_000962.3	4405000	4406000	3.96031e-05	Rv3916c,parB	4405500.0	0.0396031	-0.4925619305181437	-0.7414341803580851	False	0	0	0	0	0	0	0	0	0	0	0	0	0	0	0
NC_000962.3	4406000	4407000	6.60051e-05	parB,parA	4406500.0	0.0660051	-0.4460984812775044	-0.6127132901327821	False	0	0	0	0	0	0	0	0	0	0	0	0	0	0	0
NC_000962.3	4407000	4408000	0.00163992	parA,gid	4407500.0	1.63992	2.323749070621445	7.060785954881566	False	0	0	0	0	0	0	0	0	0	0	0	0	0	0	0
NC_000962.3	4408000	4409000	0.00119953	gid,Rv3920c,Rv3921c	4408500.0	1.19953	1.5487305716029929	4.913698883965681	False	0	0	0	0	0	0	0	0	0	0	0	0	0	0	0
NC_000962.3	4409000	4410000	0.000181998	Rv3921c	4409500.0	0.181998	-0.2419688614977693	-0.0471989598617967	False	0	0	0	0	0	0	0	0	0	0	0	0	0	0	0
NC_000962.3	4410000	4411000	0.000232338	Rv3921c,Rv3922c,rnpA,rpmH	4410500.0	0.232338	-0.1533782231077311	0.1982297809132109	False	0	0	0	0	0	0	0	0	0	0	0	0	0	0	0
NC_000962.3	4411000	4412000	0.000430882		4411500.0	0.430882	0.1960286046338608	1.1662155558125582	False	0	0	0	0	0	0	0	0	0	0	0	0	0	0	0
NC_000962.3	4412000	4413000	0.0		4412500.0	0.0	-0.5622572803636845	-0.9345160032382342	False	0	0	0	0	0	0	0	0	0	0	0	0	0	0	0
NC_000962.3	4413000	4414000	0.0		4413500.0	0.0	-0.5622572803636845	-0.9345160032382342	False	0	0	0	0	0	0	0	0	0	0	0	0	0	0	0
NC_000962.3	4414000	4415000	0.0		4414500.0	0.0	-0.5622572803636845	-0.9345160032382342	False	0	0	0	0	0	0	0	0	0	0	0	0	0	0	0
NC_000962.3	4415000	4416000	0.0		4415500.0	0.0	-0.5622572803636845	-0.9345160032382342	False	0	0	0	0	0	0	0	0	0	0	0	0	0	0	0
NC_000962.3	4416000	4417000	0.0		4416500.0	0.0	-0.5622572803636845	-0.9345160032382342	False	0	0	0	0	0	0	0	0	0	0	0	0	0	0	0
NC_000962.3	4417000	4418000	0.0		4417500.0	0.0	-0.5622572803636845	-0.9345160032382342	False	0	0	0	0	0	0	0	0	0	0	0	0	0	0	0
NC_000962.3	4418000	4419000	0.0		4418500.0	0.0	-0.5622572803636845	-0.9345160032382342	False	0	0	0	0	0	0	0	0	0	0	0	0	0	0	0
NC_000962.3	4419000	4420000	0.0		4419500.0	0.0	-0.5622572803636845	-0.9345160032382342	False	0	0	0	0	0	0	0	0	0	0	0	0	0	0	0
NC_000962.3	4420000	4421000	0.0		4420500.0	0.0	-0.5622572803636845	-0.9345160032382342	False	0	0	0	0	0	0	0	0	0	0	0	0	0	0	0
